date,Categorie,region,split,actual,sarima_forecast_val,xgb_correction,hybrid_forecast
2025-07-07,Animaux et articles pour animaux de compagnie,EAST,validation,45,28.0,2.0273755,30.02737545967102
2025-07-14,Animaux et articles pour animaux de compagnie,EAST,validation,24,35.99999999999999,-4.6002965,31.399703502655022
2025-07-21,Animaux et articles pour animaux de compagnie,EAST,validation,50,24.0,4.2367353,28.236735343933105
2025-07-28,Animaux et articles pour animaux de compagnie,EAST,validation,35,44.00000000000001,-10.232111,33.767889022827156
2025-08-04,Animaux et articles pour animaux de compagnie,EAST,validation,35,34.0,-1.4023002,32.597699761390686
2025-08-11,Animaux et articles pour animaux de compagnie,EAST,validation,31,33.0,-1.1023744,31.89762556552887
2025-08-18,Animaux et articles pour animaux de compagnie,EAST,validation,30,34.99999999999999,-2.8261185,32.17388153076171
2025-08-25,Animaux et articles pour animaux de compagnie,EAST,validation,30,30.0,-0.6333922,29.366607785224915
2025-09-01,Animaux et articles pour animaux de compagnie,EAST,validation,42,34.0,-1.894757,32.10524296760559
2025-09-08,Animaux et articles pour animaux de compagnie,EAST,validation,37,24.0,4.259832,28.25983190536499
2025-09-15,Animaux et articles pour animaux de compagnie,EAST,validation,24,32.0,3.2301545,35.230154514312744
2025-09-22,Animaux et articles pour animaux de compagnie,EAST,validation,34,34.0,-0.6833373,33.31666272878647
2025-09-29,Animaux et articles pour animaux de compagnie,EAST,validation,34,30.0,1.1128304,31.11283040046692
2025-10-06,Animaux et articles pour animaux de compagnie,EAST,test,19,24.0,2.6148067,26.614806652069092
2025-10-13,Animaux et articles pour animaux de compagnie,EAST,test,21,30.0,-0.46127105,29.538728952407837
2025-10-20,Animaux et articles pour animaux de compagnie,EAST,test,16,21.0,4.13573,25.135729789733887
2025-10-27,Animaux et articles pour animaux de compagnie,EAST,test,31,18.0,4.005141,22.005140781402588
2025-11-03,Animaux et articles pour animaux de compagnie,EAST,test,33,31.0,-1.2458153,29.75418472290039
2025-11-10,Animaux et articles pour animaux de compagnie,EAST,test,27,27.0,0.7724527,27.77245271205902
2025-11-17,Animaux et articles pour animaux de compagnie,EAST,test,28,31.0,-1.3576355,29.642364501953125
2025-11-24,Animaux et articles pour animaux de compagnie,EAST,test,30,18.0,5.4425707,23.442570686340332
2025-12-01,Animaux et articles pour animaux de compagnie,EAST,test,25,28.0,3.2947478,31.294747829437256
2025-12-08,Animaux et articles pour animaux de compagnie,EAST,test,32,24.0,4.669482,28.669482231140137
2025-12-15,Animaux et articles pour animaux de compagnie,EAST,test,27,25.0,4.80215,29.802149772644043
2025-12-22,Animaux et articles pour animaux de compagnie,EAST,test,25,27.0,3.0255556,30.02555561065674
2025-12-29,Animaux et articles pour animaux de compagnie,EAST,test,37,46.0,16.642221,62.642221450805664
2026-01-05,Animaux et articles pour animaux de compagnie,EAST,test,4,25.000000000004317,1.1137828,26.113782763485457
2025-07-07,Animaux et articles pour animaux de compagnie,NORTH,validation,38,25.71774811288089,3.2999208,29.017668910228913
2025-07-14,Animaux et articles pour animaux de compagnie,NORTH,validation,38,38.99999999999999,-3.8338232,35.166176795959466
2025-07-21,Animaux et articles pour animaux de compagnie,NORTH,validation,22,28.999999999999996,1.8258607,30.82586073875427
2025-07-28,Animaux et articles pour animaux de compagnie,NORTH,validation,41,33.0,0.26707587,33.2670758664608
2025-08-04,Animaux et articles pour animaux de compagnie,NORTH,validation,30,36.0,-4.082005,31.9179949760437
2025-08-11,Animaux et articles pour animaux de compagnie,NORTH,validation,25,29.0,1.5469947,30.54699468612671
2025-08-18,Animaux et articles pour animaux de compagnie,NORTH,validation,42,33.99999999999999,-2.327975,31.672024965286248
2025-08-25,Animaux et articles pour animaux de compagnie,NORTH,validation,30,38.99999999999999,-4.040631,34.95936918258666
2025-09-01,Animaux et articles pour animaux de compagnie,NORTH,validation,33,36.0,-2.0242603,33.97573971748352
2025-09-08,Animaux et articles pour animaux de compagnie,NORTH,validation,34,33.99999999999999,-1.0573188,32.94268119335174
2025-09-15,Animaux et articles pour animaux de compagnie,NORTH,validation,39,31.0,2.188066,33.18806600570679
2025-09-22,Animaux et articles pour animaux de compagnie,NORTH,validation,41,38.0,0.82720906,38.82720905542374
2025-09-29,Animaux et articles pour animaux de compagnie,NORTH,validation,45,40.99999999999999,1.9721699,42.972169876098626
2025-10-06,Animaux et articles pour animaux de compagnie,NORTH,test,31,30.04758551533462,2.19306,32.240645436599266
2025-10-13,Animaux et articles pour animaux de compagnie,NORTH,test,29,39.99999999999999,-2.7060003,37.29399967193603
2025-10-20,Animaux et articles pour animaux de compagnie,NORTH,test,28,28.0,0.6474701,28.647470116615295
2025-10-27,Animaux et articles pour animaux de compagnie,NORTH,test,26,18.0,5.7322025,23.732202529907227
2025-11-03,Animaux et articles pour animaux de compagnie,NORTH,test,27,25.0,2.026217,27.026216983795166
2025-11-10,Animaux et articles pour animaux de compagnie,NORTH,test,42,41.99999999999999,-3.6660454,38.333954572677605
2025-11-17,Animaux et articles pour animaux de compagnie,NORTH,test,39,33.99999999999999,-0.5225107,33.477489292621605
2025-11-24,Animaux et articles pour animaux de compagnie,NORTH,test,24,40.0,-2.2016208,37.79837918281555
2025-12-01,Animaux et articles pour animaux de compagnie,NORTH,test,27,28.0,5.5682373,33.5682373046875
2025-12-08,Animaux et articles pour animaux de compagnie,NORTH,test,31,30.0,1.7352083,31.73520827293396
2025-12-15,Animaux et articles pour animaux de compagnie,NORTH,test,30,32.0,1.9463131,33.94631314277649
2025-12-22,Animaux et articles pour animaux de compagnie,NORTH,test,37,26.0,3.843713,29.84371304512024
2025-12-29,Animaux et articles pour animaux de compagnie,NORTH,test,25,28.0,20.472265,48.47226524353027
2026-01-05,Animaux et articles pour animaux de compagnie,NORTH,test,9,23.0,1.4516203,24.45162034034729
2025-07-07,Animaux et articles pour animaux de compagnie,SOUTH,validation,29,19.0,1.9242214,20.924221396446228
2025-07-14,Animaux et articles pour animaux de compagnie,SOUTH,validation,21,20.0,0.96338636,20.963386356830597
2025-07-21,Animaux et articles pour animaux de compagnie,SOUTH,validation,21,19.0,0.9088688,19.90886878967285
2025-07-28,Animaux et articles pour animaux de compagnie,SOUTH,validation,22,20.0,0.098483466,20.098483465611935
2025-08-04,Animaux et articles pour animaux de compagnie,SOUTH,validation,23,20.0,-0.07577117,19.924228832125664
2025-08-11,Animaux et articles pour animaux de compagnie,SOUTH,validation,18,26.0,-4.490183,21.509817123413086
2025-08-18,Animaux et articles pour animaux de compagnie,SOUTH,validation,28,17.0,0.5132849,17.513284921646118
2025-08-25,Animaux et articles pour animaux de compagnie,SOUTH,validation,20,20.0,-0.49758953,19.50241047143936
2025-09-01,Animaux et articles pour animaux de compagnie,SOUTH,validation,20,23.0,-0.8986193,22.101380705833435
2025-09-08,Animaux et articles pour animaux de compagnie,SOUTH,validation,19,19.0,1.3685774,20.368577361106873
2025-09-15,Animaux et articles pour animaux de compagnie,SOUTH,validation,24,24.000000000000004,-1.2558842,22.744115829467777
2025-09-22,Animaux et articles pour animaux de compagnie,SOUTH,validation,24,25.0,-1.5320313,23.467968702316284
2025-09-29,Animaux et articles pour animaux de compagnie,SOUTH,validation,24,22.0,-0.21320198,21.786798015236855
2025-10-06,Animaux et articles pour animaux de compagnie,SOUTH,test,18,12.0,2.3240354,14.324035406112671
2025-10-13,Animaux et articles pour animaux de compagnie,SOUTH,test,13,16.0,0.62563634,16.625636339187622
2025-10-20,Animaux et articles pour animaux de compagnie,SOUTH,test,17,11.0,2.9283798,13.928379774093628
2025-10-27,Animaux et articles pour animaux de compagnie,SOUTH,test,14,16.0,1.3668451,17.36684513092041
2025-11-03,Animaux et articles pour animaux de compagnie,SOUTH,test,31,13.000000000000002,1.6901419,14.690141916275026
2025-11-10,Animaux et articles pour animaux de compagnie,SOUTH,test,11,17.000000000000004,1.9205438,18.92054378986359
2025-11-17,Animaux et articles pour animaux de compagnie,SOUTH,test,11,16.0,0.42039505,16.42039504647255
2025-11-24,Animaux et articles pour animaux de compagnie,SOUTH,test,14,22.0,-1.6591367,20.340863347053528
2025-12-01,Animaux et articles pour animaux de compagnie,SOUTH,test,30,19.0,2.1527581,21.15275812149048
2025-12-08,Animaux et articles pour animaux de compagnie,SOUTH,test,16,14.0,5.126023,19.126022815704346
2025-12-15,Animaux et articles pour animaux de compagnie,SOUTH,test,16,11.0,5.0101423,16.01014232635498
2025-12-22,Animaux et articles pour animaux de compagnie,SOUTH,test,16,19.0,1.912226,20.91222596168518
2025-12-29,Animaux et articles pour animaux de compagnie,SOUTH,test,18,16.0,11.654659,27.654659271240234
2026-01-05,Animaux et articles pour animaux de compagnie,SOUTH,test,10,15.999999999994362,0.21592021,16.215920209879005
2025-07-07,Animaux et articles pour animaux de compagnie,WEST,validation,28,8.359899533754962,5.44901,13.80890942907967
2025-07-14,Animaux et articles pour animaux de compagnie,WEST,validation,20,33.0,-4.844693,28.155306816101074
2025-07-21,Animaux et articles pour animaux de compagnie,WEST,validation,21,25.0,0.15543602,25.155436024069786
2025-07-28,Animaux et articles pour animaux de compagnie,WEST,validation,28,33.0,-5.51966,27.480340003967285
2025-08-04,Animaux et articles pour animaux de compagnie,WEST,validation,23,28.0,-3.7635508,24.236449241638184
2025-08-11,Animaux et articles pour animaux de compagnie,WEST,validation,19,21.000000000000004,0.07139616,21.071396157145504
2025-08-18,Animaux et articles pour animaux de compagnie,WEST,validation,32,14.999999999999998,2.6935546,17.693554639816284
2025-08-25,Animaux et articles pour animaux de compagnie,WEST,validation,24,28.0,-2.1812108,25.81878924369812
2025-09-01,Animaux et articles pour animaux de compagnie,WEST,validation,25,29.0,-2.2135746,26.786425352096558
2025-09-08,Animaux et articles pour animaux de compagnie,WEST,validation,21,20.0,3.1361923,23.136192321777344
2025-09-15,Animaux et articles pour animaux de compagnie,WEST,validation,30,22.0,1.8542287,23.854228734970093
2025-09-22,Animaux et articles pour animaux de compagnie,WEST,validation,29,38.0,-7.3367844,30.66321563720703
2025-09-29,Animaux et articles pour animaux de compagnie,WEST,validation,37,25.0,0.52976507,25.52976506948471
2025-10-06,Animaux et articles pour animaux de compagnie,WEST,test,23,30.693064152709685,-2.1025937,28.59047049235507
2025-10-13,Animaux et articles pour animaux de compagnie,WEST,test,13,11.0,6.443818,17.44381809234619
2025-10-20,Animaux et articles pour animaux de compagnie,WEST,test,19,26.0,-1.272685,24.727314949035645
2025-10-27,Animaux et articles pour animaux de compagnie,WEST,test,17,18.0,1.4855549,19.485554933547974
2025-11-03,Animaux et articles pour animaux de compagnie,WEST,test,14,19.0,0.9367388,19.936738789081573
2025-11-10,Animaux et articles pour animaux de compagnie,WEST,test,16,14.999999999999998,2.2967026,17.29670262336731
2025-11-17,Animaux et articles pour animaux de compagnie,WEST,test,16,24.0,-1.9571943,22.042805671691895
2025-11-24,Animaux et articles pour animaux de compagnie,WEST,test,15,20.0,0.27506313,20.27506312727928
2025-12-01,Animaux et articles pour animaux de compagnie,WEST,test,19,30.0,-2.455197,27.54480290412903
2025-12-08,Animaux et articles pour animaux de compagnie,WEST,test,23,20.0,2.7767916,22.7767915725708
2025-12-15,Animaux et articles pour animaux de compagnie,WEST,test,33,20.0,2.6431859,22.64318585395813
2025-12-22,Animaux et articles pour animaux de compagnie,WEST,test,20,18.0,3.8382072,21.838207244873047
2025-12-29,Animaux et articles pour animaux de compagnie,WEST,test,24,26.0,10.95966,36.959659576416016
2026-01-05,Animaux et articles pour animaux de compagnie,WEST,test,10,26.0,-3.3823397,22.61766028404236
2025-07-07,"Appareils photo, caméras et instruments d'optique",EAST,validation,9,14.0,-0.6394268,13.360573172569275
2025-07-14,"Appareils photo, caméras et instruments d'optique",EAST,validation,4,2.0,0.55887306,2.5588730573654175
2025-07-21,"Appareils photo, caméras et instruments d'optique",EAST,validation,13,5.0,0.27706894,5.277068942785263
2025-07-28,"Appareils photo, caméras et instruments d'optique",EAST,validation,2,6.000000000000001,0.27706894,6.277068942785264
2025-08-04,"Appareils photo, caméras et instruments d'optique",EAST,validation,4,7.0,0.27706894,7.277068942785263
2025-08-11,"Appareils photo, caméras et instruments d'optique",EAST,validation,2,7.0,0.27706894,7.277068942785263
2025-08-18,"Appareils photo, caméras et instruments d'optique",EAST,validation,8,8.0,0.27706894,8.277068942785263
2025-08-25,"Appareils photo, caméras et instruments d'optique",EAST,validation,4,13.0,-0.033350743,12.966649256646633
2025-09-01,"Appareils photo, caméras et instruments d'optique",EAST,validation,12,3.0000000000000004,0.7324957,3.732495725154877
2025-09-08,"Appareils photo, caméras et instruments d'optique",EAST,validation,8,1.0,0.84783494,1.8478349447250366
2025-09-15,"Appareils photo, caméras et instruments d'optique",EAST,validation,5,8.0,0.27706894,8.277068942785263
2025-09-22,"Appareils photo, caméras et instruments d'optique",EAST,validation,3,6.000000000000001,0.4031337,6.403133690357209
2025-09-29,"Appareils photo, caméras et instruments d'optique",EAST,validation,2,8.0,0.4031337,8.403133690357208
2025-10-06,"Appareils photo, caméras et instruments d'optique",EAST,test,2,4.0,0.2972559,4.297255903482437
2025-10-13,"Appareils photo, caméras et instruments d'optique",EAST,test,6,3.0000000000000004,0.55541533,3.5554153323173527
2025-10-20,"Appareils photo, caméras et instruments d'optique",EAST,test,1,5.0,0.2972559,5.297255903482437
2025-10-27,"Appareils photo, caméras et instruments d'optique",EAST,test,6,1.0,0.55541533,1.5554153323173523
2025-11-03,"Appareils photo, caméras et instruments d'optique",EAST,test,4,4.0,0.2972559,4.297255903482437
2025-11-10,"Appareils photo, caméras et instruments d'optique",EAST,test,5,3.0000000000000004,0.55541533,3.5554153323173527
2025-11-17,"Appareils photo, caméras et instruments d'optique",EAST,test,3,5.0,0.2972559,5.297255903482437
2025-11-24,"Appareils photo, caméras et instruments d'optique",EAST,test,4,6.000000000000001,0.2972559,6.297255903482438
2025-12-01,"Appareils photo, caméras et instruments d'optique",EAST,test,7,6.000000000000001,0.52640235,6.526402354240418
2025-12-08,"Appareils photo, caméras et instruments d'optique",EAST,test,7,2.0,0.78456175,2.7845617532730103
2025-12-15,"Appareils photo, caméras et instruments d'optique",EAST,test,5,5.0,0.52640235,5.5264023542404175
2025-12-22,"Appareils photo, caméras et instruments d'optique",EAST,test,4,6.000000000000001,0.52640235,6.526402354240418
2025-12-29,"Appareils photo, caméras et instruments d'optique",EAST,test,3,2.0,3.4021087,5.402108669281006
2026-01-05,"Appareils photo, caméras et instruments d'optique",EAST,test,4,2.0000000000003397,0.3259974,2.325997412205082
2025-07-07,"Appareils photo, caméras et instruments d'optique",NORTH,validation,3,11.0,-0.20697348,10.793026521801949
2025-07-14,"Appareils photo, caméras et instruments d'optique",NORTH,validation,4,8.0,0.10344617,8.103446170687675
2025-07-21,"Appareils photo, caméras et instruments d'optique",NORTH,validation,9,7.0,0.10344617,7.1034461706876755
2025-07-28,"Appareils photo, caméras et instruments d'optique",NORTH,validation,7,14.0,-0.6394268,13.360573172569275
2025-08-04,"Appareils photo, caméras et instruments d'optique",NORTH,validation,3,4.0,0.10344617,4.1034461706876755
2025-08-11,"Appareils photo, caméras et instruments d'optique",NORTH,validation,4,5.000000000000001,0.10344617,5.103446170687676
2025-08-18,"Appareils photo, caméras et instruments d'optique",NORTH,validation,12,7.0,0.10344617,7.1034461706876755
2025-08-25,"Appareils photo, caméras et instruments d'optique",NORTH,validation,7,9.0,0.12665547,9.126655474305153
2025-09-01,"Appareils photo, caméras et instruments d'optique",NORTH,validation,7,8.0,0.27706894,8.277068942785263
2025-09-08,"Appareils photo, caméras et instruments d'optique",NORTH,validation,7,3.0,0.7324957,3.7324957251548767
2025-09-15,"Appareils photo, caméras et instruments d'optique",NORTH,validation,10,4.0,0.27706894,4.277068942785263
2025-09-22,"Appareils photo, caméras et instruments d'optique",NORTH,validation,8,7.0,0.4031337,7.403133690357208
2025-09-29,"Appareils photo, caméras et instruments d'optique",NORTH,validation,6,9.0,0.12665547,9.126655474305153
2025-10-06,"Appareils photo, caméras et instruments d'optique",NORTH,test,2,6.999999999999999,0.12363313,7.123633131384849
2025-10-13,"Appareils photo, caméras et instruments d'optique",NORTH,test,4,3.0,0.55541533,3.5554153323173523
2025-10-20,"Appareils photo, caméras et instruments d'optique",NORTH,test,3,10.000000000000002,-0.013163773,9.986836226657035
2025-10-27,"Appareils photo, caméras et instruments d'optique",NORTH,test,6,3.0,0.55541533,3.5554153323173523
2025-11-03,"Appareils photo, caméras et instruments d'optique",NORTH,test,3,6.999999999999999,0.2972559,7.297255903482436
2025-11-10,"Appareils photo, caméras et instruments d'optique",NORTH,test,4,5.000000000000001,0.2972559,5.297255903482438
2025-11-17,"Appareils photo, caméras et instruments d'optique",NORTH,test,5,4.0,0.12363313,4.1236331313848495
2025-11-24,"Appareils photo, caméras et instruments d'optique",NORTH,test,5,6.0,0.12363313,6.1236331313848495
2025-12-01,"Appareils photo, caméras et instruments d'optique",NORTH,test,4,5.000000000000001,0.52640235,5.526402354240418
2025-12-08,"Appareils photo, caméras et instruments d'optique",NORTH,test,6,3.0,0.78456175,3.7845617532730103
2025-12-15,"Appareils photo, caméras et instruments d'optique",NORTH,test,6,6.999999999999999,0.41225547,7.412255465984344
2025-12-22,"Appareils photo, caméras et instruments d'optique",NORTH,test,9,9.0,0.261842,9.261842012405396
2025-12-29,"Appareils photo, caméras et instruments d'optique",NORTH,test,3,6.0,3.447786,9.447786092758179
2026-01-05,"Appareils photo, caméras et instruments d'optique",NORTH,test,2,2.0,0.3259974,2.3259974122047424
2025-07-07,"Appareils photo, caméras et instruments d'optique",SOUTH,validation,2,2.0,0.3616057,2.361605703830719
2025-07-14,"Appareils photo, caméras et instruments d'optique",SOUTH,validation,1,4.999999999999999,0.10344617,5.103446170687675
2025-07-21,"Appareils photo, caméras et instruments d'optique",SOUTH,validation,1,10.999999999999998,-0.20697348,10.793026521801947
2025-07-28,"Appareils photo, caméras et instruments d'optique",SOUTH,validation,6,1.0,0.3616057,1.361605703830719
2025-08-04,"Appareils photo, caméras et instruments d'optique",SOUTH,validation,2,1.0,0.3616057,1.361605703830719
2025-08-11,"Appareils photo, caméras et instruments d'optique",SOUTH,validation,4,4.999999999999999,0.10344617,5.103446170687675
2025-08-18,"Appareils photo, caméras et instruments d'optique",SOUTH,validation,5,6.0,0.10344617,6.1034461706876755
2025-08-25,"Appareils photo, caméras et instruments d'optique",SOUTH,validation,3,4.0,0.10344617,4.1034461706876755
2025-09-01,"Appareils photo, caméras et instruments d'optique",SOUTH,validation,3,2.0,0.3616057,2.361605703830719
2025-09-08,"Appareils photo, caméras et instruments d'optique",SOUTH,validation,3,6.999999999999999,0.10344617,7.103446170687675
2025-09-15,"Appareils photo, caméras et instruments d'optique",SOUTH,validation,4,7.999999999999999,0.10344617,8.103446170687675
2025-09-22,"Appareils photo, caméras et instruments d'optique",SOUTH,validation,2,6.0,0.10344617,6.1034461706876755
2025-09-29,"Appareils photo, caméras et instruments d'optique",SOUTH,validation,7,2.0,0.3616057,2.361605703830719
2025-10-06,"Appareils photo, caméras et instruments d'optique",SOUTH,test,2,6.0,0.12363313,6.1236331313848495
2025-10-13,"Appareils photo, caméras et instruments d'optique",SOUTH,test,2,2.0,0.38179266,2.381792664527893
2025-10-20,"Appareils photo, caméras et instruments d'optique",SOUTH,test,2,3.0,0.38179266,3.381792664527893
2025-10-27,"Appareils photo, caméras et instruments d'optique",SOUTH,test,3,4.0,0.12363313,4.1236331313848495
2025-11-03,"Appareils photo, caméras et instruments d'optique",SOUTH,test,6,0.0,0.38179266,0.38179266452789307
2025-11-10,"Appareils photo, caméras et instruments d'optique",SOUTH,test,6,4.0,0.12363313,4.1236331313848495
2025-11-17,"Appareils photo, caméras et instruments d'optique",SOUTH,test,2,3.0,0.38179266,3.381792664527893
2025-11-24,"Appareils photo, caméras et instruments d'optique",SOUTH,test,4,3.0,0.38179266,3.381792664527893
2025-12-01,"Appareils photo, caméras et instruments d'optique",SOUTH,test,6,4.0,0.52640235,4.5264023542404175
2025-12-08,"Appareils photo, caméras et instruments d'optique",SOUTH,test,5,5.0,0.22782369,5.227823689579964
2025-12-15,"Appareils photo, caméras et instruments d'optique",SOUTH,test,2,4.0,0.52640235,4.5264023542404175
2025-12-22,"Appareils photo, caméras et instruments d'optique",SOUTH,test,2,5.0,0.52640235,5.5264023542404175
2025-12-29,"Appareils photo, caméras et instruments d'optique",SOUTH,test,4,5.0,2.0717456,7.0717456340789795
2025-07-07,"Appareils photo, caméras et instruments d'optique",WEST,validation,3,3.0,0.3616057,3.361605703830719
2025-07-14,"Appareils photo, caméras et instruments d'optique",WEST,validation,5,1.0,0.3616057,1.361605703830719
2025-07-21,"Appareils photo, caméras et instruments d'optique",WEST,validation,2,2.0,0.3616057,2.361605703830719
2025-07-28,"Appareils photo, caméras et instruments d'optique",WEST,validation,7,3.0,0.3616057,3.361605703830719
2025-08-04,"Appareils photo, caméras et instruments d'optique",WEST,validation,9,3.0,0.3616057,3.361605703830719
2025-08-11,"Appareils photo, caméras et instruments d'optique",WEST,validation,8,4.0,0.10344617,4.1034461706876755
2025-08-18,"Appareils photo, caméras et instruments d'optique",WEST,validation,5,6.999999999999999,0.27706894,7.277068942785262
2025-08-25,"Appareils photo, caméras et instruments d'optique",WEST,validation,7,4.999999999999999,0.10344617,5.103446170687675
2025-09-01,"Appareils photo, caméras et instruments d'optique",WEST,validation,12,3.0,0.53522825,3.5352282524108887
2025-09-08,"Appareils photo, caméras et instruments d'optique",WEST,validation,7,4.999999999999999,0.27706894,5.277068942785262
2025-09-15,"Appareils photo, caméras et instruments d'optique",WEST,validation,3,6.0,0.27706894,6.277068942785263
2025-09-22,"Appareils photo, caméras et instruments d'optique",WEST,validation,4,4.0,0.27706894,4.277068942785263
2025-09-29,"Appareils photo, caméras et instruments d'optique",WEST,validation,8,2.0,0.53522825,2.5352282524108887
2025-10-06,"Appareils photo, caméras et instruments d'optique",WEST,test,2,4.0,0.2972559,4.297255903482437
2025-10-13,"Appareils photo, caméras et instruments d'optique",WEST,test,1,1.0,0.55541533,1.5554153323173523
2025-10-20,"Appareils photo, caméras et instruments d'optique",WEST,test,3,5.0,0.2972559,5.297255903482437
2025-10-27,"Appareils photo, caméras et instruments d'optique",WEST,test,3,2.0,0.55541533,2.5554153323173523
2025-11-03,"Appareils photo, caméras et instruments d'optique",WEST,test,3,2.0,0.55541533,2.5554153323173523
2025-11-10,"Appareils photo, caméras et instruments d'optique",WEST,test,2,4.0,0.2972559,4.297255903482437
2025-11-17,"Appareils photo, caméras et instruments d'optique",WEST,test,3,4.0,0.2972559,4.297255903482437
2025-11-24,"Appareils photo, caméras et instruments d'optique",WEST,test,4,4.0,0.2972559,4.297255903482437
2025-12-01,"Appareils photo, caméras et instruments d'optique",WEST,test,2,3.0000000000000004,0.4859832,3.4859831929206853
2025-12-08,"Appareils photo, caméras et instruments d'optique",WEST,test,5,4.0,0.41225547,4.4122554659843445
2025-12-15,"Appareils photo, caméras et instruments d'optique",WEST,test,6,6.000000000000001,0.52640235,6.526402354240418
2025-12-22,"Appareils photo, caméras et instruments d'optique",WEST,test,1,4.0,0.22782369,4.227823689579964
2025-12-29,"Appareils photo, caméras et instruments d'optique",WEST,test,4,1.0,2.3299055,3.3299055099487305
2026-01-05,"Appareils photo, caméras et instruments d'optique",WEST,test,2,6.999999999954424,0.06783791,7.067837908818445
2025-07-07,Appareils électroniques,EAST,validation,51,39.99999999999999,1.5517969,41.551796913146966
2025-07-14,Appareils électroniques,EAST,validation,37,51.0,-12.321921,38.67807865142822
2025-07-21,Appareils électroniques,EAST,validation,44,42.99999999999999,-0.8729638,42.12703621387481
2025-07-28,Appareils électroniques,EAST,validation,40,36.0,-1.1207583,34.879241704940796
2025-08-04,Appareils électroniques,EAST,validation,35,56.0,-7.079788,48.92021179199219
2025-08-11,Appareils électroniques,EAST,validation,51,46.0,-2.8142338,43.18576622009277
2025-08-18,Appareils électroniques,EAST,validation,42,54.0,-6.7240734,47.27592658996582
2025-08-25,Appareils électroniques,EAST,validation,46,39.99999999999999,3.4135869,43.413586854934685
2025-09-01,Appareils électroniques,EAST,validation,51,46.0,1.0683565,47.06835651397705
2025-09-08,Appareils électroniques,EAST,validation,38,54.0,-2.8953407,51.10465931892395
2025-09-15,Appareils électroniques,EAST,validation,43,50.0,-1.4274324,48.57256758213043
2025-09-22,Appareils électroniques,EAST,validation,50,49.0,8.816588,57.816588401794434
2025-09-29,Appareils électroniques,EAST,validation,46,42.0,2.949739,44.9497389793396
2025-10-06,Appareils électroniques,EAST,test,32,30.0,3.571427,33.5714271068573
2025-10-13,Appareils électroniques,EAST,test,49,33.0,2.4038985,35.40389847755432
2025-10-20,Appareils électroniques,EAST,test,39,28.0,3.424324,31.42432403564453
2025-10-27,Appareils électroniques,EAST,test,38,28.0,4.7412972,32.741297245025635
2025-11-03,Appareils électroniques,EAST,test,30,41.0,-0.46893972,40.53106027841568
2025-11-10,Appareils électroniques,EAST,test,39,31.0,2.7462885,33.746288537979126
2025-11-17,Appareils électroniques,EAST,test,40,35.99999999999999,-0.8545367,35.145463287830346
2025-11-24,Appareils électroniques,EAST,test,34,33.99999999999999,3.666661,37.66666102409362
2025-12-01,Appareils électroniques,EAST,test,40,29.0,8.0318575,37.03185749053955
2025-12-08,Appareils électroniques,EAST,test,34,33.0,6.7341027,39.734102725982666
2025-12-15,Appareils électroniques,EAST,test,43,39.0,4.4810753,43.481075286865234
2025-12-22,Appareils électroniques,EAST,test,32,27.0,9.470262,36.470261573791504
2025-12-29,Appareils électroniques,EAST,test,30,45.00000000000001,25.273972,70.27397155761719
2026-01-05,Appareils électroniques,EAST,test,14,31.00000000000218,-1.6011388,29.398861169817245
2025-07-07,Appareils électroniques,NORTH,validation,38,44.99999999999999,-3.1601562,41.83984374999999
2025-07-14,Appareils électroniques,NORTH,validation,46,44.99999999999999,-3.9780655,41.02193450927734
2025-07-21,Appareils électroniques,NORTH,validation,50,44.99999999999999,-3.5060802,41.493919849395745
2025-07-28,Appareils électroniques,NORTH,validation,52,44.99999999999999,-6.462249,38.537751197814934
2025-08-04,Appareils électroniques,NORTH,validation,46,38.99999999999999,1.16981,40.169810056686394
2025-08-11,Appareils électroniques,NORTH,validation,48,44.99999999999999,-2.7627313,42.23726868629455
2025-08-18,Appareils électroniques,NORTH,validation,39,44.0,-1.3036536,42.696346402168274
2025-08-25,Appareils électroniques,NORTH,validation,52,48.99999999999999,-6.2473545,42.752645492553704
2025-09-01,Appareils électroniques,NORTH,validation,28,51.0,-6.09396,44.90604019165039
2025-09-08,Appareils électroniques,NORTH,validation,37,47.0,-0.27683896,46.7231610417366
2025-09-15,Appareils électroniques,NORTH,validation,35,35.99999999999999,2.1938047,38.193804740905755
2025-09-22,Appareils électroniques,NORTH,validation,42,38.99999999999999,4.2552047,43.25520467758178
2025-09-29,Appareils électroniques,NORTH,validation,47,44.99999999999999,-2.763385,42.23661494255065
2025-10-06,Appareils électroniques,NORTH,test,31,38.0,-0.27026683,37.72973316907883
2025-10-13,Appareils électroniques,NORTH,test,33,39.0,-1.4420631,37.557936906814575
2025-10-20,Appareils électroniques,NORTH,test,38,31.0,2.2026532,33.20265316963196
2025-10-27,Appareils électroniques,NORTH,test,27,43.0,-2.823353,40.17664694786072
2025-11-03,Appareils électroniques,NORTH,test,36,43.0,-3.6772528,39.322747230529785
2025-11-10,Appareils électroniques,NORTH,test,28,38.0,-2.0518694,35.94813060760498
2025-11-17,Appareils électroniques,NORTH,test,32,33.0,1.0332237,34.03322374820709
2025-11-24,Appareils électroniques,NORTH,test,35,33.0,1.0229927,34.022992730140686
2025-12-01,Appareils électroniques,NORTH,test,40,32.0,4.5338974,36.533897399902344
2025-12-08,Appareils électroniques,NORTH,test,37,36.0,2.0318842,38.03188419342041
2025-12-15,Appareils électroniques,NORTH,test,32,38.0,3.7076576,41.7076575756073
2025-12-22,Appareils électroniques,NORTH,test,39,28.0,6.798583,34.798583030700684
2025-12-29,Appareils électroniques,NORTH,test,48,43.0,19.704584,62.7045841217041
2026-01-05,Appareils électroniques,NORTH,test,7,35.999999999999666,-5.1226454,30.877354621886873
2025-07-07,Appareils électroniques,SOUTH,validation,22,24.0,0.6260756,24.626075625419617
2025-07-14,Appareils électroniques,SOUTH,validation,24,22.0,-0.046959788,21.953040212392807
2025-07-21,Appareils électroniques,SOUTH,validation,28,24.0,-0.47719356,23.52280643582344
2025-07-28,Appareils électroniques,SOUTH,validation,30,29.0,-4.7659717,24.234028339385986
2025-08-04,Appareils électroniques,SOUTH,validation,24,29.0,-2.6266694,26.37333059310913
2025-08-11,Appareils électroniques,SOUTH,validation,26,26.0,-3.6197429,22.38025712966919
2025-08-18,Appareils électroniques,SOUTH,validation,18,27.0,-3.1793787,23.820621252059937
2025-08-25,Appareils électroniques,SOUTH,validation,17,25.0,1.1055799,26.10557985305786
2025-09-01,Appareils électroniques,SOUTH,validation,25,22.0,1.0587332,23.058733224868774
2025-09-08,Appareils électroniques,SOUTH,validation,22,28.0,-1.7131741,26.28682589530945
2025-09-15,Appareils électroniques,SOUTH,validation,23,26.0,-2.178298,23.821702003479004
2025-09-22,Appareils électroniques,SOUTH,validation,21,27.0,-1.7396853,25.26031470298767
2025-09-29,Appareils électroniques,SOUTH,validation,25,34.0,-6.1654286,27.834571361541748
2025-10-06,Appareils électroniques,SOUTH,test,26,22.000000000000004,-1.263217,20.73678302764893
2025-10-13,Appareils électroniques,SOUTH,test,19,14.000000000000002,3.5830128,17.58301281929016
2025-10-20,Appareils électroniques,SOUTH,test,20,15.0,1.5037335,16.50373351573944
2025-10-27,Appareils électroniques,SOUTH,test,19,15.0,1.9709802,16.970980167388916
2025-11-03,Appareils électroniques,SOUTH,test,18,20.0,-0.1765251,19.823474898934364
2025-11-10,Appareils électroniques,SOUTH,test,23,11.000000000000002,1.5611832,12.561183214187624
2025-11-17,Appareils électroniques,SOUTH,test,19,20.0,-0.77818686,19.221813142299652
2025-11-24,Appareils électroniques,SOUTH,test,24,23.000000000000004,-1.5983542,21.401645779609684
2025-12-01,Appareils électroniques,SOUTH,test,20,16.0,2.9503589,18.950358867645264
2025-12-08,Appareils électroniques,SOUTH,test,27,22.000000000000004,1.696038,23.69603800773621
2025-12-15,Appareils électroniques,SOUTH,test,27,26.000000000000004,-0.90130454,25.098695456981662
2025-12-22,Appareils électroniques,SOUTH,test,24,16.0,4.381776,20.381775856018066
2025-12-29,Appareils électroniques,SOUTH,test,25,17.0,16.646063,33.64606285095215
2026-01-05,Appareils électroniques,SOUTH,test,5,18.0,1.5475386,19.54753863811493
2025-07-07,Appareils électroniques,WEST,validation,30,28.0,-3.619301,24.380698919296265
2025-07-14,Appareils électroniques,WEST,validation,25,22.0,0.73269004,22.732690036296844
2025-07-21,Appareils électroniques,WEST,validation,29,38.0,-5.2071466,32.792853355407715
2025-07-28,Appareils électroniques,WEST,validation,29,26.000000000000004,-1.7795762,24.220423817634586
2025-08-04,Appareils électroniques,WEST,validation,24,27.0,-1.3305488,25.669451236724854
2025-08-11,Appareils électroniques,WEST,validation,27,34.0,-5.336817,28.663183212280273
2025-08-18,Appareils électroniques,WEST,validation,34,26.000000000000004,-1.271282,24.72871804237366
2025-08-25,Appareils électroniques,WEST,validation,40,30.0,-0.7585022,29.241497814655304
2025-09-01,Appareils électroniques,WEST,validation,27,43.0,-3.7720392,39.22796082496643
2025-09-08,Appareils électroniques,WEST,validation,26,39.0,-2.8592868,36.14071321487427
2025-09-15,Appareils électroniques,WEST,validation,25,29.000000000000004,-1.8839672,27.116032838821415
2025-09-22,Appareils électroniques,WEST,validation,37,28.0,0.57415783,28.57415783405304
2025-09-29,Appareils électroniques,WEST,validation,31,34.0,-1.0393747,32.96062529087067
2025-10-06,Appareils électroniques,WEST,test,22,21.0,2.9376578,23.937657833099365
2025-10-13,Appareils électroniques,WEST,test,19,16.999999999999996,5.403044,22.403044223785397
2025-10-20,Appareils électroniques,WEST,test,24,29.0,-3.2052662,25.79473376274109
2025-10-27,Appareils électroniques,WEST,test,20,28.0,-1.2319486,26.768051385879517
2025-11-03,Appareils électroniques,WEST,test,28,31.0,-2.7437508,28.25624918937683
2025-11-10,Appareils électroniques,WEST,test,31,26.0,-1.0486171,24.951382875442505
2025-11-17,Appareils électroniques,WEST,test,28,25.0,1.6717632,26.6717631816864
2025-11-24,Appareils électroniques,WEST,test,17,28.0,-2.5328376,25.467162370681763
2025-12-01,Appareils électroniques,WEST,test,33,20.0,6.3356524,26.335652351379395
2025-12-08,Appareils électroniques,WEST,test,20,22.0,5.8771715,27.877171516418457
2025-12-15,Appareils électroniques,WEST,test,24,27.0,1.1553293,28.1553293466568
2025-12-22,Appareils électroniques,WEST,test,32,30.0,-2.623319,27.376681089401245
2025-12-29,Appareils électroniques,WEST,test,24,28.0,17.75508,45.75507926940918
2026-01-05,Appareils électroniques,WEST,test,3,11.00000000000146,6.199863,17.199862957002193
2025-07-07,Arts et loisirs,EAST,validation,33,39.99999999999999,-2.8179755,37.182024478912346
2025-07-14,Arts et loisirs,EAST,validation,31,26.0,2.2053647,28.20536470413208
2025-07-21,Arts et loisirs,EAST,validation,32,47.0,-11.317357,35.68264293670654
2025-07-28,Arts et loisirs,EAST,validation,36,35.99999999999999,-4.037374,31.96262598037719
2025-08-04,Arts et loisirs,EAST,validation,32,47.0,-7.8762317,39.12376832962036
2025-08-11,Arts et loisirs,EAST,validation,27,32.0,0.20972382,32.20972381532192
2025-08-18,Arts et loisirs,EAST,validation,30,29.0,-0.36610577,28.633894234895706
2025-08-25,Arts et loisirs,EAST,validation,23,39.0,-5.2231417,33.77685832977295
2025-09-01,Arts et loisirs,EAST,validation,29,37.0,-3.549166,33.45083403587341
2025-09-08,Arts et loisirs,EAST,validation,42,30.0,1.0718057,31.071805715560913
2025-09-15,Arts et loisirs,EAST,validation,38,33.0,1.3832883,34.3832882642746
2025-09-22,Arts et loisirs,EAST,validation,38,34.99999999999999,0.8445975,35.844597518444054
2025-09-29,Arts et loisirs,EAST,validation,32,33.99999999999999,-0.10037851,33.89962148666381
2025-10-06,Arts et loisirs,EAST,test,19,21.0,3.8914995,24.891499519348145
2025-10-13,Arts et loisirs,EAST,test,27,27.0,0.341987,27.341987013816833
2025-10-20,Arts et loisirs,EAST,test,27,24.0,2.2154615,26.215461492538452
2025-10-27,Arts et loisirs,EAST,test,26,19.0,5.4425707,24.442570686340332
2025-11-03,Arts et loisirs,EAST,test,18,28.0,-0.23461612,27.765383884310722
2025-11-10,Arts et loisirs,EAST,test,25,30.000000000000004,-1.6108286,28.38917136192322
2025-11-17,Arts et loisirs,EAST,test,30,23.0,2.0246658,25.02466583251953
2025-11-24,Arts et loisirs,EAST,test,37,39.00000000000001,-4.277295,34.722704887390144
2025-12-01,Arts et loisirs,EAST,test,35,31.000000000000004,1.9492348,32.94923484325409
2025-12-08,Arts et loisirs,EAST,test,20,34.0,3.1284165,37.128416538238525
2025-12-15,Arts et loisirs,EAST,test,35,27.0,2.965466,29.965466022491455
2025-12-22,Arts et loisirs,EAST,test,35,30.000000000000004,2.6027176,32.60271763801575
2025-12-29,Arts et loisirs,EAST,test,28,28.0,19.467323,47.467323303222656
2026-01-05,Arts et loisirs,EAST,test,8,29.999999999995072,-3.2439687,26.756031274790605
2025-07-07,Arts et loisirs,NORTH,validation,45,33.0,-2.1136003,30.886399745941162
2025-07-14,Arts et loisirs,NORTH,validation,45,39.0,-4.108895,34.89110517501831
2025-07-21,Arts et loisirs,NORTH,validation,44,33.0,1.5456563,34.54565632343292
2025-07-28,Arts et loisirs,NORTH,validation,31,39.0,-5.2000885,33.79991149902344
2025-08-04,Arts et loisirs,NORTH,validation,36,42.0,-2.6646626,39.3353374004364
2025-08-11,Arts et loisirs,NORTH,validation,28,40.99999999999999,-5.3291326,35.67086744308471
2025-08-18,Arts et loisirs,NORTH,validation,33,27.0,1.1117747,28.111774682998657
2025-08-25,Arts et loisirs,NORTH,validation,40,47.0,-6.9120197,40.08798027038574
2025-09-01,Arts et loisirs,NORTH,validation,43,36.0,-2.0350904,33.96490955352783
2025-09-08,Arts et loisirs,NORTH,validation,30,37.0,-0.964999,36.03500097990036
2025-09-15,Arts et loisirs,NORTH,validation,32,35.0,-0.57576925,34.42423075437546
2025-09-22,Arts et loisirs,NORTH,validation,40,30.0,1.8291212,31.829121232032776
2025-09-29,Arts et loisirs,NORTH,validation,37,32.0,1.1641064,33.164106369018555
2025-10-06,Arts et loisirs,NORTH,test,23,27.0,2.6438618,29.643861770629883
2025-10-13,Arts et loisirs,NORTH,test,29,22.000000000000004,3.2921202,25.29212021827698
2025-10-20,Arts et loisirs,NORTH,test,30,18.0,5.594533,23.59453296661377
2025-10-27,Arts et loisirs,NORTH,test,28,30.000000000000004,-0.49063966,29.509360343217853
2025-11-03,Arts et loisirs,NORTH,test,30,30.000000000000004,-2.4765942,27.523405790328983
2025-11-10,Arts et loisirs,NORTH,test,36,32.0,-0.80149186,31.198508143424988
2025-11-17,Arts et loisirs,NORTH,test,24,26.000000000000004,0.8354721,26.835472106933597
2025-11-24,Arts et loisirs,NORTH,test,27,28.000000000000004,0.3056394,28.305639386177067
2025-12-01,Arts et loisirs,NORTH,test,32,29.0,2.573443,31.573442935943604
2025-12-08,Arts et loisirs,NORTH,test,31,37.0,1.0181144,38.01811444759369
2025-12-15,Arts et loisirs,NORTH,test,28,31.0,2.6323953,33.63239526748657
2025-12-22,Arts et loisirs,NORTH,test,20,22.000000000000004,5.8900914,27.890091419219974
2025-12-29,Arts et loisirs,NORTH,test,29,32.0,18.791676,50.79167556762695
2026-01-05,Arts et loisirs,NORTH,test,7,30.00000000000037,-3.2344065,26.765593528747928
2025-07-07,Arts et loisirs,SOUTH,validation,23,23.801246105920185,-2.6992538,21.101992308389057
2025-07-14,Arts et loisirs,SOUTH,validation,14,27.28149455071353,-4.7868824,22.494612150200833
2025-07-21,Arts et loisirs,SOUTH,validation,18,14.569344397374715,0.4495528,15.018897201606359
2025-07-28,Arts et loisirs,SOUTH,validation,28,22.74187495967257,-2.1499357,20.591939237321494
2025-08-04,Arts et loisirs,SOUTH,validation,25,16.845285801373837,0.8807851,17.726070908986447
2025-08-11,Arts et loisirs,SOUTH,validation,26,19.90726787596364,0.53572,20.442987866693926
2025-08-18,Arts et loisirs,SOUTH,validation,22,22.944418502602502,-1.7914963,21.152922225747034
2025-08-25,Arts et loisirs,SOUTH,validation,20,18.966685731777947,2.0276515,20.994337280163567
2025-09-01,Arts et loisirs,SOUTH,validation,22,15.980032195620185,2.0916724,18.07170461612189
2025-09-08,Arts et loisirs,SOUTH,validation,20,23.98803175837172,-1.34274,22.645291699472793
2025-09-15,Arts et loisirs,SOUTH,validation,16,19.9928265118714,0.17491047,20.167736982714715
2025-09-22,Arts et loisirs,SOUTH,validation,24,19.99570037658585,0.035420105,20.03112048144711
2025-09-29,Arts et loisirs,SOUTH,validation,16,20.9974229048446,-0.046329595,20.951093309696038
2025-10-06,Arts et loisirs,SOUTH,test,12,19.51108920652367,0.23495318,19.746042386479154
2025-10-13,Arts et loisirs,SOUTH,test,15,10.761064612414442,1.9554896,12.716554247881971
2025-10-20,Arts et loisirs,SOUTH,test,10,15.383280068279245,0.7090992,16.092379241825082
2025-10-27,Arts et loisirs,SOUTH,test,14,15.693007821075424,0.28182206,15.974829876653656
2025-11-03,Arts et loisirs,SOUTH,test,13,13.847184770471255,1.3899108,15.237095587617556
2025-11-10,Arts et loisirs,SOUTH,test,24,10.92393130516312,1.2077689,12.13170022224686
2025-11-17,Arts et loisirs,SOUTH,test,18,15.962134360874693,1.1922796,17.15441393812994
2025-11-24,Arts et loisirs,SOUTH,test,18,21.98115116041569,-1.3973752,20.583775934394875
2025-12-01,Arts et loisirs,SOUTH,test,21,15.990617383942755,1.3544129,17.345030297265204
2025-12-08,Arts et loisirs,SOUTH,test,22,17.99532950112478,2.345636,20.340965392085472
2025-12-15,Arts et loisirs,SOUTH,test,17,12.997675108987693,4.2019916,17.199666667062644
2025-12-22,Arts et loisirs,SOUTH,test,20,23.998842710733157,0.5025088,24.5013515298364
2025-12-29,Arts et loisirs,SOUTH,test,17,14.999423922050507,9.51245,24.51187414025119
2026-01-05,Arts et loisirs,SOUTH,test,3,14.999713238674724,0.70747447,15.707187708813274
2025-07-07,Arts et loisirs,WEST,validation,27,28.000000000000004,-4.737503,23.26249694824219
2025-07-14,Arts et loisirs,WEST,validation,21,20.0,-0.45604235,19.54395765066147
2025-07-21,Arts et loisirs,WEST,validation,15,24.0,-2.1323385,21.867661476135254
2025-07-28,Arts et loisirs,WEST,validation,22,20.0,-0.24899422,19.7510057836771
2025-08-04,Arts et loisirs,WEST,validation,20,26.0,-3.223097,22.77690291404724
2025-08-11,Arts et loisirs,WEST,validation,26,23.000000000000004,-1.9278271,21.072172880172733
2025-08-18,Arts et loisirs,WEST,validation,30,27.0,-4.700026,22.299973964691162
2025-08-25,Arts et loisirs,WEST,validation,14,24.0,-1.6387243,22.361275672912598
2025-09-01,Arts et loisirs,WEST,validation,30,27.0,-3.9893458,23.01065421104431
2025-09-08,Arts et loisirs,WEST,validation,27,27.0,-2.4455054,24.554494619369507
2025-09-15,Arts et loisirs,WEST,validation,22,26.0,-2.4614823,23.538517713546753
2025-09-22,Arts et loisirs,WEST,validation,32,26.0,-2.1762218,23.82377815246582
2025-09-29,Arts et loisirs,WEST,validation,22,32.0,-3.6043203,28.395679712295532
2025-10-06,Arts et loisirs,WEST,test,18,16.999999999999996,3.819797,20.81979703903198
2025-10-13,Arts et loisirs,WEST,test,13,16.999999999999996,2.0922112,19.092211246490475
2025-10-20,Arts et loisirs,WEST,test,20,16.999999999999996,0.4460084,17.44600841403007
2025-10-27,Arts et loisirs,WEST,test,15,21.0,-0.9535167,20.046483278274536
2025-11-03,Arts et loisirs,WEST,test,15,24.0,-0.6261901,23.37380987405777
2025-11-10,Arts et loisirs,WEST,test,20,20.0,0.054538414,20.054538413882256
2025-11-17,Arts et loisirs,WEST,test,20,22.0,-1.5936606,20.406339406967163
2025-11-24,Arts et loisirs,WEST,test,12,20.0,-0.062241055,19.937758944928646
2025-12-01,Arts et loisirs,WEST,test,19,15.0,2.3715649,17.371564865112305
2025-12-08,Arts et loisirs,WEST,test,21,16.0,3.539885,19.5398850440979
2025-12-15,Arts et loisirs,WEST,test,19,13.0,4.6252065,17.625206470489502
2025-12-22,Arts et loisirs,WEST,test,15,17.999999999999996,2.599535,20.599534988403317
2025-12-29,Arts et loisirs,WEST,test,18,12.000000000000002,12.288015,24.288015365600586
2026-01-05,Arts et loisirs,WEST,test,7,16.999999999998778,0.10268724,17.10268723964569
2025-07-07,Bagages et maroquinerie,EAST,validation,37,29.59038222358329,1.65047,31.24085224197013
2025-07-14,Bagages et maroquinerie,EAST,validation,36,34.22282951449564,-0.09419365,34.12863586222342
2025-07-21,Bagages et maroquinerie,EAST,validation,40,33.76793316087176,-0.8658509,32.90208223542621
2025-07-28,Bagages et maroquinerie,EAST,validation,34,28.15720420690613,2.4439847,30.601188953839113
2025-08-04,Bagages et maroquinerie,EAST,validation,38,30.681737083080503,0.7638635,31.445600587013455
2025-08-11,Bagages et maroquinerie,EAST,validation,35,36.69129901969512,-3.4245455,33.266753493190606
2025-08-18,Bagages et maroquinerie,EAST,validation,46,42.14872577524329,-5.1616235,36.9871022973075
2025-08-25,Bagages et maroquinerie,EAST,validation,43,31.83621985992245,1.9186363,33.754856181943936
2025-09-01,Bagages et maroquinerie,EAST,validation,21,31.85324301386926,2.4484732,34.30171622897241
2025-09-08,Bagages et maroquinerie,EAST,validation,34,38.97527572575919,-2.7350025,36.240273208058994
2025-09-15,Bagages et maroquinerie,EAST,validation,27,26.038670558493383,3.1766963,29.215366858999975
2025-09-22,Bagages et maroquinerie,EAST,validation,44,27.03091567719774,2.808884,29.839799582608507
2025-09-29,Bagages et maroquinerie,EAST,validation,31,34.00370984184213,0.17015842,34.17386825787492
2025-10-06,Bagages et maroquinerie,EAST,test,34,16.18544943391052,7.894346,24.079795671093137
2025-10-13,Bagages et maroquinerie,EAST,test,27,21.54536929713161,4.216807,25.762176185711933
2025-10-20,Bagages et maroquinerie,EAST,test,28,25.910415283567783,2.3270407,28.23745595587003
2025-10-27,Bagages et maroquinerie,EAST,test,30,27.22161516747565,0.5934422,27.81505736909003
2025-11-03,Bagages et maroquinerie,EAST,test,30,22.323410597062804,3.2009804,25.524391021943785
2025-11-10,Bagages et maroquinerie,EAST,test,36,21.77871826919416,2.313937,24.092655217970407
2025-11-17,Bagages et maroquinerie,EAST,test,34,27.78858485077984,1.5513086,29.339893482676814
2025-11-24,Bagages et maroquinerie,EAST,test,23,45.96397382017312,-8.412232,37.55174142118631
2025-12-01,Bagages et maroquinerie,EAST,test,24,28.048227261464103,3.447288,31.495515297810538
2025-12-08,Bagages et maroquinerie,EAST,test,19,21.03529187763457,6.535744,27.571036067850635
2025-12-15,Bagages et maroquinerie,EAST,test,27,29.00248093184775,1.6615145,30.66399545249289
2025-12-22,Bagages et maroquinerie,EAST,test,32,33.99018996697337,0.2830794,34.273269352730814
2025-12-29,Bagages et maroquinerie,EAST,test,25,31.99433825844382,23.983845,55.978183015523896
2026-01-05,Bagages et maroquinerie,EAST,test,5,23.00025082911456,1.0519688,24.052219642057064
2025-07-07,Bagages et maroquinerie,NORTH,validation,49,24.000000000000004,1.9218384,25.92183840274811
2025-07-14,Bagages et maroquinerie,NORTH,validation,40,34.0,-0.52555984,33.47444015741348
2025-07-21,Bagages et maroquinerie,NORTH,validation,31,33.0,-0.06705041,32.93294958770275
2025-07-28,Bagages et maroquinerie,NORTH,validation,38,32.0,1.1598638,33.15986382961273
2025-08-04,Bagages et maroquinerie,NORTH,validation,36,40.0,-3.9449668,36.0550332069397
2025-08-11,Bagages et maroquinerie,NORTH,validation,42,31.0,0.6749692,31.67496919631958
2025-08-18,Bagages et maroquinerie,NORTH,validation,35,25.000000000000004,1.7284667,26.728466749191288
2025-08-25,Bagages et maroquinerie,NORTH,validation,43,33.0,0.93415207,33.93415206670761
2025-09-01,Bagages et maroquinerie,NORTH,validation,38,35.0,-0.753569,34.24643099308014
2025-09-08,Bagages et maroquinerie,NORTH,validation,25,30.000000000000004,3.3072984,33.30729842185974
2025-09-15,Bagages et maroquinerie,NORTH,validation,31,33.0,1.3527782,34.35277819633484
2025-09-22,Bagages et maroquinerie,NORTH,validation,31,25.000000000000004,6.452973,31.452972888946537
2025-09-29,Bagages et maroquinerie,NORTH,validation,34,41.0,-1.8053647,39.19463527202606
2025-10-06,Bagages et maroquinerie,NORTH,test,33,28.000000000000004,1.4363228,29.43632280826569
2025-10-13,Bagages et maroquinerie,NORTH,test,30,25.0,2.599908,27.599908113479614
2025-10-20,Bagages et maroquinerie,NORTH,test,30,20.0,4.2874064,24.28740644454956
2025-10-27,Bagages et maroquinerie,NORTH,test,20,31.0,-1.6208836,29.379116415977478
2025-11-03,Bagages et maroquinerie,NORTH,test,30,25.0,2.291328,27.291327953338623
2025-11-10,Bagages et maroquinerie,NORTH,test,32,25.0,2.2392488,27.239248752593994
2025-11-17,Bagages et maroquinerie,NORTH,test,31,26.0,1.1011974,27.101197361946106
2025-11-24,Bagages et maroquinerie,NORTH,test,38,19.0,5.9966216,24.99662160873413
2025-12-01,Bagages et maroquinerie,NORTH,test,35,45.00000000000001,-2.25279,42.74721002578736
2025-12-08,Bagages et maroquinerie,NORTH,test,33,31.0,4.957252,35.95725202560425
2025-12-15,Bagages et maroquinerie,NORTH,test,29,33.0,3.545805,36.54580497741699
2025-12-22,Bagages et maroquinerie,NORTH,test,25,41.00000000000001,-0.52128726,40.47871273756028
2025-12-29,Bagages et maroquinerie,NORTH,test,34,27.0,20.099466,47.09946632385254
2026-01-05,Bagages et maroquinerie,NORTH,test,4,17.999999999998074,5.3223023,23.322302341459256
2025-07-07,Bagages et maroquinerie,SOUTH,validation,10,28.000000000000004,-5.380651,22.61934900283814
2025-07-14,Bagages et maroquinerie,SOUTH,validation,23,24.000000000000004,-2.999523,21.000477075576786
2025-07-21,Bagages et maroquinerie,SOUTH,validation,23,21.0,-0.8097469,20.19025307893753
2025-07-28,Bagages et maroquinerie,SOUTH,validation,30,14.000000000000002,2.4326823,16.432682275772095
2025-08-04,Bagages et maroquinerie,SOUTH,validation,14,20.000000000000004,0.16141196,20.161411955952648
2025-08-11,Bagages et maroquinerie,SOUTH,validation,30,22.000000000000004,-2.114223,19.885776996612552
2025-08-18,Bagages et maroquinerie,SOUTH,validation,31,25.000000000000004,-2.9383423,22.061657667160038
2025-08-25,Bagages et maroquinerie,SOUTH,validation,10,18.000000000000004,3.2966363,21.296636343002323
2025-09-01,Bagages et maroquinerie,SOUTH,validation,17,25.000000000000004,-2.165124,22.834876060485843
2025-09-08,Bagages et maroquinerie,SOUTH,validation,14,17.0,1.0637785,18.063778519630432
2025-09-15,Bagages et maroquinerie,SOUTH,validation,20,17.0,0.9769229,17.976922929286957
2025-09-22,Bagages et maroquinerie,SOUTH,validation,14,26.000000000000004,-3.3539584,22.646041631698612
2025-09-29,Bagages et maroquinerie,SOUTH,validation,25,29.0,-3.64655,25.353450059890747
2025-10-06,Bagages et maroquinerie,SOUTH,test,25,13.999999999999998,2.5005233,16.500523328781128
2025-10-13,Bagages et maroquinerie,SOUTH,test,17,11.0,2.32973,13.329730033874512
2025-10-20,Bagages et maroquinerie,SOUTH,test,14,11.0,2.7689755,13.768975496292114
2025-10-27,Bagages et maroquinerie,SOUTH,test,16,24.0,-2.2824688,21.717531204223633
2025-11-03,Bagages et maroquinerie,SOUTH,test,20,13.999999999999998,1.513037,15.51303696632385
2025-11-10,Bagages et maroquinerie,SOUTH,test,12,13.999999999999998,2.0768602,16.076860189437866
2025-11-17,Bagages et maroquinerie,SOUTH,test,13,8.0,2.000346,10.000345945358276
2025-11-24,Bagages et maroquinerie,SOUTH,test,17,18.0,-0.18362184,17.81637816131115
2025-12-01,Bagages et maroquinerie,SOUTH,test,15,12.0,3.1094658,15.109465837478638
2025-12-08,Bagages et maroquinerie,SOUTH,test,12,21.0,1.0810374,22.081037402153015
2025-12-15,Bagages et maroquinerie,SOUTH,test,12,18.0,1.3224154,19.322415351867676
2025-12-22,Bagages et maroquinerie,SOUTH,test,27,18.0,1.1331373,19.133137345314026
2025-12-29,Bagages et maroquinerie,SOUTH,test,15,23.0,8.015995,31.015995025634766
2026-01-05,Bagages et maroquinerie,SOUTH,test,6,14.000000000003528,0.44476897,14.444768965247821
2025-07-07,Bagages et maroquinerie,WEST,validation,25,24.000000000000004,-1.4126852,22.587314844131473
2025-07-14,Bagages et maroquinerie,WEST,validation,19,25.0,-1.8997362,23.100263833999634
2025-07-21,Bagages et maroquinerie,WEST,validation,27,21.000000000000004,0.72259665,21.722596645355228
2025-07-28,Bagages et maroquinerie,WEST,validation,20,25.0,-1.7415239,23.25847613811493
2025-08-04,Bagages et maroquinerie,WEST,validation,29,21.000000000000004,0.51858765,21.518587648868564
2025-08-11,Bagages et maroquinerie,WEST,validation,22,22.0,-0.6109086,21.38909137248993
2025-08-18,Bagages et maroquinerie,WEST,validation,22,27.000000000000004,-4.515106,22.48489379882813
2025-08-25,Bagages et maroquinerie,WEST,validation,22,26.0,-3.3677223,22.632277727127075
2025-09-01,Bagages et maroquinerie,WEST,validation,27,30.000000000000004,-4.107647,25.89235305786133
2025-09-08,Bagages et maroquinerie,WEST,validation,27,23.0,1.2597226,24.259722590446472
2025-09-15,Bagages et maroquinerie,WEST,validation,24,18.0,4.157844,22.157844066619873
2025-09-22,Bagages et maroquinerie,WEST,validation,25,22.0,1.2923764,23.292376399040222
2025-09-29,Bagages et maroquinerie,WEST,validation,18,16.0,4.1330028,20.133002758026123
2025-10-06,Bagages et maroquinerie,WEST,test,17,24.000000000000004,-0.7792794,23.220720589160923
2025-10-13,Bagages et maroquinerie,WEST,test,19,20.0,0.37163022,20.3716302216053
2025-10-20,Bagages et maroquinerie,WEST,test,16,13.000000000000002,1.8693284,14.869328379631044
2025-10-27,Bagages et maroquinerie,WEST,test,17,22.0,-0.29068354,21.709316462278366
2025-11-03,Bagages et maroquinerie,WEST,test,9,18.000000000000004,0.6038461,18.60384607315064
2025-11-10,Bagages et maroquinerie,WEST,test,19,16.0,0.1907212,16.190721198916435
2025-11-17,Bagages et maroquinerie,WEST,test,17,21.0,-1.4626495,19.53735053539276
2025-11-24,Bagages et maroquinerie,WEST,test,18,18.000000000000004,1.0196924,19.019692420959476
2025-12-01,Bagages et maroquinerie,WEST,test,14,27.000000000000004,0.16714264,27.167142644524578
2025-12-08,Bagages et maroquinerie,WEST,test,22,15.000000000000002,2.126039,17.126039028167725
2025-12-15,Bagages et maroquinerie,WEST,test,20,24.000000000000004,1.182507,25.18250703811646
2025-12-22,Bagages et maroquinerie,WEST,test,23,19.0,2.4490106,21.449010610580444
2025-12-29,Bagages et maroquinerie,WEST,test,21,23.0,9.93112,32.93111991882324
2026-01-05,Bagages et maroquinerie,WEST,test,9,11.000000000007116,2.303818,13.303817987449133
2025-07-07,Bébés et tout-petits,EAST,validation,41,31.720096175485335,-0.35442007,31.365676109605513
2025-07-14,Bébés et tout-petits,EAST,validation,30,43.0,-3.3657975,39.63420248031616
2025-07-21,Bébés et tout-petits,EAST,validation,33,34.00000000000001,-1.1327301,32.86726987361909
2025-07-28,Bébés et tout-petits,EAST,validation,27,44.99999999999999,-8.791653,36.20834732055663
2025-08-04,Bébés et tout-petits,EAST,validation,36,37.0,-8.373458,28.62654209136963
2025-08-11,Bébés et tout-petits,EAST,validation,32,42.0,-5.0034556,36.9965443611145
2025-08-18,Bébés et tout-petits,EAST,validation,35,34.0,-1.7042903,32.29570972919464
2025-08-25,Bébés et tout-petits,EAST,validation,36,30.000000000000004,0.74226314,30.742263138294224
2025-09-01,Bébés et tout-petits,EAST,validation,37,39.00000000000001,-3.9800882,35.01991176605225
2025-09-08,Bébés et tout-petits,EAST,validation,38,29.0,2.5472105,31.547210454940796
2025-09-15,Bébés et tout-petits,EAST,validation,33,34.0,-0.10037851,33.89962148666382
2025-09-22,Bébés et tout-petits,EAST,validation,47,27.000000000000004,2.4530158,29.453015804290775
2025-09-29,Bébés et tout-petits,EAST,validation,43,41.0,-0.9576207,40.042379319667816
2025-10-06,Bébés et tout-petits,EAST,test,31,25.177255772606525,3.2877169,28.464972638146076
2025-10-13,Bébés et tout-petits,EAST,test,19,23.999999999999996,2.363683,26.363682985305783
2025-10-20,Bébés et tout-petits,EAST,test,18,23.999999999999996,2.2380447,26.238044738769528
2025-10-27,Bébés et tout-petits,EAST,test,31,21.0,3.7576592,24.757659196853638
2025-11-03,Bébés et tout-petits,EAST,test,17,24.0,1.9926448,25.992644786834717
2025-11-10,Bébés et tout-petits,EAST,test,25,22.0,0.51595384,22.515953838825226
2025-11-17,Bébés et tout-petits,EAST,test,34,19.0,3.8836138,22.88361382484436
2025-11-24,Bébés et tout-petits,EAST,test,24,33.99999999999999,-1.5683458,32.431654214859
2025-12-01,Bébés et tout-petits,EAST,test,22,32.99999999999999,0.1794808,33.17948080599307
2025-12-08,Bébés et tout-petits,EAST,test,27,29.0,2.2775717,31.27757167816162
2025-12-15,Bébés et tout-petits,EAST,test,35,17.0,10.452078,27.452077865600586
2025-12-22,Bébés et tout-petits,EAST,test,32,33.99999999999999,1.7721553,35.772155284881585
2025-12-29,Bébés et tout-petits,EAST,test,27,27.0,19.812193,46.81219291687012
2026-01-05,Bébés et tout-petits,EAST,test,6,32.0,-5.238392,26.761608123779297
2025-07-07,Bébés et tout-petits,NORTH,validation,38,37.0,-4.1032643,32.89673566818237
2025-07-14,Bébés et tout-petits,NORTH,validation,37,35.0,-2.3151054,32.68489456176758
2025-07-21,Bébés et tout-petits,NORTH,validation,36,34.0,-1.1503128,32.84968721866608
2025-07-28,Bébés et tout-petits,NORTH,validation,45,36.0,-4.5365915,31.46340847015381
2025-08-04,Bébés et tout-petits,NORTH,validation,39,33.0,0.55716723,33.55716723203659
2025-08-11,Bébés et tout-petits,NORTH,validation,32,35.0,-1.5196418,33.480358242988586
2025-08-18,Bébés et tout-petits,NORTH,validation,27,40.0,-3.7099385,36.290061473846436
2025-08-25,Bébés et tout-petits,NORTH,validation,28,37.0,-4.538504,32.461495876312256
2025-09-01,Bébés et tout-petits,NORTH,validation,38,42.0,-3.924086,38.07591390609741
2025-09-08,Bébés et tout-petits,NORTH,validation,30,39.0,-1.9261118,37.073888182640076
2025-09-15,Bébés et tout-petits,NORTH,validation,43,30.0,1.947638,31.947638034820557
2025-09-22,Bébés et tout-petits,NORTH,validation,36,40.0,-1.2142383,38.78576171398163
2025-09-29,Bébés et tout-petits,NORTH,validation,31,30.0,3.516731,33.51673102378845
2025-10-06,Bébés et tout-petits,NORTH,test,24,24.0,2.7683935,26.768393516540527
2025-10-13,Bébés et tout-petits,NORTH,test,14,22.0,3.483194,25.48319411277771
2025-10-20,Bébés et tout-petits,NORTH,test,25,23.0,3.0024216,26.002421617507935
2025-10-27,Bébés et tout-petits,NORTH,test,32,29.000000000000004,-1.1518612,27.848138809204105
2025-11-03,Bébés et tout-petits,NORTH,test,23,34.0,-2.4564972,31.543502807617188
2025-11-10,Bébés et tout-petits,NORTH,test,23,37.0,-6.0433583,30.956641674041748
2025-11-17,Bébés et tout-petits,NORTH,test,35,24.0,2.1797488,26.17974877357483
2025-11-24,Bébés et tout-petits,NORTH,test,35,36.00000000000001,-3.04683,32.95317006111146
2025-12-01,Bébés et tout-petits,NORTH,test,27,28.0,4.0018487,32.00184869766235
2025-12-08,Bébés et tout-petits,NORTH,test,33,41.00000000000001,0.03829483,41.0382948294282
2025-12-15,Bébés et tout-petits,NORTH,test,19,29.000000000000004,3.5668132,32.566813230514526
2025-12-22,Bébés et tout-petits,NORTH,test,45,34.0,0.6320054,34.632005393505096
2025-12-29,Bébés et tout-petits,NORTH,test,32,28.0,21.472553,49.47255325317383
2026-01-05,Bébés et tout-petits,NORTH,test,5,24.00000000000026,0.5015419,24.501541912555954
2025-07-07,Bébés et tout-petits,SOUTH,validation,24,24.677274810930907,-3.106941,21.570333826204955
2025-07-14,Bébés et tout-petits,SOUTH,validation,11,17.999999999999996,0.7756986,18.77569860219955
2025-07-21,Bébés et tout-petits,SOUTH,validation,25,19.0,-0.27751336,18.72248664498329
2025-07-28,Bébés et tout-petits,SOUTH,validation,17,28.0,-5.344938,22.655062198638916
2025-08-04,Bébés et tout-petits,SOUTH,validation,24,22.0,-2.114223,19.88577699661255
2025-08-11,Bébés et tout-petits,SOUTH,validation,24,23.0,-1.7136225,21.286377549171448
2025-08-18,Bébés et tout-petits,SOUTH,validation,15,17.0,0.7083623,17.70836228132248
2025-08-25,Bébés et tout-petits,SOUTH,validation,20,17.999999999999993,0.26371315,18.2637131512165
2025-09-01,Bébés et tout-petits,SOUTH,validation,16,19.0,0.55714315,19.5571431517601
2025-09-08,Bébés et tout-petits,SOUTH,validation,28,24.0,-1.0773923,22.92260766029358
2025-09-15,Bébés et tout-petits,SOUTH,validation,18,20.0,0.21901797,20.21901796758175
2025-09-22,Bébés et tout-petits,SOUTH,validation,18,12.999999999999998,2.7235825,15.723582506179808
2025-09-29,Bébés et tout-petits,SOUTH,validation,23,21.0,-0.22791944,20.772080555558205
2025-10-06,Bébés et tout-petits,SOUTH,test,20,13.903776050362078,2.9896307,16.89340674951979
2025-10-13,Bébés et tout-petits,SOUTH,test,13,24.0,-2.4956381,21.504361867904663
2025-10-20,Bébés et tout-petits,SOUTH,test,15,13.0,1.2274232,14.227423191070557
2025-10-27,Bébés et tout-petits,SOUTH,test,13,13.000000000000002,1.9513912,14.951391220092775
2025-11-03,Bébés et tout-petits,SOUTH,test,16,18.0,0.2596304,18.259630411863327
2025-11-10,Bébés et tout-petits,SOUTH,test,24,21.0,-1.6905204,19.309479594230652
2025-11-17,Bébés et tout-petits,SOUTH,test,16,24.0,-2.3573387,21.642661333084106
2025-11-24,Bébés et tout-petits,SOUTH,test,15,19.0,0.63616705,19.63616704940796
2025-12-01,Bébés et tout-petits,SOUTH,test,15,19.0,1.5290902,20.52909016609192
2025-12-08,Bébés et tout-petits,SOUTH,test,23,20.0,0.55261576,20.552615761756897
2025-12-15,Bébés et tout-petits,SOUTH,test,19,19.0,1.5602291,20.560229063034058
2025-12-22,Bébés et tout-petits,SOUTH,test,29,15.0,2.3689146,17.36891460418701
2025-12-29,Bébés et tout-petits,SOUTH,test,16,8.0,13.935663,21.9356632232666
2026-01-05,Bébés et tout-petits,SOUTH,test,5,6.0,2.507508,8.507508039474487
2025-07-07,Bébés et tout-petits,WEST,validation,19,19.000000000000004,2.4280841,21.428084135055546
2025-07-14,Bébés et tout-petits,WEST,validation,25,31.000000000000004,-4.9651136,26.03488636016846
2025-07-21,Bébés et tout-petits,WEST,validation,27,22.0,-0.78191686,21.218083143234253
2025-07-28,Bébés et tout-petits,WEST,validation,23,32.0,-5.592849,26.407151222229004
2025-08-04,Bébés et tout-petits,WEST,validation,34,27.000000000000004,-4.175573,22.82442712783814
2025-08-11,Bébés et tout-petits,WEST,validation,25,30.000000000000004,-3.292674,26.707325935363773
2025-08-18,Bébés et tout-petits,WEST,validation,24,27.000000000000004,-4.474259,22.525741100311283
2025-08-25,Bébés et tout-petits,WEST,validation,25,33.0,-5.3145027,27.685497283935547
2025-09-01,Bébés et tout-petits,WEST,validation,27,26.000000000000004,-0.96547055,25.034529447555546
2025-09-08,Bébés et tout-petits,WEST,validation,20,21.000000000000004,1.9653285,22.965328454971317
2025-09-15,Bébés et tout-petits,WEST,validation,31,25.000000000000004,-0.5927202,24.407279789447788
2025-09-22,Bébés et tout-petits,WEST,validation,28,23.000000000000004,1.8654907,24.865490674972538
2025-09-29,Bébés et tout-petits,WEST,validation,26,23.000000000000004,1.6594377,24.65943765640259
2025-10-06,Bébés et tout-petits,WEST,test,14,17.000000000000004,4.159146,21.15914583206177
2025-10-13,Bébés et tout-petits,WEST,test,16,19.0,3.8025253,22.802525281906128
2025-10-20,Bébés et tout-petits,WEST,test,19,22.000000000000004,0.10817405,22.108174048364166
2025-10-27,Bébés et tout-petits,WEST,test,19,19.0,1.373366,20.373365998268127
2025-11-03,Bébés et tout-petits,WEST,test,20,29.000000000000004,-3.9157329,25.084267139434818
2025-11-10,Bébés et tout-petits,WEST,test,24,22.000000000000004,0.07356878,22.07356878370047
2025-11-17,Bébés et tout-petits,WEST,test,22,21.000000000000004,0.15943773,21.159437730908397
2025-11-24,Bébés et tout-petits,WEST,test,20,14.000000000000002,2.4142146,16.414214611053467
2025-12-01,Bébés et tout-petits,WEST,test,16,18.000000000000004,3.569796,21.56979608535767
2025-12-08,Bébés et tout-petits,WEST,test,21,19.0,3.353829,22.35382890701294
2025-12-15,Bébés et tout-petits,WEST,test,22,16.000000000000004,2.737008,18.7370080947876
2025-12-22,Bébés et tout-petits,WEST,test,25,14.000000000000002,4.5775037,18.57750368118286
2025-12-29,Bébés et tout-petits,WEST,test,17,18.000000000000004,13.449047,31.44904708862305
2026-01-05,Bébés et tout-petits,WEST,test,11,15.00000000000561,0.21474192,15.214741915470011
2025-07-07,Entreprise et industrie,EAST,validation,15,14.999999999999998,-0.09184109,14.908158913254736
2025-07-14,Entreprise et industrie,EAST,validation,9,17.0,-0.46863928,16.53136071562767
2025-07-21,Entreprise et industrie,EAST,validation,14,11.999999999999998,0.8658539,12.865853905677794
2025-07-28,Entreprise et industrie,EAST,validation,15,13.0,0.8658539,13.865853905677795
2025-08-04,Entreprise et industrie,EAST,validation,7,13.0,0.8658539,13.865853905677795
2025-08-11,Entreprise et industrie,EAST,validation,16,6.999999999999999,1.1871883,8.187188267707825
2025-08-18,Entreprise et industrie,EAST,validation,15,13.0,0.9524975,13.952497482299805
2025-08-25,Entreprise et industrie,EAST,validation,14,13.999999999999998,0.6476848,14.647684812545775
2025-09-01,Entreprise et industrie,EAST,validation,9,22.0,-2.5301368,19.469863176345825
2025-09-08,Entreprise et industrie,EAST,validation,11,10.0,2.1286151,12.128615140914917
2025-09-15,Entreprise et industrie,EAST,validation,17,10.999999999999998,1.1423322,12.142332196235655
2025-09-22,Entreprise et industrie,EAST,validation,10,17.0,0.42229167,17.422291666269302
2025-09-29,Entreprise et industrie,EAST,validation,13,13.999999999999998,1.5609192,15.560919165611265
2025-10-06,Entreprise et industrie,EAST,test,18,10.999999999999998,0.30856442,11.308564424514769
2025-10-13,Entreprise et industrie,EAST,test,8,10.999999999999998,0.48624915,11.48624914884567
2025-10-20,Entreprise et industrie,EAST,test,8,9.999999999999998,0.30856442,10.308564424514769
2025-10-27,Entreprise et industrie,EAST,test,11,9.999999999999998,0.58504266,10.585042655467985
2025-11-03,Entreprise et industrie,EAST,test,12,7.999999999999999,0.47604924,8.476049244403839
2025-11-10,Entreprise et industrie,EAST,test,10,9.999999999999998,-0.013163773,9.986836226657031
2025-11-17,Entreprise et industrie,EAST,test,9,5.999999999999999,0.5896486,6.5896486043930045
2025-11-24,Entreprise et industrie,EAST,test,10,9.0,0.23222356,9.232223555445671
2025-12-01,Entreprise et industrie,EAST,test,16,13.0,0.6000137,13.600013673305511
2025-12-08,Entreprise et industrie,EAST,test,11,15.999999999999998,0.29584083,16.295840829610825
2025-12-15,Entreprise et industrie,EAST,test,13,18.0,-0.27858818,17.72141182422638
2025-12-22,Entreprise et industrie,EAST,test,14,13.0,0.8114316,13.811431586742401
2025-12-29,Entreprise et industrie,EAST,test,18,12.0,6.072013,18.072012901306152
2026-01-05,Entreprise et industrie,EAST,test,4,4.999999999988174,0.4468742,5.446874201285934
2025-07-07,Entreprise et industrie,NORTH,validation,19,20.445400526401933,-1.5026807,18.942719867107805
2025-07-14,Entreprise et industrie,NORTH,validation,13,10.0,1.3167858,11.31678581237793
2025-07-21,Entreprise et industrie,NORTH,validation,15,15.0,-0.41230407,14.587695926427841
2025-07-28,Entreprise et industrie,NORTH,validation,13,14.000000000000002,0.46224776,14.462247759103777
2025-08-04,Entreprise et industrie,NORTH,validation,18,10.999999999999998,0.95689523,11.95689523220062
2025-08-11,Entreprise et industrie,NORTH,validation,13,14.999999999999998,-0.00079986453,14.999200135469435
2025-08-18,Entreprise et industrie,NORTH,validation,16,10.999999999999998,0.95689523,11.95689523220062
2025-08-25,Entreprise et industrie,NORTH,validation,20,15.0,-0.00079986453,14.999200135469437
2025-09-01,Entreprise et industrie,NORTH,validation,15,12.999999999999998,1.5359746,14.535974621772764
2025-09-08,Entreprise et industrie,NORTH,validation,12,13.999999999999998,0.85357964,14.853579640388487
2025-09-15,Entreprise et industrie,NORTH,validation,15,12.0,2.3345098,14.33450984954834
2025-09-22,Entreprise et industrie,NORTH,validation,16,13.999999999999998,1.8144901,15.814490079879759
2025-09-29,Entreprise et industrie,NORTH,validation,11,17.999999999999996,-0.06264334,17.937356658279892
2025-10-06,Entreprise et industrie,NORTH,test,11,7.394744334381452,0.6241547,8.018899021309247
2025-10-13,Entreprise et industrie,NORTH,test,9,11.0,0.30856442,11.30856442451477
2025-10-20,Entreprise et industrie,NORTH,test,6,13.999999999999998,-0.12388913,13.876110866665838
2025-10-27,Entreprise et industrie,NORTH,test,8,9.0,0.23222356,9.232223555445671
2025-11-03,Entreprise et industrie,NORTH,test,21,10.999999999999998,-0.013163773,10.986836226657031
2025-11-10,Entreprise et industrie,NORTH,test,19,9.999999999999998,0.80620074,10.806200742721556
2025-11-17,Entreprise et industrie,NORTH,test,8,10.0,1.4903859,11.490385890007019
2025-11-24,Entreprise et industrie,NORTH,test,9,10.0,1.2434818,11.243481755256653
2025-12-01,Entreprise et industrie,NORTH,test,14,12.999999999999998,2.4691396,15.46913957595825
2025-12-08,Entreprise et industrie,NORTH,test,13,12.999999999999998,2.53746,15.537460088729857
2025-12-15,Entreprise et industrie,NORTH,test,14,10.999999999999998,2.2157319,13.215731859207152
2025-12-22,Entreprise et industrie,NORTH,test,10,6.999999999999999,2.6149688,9.61496877670288
2025-12-29,Entreprise et industrie,NORTH,test,13,8.0,6.8308716,14.83087158203125
2026-01-05,Entreprise et industrie,NORTH,test,4,11.0,0.7488435,11.748843491077423
2025-07-07,Entreprise et industrie,SOUTH,validation,14,5.999999999999999,0.47604942,6.4760494232177725
2025-07-14,Entreprise et industrie,SOUTH,validation,12,7.999999999999999,0.45586228,8.455862283706665
2025-07-21,Entreprise et industrie,SOUTH,validation,9,6.999999999999999,0.45586228,7.455862283706664
2025-07-28,Entreprise et industrie,SOUTH,validation,8,4.0,0.56946164,4.569461643695831
2025-08-04,Entreprise et industrie,SOUTH,validation,7,7.999999999999999,0.45586228,8.455862283706665
2025-08-11,Entreprise et industrie,SOUTH,validation,4,11.999999999999998,-0.033350743,11.966649256646631
2025-08-18,Entreprise et industrie,SOUTH,validation,8,10.999999999999998,-0.033350743,10.966649256646631
2025-08-25,Entreprise et industrie,SOUTH,validation,9,10.0,-0.033350743,9.966649256646633
2025-09-01,Entreprise et industrie,SOUTH,validation,7,11.999999999999998,-0.033350743,11.966649256646631
2025-09-08,Entreprise et industrie,SOUTH,validation,6,5.999999999999999,0.56946164,6.56946164369583
2025-09-15,Entreprise et industrie,SOUTH,validation,7,5.999999999999999,0.6021142,6.60211420059204
2025-09-22,Entreprise et industrie,SOUTH,validation,14,10.999999999999998,0.06950474,11.069504737854002
2025-09-29,Entreprise et industrie,SOUTH,validation,12,7.999999999999999,0.45586228,8.455862283706665
2025-10-06,Entreprise et industrie,SOUTH,test,1,5.0,0.5896486,5.589648604393005
2025-10-13,Entreprise et industrie,SOUTH,test,10,5.0,0.5896486,5.589648604393005
2025-10-20,Entreprise et industrie,SOUTH,test,2,5.0,0.5896486,5.589648604393005
2025-10-27,Entreprise et industrie,SOUTH,test,5,4.0,0.5896486,4.589648604393005
2025-11-03,Entreprise et industrie,SOUTH,test,2,3.0000000000000004,0.9614341,3.961434125900269
2025-11-10,Entreprise et industrie,SOUTH,test,4,3.0000000000000004,0.86802197,3.868021965026856
2025-11-17,Entreprise et industrie,SOUTH,test,3,4.0,0.49623638,4.4962363839149475
2025-11-24,Entreprise et industrie,SOUTH,test,9,6.000000000000001,0.49623638,6.496236383914948
2025-12-01,Entreprise et industrie,SOUTH,test,7,3.0000000000000004,1.5336567,4.533656716346741
2025-12-08,Entreprise et industrie,SOUTH,test,5,2.0,1.5336567,3.5336567163467407
2025-12-15,Entreprise et industrie,SOUTH,test,7,7.0,1.0482717,8.048271656036377
2025-12-22,Entreprise et industrie,SOUTH,test,7,8.0,0.8855044,8.885504424571991
2025-12-29,Entreprise et industrie,SOUTH,test,6,2.0,4.7797236,6.779723644256592
2026-01-05,Entreprise et industrie,SOUTH,test,2,6.999999999997314,0.06783791,7.0678379088613354
2025-07-07,Entreprise et industrie,WEST,validation,11,4.159847296104383,0.56946164,4.729308939800214
2025-07-14,Entreprise et industrie,WEST,validation,6,5.0,0.56946164,5.569461643695831
2025-07-21,Entreprise et industrie,WEST,validation,10,12.0,-0.033350743,11.966649256646633
2025-07-28,Entreprise et industrie,WEST,validation,8,12.0,-0.033350743,11.966649256646633
2025-08-04,Entreprise et industrie,WEST,validation,9,6.0,0.56946164,6.569461643695831
2025-08-11,Entreprise et industrie,WEST,validation,13,7.000000000000001,0.45586228,7.455862283706666
2025-08-18,Entreprise et industrie,WEST,validation,15,14.0,-0.6394268,13.360573172569275
2025-08-25,Entreprise et industrie,WEST,validation,7,7.999999999999999,0.28223956,8.282239556312561
2025-09-01,Entreprise et industrie,WEST,validation,11,7.0,0.28223956,7.282239556312561
2025-09-08,Entreprise et industrie,WEST,validation,8,16.000000000000004,-1.1837603,14.816239714622501
2025-09-15,Entreprise et industrie,WEST,validation,12,4.0,0.42849144,4.428491443395615
2025-09-22,Entreprise et industrie,WEST,validation,5,7.0,0.31489208,7.314892083406448
2025-09-29,Entreprise et industrie,WEST,validation,9,7.999999999999999,1.6596521,9.65965211391449
2025-10-06,Entreprise et industrie,WEST,test,6,5.494011212261525,0.5896486,6.083659816654531
2025-10-13,Entreprise et industrie,WEST,test,3,9.0,0.23222356,9.232223555445671
2025-10-20,Entreprise et industrie,WEST,test,10,7.0,0.47604924,7.476049244403839
2025-10-27,Entreprise et industrie,WEST,test,3,5.999999999999999,0.5896486,6.5896486043930045
2025-11-03,Entreprise et industrie,WEST,test,8,11.0,-0.013163773,10.986836226657033
2025-11-10,Entreprise et industrie,WEST,test,10,7.0,0.47604924,7.476049244403839
2025-11-17,Entreprise et industrie,WEST,test,9,8.0,0.47604924,8.476049244403839
2025-11-24,Entreprise et industrie,WEST,test,5,12.0,-0.013163773,11.986836226657033
2025-12-01,Entreprise et industrie,WEST,test,6,4.999999999999999,1.092516,6.092515945434569
2025-12-08,Entreprise et industrie,WEST,test,7,13.0,0.48970366,13.48970365524292
2025-12-15,Entreprise et industrie,WEST,test,12,14.999999999999998,-0.7608044,14.239195585250853
2025-12-22,Entreprise et industrie,WEST,test,6,8.999999999999998,0.735091,9.73509097099304
2025-12-29,Entreprise et industrie,WEST,test,9,7.0,4.387751,11.38775110244751
2026-01-05,Entreprise et industrie,WEST,test,3,2.0,0.7320163,2.7320163249969482
2025-07-07,Fournitures de bureau,EAST,validation,39,44.99999999999999,-10.496442,34.503558158874505
2025-07-14,Fournitures de bureau,EAST,validation,33,39.99999999999999,-5.3308773,34.669122695922844
2025-07-21,Fournitures de bureau,EAST,validation,27,34.0,-4.4288654,29.571134567260742
2025-07-28,Fournitures de bureau,EAST,validation,34,27.0,0.3960447,27.396044701337814
2025-08-04,Fournitures de bureau,EAST,validation,35,34.0,-2.854999,31.14500093460083
2025-08-11,Fournitures de bureau,EAST,validation,45,37.0,-2.4660926,34.533907413482666
2025-08-18,Fournitures de bureau,EAST,validation,39,22.0,4.7280793,26.728079319000244
2025-08-25,Fournitures de bureau,EAST,validation,44,39.99999999999999,-1.6724534,38.32754659652709
2025-09-01,Fournitures de bureau,EAST,validation,26,37.99999999999999,-1.932254,36.067746043205254
2025-09-08,Fournitures de bureau,EAST,validation,49,47.0,-2.7172692,44.2827308177948
2025-09-15,Fournitures de bureau,EAST,validation,22,36.0,-1.1093609,34.89063906669617
2025-09-22,Fournitures de bureau,EAST,validation,42,42.99999999999999,-1.2454152,41.754584789276116
2025-09-29,Fournitures de bureau,EAST,validation,40,32.0,0.38424265,32.38424265384674
2025-10-06,Fournitures de bureau,EAST,test,18,18.000000000000004,7.4560466,25.456046581268314
2025-10-13,Fournitures de bureau,EAST,test,33,20.000000000000004,4.753529,24.753529071807865
2025-10-20,Fournitures de bureau,EAST,test,21,31.000000000000007,0.06724543,31.06724543124438
2025-10-27,Fournitures de bureau,EAST,test,18,24.000000000000004,1.290279,25.29027903079987
2025-11-03,Fournitures de bureau,EAST,test,21,39.00000000000001,-4.4050875,34.594912528991706
2025-11-10,Fournitures de bureau,EAST,test,30,19.000000000000004,4.7762957,23.776295661926273
2025-11-17,Fournitures de bureau,EAST,test,31,35.00000000000001,-2.4224675,32.57753252983094
2025-11-24,Fournitures de bureau,EAST,test,28,25.000000000000004,1.7002808,26.70028078556061
2025-12-01,Fournitures de bureau,EAST,test,27,35.00000000000001,1.0774974,36.07749736309052
2025-12-08,Fournitures de bureau,EAST,test,25,27.0,2.145167,29.145167112350464
2025-12-15,Fournitures de bureau,EAST,test,26,27.0,2.6695445,29.669544458389282
2025-12-22,Fournitures de bureau,EAST,test,28,31.000000000000007,1.2777631,32.27776312828065
2025-12-29,Fournitures de bureau,EAST,test,20,27.0,19.7973,46.79730033874512
2026-01-05,Fournitures de bureau,EAST,test,9,24.99999999999909,0.27514923,25.27514922618775
2025-07-07,Fournitures de bureau,NORTH,validation,40,39.00000000000001,-5.275233,33.72476720809937
2025-07-14,Fournitures de bureau,NORTH,validation,30,29.000000000000004,2.6570892,31.65708923339844
2025-07-21,Fournitures de bureau,NORTH,validation,32,31.0,1.4350034,32.43500339984894
2025-07-28,Fournitures de bureau,NORTH,validation,37,44.00000000000001,-10.9979725,33.00202751159669
2025-08-04,Fournitures de bureau,NORTH,validation,42,37.00000000000001,-3.3632236,33.63677644729615
2025-08-11,Fournitures de bureau,NORTH,validation,48,46.00000000000001,-5.9081507,40.09184932708741
2025-08-18,Fournitures de bureau,NORTH,validation,47,40.00000000000001,-1.7919768,38.20802319049836
2025-08-25,Fournitures de bureau,NORTH,validation,38,31.0,1.0507618,32.0507618188858
2025-09-01,Fournitures de bureau,NORTH,validation,27,33.0,2.407686,35.40768599510193
2025-09-08,Fournitures de bureau,NORTH,validation,28,30.000000000000004,2.1996078,32.199607849121094
2025-09-15,Fournitures de bureau,NORTH,validation,36,47.00000000000001,-4.8253202,42.17467975616456
2025-09-22,Fournitures de bureau,NORTH,validation,34,29.000000000000004,2.9342659,31.93426585197449
2025-09-29,Fournitures de bureau,NORTH,validation,27,32.0,1.9997684,33.9997683763504
2025-10-06,Fournitures de bureau,NORTH,test,24,28.0,1.133327,29.1333270072937
2025-10-13,Fournitures de bureau,NORTH,test,33,33.0,-0.9506273,32.04937267303467
2025-10-20,Fournitures de bureau,NORTH,test,35,26.000000000000004,1.5885925,27.58859252929688
2025-10-27,Fournitures de bureau,NORTH,test,28,28.0,1.6069075,29.60690748691559
2025-11-03,Fournitures de bureau,NORTH,test,32,34.00000000000001,-1.5205059,32.47949409484864
2025-11-10,Fournitures de bureau,NORTH,test,22,27.000000000000004,1.1524427,28.15244269371033
2025-11-17,Fournitures de bureau,NORTH,test,22,33.0,-0.92922187,32.070778131484985
2025-11-24,Fournitures de bureau,NORTH,test,30,28.0,0.3578535,28.35785350203514
2025-12-01,Fournitures de bureau,NORTH,test,25,32.00000000000001,1.9816514,33.98165142536164
2025-12-08,Fournitures de bureau,NORTH,test,34,32.00000000000001,1.1303431,33.13034307956696
2025-12-15,Fournitures de bureau,NORTH,test,31,26.000000000000004,4.308469,30.308468818664554
2025-12-22,Fournitures de bureau,NORTH,test,23,23.000000000000004,5.8826933,28.882693290710453
2025-12-29,Fournitures de bureau,NORTH,test,28,35.0,19.241913,54.241912841796875
2026-01-05,Fournitures de bureau,NORTH,test,6,21.00000000000372,2.5043883,23.504388332370663
2025-07-07,Fournitures de bureau,SOUTH,validation,17,23.0,-2.4152834,20.58471655845642
2025-07-14,Fournitures de bureau,SOUTH,validation,23,20.0,-1.0901785,18.90982151031494
2025-07-21,Fournitures de bureau,SOUTH,validation,16,21.000000000000004,-1.6356491,19.364350914955143
2025-07-28,Fournitures de bureau,SOUTH,validation,27,28.000000000000004,-5.6459985,22.354001522064213
2025-08-04,Fournitures de bureau,SOUTH,validation,24,19.0,0.7443704,19.74437040090561
2025-08-11,Fournitures de bureau,SOUTH,validation,22,23.0,-2.014683,20.98531699180603
2025-08-18,Fournitures de bureau,SOUTH,validation,20,26.0,-3.6856353,22.314364671707153
2025-08-25,Fournitures de bureau,SOUTH,validation,25,19.0,1.2739792,20.27397918701172
2025-09-01,Fournitures de bureau,SOUTH,validation,19,23.0,-2.014683,20.98531699180603
2025-09-08,Fournitures de bureau,SOUTH,validation,17,21.000000000000004,-0.90327984,20.096720159053806
2025-09-15,Fournitures de bureau,SOUTH,validation,19,21.000000000000004,-0.90327984,20.096720159053806
2025-09-22,Fournitures de bureau,SOUTH,validation,22,22.0,-0.7934218,21.206578195095062
2025-09-29,Fournitures de bureau,SOUTH,validation,14,13.0,2.5977254,15.59772539138794
2025-10-06,Fournitures de bureau,SOUTH,test,19,18.0,0.44015744,18.44015744328499
2025-10-13,Fournitures de bureau,SOUTH,test,14,15.000000000000002,0.53083855,15.530838549137117
2025-10-20,Fournitures de bureau,SOUTH,test,14,16.0,0.44375142,16.44375142455101
2025-10-27,Fournitures de bureau,SOUTH,test,8,16.0,0.520802,16.52080202102661
2025-11-03,Fournitures de bureau,SOUTH,test,19,14.0,0.98959994,14.98959994316101
2025-11-10,Fournitures de bureau,SOUTH,test,16,19.0,0.004663676,19.004663676023483
2025-11-17,Fournitures de bureau,SOUTH,test,11,12.000000000000002,1.6368152,13.636815190315248
2025-11-24,Fournitures de bureau,SOUTH,test,25,11.0,1.4842471,12.484247088432312
2025-12-01,Fournitures de bureau,SOUTH,test,13,18.0,2.9335024,20.933502435684204
2025-12-08,Fournitures de bureau,SOUTH,test,15,19.0,1.688085,20.688084959983826
2025-12-15,Fournitures de bureau,SOUTH,test,18,24.000000000000004,0.15240206,24.152402058243755
2025-12-22,Fournitures de bureau,SOUTH,test,14,24.000000000000004,-1.0660554,22.93394458293915
2025-12-29,Fournitures de bureau,SOUTH,test,16,12.0,7.7768335,19.776833534240723
2026-01-05,Fournitures de bureau,SOUTH,test,9,9.000000000000208,1.0040369,10.004036903381555
2025-07-07,Fournitures de bureau,WEST,validation,15,27.0,-4.9979897,22.002010345458984
2025-07-14,Fournitures de bureau,WEST,validation,23,23.0,1.0240897,24.024089694023132
2025-07-21,Fournitures de bureau,WEST,validation,23,29.0,-5.394904,23.605095863342285
2025-07-28,Fournitures de bureau,WEST,validation,27,28.0,-2.88493,25.115070104599
2025-08-04,Fournitures de bureau,WEST,validation,29,26.0,-3.5537078,22.44629216194153
2025-08-11,Fournitures de bureau,WEST,validation,23,26.0,-3.6197429,22.38025712966919
2025-08-18,Fournitures de bureau,WEST,validation,30,21.0,0.86069095,21.86069095134735
2025-08-25,Fournitures de bureau,WEST,validation,19,24.0,-0.34231588,23.65768411755562
2025-09-01,Fournitures de bureau,WEST,validation,23,28.0,-2.5625005,25.437499523162842
2025-09-08,Fournitures de bureau,WEST,validation,18,20.0,2.8463483,22.84634828567505
2025-09-15,Fournitures de bureau,WEST,validation,19,26.0,-1.7814603,24.218539714813232
2025-09-22,Fournitures de bureau,WEST,validation,25,22.0,0.7967388,22.79673880338669
2025-09-29,Fournitures de bureau,WEST,validation,20,16.0,1.6843246,17.684324622154236
2025-10-06,Fournitures de bureau,WEST,test,26,18.0,0.7861745,18.786174476146698
2025-10-13,Fournitures de bureau,WEST,test,16,22.0,-1.6966003,20.303399682044983
2025-10-20,Fournitures de bureau,WEST,test,24,20.0,0.7457692,20.745769202709198
2025-10-27,Fournitures de bureau,WEST,test,21,20.0,0.3416401,20.34164011478424
2025-11-03,Fournitures de bureau,WEST,test,19,19.0,0.6431172,19.64311718940735
2025-11-10,Fournitures de bureau,WEST,test,18,24.0,-2.1070867,21.892913341522217
2025-11-17,Fournitures de bureau,WEST,test,22,22.0,-2.2596085,19.740391492843628
2025-11-24,Fournitures de bureau,WEST,test,19,22.0,-1.8922473,20.107752680778503
2025-12-01,Fournitures de bureau,WEST,test,25,21.0,0.46786562,21.467865616083145
2025-12-08,Fournitures de bureau,WEST,test,20,13.0,4.450588,17.45058822631836
2025-12-15,Fournitures de bureau,WEST,test,27,20.0,2.6341796,22.63417959213257
2025-12-22,Fournitures de bureau,WEST,test,20,13.999999999999998,4.451523,18.451522827148438
2025-12-29,Fournitures de bureau,WEST,test,23,22.0,15.080139,37.08013916015625
2026-01-05,Fournitures de bureau,WEST,test,4,10.999999999992893,1.525204,12.525203943245456
2025-07-07,Jeux et jouets,EAST,validation,13,20.0,-1.0207171,18.97928285598755
2025-07-14,Jeux et jouets,EAST,validation,14,15.999999999999998,-0.29745054,15.702549457550047
2025-07-21,Jeux et jouets,EAST,validation,16,17.0,-0.0016344711,16.99836552888155
2025-07-28,Jeux et jouets,EAST,validation,25,14.0,1.1171448,15.11714482307434
2025-08-04,Jeux et jouets,EAST,validation,11,14.0,1.4307209,15.430720925331116
2025-08-11,Jeux et jouets,EAST,validation,14,19.0,-0.27751336,18.72248664498329
2025-08-18,Jeux et jouets,EAST,validation,11,15.0,0.11583595,15.115835949778557
2025-08-25,Jeux et jouets,EAST,validation,9,15.0,-0.37659132,14.623408675193787
2025-09-01,Jeux et jouets,EAST,validation,13,15.0,-0.24223511,14.757764890789986
2025-09-08,Jeux et jouets,EAST,validation,21,22.0,-1.14988,20.850119948387146
2025-09-15,Jeux et jouets,EAST,validation,17,15.999999999999998,0.74181104,16.7418110370636
2025-09-22,Jeux et jouets,EAST,validation,15,19.0,-0.021198072,18.978801928460598
2025-09-29,Jeux et jouets,EAST,validation,21,11.0,2.321369,13.321368932723999
2025-10-06,Jeux et jouets,EAST,test,9,14.0,2.1799116,16.179911613464355
2025-10-13,Jeux et jouets,EAST,test,14,9.0,1.7565202,10.75652015209198
2025-10-20,Jeux et jouets,EAST,test,13,12.0,1.7574302,13.75743019580841
2025-10-27,Jeux et jouets,EAST,test,17,10.0,1.4842471,11.484247088432312
2025-11-03,Jeux et jouets,EAST,test,18,15.999999999999998,0.5111843,16.5111842751503
2025-11-10,Jeux et jouets,EAST,test,16,24.0,-2.6226861,21.37731385231018
2025-11-17,Jeux et jouets,EAST,test,14,10.0,1.5003072,11.500307202339172
2025-11-24,Jeux et jouets,EAST,test,11,18.0,0.07917051,18.079170510172844
2025-12-01,Jeux et jouets,EAST,test,13,15.0,1.3907466,16.390746593475342
2025-12-08,Jeux et jouets,EAST,test,6,12.999999999999998,2.0974245,15.097424507141112
2025-12-15,Jeux et jouets,EAST,test,6,12.999999999999998,1.7756963,14.775696277618406
2025-12-22,Jeux et jouets,EAST,test,13,12.999999999999998,2.2157319,15.215731859207152
2025-12-29,Jeux et jouets,EAST,test,18,7.0,7.6483684,14.64836835861206
2026-01-05,Jeux et jouets,EAST,test,2,10.999999999993396,0.68384755,11.68384754657085
2025-07-07,Jeux et jouets,NORTH,validation,22,12.822805968024849,1.0717486,13.894554582336067
2025-07-14,Jeux et jouets,NORTH,validation,20,20.0,-0.54289794,19.457102060317993
2025-07-21,Jeux et jouets,NORTH,validation,14,14.999999999999998,1.1297165,16.129716515541077
2025-07-28,Jeux et jouets,NORTH,validation,26,10.999999999999996,1.3370962,12.33709621429443
2025-08-04,Jeux et jouets,NORTH,validation,15,11.0,2.013794,13.0137939453125
2025-08-11,Jeux et jouets,NORTH,validation,16,19.0,-0.12957455,18.870425447821617
2025-08-18,Jeux et jouets,NORTH,validation,16,10.999999999999998,1.4237397,12.423739671707152
2025-08-25,Jeux et jouets,NORTH,validation,19,19.0,0.13399087,19.13399086892605
2025-09-01,Jeux et jouets,NORTH,validation,18,13.999999999999998,1.2992868,15.29928684234619
2025-09-08,Jeux et jouets,NORTH,validation,23,25.0,-3.2075095,21.792490482330322
2025-09-15,Jeux et jouets,NORTH,validation,17,15.999999999999998,0.9285859,16.92858588695526
2025-09-22,Jeux et jouets,NORTH,validation,21,23.0,-0.7934218,22.206578195095062
2025-09-29,Jeux et jouets,NORTH,validation,20,11.999999999999998,2.599577,14.59957695007324
2025-10-06,Jeux et jouets,NORTH,test,11,11.165811181496828,2.39255,13.558361173104494
2025-10-13,Jeux et jouets,NORTH,test,17,8.999999999999998,1.4911724,10.491172432899473
2025-10-20,Jeux et jouets,NORTH,test,13,16.999999999999996,0.7859881,17.785988092422482
2025-10-27,Jeux et jouets,NORTH,test,20,7.0,1.6201445,8.620144486427307
2025-11-03,Jeux et jouets,NORTH,test,21,14.999999999999998,0.9311694,15.931169390678404
2025-11-10,Jeux et jouets,NORTH,test,13,14.999999999999998,1.0200435,16.0200434923172
2025-11-17,Jeux et jouets,NORTH,test,12,14.0,0.9190165,14.919016480445862
2025-11-24,Jeux et jouets,NORTH,test,17,14.999999999999998,0.044464648,15.044464647769926
2025-12-01,Jeux et jouets,NORTH,test,16,9.0,2.825234,11.825233936309814
2025-12-08,Jeux et jouets,NORTH,test,11,16.0,2.536781,18.536781072616577
2025-12-15,Jeux et jouets,NORTH,test,17,11.0,2.4102926,13.410292625427246
2025-12-22,Jeux et jouets,NORTH,test,14,15.999999999999998,1.2671605,17.267160534858704
2025-12-29,Jeux et jouets,NORTH,test,14,10.0,7.7554297,17.75542974472046
2026-01-05,Jeux et jouets,NORTH,test,6,14.0,0.9014471,14.901447117328644
2025-07-07,Jeux et jouets,SOUTH,validation,5,18.0,-1.2969934,16.703006625175476
2025-07-14,Jeux et jouets,SOUTH,validation,8,14.0,-0.6394268,13.360573172569275
2025-07-21,Jeux et jouets,SOUTH,validation,7,10.0,-0.20697348,9.793026521801949
2025-07-28,Jeux et jouets,SOUTH,validation,9,10.999999999999998,-0.20697348,10.793026521801947
2025-08-04,Jeux et jouets,SOUTH,validation,11,9.0,0.038413852,9.038413852453232
2025-08-11,Jeux et jouets,SOUTH,validation,6,8.0,0.28223956,8.282239556312561
2025-08-18,Jeux et jouets,SOUTH,validation,6,9.0,0.038413852,9.038413852453232
2025-08-25,Jeux et jouets,SOUTH,validation,12,10.0,-0.20697348,9.793026521801949
2025-09-01,Jeux et jouets,SOUTH,validation,5,9.0,0.2120366,9.212036594748497
2025-09-08,Jeux et jouets,SOUTH,validation,14,15.0,-1.0101378,13.989862203598022
2025-09-15,Jeux et jouets,SOUTH,validation,10,10.0,0.24312747,10.243127465248108
2025-09-22,Jeux et jouets,SOUTH,validation,8,12.000000000000002,1.4142648,13.41426479816437
2025-09-29,Jeux et jouets,SOUTH,validation,13,10.999999999999998,0.24312747,11.243127465248106
2025-10-06,Jeux et jouets,SOUTH,test,11,10.0,-0.013163773,9.986836226657033
2025-10-13,Jeux et jouets,SOUTH,test,10,10.0,-0.013163773,9.986836226657033
2025-10-20,Jeux et jouets,SOUTH,test,8,8.0,0.47604924,8.476049244403839
2025-10-27,Jeux et jouets,SOUTH,test,8,5.0,0.5896486,5.589648604393005
2025-11-03,Jeux et jouets,SOUTH,test,9,4.0,0.5896486,4.589648604393005
2025-11-10,Jeux et jouets,SOUTH,test,6,5.0,0.5896486,5.589648604393005
2025-11-17,Jeux et jouets,SOUTH,test,9,10.0,-0.013163773,9.986836226657033
2025-11-24,Jeux et jouets,SOUTH,test,8,4.0,0.41602588,4.416025876998901
2025-12-01,Jeux et jouets,SOUTH,test,7,10.999999999999998,0.2159827,11.215982705354689
2025-12-08,Jeux et jouets,SOUTH,test,11,9.0,0.46137002,9.461370021104813
2025-12-15,Jeux et jouets,SOUTH,test,10,5.0,0.8187951,5.818795084953308
2025-12-22,Jeux et jouets,SOUTH,test,3,9.0,0.46137002,9.461370021104813
2025-12-29,Jeux et jouets,SOUTH,test,7,4.0,4.3269753,8.326975345611572
2026-01-05,Jeux et jouets,SOUTH,test,1,7.999999999991557,0.24663128,8.246631279579303
2025-07-07,Jeux et jouets,WEST,validation,13,16.0,-1.0101378,14.989862203598022
2025-07-14,Jeux et jouets,WEST,validation,11,10.0,-0.033350743,9.966649256646633
2025-07-21,Jeux et jouets,WEST,validation,7,10.0,-0.033350743,9.966649256646633
2025-07-28,Jeux et jouets,WEST,validation,13,16.0,-1.1837603,14.816239714622498
2025-08-04,Jeux et jouets,WEST,validation,21,18.0,-1.2969934,16.703006625175476
2025-08-11,Jeux et jouets,WEST,validation,14,11.000000000000002,0.75030094,11.750300943851473
2025-08-18,Jeux et jouets,WEST,validation,9,8.0,0.45586228,8.455862283706665
2025-08-25,Jeux et jouets,WEST,validation,6,13.0,-0.033350743,12.966649256646633
2025-09-01,Jeux et jouets,WEST,validation,8,2.0,0.97695994,2.9769599437713623
2025-09-08,Jeux et jouets,WEST,validation,15,9.0,0.4885148,9.488514810800552
2025-09-15,Jeux et jouets,WEST,validation,15,10.0,1.0984596,11.098459601402283
2025-09-22,Jeux et jouets,WEST,validation,16,9.0,0.4885148,9.488514810800552
2025-09-29,Jeux et jouets,WEST,validation,9,13.0,1.0710434,14.071043372154236
2025-10-06,Jeux et jouets,WEST,test,7,9.000000000000002,0.55395174,9.553951740264894
2025-10-13,Jeux et jouets,WEST,test,12,8.0,0.7977774,8.7977774143219
2025-10-20,Jeux et jouets,WEST,test,9,5.0,0.5896486,5.589648604393005
2025-10-27,Jeux et jouets,WEST,test,9,6.000000000000001,0.5896486,6.589648604393006
2025-11-03,Jeux et jouets,WEST,test,6,12.000000000000002,-0.013163773,11.986836226657035
2025-11-10,Jeux et jouets,WEST,test,5,9.000000000000002,0.23222356,9.232223555445673
2025-11-17,Jeux et jouets,WEST,test,13,10.0,-0.013163773,9.986836226657033
2025-11-24,Jeux et jouets,WEST,test,10,10.0,-0.013163773,9.986836226657033
2025-12-01,Jeux et jouets,WEST,test,10,12.000000000000002,0.63242096,12.632420957088472
2025-12-08,Jeux et jouets,WEST,test,12,6.000000000000001,1.2352332,7.235233187675477
2025-12-15,Jeux et jouets,WEST,test,14,5.0,1.2352332,6.235233187675476
2025-12-22,Jeux et jouets,WEST,test,10,11.0,1.0644591,12.064459085464478
2025-12-29,Jeux et jouets,WEST,test,5,12.0,4.912182,16.912181854248047
2026-01-05,Jeux et jouets,WEST,test,1,6.999999999999888,0.24663128,7.246631279587634
2025-06-30,Logiciels,EAST,validation,4,4.0,0.06055155,4.060551550239325
2025-07-07,Logiciels,EAST,validation,4,4.0,0.10344617,4.1034461706876755
2025-07-14,Logiciels,EAST,validation,5,4.0,0.10344617,4.1034461706876755
2025-07-21,Logiciels,EAST,validation,2,3.0,0.3616057,3.361605703830719
2025-07-28,Logiciels,EAST,validation,4,3.0,0.3616057,3.361605703830719
2025-08-04,Logiciels,EAST,validation,4,4.0,0.10344617,4.1034461706876755
2025-08-11,Logiciels,EAST,validation,6,5.000000000000001,0.10344617,5.103446170687676
2025-08-18,Logiciels,EAST,validation,3,5.000000000000001,0.10344617,5.103446170687676
2025-08-25,Logiciels,EAST,validation,3,1.0,0.3616057,1.361605703830719
2025-09-01,Logiciels,EAST,validation,2,4.0,0.10344617,4.1034461706876755
2025-09-08,Logiciels,EAST,validation,3,4.0,0.10344617,4.1034461706876755
2025-09-15,Logiciels,EAST,validation,4,2.0,0.3616057,2.361605703830719
2025-09-22,Logiciels,EAST,validation,2,3.0,0.3616057,3.361605703830719
2025-09-29,Logiciels,EAST,test,4,8.999999999999998,-0.04696727,8.953032728284596
2025-10-06,Logiciels,EAST,test,3,1.0,0.472377,1.4723770022392273
2025-10-13,Logiciels,EAST,test,3,4.0,0.2142175,4.214217498898506
2025-10-20,Logiciels,EAST,test,5,0.0,0.472377,0.4723770022392273
2025-10-27,Logiciels,EAST,test,4,4.0,0.2142175,4.214217498898506
2025-11-03,Logiciels,EAST,test,3,6.999999999999999,0.2142175,7.214217498898505
2025-11-10,Logiciels,EAST,test,3,1.0,0.472377,1.4723770022392273
2025-11-17,Logiciels,EAST,test,1,4.0,0.2142175,4.214217498898506
2025-11-24,Logiciels,EAST,test,4,4.0,0.2142175,4.214217498898506
2025-12-01,Logiciels,EAST,test,3,1.0,0.9037166,1.9037166237831116
2025-12-08,Logiciels,EAST,test,2,2.0,0.46242064,2.462420642375946
2025-12-15,Logiciels,EAST,test,3,4.0,0.6455572,4.645557224750519
2025-12-22,Logiciels,EAST,test,7,1.0,0.9037166,1.9037166237831116
2025-12-29,Logiciels,EAST,test,5,1.0,1.3006856,2.3006856441497803
2025-07-07,Logiciels,NORTH,validation,1,1.0,0.3616057,1.361605703830719
2025-07-14,Logiciels,NORTH,validation,5,2.0,0.3616057,2.361605703830719
2025-07-21,Logiciels,NORTH,validation,4,0.0,0.3616057,0.361605703830719
2025-07-28,Logiciels,NORTH,validation,5,3.0,0.3616057,3.361605703830719
2025-08-04,Logiciels,NORTH,validation,2,3.0,0.3616057,3.361605703830719
2025-08-11,Logiciels,NORTH,validation,4,2.0,0.3616057,2.361605703830719
2025-08-18,Logiciels,NORTH,validation,1,3.0,0.3616057,3.361605703830719
2025-08-25,Logiciels,NORTH,validation,1,5.999999999999999,0.10344617,6.103446170687675
2025-09-01,Logiciels,NORTH,validation,5,4.0,0.10344617,4.1034461706876755
2025-09-08,Logiciels,NORTH,validation,3,1.0,0.3616057,1.361605703830719
2025-09-15,Logiciels,NORTH,validation,3,2.0,0.3616057,2.361605703830719
2025-09-22,Logiciels,NORTH,validation,6,4.0,0.10344617,4.1034461706876755
2025-09-29,Logiciels,NORTH,validation,2,3.0,0.3616057,3.361605703830719
2025-10-06,Logiciels,NORTH,test,1,0.0,0.472377,0.4723770022392273
2025-10-13,Logiciels,NORTH,test,2,3.0000000000000004,0.472377,3.4723770022392277
2025-10-20,Logiciels,NORTH,test,3,2.0,0.472377,2.4723770022392273
2025-10-27,Logiciels,NORTH,test,2,6.000000000000001,0.2142175,6.214217498898507
2025-11-03,Logiciels,NORTH,test,2,2.0,0.472377,2.4723770022392273
2025-11-10,Logiciels,NORTH,test,2,4.0,0.2142175,4.214217498898506
2025-11-17,Logiciels,NORTH,test,2,0.0,0.472377,0.4723770022392273
2025-11-24,Logiciels,NORTH,test,3,4.0,0.2142175,4.214217498898506
2025-12-01,Logiciels,NORTH,test,4,4.0,0.2042612,4.20426119863987
2025-12-08,Logiciels,NORTH,test,3,1.0,0.46242064,1.462420642375946
2025-12-15,Logiciels,NORTH,test,2,3.0000000000000004,0.9037166,3.903716623783112
2025-12-22,Logiciels,NORTH,test,3,4.0,0.6455572,4.645557224750519
2025-12-29,Logiciels,NORTH,test,3,4.0,2.2265809,6.226580858230591
2025-07-14,Logiciels,SOUTH,validation,1,5.0,0.10344617,5.1034461706876755
2025-07-21,Logiciels,SOUTH,validation,5,0.0,0.3616057,0.361605703830719
2025-07-28,Logiciels,SOUTH,validation,3,2.0,0.3616057,2.361605703830719
2025-08-04,Logiciels,SOUTH,validation,2,2.0,0.3616057,2.361605703830719
2025-08-18,Logiciels,SOUTH,validation,3,2.0,0.3616057,2.361605703830719
2025-08-25,Logiciels,SOUTH,validation,3,2.0,0.3616057,2.361605703830719
2025-09-08,Logiciels,SOUTH,validation,2,2.0,0.3616057,2.361605703830719
2025-09-15,Logiciels,SOUTH,validation,2,0.0,0.3616057,0.361605703830719
2025-09-22,Logiciels,SOUTH,validation,1,1.0,0.3616057,1.361605703830719
2025-09-29,Logiciels,SOUTH,validation,1,1.0,0.3616057,1.361605703830719
2025-10-06,Logiciels,SOUTH,test,4,3.0,0.472377,3.4723770022392273
2025-10-13,Logiciels,SOUTH,test,1,3.0,0.472377,3.4723770022392273
2025-10-27,Logiciels,SOUTH,test,1,2.0,0.472377,2.4723770022392273
2025-11-03,Logiciels,SOUTH,test,3,0.0,0.472377,0.4723770022392273
2025-11-10,Logiciels,SOUTH,test,3,3.0,0.472377,3.4723770022392273
2025-11-24,Logiciels,SOUTH,test,1,3.0,0.472377,3.4723770022392273
2025-12-01,Logiciels,SOUTH,test,1,0.0,0.9037166,0.9037166237831116
2025-12-08,Logiciels,SOUTH,test,4,2.0,0.9037166,2.9037166237831116
2025-12-22,Logiciels,SOUTH,test,2,1.0,0.46242064,1.462420642375946
2025-12-29,Logiciels,SOUTH,test,2,1.0,1.2317437,2.2317436933517456
2026-01-05,Logiciels,SOUTH,test,1,1.0,0.3259974,1.3259974122047424
2025-07-07,Logiciels,WEST,validation,1,1.0,0.3616057,1.361605703830719
2025-07-21,Logiciels,WEST,validation,4,4.0,0.10344617,4.1034461706876755
2025-07-28,Logiciels,WEST,validation,1,3.0,0.3616057,3.361605703830719
2025-08-04,Logiciels,WEST,validation,2,5.000000000000001,0.10344617,5.103446170687676
2025-08-11,Logiciels,WEST,validation,2,5.000000000000001,0.10344617,5.103446170687676
2025-08-18,Logiciels,WEST,validation,1,2.0,0.3616057,2.361605703830719
2025-09-01,Logiciels,WEST,validation,2,1.0,0.3616057,1.361605703830719
2025-09-08,Logiciels,WEST,validation,1,4.0,0.10344617,4.1034461706876755
2025-09-22,Logiciels,WEST,validation,3,0.0,0.3616057,0.361605703830719
2025-09-29,Logiciels,WEST,validation,4,3.0,0.3616057,3.361605703830719
2025-10-06,Logiciels,WEST,test,1,2.0,0.472377,2.4723770022392273
2025-10-13,Logiciels,WEST,test,1,1.0,0.472377,1.4723770022392273
2025-10-20,Logiciels,WEST,test,3,1.0,0.472377,1.4723770022392273
2025-10-27,Logiciels,WEST,test,4,1.0,0.472377,1.4723770022392273
2025-11-03,Logiciels,WEST,test,2,1.0,0.472377,1.4723770022392273
2025-11-17,Logiciels,WEST,test,4,1.0,0.472377,1.4723770022392273
2025-11-24,Logiciels,WEST,test,2,2.999999999999999,0.472377,3.4723770022392264
2025-12-01,Logiciels,WEST,test,2,2.999999999999999,0.46242064,3.462420642375945
2025-12-08,Logiciels,WEST,test,1,0.0,0.9037166,0.9037166237831116
2025-12-29,Logiciels,WEST,test,3,1.0,1.2317437,2.2317436933517456
2025-07-07,Lots,EAST,validation,5,3.0,0.55887306,3.5588730573654175
2025-07-14,Lots,EAST,validation,5,6.0,0.10344617,6.1034461706876755
2025-07-21,Lots,EAST,validation,6,9.0,-0.04696727,8.953032728284597
2025-07-28,Lots,EAST,validation,4,7.000000000000001,0.10344617,7.103446170687676
2025-08-04,Lots,EAST,validation,4,4.0,0.10344617,4.1034461706876755
2025-08-11,Lots,EAST,validation,4,9.0,-0.04696727,8.953032728284597
2025-08-18,Lots,EAST,validation,11,5.0,0.10344617,5.1034461706876755
2025-08-25,Lots,EAST,validation,8,3.0,0.84783494,3.8478349447250366
2025-09-01,Lots,EAST,validation,3,4.0,0.47604942,4.476049423217773
2025-09-08,Lots,EAST,validation,9,5.0,0.42849144,5.428491443395615
2025-09-15,Lots,EAST,validation,2,4.0,0.10344617,4.1034461706876755
2025-09-22,Lots,EAST,validation,12,7.000000000000001,0.4031337,7.403133690357209
2025-09-29,Lots,EAST,validation,6,5.0,0.27706894,5.277068942785263
2025-10-06,Lots,EAST,test,2,3.0,0.843267,3.843267023563385
2025-10-13,Lots,EAST,test,4,2.0,0.64599967,2.6459996700286865
2025-10-20,Lots,EAST,test,7,4.0,0.38784024,4.387840241193771
2025-10-27,Lots,EAST,test,6,3.0,0.64599967,3.6459996700286865
2025-11-03,Lots,EAST,test,3,4.0,0.38784024,4.387840241193771
2025-11-10,Lots,EAST,test,2,7.0,0.38784024,7.387840241193771
2025-11-17,Lots,EAST,test,5,4.0,0.38784024,4.387840241193771
2025-11-24,Lots,EAST,test,8,4.999999999999999,0.38784024,5.3878402411937705
2025-12-01,Lots,EAST,test,9,3.0,0.85028833,3.8502883315086365
2025-12-08,Lots,EAST,test,9,7.999999999999999,1.0334249,9.033424854278564
2025-12-15,Lots,EAST,test,2,6.0,1.0334249,7.0334248542785645
2025-12-22,Lots,EAST,test,7,6.0,0.85980225,6.85980224609375
2025-12-29,Lots,EAST,test,4,11.0,4.6360536,15.636053562164307
2025-07-07,Lots,NORTH,validation,7,6.0,0.10344617,6.1034461706876755
2025-07-14,Lots,NORTH,validation,6,6.0,0.10344617,6.1034461706876755
2025-07-21,Lots,NORTH,validation,9,5.0,0.10344617,5.1034461706876755
2025-07-28,Lots,NORTH,validation,6,13.000000000000002,-0.20697348,12.79302652180195
2025-08-04,Lots,NORTH,validation,7,5.0,0.10344617,5.1034461706876755
2025-08-11,Lots,NORTH,validation,14,9.0,-0.04696727,8.953032728284597
2025-08-18,Lots,NORTH,validation,4,10.0,-0.033350743,9.966649256646633
2025-08-25,Lots,NORTH,validation,8,9.0,0.2120366,9.212036594748497
2025-09-01,Lots,NORTH,validation,6,6.0,0.56946164,6.569461643695831
2025-09-08,Lots,NORTH,validation,6,5.0,0.39583892,5.395838916301727
2025-09-15,Lots,NORTH,validation,10,0.0,0.7676245,0.7676244974136353
2025-09-22,Lots,NORTH,validation,4,4.0,0.39583892,4.395838916301727
2025-09-29,Lots,NORTH,validation,10,4.0,0.6021142,4.602114200592041
2025-10-06,Lots,NORTH,test,7,10.999999999999998,0.07742053,11.077420532703398
2025-10-13,Lots,NORTH,test,2,2.0,0.93667924,2.936679244041443
2025-10-20,Lots,NORTH,test,3,8.999999999999998,0.23742677,9.23742677271366
2025-10-27,Lots,NORTH,test,6,5.999999999999999,0.38784024,6.3878402411937705
2025-11-03,Lots,NORTH,test,4,3.0,0.843267,3.843267023563385
2025-11-10,Lots,NORTH,test,5,3.0,0.6696443,3.669644296169281
2025-11-17,Lots,NORTH,test,7,3.0,0.6696443,3.669644296169281
2025-11-24,Lots,NORTH,test,4,5.0,0.2142175,5.214217498898506
2025-12-01,Lots,NORTH,test,5,6.999999999999999,0.7597041,7.759704113006591
2025-12-08,Lots,NORTH,test,5,6.999999999999999,0.85980225,7.859802246093749
2025-12-15,Lots,NORTH,test,6,4.0,0.7597041,4.759704113006592
2025-12-22,Lots,NORTH,test,9,5.0,0.7597041,5.759704113006592
2025-12-29,Lots,NORTH,test,8,9.0,3.800569,12.8005690574646
2026-01-05,Lots,NORTH,test,2,2.9999999999847784,0.5232648,3.523264825328864
2025-07-07,Lots,SOUTH,validation,4,3.0,0.3616057,3.361605703830719
2025-07-14,Lots,SOUTH,validation,4,4.0,0.10344617,4.1034461706876755
2025-07-21,Lots,SOUTH,validation,3,1.0,0.3616057,1.361605703830719
2025-07-28,Lots,SOUTH,validation,4,9.0,-0.04696727,8.953032728284597
2025-08-04,Lots,SOUTH,validation,4,3.0,0.3616057,3.361605703830719
2025-08-11,Lots,SOUTH,validation,3,1.0,0.3616057,1.361605703830719
2025-08-18,Lots,SOUTH,validation,4,3.0,0.3616057,3.361605703830719
2025-08-25,Lots,SOUTH,validation,4,6.0,0.10344617,6.1034461706876755
2025-09-01,Lots,SOUTH,validation,4,7.000000000000001,0.10344617,7.103446170687676
2025-09-08,Lots,SOUTH,validation,4,2.0,0.3616057,2.361605703830719
2025-09-15,Lots,SOUTH,validation,2,2.0,0.3616057,2.361605703830719
2025-09-22,Lots,SOUTH,validation,3,2.0,0.3616057,2.361605703830719
2025-09-29,Lots,SOUTH,validation,4,8.0,0.10344617,8.103446170687675
2025-10-06,Lots,SOUTH,test,4,7.000000000000001,0.2142175,7.214217498898507
2025-10-13,Lots,SOUTH,test,2,3.0000000000000004,0.472377,3.4723770022392277
2025-10-20,Lots,SOUTH,test,2,1.0000000000000002,0.472377,1.4723770022392275
2025-10-27,Lots,SOUTH,test,1,5.000000000000001,0.2142175,5.214217498898507
2025-11-10,Lots,SOUTH,test,2,2.0000000000000004,0.472377,2.4723770022392277
2025-11-17,Lots,SOUTH,test,4,4.000000000000001,0.2142175,4.214217498898507
2025-11-24,Lots,SOUTH,test,2,3.0000000000000004,0.472377,3.4723770022392277
2025-12-08,Lots,SOUTH,test,1,2.0000000000000004,0.46242064,2.4624206423759465
2025-12-15,Lots,SOUTH,test,2,5.000000000000001,0.6455572,5.64555722475052
2025-12-22,Lots,SOUTH,test,3,1.0000000000000002,0.46242064,1.4624206423759463
2025-12-29,Lots,SOUTH,test,2,3.0,1.2317437,4.231743693351746
2026-01-05,Lots,SOUTH,test,1,4.999999999918446,0.06783791,5.067837908782467
2025-07-07,Lots,WEST,validation,7,2.0,0.53522825,2.5352282524108887
2025-07-14,Lots,WEST,validation,6,7.0,0.27706894,7.277068942785263
2025-07-21,Lots,WEST,validation,6,4.0,0.27706894,4.277068942785263
2025-07-28,Lots,WEST,validation,4,4.0,0.27706894,4.277068942785263
2025-08-04,Lots,WEST,validation,6,4.0,0.27706894,4.277068942785263
2025-08-11,Lots,WEST,validation,1,1.0,0.53522825,1.5352282524108887
2025-08-18,Lots,WEST,validation,4,1.0,0.53522825,1.5352282524108887
2025-08-25,Lots,WEST,validation,3,5.0,0.27706894,5.277068942785263
2025-09-01,Lots,WEST,validation,3,3.0,0.53522825,3.5352282524108887
2025-09-15,Lots,WEST,validation,7,3.0,0.53522825,3.5352282524108887
2025-09-22,Lots,WEST,validation,6,8.0,0.10344617,8.103446170687675
2025-09-29,Lots,WEST,validation,5,9.0,-0.04696727,8.953032728284597
2025-10-06,Lots,WEST,test,2,2.0,0.472377,2.4723770022392273
2025-10-13,Lots,WEST,test,5,6.0,0.2142175,6.214217498898506
2025-10-20,Lots,WEST,test,1,2.0,0.472377,2.4723770022392273
2025-11-03,Lots,WEST,test,3,3.0,0.472377,3.4723770022392273
2025-11-10,Lots,WEST,test,1,8.0,0.2142175,8.214217498898506
2025-11-17,Lots,WEST,test,3,1.0,0.472377,1.4723770022392273
2025-11-24,Lots,WEST,test,5,8.0,0.2142175,8.214217498898506
2025-12-01,Lots,WEST,test,5,7.0,0.31840804,7.318408042192459
2025-12-08,Lots,WEST,test,3,2.0,1.0178634,3.017863392829895
2025-12-15,Lots,WEST,test,4,1.0,1.0178634,2.017863392829895
2025-12-22,Lots,WEST,test,6,4.0,0.6455572,4.645557224750519
2025-12-29,Lots,WEST,test,5,3.0,2.4157982,5.415798187255859
2026-01-05,Lots,WEST,test,1,1.9999999999969795,0.3259974,2.3259974122017217
2025-07-07,Maison et jardin,EAST,validation,102,114.03074424242254,-10.248872,103.78187243913885
2025-07-14,Maison et jardin,EAST,validation,111,105.0,-15.211728,89.7882719039917
2025-07-21,Maison et jardin,EAST,validation,101,113.0,-5.341286,107.65871381759644
2025-07-28,Maison et jardin,EAST,validation,110,119.0,-18.23467,100.76532936096191
2025-08-04,Maison et jardin,EAST,validation,109,116.0,-11.333895,104.66610527038574
2025-08-11,Maison et jardin,EAST,validation,122,98.0,-5.4576654,92.54233455657959
2025-08-18,Maison et jardin,EAST,validation,104,113.0,-13.678532,99.32146835327148
2025-08-25,Maison et jardin,EAST,validation,120,123.0,-4.9674835,118.03251647949219
2025-09-01,Maison et jardin,EAST,validation,110,102.0,-3.3643818,98.63561820983887
2025-09-08,Maison et jardin,EAST,validation,108,110.0,11.275298,121.27529811859131
2025-09-15,Maison et jardin,EAST,validation,91,114.0,14.700285,128.70028495788574
2025-09-22,Maison et jardin,EAST,validation,119,107.0,7.265012,114.26501178741455
2025-09-29,Maison et jardin,EAST,validation,106,100.0,16.472767,116.4727668762207
2025-10-06,Maison et jardin,EAST,test,78,73.67302938160114,6.667949,80.34097858127765
2025-10-13,Maison et jardin,EAST,test,80,75.0,4.4593925,79.45939254760742
2025-10-20,Maison et jardin,EAST,test,65,85.0,3.5843406,88.58434057235718
2025-10-27,Maison et jardin,EAST,test,82,97.0,-2.9698832,94.03011679649353
2025-11-03,Maison et jardin,EAST,test,113,88.0,0.8204561,88.82045608758926
2025-11-10,Maison et jardin,EAST,test,84,88.00000000000001,2.5293648,90.52936482429506
2025-11-17,Maison et jardin,EAST,test,80,86.0,2.6690378,88.66903781890869
2025-11-24,Maison et jardin,EAST,test,86,100.0,-3.7285533,96.2714467048645
2025-12-01,Maison et jardin,EAST,test,86,110.0,-4.182348,105.81765222549438
2025-12-08,Maison et jardin,EAST,test,95,79.0,26.91428,105.91427993774414
2025-12-15,Maison et jardin,EAST,test,83,101.0,3.3066564,104.30665636062622
2025-12-22,Maison et jardin,EAST,test,81,86.0,7.2160535,93.21605348587036
2025-12-29,Maison et jardin,EAST,test,84,79.0,31.743498,110.74349784851074
2026-01-05,Maison et jardin,EAST,test,24,80.00000000000001,-4.658931,75.3410692214966
2025-07-07,Maison et jardin,NORTH,validation,101,121.0,-14.938661,106.06133937835693
2025-07-14,Maison et jardin,NORTH,validation,119,96.0,-13.6132765,82.38672351837158
2025-07-21,Maison et jardin,NORTH,validation,129,116.0,-22.830091,93.16990852355957
2025-07-28,Maison et jardin,NORTH,validation,108,114.0,-10.949283,103.0507173538208
2025-08-04,Maison et jardin,NORTH,validation,124,120.0,-17.432785,102.56721496582031
2025-08-11,Maison et jardin,NORTH,validation,120,108.0,-12.553766,95.44623374938965
2025-08-18,Maison et jardin,NORTH,validation,108,110.0,-24.181456,85.81854438781738
2025-08-25,Maison et jardin,NORTH,validation,109,111.0,-15.000328,95.99967193603516
2025-09-01,Maison et jardin,NORTH,validation,105,118.0,-12.286178,105.71382236480713
2025-09-08,Maison et jardin,NORTH,validation,101,113.0,8.252796,121.2527961730957
2025-09-15,Maison et jardin,NORTH,validation,120,116.0,13.146608,129.14660835266113
2025-09-22,Maison et jardin,NORTH,validation,88,125.0,6.709307,131.7093071937561
2025-09-29,Maison et jardin,NORTH,validation,107,128.0,8.297181,136.29718112945557
2025-10-06,Maison et jardin,NORTH,test,93,74.0,5.1720777,79.17207765579224
2025-10-13,Maison et jardin,NORTH,test,99,102.0,-7.091562,94.908438205719
2025-10-20,Maison et jardin,NORTH,test,79,104.0,-3.3787794,100.62122058868408
2025-10-27,Maison et jardin,NORTH,test,75,79.00000000000001,3.6364498,82.63644981384279
2025-11-03,Maison et jardin,NORTH,test,86,96.0,-6.6498713,89.35012865066528
2025-11-10,Maison et jardin,NORTH,test,75,84.0,2.5849106,86.58491063117981
2025-11-17,Maison et jardin,NORTH,test,90,93.0,-7.135151,85.86484909057617
2025-11-24,Maison et jardin,NORTH,test,100,80.0,0.76248795,80.76248794794083
2025-12-01,Maison et jardin,NORTH,test,84,94.0,-4.0587287,89.94127130508423
2025-12-08,Maison et jardin,NORTH,test,91,86.0,6.8008785,92.80087852478027
2025-12-15,Maison et jardin,NORTH,test,94,106.0,-7.0191994,98.98080062866211
2025-12-22,Maison et jardin,NORTH,test,88,92.0,13.609041,105.60904121398926
2025-12-29,Maison et jardin,NORTH,test,80,113.0,-2.7869964,110.2130036354065
2026-01-05,Maison et jardin,NORTH,test,22,79.00000000000013,-4.0848575,74.91514253616346
2025-07-07,Maison et jardin,SOUTH,validation,55,56.99999999999999,-0.42919886,56.57080113887786
2025-07-14,Maison et jardin,SOUTH,validation,77,56.99999999999999,-1.6716381,55.32836186885833
2025-07-21,Maison et jardin,SOUTH,validation,58,62.0,0.15501618,62.15501618385315
2025-07-28,Maison et jardin,SOUTH,validation,77,75.0,-7.4495516,67.55044841766357
2025-08-04,Maison et jardin,SOUTH,validation,59,70.0,1.8305433,71.83054327964783
2025-08-11,Maison et jardin,SOUTH,validation,72,70.0,0.31018645,70.31018644571304
2025-08-18,Maison et jardin,SOUTH,validation,64,58.99999999999999,0.55061793,59.55061793327331
2025-08-25,Maison et jardin,SOUTH,validation,72,50.99999999999999,2.9028916,53.90289163589477
2025-09-01,Maison et jardin,SOUTH,validation,61,78.0,-5.127679,72.87232112884521
2025-09-08,Maison et jardin,SOUTH,validation,71,66.99999999999999,10.414575,77.4145746231079
2025-09-15,Maison et jardin,SOUTH,validation,52,68.99999999999999,10.7621975,79.76219749450682
2025-09-22,Maison et jardin,SOUTH,validation,82,75.0,19.181803,94.18180274963379
2025-09-29,Maison et jardin,SOUTH,validation,65,64.0,23.683512,87.68351173400879
2025-10-06,Maison et jardin,SOUTH,test,50,43.99999999999999,7.3358474,51.33584737777709
2025-10-13,Maison et jardin,SOUTH,test,52,44.99999999999999,3.7545757,48.75457572937011
2025-10-20,Maison et jardin,SOUTH,test,57,39.99999999999999,7.334559,47.33455896377563
2025-10-27,Maison et jardin,SOUTH,test,56,37.99999999999999,6.2110233,44.21102333068847
2025-11-03,Maison et jardin,SOUTH,test,49,48.0,3.7750845,51.775084495544434
2025-11-10,Maison et jardin,SOUTH,test,52,66.99999999999999,-0.7591792,66.24082082509993
2025-11-17,Maison et jardin,SOUTH,test,52,54.99999999999999,1.244496,56.244495987892144
2025-11-24,Maison et jardin,SOUTH,test,51,50.99999999999999,-0.15469427,50.845305725932114
2025-12-01,Maison et jardin,SOUTH,test,52,59.99999999999999,5.170533,65.17053318023682
2025-12-08,Maison et jardin,SOUTH,test,66,48.0,9.737971,57.73797130584717
2025-12-15,Maison et jardin,SOUTH,test,52,60.99999999999999,8.331485,69.3314847946167
2025-12-22,Maison et jardin,SOUTH,test,68,60.99999999999999,7.7262106,68.72621059417725
2025-12-29,Maison et jardin,SOUTH,test,46,51.0,32.867184,83.86718368530273
2026-01-05,Maison et jardin,SOUTH,test,21,42.99999999999942,0.80333537,43.80333536863269
2025-07-07,Maison et jardin,WEST,validation,79,74.19684779027529,-3.217042,70.97980582097597
2025-07-14,Maison et jardin,WEST,validation,78,65.01351699705836,3.6749935,68.68851051207301
2025-07-21,Maison et jardin,WEST,validation,78,77.15637870742307,-3.0272646,74.12911411239133
2025-07-28,Maison et jardin,WEST,validation,71,81.2946453884399,-6.7345963,74.5600491359985
2025-08-04,Maison et jardin,WEST,validation,70,91.20419137131104,-23.740046,67.46414582382569
2025-08-11,Maison et jardin,WEST,validation,84,81.008496122825,-5.094434,75.91406233834013
2025-08-18,Maison et jardin,WEST,validation,72,83.56123257985766,-7.4502535,76.11097909322436
2025-08-25,Maison et jardin,WEST,validation,78,80.68492769725273,-5.486618,75.19830965526054
2025-09-01,Maison et jardin,WEST,validation,74,75.9380780287229,-0.9381645,74.99991355614294
2025-09-08,Maison et jardin,WEST,validation,83,67.07235995518809,25.871378,92.94373790013438
2025-09-15,Maison et jardin,WEST,validation,96,85.07431594917911,17.980944,103.05525962898868
2025-09-22,Maison et jardin,WEST,validation,82,86.02610509374226,16.822004,102.84810941197956
2025-09-29,Maison et jardin,WEST,validation,92,73.99110792336941,21.507343,95.49845121560574
2025-10-06,Maison et jardin,WEST,test,67,72.33550597606778,1.6015298,73.93703581272244
2025-10-13,Maison et jardin,WEST,test,52,49.8475144129779,9.377545,59.22505976972839
2025-10-20,Maison et jardin,WEST,test,65,68.42391186213887,2.3803768,70.80428867793476
2025-10-27,Maison et jardin,WEST,test,57,63.32830347269455,5.5515304,68.8798338338701
2025-11-03,Maison et jardin,WEST,test,56,56.08396101236964,1.9234855,58.00744652987147
2025-11-10,Maison et jardin,WEST,test,60,62.28585646747291,1.2382228,63.52407930492103
2025-11-17,Maison et jardin,WEST,test,53,48.49775873798959,7.9025316,56.400290361829924
2025-11-24,Maison et jardin,WEST,test,57,76.2357734234016,-2.7845085,73.45126495668102
2025-12-01,Maison et jardin,WEST,test,53,48.99012509908217,10.861034,59.85115949239272
2025-12-08,Maison et jardin,WEST,test,70,71.9143293233072,4.8532233,76.76755264712922
2025-12-15,Maison et jardin,WEST,test,65,51.946228789965616,13.981573,65.92780189482401
2025-12-22,Maison et jardin,WEST,test,68,68.99290983616822,12.429603,81.42251245915406
2025-12-29,Maison et jardin,WEST,test,49,68.01331341387954,35.18191,103.1952248823854
2026-01-05,Maison et jardin,WEST,test,17,43.01124936124211,2.573523,45.58477240582829
2025-07-07,Meubles,EAST,validation,41,38.9164065775049,1.8896599,40.8060664590967
2025-07-14,Meubles,EAST,validation,44,33.99999999999999,4.7706695,38.770669460296624
2025-07-21,Meubles,EAST,validation,57,37.99999999999999,2.2917888,40.29178881645202
2025-07-28,Meubles,EAST,validation,41,64.0,-16.099903,47.90009689331055
2025-08-04,Meubles,EAST,validation,42,52.99999999999999,-2.8192043,50.18079566955566
2025-08-11,Meubles,EAST,validation,40,41.0,3.7152472,44.71524715423584
2025-08-18,Meubles,EAST,validation,43,33.99999999999999,5.5032744,39.503274440765374
2025-08-25,Meubles,EAST,validation,49,47.0,-4.881628,42.11837196350098
2025-09-01,Meubles,EAST,validation,49,33.99999999999999,6.169811,40.16981077194213
2025-09-08,Meubles,EAST,validation,43,43.99999999999999,2.4114456,46.411445617675774
2025-09-15,Meubles,EAST,validation,50,42.99999999999999,12.032092,55.03209209442138
2025-09-22,Meubles,EAST,validation,46,47.0,22.419285,69.41928482055664
2025-09-29,Meubles,EAST,validation,45,48.99999999999999,0.37860447,49.378604471683495
2025-10-06,Meubles,EAST,test,33,24.225706724514584,5.722789,29.948495535244565
2025-10-13,Meubles,EAST,test,37,36.0,-0.24674384,35.753256157040596
2025-10-20,Meubles,EAST,test,33,25.0,4.2994184,29.299418449401855
2025-10-27,Meubles,EAST,test,29,37.0,-1.3317271,35.668272852897644
2025-11-03,Meubles,EAST,test,33,34.99999999999999,-1.6264055,33.37359452247619
2025-11-10,Meubles,EAST,test,36,33.0,1.7184339,34.71843385696411
2025-11-17,Meubles,EAST,test,37,44.00000000000001,-4.2647634,39.73523664474488
2025-11-24,Meubles,EAST,test,46,41.99999999999999,-2.9581666,39.04183340072631
2025-12-01,Meubles,EAST,test,32,34.00000000000001,5.4133716,39.41337156295777
2025-12-08,Meubles,EAST,test,39,34.00000000000001,4.2826467,38.282646656036384
2025-12-15,Meubles,EAST,test,44,38.00000000000001,3.0806124,41.080612421035774
2025-12-22,Meubles,EAST,test,40,31.000000000000004,8.81568,39.8156795501709
2025-12-29,Meubles,EAST,test,37,45.0,25.908075,70.9080753326416
2026-01-05,Meubles,EAST,test,11,33.0,-2.1338859,30.866114139556885
2025-07-07,Meubles,NORTH,validation,57,44.95024598535664,-1.7925361,43.15770984586842
2025-07-14,Meubles,NORTH,validation,53,34.446589641540314,3.6739688,38.120558433501984
2025-07-21,Meubles,NORTH,validation,48,42.584445415593656,1.9892962,44.57374161348489
2025-07-28,Meubles,NORTH,validation,55,52.058176832156704,-6.169998,45.88817866321139
2025-08-04,Meubles,NORTH,validation,47,42.29463891646705,3.2123384,45.50697736403785
2025-08-11,Meubles,NORTH,validation,44,39.52858503684602,4.0725393,43.601124366374826
2025-08-18,Meubles,NORTH,validation,43,41.22265594158573,3.4606345,44.68329041157169
2025-08-25,Meubles,NORTH,validation,49,61.94587724324872,-19.498705,42.447172332970396
2025-09-01,Meubles,NORTH,validation,52,45.88474648351598,-0.23854518,45.64620130414892
2025-09-08,Meubles,NORTH,validation,42,42.94775068044687,4.0355906,46.983341329097996
2025-09-15,Meubles,NORTH,validation,49,45.009487587495286,4.1919365,49.20142408041521
2025-09-22,Meubles,NORTH,validation,52,39.02503745051468,15.835179,54.86021677943314
2025-09-29,Meubles,NORTH,validation,51,41.01218063329867,6.1010303,47.113210983030115
2025-10-06,Meubles,NORTH,test,36,38.04471367896152,2.3095336,40.35424727500034
2025-10-13,Meubles,NORTH,test,34,31.088184900831983,5.9749646,37.063149519514845
2025-10-20,Meubles,NORTH,test,35,29.17149610070821,6.399795,35.571291156097615
2025-10-27,Meubles,NORTH,test,36,30.478482104457104,4.797744,35.27622590175935
2025-11-03,Meubles,NORTH,test,34,28.25847873657008,4.6018205,32.86029920547267
2025-11-10,Meubles,NORTH,test,35,33.3249869190329,1.9305217,35.25550864564118
2025-11-17,Meubles,NORTH,test,45,25.11849631857642,5.66758,30.786076446292483
2025-11-24,Meubles,NORTH,test,29,39.96998174723988,0.75579965,40.72578139838581
2025-12-01,Meubles,NORTH,test,31,35.943874054802045,5.0544806,40.998354607475385
2025-12-08,Meubles,NORTH,test,30,37.974895353856965,2.5396996,40.514594908300325
2025-12-15,Meubles,NORTH,test,43,29.002321203637777,8.22339,37.22571082918709
2025-12-22,Meubles,NORTH,test,43,42.00939903995214,4.9945855,47.00398455402075
2025-12-29,Meubles,NORTH,test,35,39.005062764017886,33.857426,72.86248845371514
2026-01-05,Meubles,NORTH,test,8,33.00014108993012,-1.3444892,31.655651873125613
2025-07-07,Meubles,SOUTH,validation,18,27.000000000000004,-3.2955716,23.704428434371952
2025-07-14,Meubles,SOUTH,validation,26,32.0,-3.9683182,28.031681776046753
2025-07-21,Meubles,SOUTH,validation,29,33.0,-5.6989613,27.30103874206543
2025-07-28,Meubles,SOUTH,validation,30,34.0,-5.4293027,28.57069730758667
2025-08-04,Meubles,SOUTH,validation,33,22.0,0.57000804,22.570008039474487
2025-08-11,Meubles,SOUTH,validation,22,30.000000000000004,-2.0425103,27.957489728927616
2025-08-18,Meubles,SOUTH,validation,26,21.0,1.60772,22.607720017433167
2025-08-25,Meubles,SOUTH,validation,29,30.000000000000004,-4.4058714,25.594128608703617
2025-09-01,Meubles,SOUTH,validation,25,29.000000000000004,-1.7177551,27.282244920730594
2025-09-08,Meubles,SOUTH,validation,22,34.0,-2.8496552,31.150344848632812
2025-09-15,Meubles,SOUTH,validation,28,19.0,4.900366,23.900365829467773
2025-09-22,Meubles,SOUTH,validation,20,23.0,2.0808034,25.080803394317627
2025-09-29,Meubles,SOUTH,validation,31,29.000000000000004,-1.6371863,27.362813711166385
2025-10-06,Meubles,SOUTH,test,19,12.0,7.138201,19.138201236724854
2025-10-13,Meubles,SOUTH,test,15,20.0,2.6282434,22.628243446350098
2025-10-20,Meubles,SOUTH,test,13,18.0,2.251235,20.251235008239746
2025-10-27,Meubles,SOUTH,test,19,17.0,2.0083969,19.008396863937378
2025-11-03,Meubles,SOUTH,test,20,20.0,0.63824815,20.63824814558029
2025-11-10,Meubles,SOUTH,test,27,19.0,1.6720084,20.672008395195007
2025-11-17,Meubles,SOUTH,test,13,22.0,-0.26884747,21.731152534484863
2025-11-24,Meubles,SOUTH,test,20,25.0,-1.0158534,23.98414659500122
2025-12-01,Meubles,SOUTH,test,16,18.0,2.7090676,20.709067583084106
2025-12-08,Meubles,SOUTH,test,29,29.0,-1.0967624,27.90323758125305
2025-12-15,Meubles,SOUTH,test,25,15.0,3.0060852,18.00608515739441
2025-12-22,Meubles,SOUTH,test,23,16.0,3.6955702,19.69557023048401
2025-12-29,Meubles,SOUTH,test,26,23.0,12.097571,35.09757137298584
2026-01-05,Meubles,SOUTH,test,7,13.999999999997936,3.220629,17.220628976819835
2025-07-07,Meubles,WEST,validation,34,27.0,-3.0255313,23.97446870803833
2025-07-14,Meubles,WEST,validation,44,32.0,-1.9802264,30.019773602485657
2025-07-21,Meubles,WEST,validation,27,32.0,-1.8055619,30.194438099861145
2025-07-28,Meubles,WEST,validation,27,35.99999999999999,-7.8037863,28.196213722228997
2025-08-04,Meubles,WEST,validation,33,26.0,-2.1618118,23.83818817138672
2025-08-11,Meubles,WEST,validation,26,33.0,-1.8600541,31.13994586467743
2025-08-18,Meubles,WEST,validation,29,35.0,-6.761855,28.238144874572754
2025-08-25,Meubles,WEST,validation,26,29.0,-2.3385146,26.66148543357849
2025-09-01,Meubles,WEST,validation,28,35.99999999999999,-3.7415426,32.25845742225646
2025-09-08,Meubles,WEST,validation,29,31.0,-1.552748,29.44725203514099
2025-09-15,Meubles,WEST,validation,29,30.000000000000004,-2.506687,27.493313074111942
2025-09-22,Meubles,WEST,validation,25,26.0,0.93591815,26.935918152332306
2025-09-29,Meubles,WEST,validation,36,33.0,-1.0833812,31.916618824005127
2025-10-06,Meubles,WEST,test,22,24.000000000000004,2.8017201,26.801720142364506
2025-10-13,Meubles,WEST,test,29,29.000000000000004,-2.4269354,26.573064565658573
2025-10-20,Meubles,WEST,test,30,21.000000000000004,2.8691065,23.869106531143192
2025-10-27,Meubles,WEST,test,26,19.0,5.6680937,24.66809368133545
2025-11-03,Meubles,WEST,test,30,20.0,3.852055,23.852055072784424
2025-11-10,Meubles,WEST,test,20,15.0,7.139002,22.139001846313477
2025-11-17,Meubles,WEST,test,25,30.0,-2.5663323,27.43366765975952
2025-11-24,Meubles,WEST,test,31,25.0,1.3421571,26.342157125473022
2025-12-01,Meubles,WEST,test,26,25.0,4.6814704,29.68147039413452
2025-12-08,Meubles,WEST,test,26,27.000000000000004,2.7924988,29.792498826980594
2025-12-15,Meubles,WEST,test,23,33.00000000000001,1.4015942,34.40159416198731
2025-12-22,Meubles,WEST,test,31,28.000000000000004,0.5378391,28.53783911466599
2025-12-29,Meubles,WEST,test,19,27.0,19.93798,46.93798065185547
2026-01-05,Meubles,WEST,test,13,19.99999999999604,3.1555576,23.155557632442328
2025-07-07,Modules complémentaires du produit,EAST,validation,2,3.0,0.3616057,3.361605703830719
2025-07-14,Modules complémentaires du produit,EAST,validation,2,6.0,0.10344617,6.1034461706876755
2025-07-21,Modules complémentaires du produit,EAST,validation,4,0.0,0.3616057,0.361605703830719
2025-07-28,Modules complémentaires du produit,EAST,validation,1,5.000000000000001,0.10344617,5.103446170687676
2025-08-04,Modules complémentaires du produit,EAST,validation,2,7.000000000000001,0.10344617,7.103446170687676
2025-08-11,Modules complémentaires du produit,EAST,validation,2,4.0,0.10344617,4.1034461706876755
2025-08-18,Modules complémentaires du produit,EAST,validation,2,5.000000000000001,0.10344617,5.103446170687676
2025-08-25,Modules complémentaires du produit,EAST,validation,2,4.0,0.10344617,4.1034461706876755
2025-09-01,Modules complémentaires du produit,EAST,validation,3,5.000000000000001,0.10344617,5.103446170687676
2025-09-08,Modules complémentaires du produit,EAST,validation,1,3.0,0.3616057,3.361605703830719
2025-09-15,Modules complémentaires du produit,EAST,validation,3,2.0,0.3616057,2.361605703830719
2025-09-22,Modules complémentaires du produit,EAST,validation,1,3.0,0.3616057,3.361605703830719
2025-09-29,Modules complémentaires du produit,EAST,validation,5,1.0,0.3616057,1.361605703830719
2025-10-06,Modules complémentaires du produit,EAST,test,4,5.0,0.2142175,5.214217498898506
2025-10-13,Modules complémentaires du produit,EAST,test,3,1.0,0.472377,1.4723770022392273
2025-10-27,Modules complémentaires du produit,EAST,test,2,4.0,0.2142175,4.214217498898506
2025-11-03,Modules complémentaires du produit,EAST,test,2,1.0,0.472377,1.4723770022392273
2025-11-10,Modules complémentaires du produit,EAST,test,5,0.0,0.472377,0.4723770022392273
2025-11-17,Modules complémentaires du produit,EAST,test,2,4.0,0.2142175,4.214217498898506
2025-12-01,Modules complémentaires du produit,EAST,test,2,2.0,0.46242064,2.462420642375946
2025-12-08,Modules complémentaires du produit,EAST,test,3,4.0,0.6455572,4.645557224750519
2025-12-15,Modules complémentaires du produit,EAST,test,1,5.0,0.2042612,5.20426119863987
2025-12-22,Modules complémentaires du produit,EAST,test,4,1.0,0.46242064,1.462420642375946
2025-12-29,Modules complémentaires du produit,EAST,test,8,2.0,2.4847405,4.484740495681763
2025-06-30,Modules complémentaires du produit,NORTH,validation,2,3.0,0.31871104,3.318711042404175
2025-07-07,Modules complémentaires du produit,NORTH,validation,7,4.0,0.10344617,4.1034461706876755
2025-07-14,Modules complémentaires du produit,NORTH,validation,5,3.0,0.3616057,3.361605703830719
2025-07-21,Modules complémentaires du produit,NORTH,validation,4,5.0,0.10344617,5.1034461706876755
2025-07-28,Modules complémentaires du produit,NORTH,validation,1,3.0,0.3616057,3.361605703830719
2025-08-04,Modules complémentaires du produit,NORTH,validation,4,1.0,0.3616057,1.361605703830719
2025-08-11,Modules complémentaires du produit,NORTH,validation,3,2.0,0.3616057,2.361605703830719
2025-08-18,Modules complémentaires du produit,NORTH,validation,2,5.0,0.10344617,5.1034461706876755
2025-08-25,Modules complémentaires du produit,NORTH,validation,2,4.0,0.10344617,4.1034461706876755
2025-09-01,Modules complémentaires du produit,NORTH,validation,4,5.0,0.10344617,5.1034461706876755
2025-09-08,Modules complémentaires du produit,NORTH,validation,1,4.0,0.10344617,4.1034461706876755
2025-09-15,Modules complémentaires du produit,NORTH,validation,3,0.0,0.3616057,0.361605703830719
2025-09-22,Modules complémentaires du produit,NORTH,validation,3,4.0,0.10344617,4.1034461706876755
2025-09-29,Modules complémentaires du produit,NORTH,test,5,3.0,0.3616057,3.361605703830719
2025-10-06,Modules complémentaires du produit,NORTH,test,6,2.0,0.472377,2.4723770022392273
2025-10-13,Modules complémentaires du produit,NORTH,test,4,4.0,0.2142175,4.214217498898506
2025-10-20,Modules complémentaires du produit,NORTH,test,6,2.0,0.472377,2.4723770022392273
2025-10-27,Modules complémentaires du produit,NORTH,test,1,3.0,0.472377,3.4723770022392273
2025-11-03,Modules complémentaires du produit,NORTH,test,3,6.999999999999999,0.2142175,7.214217498898505
2025-11-10,Modules complémentaires du produit,NORTH,test,1,3.0,0.472377,3.4723770022392273
2025-11-17,Modules complémentaires du produit,NORTH,test,3,0.0,0.472377,0.4723770022392273
2025-11-24,Modules complémentaires du produit,NORTH,test,1,5.999999999999999,0.2142175,6.214217498898505
2025-12-01,Modules complémentaires du produit,NORTH,test,2,3.0,0.5765675,3.5765674710273743
2025-12-08,Modules complémentaires du produit,NORTH,test,2,4.999999999999999,0.7597041,5.759704113006591
2025-12-15,Modules complémentaires du produit,NORTH,test,5,3.0,0.5765675,3.5765674710273743
2025-12-22,Modules complémentaires du produit,NORTH,test,3,2.0,0.5765675,2.5765674710273743
2025-12-29,Modules complémentaires du produit,NORTH,test,6,9.0,1.2611343,10.261134266853333
2025-07-07,Modules complémentaires du produit,SOUTH,validation,3,2.0,0.3616057,2.361605703830719
2025-07-14,Modules complémentaires du produit,SOUTH,validation,1,2.0,0.3616057,2.361605703830719
2025-07-21,Modules complémentaires du produit,SOUTH,validation,1,1.0,0.3616057,1.361605703830719
2025-07-28,Modules complémentaires du produit,SOUTH,validation,2,4.0,0.10344617,4.1034461706876755
2025-08-04,Modules complémentaires du produit,SOUTH,validation,2,2.0,0.3616057,2.361605703830719
2025-08-11,Modules complémentaires du produit,SOUTH,validation,2,3.0,0.3616057,3.361605703830719
2025-08-18,Modules complémentaires du produit,SOUTH,validation,2,2.0,0.3616057,2.361605703830719
2025-08-25,Modules complémentaires du produit,SOUTH,validation,1,0.0,0.3616057,0.361605703830719
2025-09-01,Modules complémentaires du produit,SOUTH,validation,1,2.0,0.3616057,2.361605703830719
2025-09-08,Modules complémentaires du produit,SOUTH,validation,7,3.0,0.3616057,3.361605703830719
2025-09-15,Modules complémentaires du produit,SOUTH,validation,3,1.0,0.3616057,1.361605703830719
2025-09-22,Modules complémentaires du produit,SOUTH,validation,3,3.0,0.3616057,3.361605703830719
2025-09-29,Modules complémentaires du produit,SOUTH,validation,3,4.999999999999999,0.10344617,5.103446170687675
2025-10-06,Modules complémentaires du produit,SOUTH,test,2,2.0,0.472377,2.4723770022392273
2025-10-27,Modules complémentaires du produit,SOUTH,test,1,3.0,0.472377,3.4723770022392273
2025-11-10,Modules complémentaires du produit,SOUTH,test,1,3.0,0.472377,3.4723770022392273
2025-11-24,Modules complémentaires du produit,SOUTH,test,1,1.0,0.472377,1.4723770022392273
2025-12-08,Modules complémentaires du produit,SOUTH,test,1,2.0,0.46242064,2.462420642375946
2025-12-15,Modules complémentaires du produit,SOUTH,test,1,3.0,0.46242064,3.462420642375946
2025-12-29,Modules complémentaires du produit,SOUTH,test,1,1.0,1.2317437,2.2317436933517456
2026-01-05,Modules complémentaires du produit,SOUTH,test,1,6.572964394990777e-12,0.3259974,0.3259974122113154
2025-07-07,Modules complémentaires du produit,WEST,validation,3,5.375222567617705,0.10344617,5.47866873830538
2025-07-14,Modules complémentaires du produit,WEST,validation,1,3.0,0.3616057,3.361605703830719
2025-07-21,Modules complémentaires du produit,WEST,validation,1,1.0,0.3616057,1.361605703830719
2025-07-28,Modules complémentaires du produit,WEST,validation,4,-4.235164736271503e-22,0.3616057,0.361605703830719
2025-08-04,Modules complémentaires du produit,WEST,validation,1,3.0,0.3616057,3.361605703830719
2025-08-11,Modules complémentaires du produit,WEST,validation,2,3.0,0.3616057,3.361605703830719
2025-08-18,Modules complémentaires du produit,WEST,validation,5,5.0,0.10344617,5.1034461706876755
2025-08-25,Modules complémentaires du produit,WEST,validation,2,2.0,0.3616057,2.361605703830719
2025-09-01,Modules complémentaires du produit,WEST,validation,1,1.0,0.3616057,1.361605703830719
2025-09-08,Modules complémentaires du produit,WEST,validation,2,2.0,0.3616057,2.361605703830719
2025-09-15,Modules complémentaires du produit,WEST,validation,4,1.0,0.3616057,1.361605703830719
2025-09-22,Modules complémentaires du produit,WEST,validation,3,1.0,0.3616057,1.361605703830719
2025-09-29,Modules complémentaires du produit,WEST,validation,5,3.0000000000000004,0.3616057,3.3616057038307194
2025-10-06,Modules complémentaires du produit,WEST,test,3,2.77055759468545,0.472377,3.2429345969246772
2025-10-13,Modules complémentaires du produit,WEST,test,5,2.0,0.472377,2.4723770022392273
2025-10-20,Modules complémentaires du produit,WEST,test,4,2.0000000000000004,0.472377,2.4723770022392277
2025-10-27,Modules complémentaires du produit,WEST,test,2,2.0000000000000004,0.472377,2.4723770022392277
2025-11-03,Modules complémentaires du produit,WEST,test,2,-4.440864462159301e-22,0.472377,0.4723770022392273
2025-11-10,Modules complémentaires du produit,WEST,test,1,2.0,0.472377,2.4723770022392273
2025-11-17,Modules complémentaires du produit,WEST,test,1,-4.440854094903011e-22,0.472377,0.4723770022392273
2025-11-24,Modules complémentaires du produit,WEST,test,2,2.0,0.472377,2.4723770022392273
2025-12-01,Modules complémentaires du produit,WEST,test,1,2.0000000000000004,0.46242064,2.4624206423759465
2025-12-08,Modules complémentaires du produit,WEST,test,1,-6.6612966932105165e-22,0.46242064,0.46242064237594604
2025-12-15,Modules complémentaires du produit,WEST,test,3,3.0000000000000004,0.46242064,3.4624206423759465
2025-12-22,Modules complémentaires du produit,WEST,test,2,-3.6633047840707823e-22,0.46242064,0.46242064237594604
2025-12-29,Modules complémentaires du produit,WEST,test,2,1.0,1.2317437,2.2317436933517456
2025-07-07,Médias,EAST,validation,10,22.0,-2.4152834,19.58471655845642
2025-07-14,Médias,EAST,validation,29,15.000000000000002,-0.29745054,14.70254945755005
2025-07-21,Médias,EAST,validation,24,11.0,2.0495067,13.049506664276123
2025-07-28,Médias,EAST,validation,16,16.0,1.4265394,17.426539421081543
2025-08-04,Médias,EAST,validation,25,9.000000000000002,1.697222,10.697221994400026
2025-08-11,Médias,EAST,validation,11,19.0,1.6631112,20.663111209869385
2025-08-18,Médias,EAST,validation,11,17.0,-0.109623075,16.890376925468445
2025-08-25,Médias,EAST,validation,21,18.000000000000004,-0.109623075,17.89037692546845
2025-09-01,Médias,EAST,validation,13,11.0,2.5901465,13.590146541595459
2025-09-08,Médias,EAST,validation,16,17.0,0.27435285,17.274352848529816
2025-09-15,Médias,EAST,validation,12,21.0,-1.0181333,19.981866717338562
2025-09-22,Médias,EAST,validation,13,17.0,0.79327136,17.793271362781525
2025-09-29,Médias,EAST,validation,21,8.0,2.2840242,10.284024238586426
2025-10-06,Médias,EAST,test,20,15.000000000000002,1.5627186,16.562718629837036
2025-10-13,Médias,EAST,test,15,11.000000000000002,2.6981125,13.69811248779297
2025-10-20,Médias,EAST,test,18,16.0,0.45775124,16.457751244306564
2025-10-27,Médias,EAST,test,14,15.000000000000002,0.71721816,15.717218160629274
2025-11-03,Médias,EAST,test,11,8.0,1.7349981,9.734998106956482
2025-11-10,Médias,EAST,test,19,10.0,1.2988101,11.298810124397278
2025-11-17,Médias,EAST,test,14,9.0,1.5778159,10.577815890312195
2025-11-24,Médias,EAST,test,9,14.000000000000002,0.80416286,14.804162859916689
2025-12-01,Médias,EAST,test,18,22.000000000000004,-1.5674795,20.432520508766178
2025-12-08,Médias,EAST,test,19,16.0,1.5282707,17.528270721435547
2025-12-15,Médias,EAST,test,12,9.0,2.6654859,11.665485858917236
2025-12-22,Médias,EAST,test,16,17.000000000000004,1.0035337,18.003533720970157
2025-12-29,Médias,EAST,test,17,21.0,7.0917525,28.091752529144287
2026-01-05,Médias,EAST,test,5,12.999999999994117,0.7748888,13.774888813489753
2025-07-07,Médias,NORTH,validation,19,16.653729829617372,0.72325224,17.37698206646048
2025-07-14,Médias,NORTH,validation,24,16.645586406864716,0.20793314,16.853519549645974
2025-07-21,Médias,NORTH,validation,10,12.822362926076725,1.9900608,14.812423732351139
2025-07-28,Médias,NORTH,validation,18,13.493954327615468,1.1531022,14.64705648711559
2025-08-04,Médias,NORTH,validation,22,9.848474703254825,1.4237397,11.272214374961978
2025-08-11,Médias,NORTH,validation,14,20.226733296628574,-0.17450128,20.05223201167164
2025-08-18,Médias,NORTH,validation,9,15.239549712857672,0.11583595,15.355385662636229
2025-08-25,Médias,NORTH,validation,21,16.761561219286396,-0.032102883,16.729458336424305
2025-09-01,Médias,NORTH,validation,10,16.855039717403,1.542189,18.397228719440047
2025-09-08,Médias,NORTH,validation,15,13.67404195522778,2.0799117,15.753953664059567
2025-09-15,Médias,NORTH,validation,8,10.383516171652325,2.4578633,12.841379502493389
2025-09-22,Médias,NORTH,validation,15,18.109348144934323,-0.036959372,18.07238877247348
2025-09-29,Médias,NORTH,validation,14,18.92011164527233,0.11097945,19.031091098001554
2025-10-06,Médias,NORTH,test,9,10.838610963079182,1.666389,12.504999951574055
2025-10-13,Médias,NORTH,test,12,13.887227908363991,1.2077689,15.094996825447732
2025-10-20,Médias,NORTH,test,13,20.61812954736512,-0.95282036,19.665309186704565
2025-10-27,Médias,NORTH,test,11,15.565890176180645,-0.09066911,15.475221065763279
2025-11-03,Médias,NORTH,test,15,15.165241940347329,-0.32181296,14.843428982822076
2025-11-10,Médias,NORTH,test,11,15.700351350221492,-0.013491362,15.686859987888194
2025-11-17,Médias,NORTH,test,23,13.317647857537478,1.4842471,14.80189494596979
2025-11-24,Médias,NORTH,test,10,10.064860297549108,1.9755079,12.040368152964453
2025-12-01,Médias,NORTH,test,12,17.932745674532594,0.63211346,18.564859131258668
2025-12-08,Médias,NORTH,test,13,14.888023868299747,2.7126606,17.600684419370914
2025-12-15,Médias,NORTH,test,23,16.894338674012825,1.0035337,17.89787239498298
2025-12-22,Médias,NORTH,test,18,10.922659075524306,4.5993476,15.522006666924453
2025-12-29,Médias,NORTH,test,18,11.954311900490012,10.620902,22.575213961952414
2026-01-05,Médias,NORTH,test,5,15.97988877242709,-0.19801132,15.781877448617466
2025-07-07,Médias,SOUTH,validation,15,12.799397915765258,-0.20697348,12.592424437567207
2025-07-14,Médias,SOUTH,validation,4,11.999999999999996,-0.033350743,11.96664925664663
2025-07-21,Médias,SOUTH,validation,7,10.999999999999998,-0.033350743,10.966649256646631
2025-07-28,Médias,SOUTH,validation,14,9.0,0.2120366,9.212036594748497
2025-08-04,Médias,SOUTH,validation,15,10.999999999999996,-0.033350743,10.96664925664663
2025-08-11,Médias,SOUTH,validation,5,4.999999999999999,0.56946164,5.56946164369583
2025-08-18,Médias,SOUTH,validation,12,12.999999999999998,-0.033350743,12.966649256646631
2025-08-25,Médias,SOUTH,validation,11,9.000000000000002,0.2120366,9.212036594748499
2025-09-01,Médias,SOUTH,validation,7,7.999999999999999,0.45586228,8.455862283706665
2025-09-08,Médias,SOUTH,validation,12,9.0,0.2120366,9.212036594748497
2025-09-15,Médias,SOUTH,validation,8,14.999999999999998,-0.7490276,14.250972390174864
2025-09-22,Médias,SOUTH,validation,9,7.999999999999999,1.3438469,9.343846917152405
2025-09-29,Médias,SOUTH,validation,8,9.0,1.4430344,10.443034410476685
2025-10-06,Médias,SOUTH,test,7,10.024777750590436,0.07742053,10.102198283293836
2025-10-13,Médias,SOUTH,test,12,8.0,0.56663364,8.566633641719818
2025-10-20,Médias,SOUTH,test,5,3.0,1.0520185,4.052018523216248
2025-10-27,Médias,SOUTH,test,7,8.0,0.56663364,8.566633641719818
2025-11-03,Médias,SOUTH,test,10,5.0,0.5066102,5.506610214710236
2025-11-10,Médias,SOUTH,test,9,10.0,-0.09620219,9.903797812759876
2025-11-17,Médias,SOUTH,test,6,11.0,-0.09620219,10.903797812759876
2025-11-24,Médias,SOUTH,test,9,12.0,-0.09620219,11.903797812759876
2025-12-01,Médias,SOUTH,test,6,9.0,0.6946718,9.69467180967331
2025-12-08,Médias,SOUTH,test,7,13.0,0.4492845,13.449284493923187
2025-12-15,Médias,SOUTH,test,4,2.0000000000000004,1.4238822,3.4238822460174565
2025-12-22,Médias,SOUTH,test,12,12.000000000000002,0.4492845,12.449284493923189
2025-12-29,Médias,SOUTH,test,7,8.0,4.809899,12.809898853302002
2026-01-05,Médias,SOUTH,test,1,10.0,-0.19030288,9.80969712138176
2025-07-07,Médias,WEST,validation,9,11.0,-0.033350743,10.966649256646633
2025-07-14,Médias,WEST,validation,18,6.0,0.56946164,6.569461643695831
2025-07-21,Médias,WEST,validation,20,12.0,0.05329269,12.053292691707611
2025-07-28,Médias,WEST,validation,9,14.0,0.58581054,14.585810542106628
2025-08-04,Médias,WEST,validation,15,13.0,-0.033350743,12.966649256646633
2025-08-11,Médias,WEST,validation,8,11.0,0.172544,11.172544002532959
2025-08-18,Médias,WEST,validation,8,11.0,-0.033350743,10.966649256646633
2025-08-25,Médias,WEST,validation,10,5.0,0.56946164,5.569461643695831
2025-09-01,Médias,WEST,validation,12,12.0,-0.033350743,11.966649256646633
2025-09-08,Médias,WEST,validation,16,14.0,-0.18932606,13.8106739372015
2025-09-15,Médias,WEST,validation,14,10.0,0.32977092,10.329770922660828
2025-09-22,Médias,WEST,validation,7,8.0,1.6596521,9.65965211391449
2025-09-29,Médias,WEST,validation,13,7.0,0.4885148,7.488514810800552
2025-10-06,Médias,WEST,test,10,10.000000000000002,0.30856442,10.308564424514772
2025-10-13,Médias,WEST,test,10,10.000000000000002,0.07742053,10.077420532703401
2025-10-20,Médias,WEST,test,10,6.0,0.680233,6.680233001708984
2025-10-27,Médias,WEST,test,11,10.000000000000002,0.07742053,10.077420532703401
2025-11-03,Médias,WEST,test,6,9.0,0.14918517,9.149185165762901
2025-11-10,Médias,WEST,test,11,6.0,0.680233,6.680233001708984
2025-11-17,Médias,WEST,test,6,11.000000000000002,0.07742053,11.077420532703401
2025-11-24,Médias,WEST,test,8,10.000000000000002,0.07742053,10.077420532703401
2025-12-01,Médias,WEST,test,6,16.000000000000004,-0.25378168,15.746218323707584
2025-12-08,Médias,WEST,test,9,8.000000000000002,1.3551807,9.355180740356447
2025-12-15,Médias,WEST,test,10,6.0,1.0520968,7.052096843719482
2025-12-22,Médias,WEST,test,9,14.0,0.016830998,14.016830997541547
2025-12-29,Médias,WEST,test,7,7.999999999999999,4.2848544,12.284854412078857
2026-01-05,Médias,WEST,test,2,11.999999999981686,-0.19030288,11.809697121363445
2025-07-14,Non classé,EAST,validation,2,3.0,0.3616057,3.361605703830719
2025-07-21,Non classé,EAST,validation,1,4.0,0.10344617,4.1034461706876755
2025-07-28,Non classé,EAST,validation,1,1.0,0.3616057,1.361605703830719
2025-08-04,Non classé,EAST,validation,2,3.0,0.3616057,3.361605703830719
2025-08-25,Non classé,EAST,validation,2,0.0,0.3616057,0.361605703830719
2025-09-01,Non classé,EAST,validation,1,2.0,0.3616057,2.361605703830719
2025-09-08,Non classé,EAST,validation,2,0.0,0.3616057,0.361605703830719
2025-09-15,Non classé,EAST,validation,1,4.0,0.10344617,4.1034461706876755
2025-09-29,Non classé,EAST,validation,3,1.0,0.3616057,1.361605703830719
2025-10-06,Non classé,EAST,test,1,0.0,0.472377,0.4723770022392273
2025-10-13,Non classé,EAST,test,2,2.0,0.472377,2.4723770022392273
2025-10-27,Non classé,EAST,test,1,1.0,0.472377,1.4723770022392273
2025-11-03,Non classé,EAST,test,1,2.0,0.472377,2.4723770022392273
2025-11-10,Non classé,EAST,test,1,0.0,0.472377,0.4723770022392273
2025-11-17,Non classé,EAST,test,4,2.0,0.472377,2.4723770022392273
2025-11-24,Non classé,EAST,test,4,2.0,0.472377,2.4723770022392273
2025-12-01,Non classé,EAST,test,1,3.0,0.46242064,3.462420642375946
2025-12-08,Non classé,EAST,test,1,1.0,0.9037166,1.9037166237831116
2025-12-22,Non classé,EAST,test,4,1.0,0.9037166,1.9037166237831116
2025-12-29,Non classé,EAST,test,2,1.0,1.3006856,2.3006856441497803
2025-07-07,Non classé,NORTH,validation,2,0.0,0.3616057,0.361605703830719
2025-07-14,Non classé,NORTH,validation,2,4.0,0.10344617,4.1034461706876755
2025-07-21,Non classé,NORTH,validation,1,4.0,0.10344617,4.1034461706876755
2025-08-04,Non classé,NORTH,validation,3,0.0,0.3616057,0.361605703830719
2025-08-18,Non classé,NORTH,validation,2,3.0,0.3616057,3.361605703830719
2025-09-01,Non classé,NORTH,validation,2,2.0,0.3616057,2.361605703830719
2025-09-08,Non classé,NORTH,validation,3,2.0,0.3616057,2.361605703830719
2025-09-15,Non classé,NORTH,validation,1,1.0,0.3616057,1.361605703830719
2025-09-22,Non classé,NORTH,validation,3,0.0,0.3616057,0.361605703830719
2025-09-29,Non classé,NORTH,test,1,1.0,0.3616057,1.361605703830719
2025-10-06,Non classé,NORTH,test,4,2.0,0.472377,2.4723770022392273
2025-10-13,Non classé,NORTH,test,1,3.0,0.472377,3.4723770022392273
2025-10-20,Non classé,NORTH,test,3,0.0,0.472377,0.4723770022392273
2025-11-03,Non classé,NORTH,test,1,1.0,0.472377,1.4723770022392273
2025-11-10,Non classé,NORTH,test,2,0.0,0.472377,0.4723770022392273
2025-11-17,Non classé,NORTH,test,2,1.0,0.472377,1.4723770022392273
2025-11-24,Non classé,NORTH,test,1,0.0,0.472377,0.4723770022392273
2025-12-01,Non classé,NORTH,test,1,3.0,0.46242064,3.462420642375946
2025-12-08,Non classé,NORTH,test,5,2.0,0.46242064,2.462420642375946
2025-12-15,Non classé,NORTH,test,4,1.0,0.46242064,1.462420642375946
2025-12-29,Non classé,NORTH,test,1,2.0,1.3006856,3.3006856441497803
2025-07-07,Non classé,SOUTH,validation,1,1.4927536232004917,0.3616057,1.8543593270312106
2025-07-14,Non classé,SOUTH,validation,1,0.2428061331712566,0.3616057,0.6044118370019755
2025-07-28,Non classé,SOUTH,validation,1,1.058954818304132,0.3616057,1.420560522134851
2025-08-04,Non classé,SOUTH,validation,1,1.0290502003237751,0.3616057,1.3906559041544941
2025-08-11,Non classé,SOUTH,validation,2,1.0143145914638891,0.3616057,1.3759202952946081
2025-08-25,Non classé,SOUTH,validation,1,1.003475670601188,0.3616057,1.365081374431907
2025-09-01,Non classé,SOUTH,validation,1,0.0017126492817448,0.3616057,0.3633183531124638
2025-09-08,Non classé,SOUTH,validation,3,1.0008439141388308,0.3616057,1.3624496179695498
2025-09-15,Non classé,SOUTH,validation,2,0.0004158417495687,0.3616057,0.3620215455802877
2025-09-22,Non classé,SOUTH,validation,3,0.000204907528773,0.3616057,0.361810611359492
2025-10-06,Non classé,SOUTH,test,1,1.000000000020106,0.472377,1.4723770022593332
2025-10-20,Non classé,SOUTH,test,1,1.0000000000036928,0.472377,1.4723770022429201
2025-11-17,Non classé,SOUTH,test,2,1.0000000000001246,0.472377,1.4723770022393519
2025-11-24,Non classé,SOUTH,test,1,1.0000000000000533,0.472377,1.4723770022392806
2025-12-22,Non classé,SOUTH,test,1,3.000000000000002,0.46242064,3.4624206423759483
2025-12-29,Non classé,SOUTH,test,1,6.8133955197221165e-16,1.2317437,1.2317436933517463
2025-07-14,Non classé,WEST,validation,1,1.0,0.3616057,1.361605703830719
2025-07-21,Non classé,WEST,validation,2,2.0,0.3616057,2.361605703830719
2025-07-28,Non classé,WEST,validation,1,1.0,0.3616057,1.361605703830719
2025-08-04,Non classé,WEST,validation,1,1.0,0.3616057,1.361605703830719
2025-08-11,Non classé,WEST,validation,1,4.0,0.10344617,4.1034461706876755
2025-08-18,Non classé,WEST,validation,1,1.0,0.3616057,1.361605703830719
2025-09-01,Non classé,WEST,validation,1,0.0,0.3616057,0.361605703830719
2025-09-15,Non classé,WEST,validation,6,3.0,0.3616057,3.361605703830719
2025-09-29,Non classé,WEST,validation,3,2.0,0.3616057,2.361605703830719
2025-10-20,Non classé,WEST,test,1,0.0,0.472377,0.4723770022392273
2025-10-27,Non classé,WEST,test,2,1.0,0.472377,1.4723770022392273
2025-11-03,Non classé,WEST,test,1,1.0,0.472377,1.4723770022392273
2025-11-24,Non classé,WEST,test,3,2.0,0.472377,2.4723770022392273
2025-12-08,Non classé,WEST,test,2,2.0,0.46242064,2.462420642375946
2025-12-29,Non classé,WEST,test,1,0.0,1.2317437,1.2317436933517456
2026-01-05,Non classé,WEST,test,1,1.0,0.3259974,1.3259974122047424
2025-06-30,Offices religieux et cérémonies,EAST,validation,6,11.0,-0.24986808,10.75013191998005
2025-07-07,Offices religieux et cérémonies,EAST,validation,8,16.000000000000004,-1.0101378,14.989862203598026
2025-07-14,Offices religieux et cérémonies,EAST,validation,12,8.000000000000002,0.36245006,8.362450063228609
2025-07-21,Offices religieux et cérémonies,EAST,validation,11,13.000000000000004,-0.033350743,12.966649256646637
2025-07-28,Offices religieux et cérémonies,EAST,validation,8,11.0,-0.033350743,10.966649256646633
2025-08-04,Offices religieux et cérémonies,EAST,validation,10,17.000000000000004,-1.1233705,15.876629471778873
2025-08-11,Offices religieux et cérémonies,EAST,validation,9,6.000000000000001,0.56946164,6.569461643695832
2025-08-18,Offices religieux et cérémonies,EAST,validation,11,17.000000000000004,-1.1233705,15.876629471778873
2025-08-25,Offices religieux et cérémonies,EAST,validation,10,11.0,-0.20697348,10.793026521801949
2025-09-01,Offices religieux et cérémonies,EAST,validation,11,11.0,-0.20697348,10.793026521801949
2025-09-08,Offices religieux et cérémonies,EAST,validation,11,17.000000000000004,-1.2969934,15.70300662517548
2025-09-15,Offices religieux et cérémonies,EAST,validation,9,8.000000000000002,1.2694118,9.269411802291872
2025-09-22,Offices religieux et cérémonies,EAST,validation,5,11.0,1.0240245,12.024024486541748
2025-09-29,Offices religieux et cérémonies,EAST,test,10,13.000000000000002,0.89742094,13.897420942783357
2025-10-06,Offices religieux et cérémonies,EAST,test,6,7.0,0.39301085,7.393010854721069
2025-10-13,Offices religieux et cérémonies,EAST,test,9,4.0,0.5066102,4.506610214710236
2025-10-20,Offices religieux et cérémonies,EAST,test,9,5.000000000000001,0.5066102,5.5066102147102365
2025-10-27,Offices religieux et cérémonies,EAST,test,12,9.000000000000002,0.14918517,9.149185165762903
2025-11-03,Offices religieux et cérémonies,EAST,test,9,9.000000000000002,0.14918517,9.149185165762903
2025-11-10,Offices religieux et cérémonies,EAST,test,8,5.000000000000001,0.5066102,5.5066102147102365
2025-11-17,Offices religieux et cérémonies,EAST,test,7,10.000000000000002,-0.09620219,9.903797812759878
2025-11-24,Offices religieux et cérémonies,EAST,test,6,7.0,0.39301085,7.393010854721069
2025-12-01,Offices religieux et cérémonies,EAST,test,4,8.0,0.9384975,8.938497483730316
2025-12-08,Offices religieux et cérémonies,EAST,test,7,6.000000000000001,1.0520968,7.052096843719483
2025-12-15,Offices religieux et cérémonies,EAST,test,8,10.000000000000002,0.4492845,10.449284493923189
2025-12-22,Offices religieux et cérémonies,EAST,test,12,12.000000000000002,0.4492845,12.449284493923189
2025-12-29,Offices religieux et cérémonies,EAST,test,7,4.0,4.356472,8.35647201538086
2025-07-07,Offices religieux et cérémonies,NORTH,validation,8,7.887759079210123,0.28223956,8.169998635522685
2025-07-14,Offices religieux et cérémonies,NORTH,validation,12,10.999999999999998,-0.20697348,10.793026521801947
2025-07-21,Offices religieux et cérémonies,NORTH,validation,21,8.0,0.28223956,8.282239556312561
2025-07-28,Offices religieux et cérémonies,NORTH,validation,11,12.999999999999998,0.75030094,13.75030094385147
2025-08-04,Offices religieux et cérémonies,NORTH,validation,9,14.999999999999998,-1.0101378,13.98986220359802
2025-08-11,Offices religieux et cérémonies,NORTH,validation,12,8.999999999999998,0.2120366,9.212036594748495
2025-08-18,Offices religieux et cérémonies,NORTH,validation,15,8.0,0.45586228,8.455862283706665
2025-08-25,Offices religieux et cérémonies,NORTH,validation,7,13.999999999999998,-0.46580425,13.534195750951765
2025-09-01,Offices religieux et cérémonies,NORTH,validation,11,4.999999999999999,0.56946164,5.56946164369583
2025-09-08,Offices religieux et cérémonies,NORTH,validation,5,11.999999999999998,0.24312747,12.243127465248106
2025-09-15,Offices religieux et cérémonies,NORTH,validation,7,9.0,1.5817518,10.581751823425293
2025-09-22,Offices religieux et cérémonies,NORTH,validation,10,12.0,1.4142648,13.414264798164368
2025-09-29,Offices religieux et cérémonies,NORTH,validation,13,6.0,1.4574463,7.457446336746216
2025-10-06,Offices religieux et cérémonies,NORTH,test,10,12.181267454236488,0.07742053,12.258687986939888
2025-10-13,Offices religieux et cérémonies,NORTH,test,6,7.0,0.56663364,7.566633641719818
2025-10-20,Offices religieux et cérémonies,NORTH,test,13,13.000000000000002,0.07742053,13.077420532703401
2025-10-27,Offices religieux et cérémonies,NORTH,test,11,7.0,0.56663364,7.566633641719818
2025-11-03,Offices religieux et cérémonies,NORTH,test,12,6.0,0.680233,6.680233001708984
2025-11-10,Offices religieux et cérémonies,NORTH,test,9,6.999999999999999,0.56663364,7.566633641719817
2025-11-17,Offices religieux et cérémonies,NORTH,test,12,6.0,0.680233,6.680233001708984
2025-11-24,Offices religieux et cérémonies,NORTH,test,3,8.000000000000002,0.39301085,8.393010854721071
2025-12-01,Offices religieux et cérémonies,NORTH,test,7,10.000000000000002,0.72300524,10.723005235195162
2025-12-08,Offices religieux et cérémonies,NORTH,test,10,9.0,0.96839255,9.968392550945282
2025-12-15,Offices religieux et cérémonies,NORTH,test,10,6.0,1.3258176,7.325817584991455
2025-12-22,Offices religieux et cérémonies,NORTH,test,9,13.0,0.72300524,13.72300523519516
2025-12-29,Offices religieux et cérémonies,NORTH,test,6,7.0,5.183912,12.183911800384521
2026-01-05,Offices religieux et cérémonies,NORTH,test,1,3.0,0.7320163,3.7320163249969482
2025-07-07,Offices religieux et cérémonies,SOUTH,validation,8,3.0,0.53522825,3.5352282524108887
2025-07-14,Offices religieux et cérémonies,SOUTH,validation,13,7.0,0.27706894,7.277068942785263
2025-07-21,Offices religieux et cérémonies,SOUTH,validation,5,5.000000000000001,0.27706894,5.277068942785264
2025-07-28,Offices religieux et cérémonies,SOUTH,validation,7,6.0,0.27706894,6.277068942785263
2025-08-04,Offices religieux et cérémonies,SOUTH,validation,6,5.000000000000001,0.27706894,5.277068942785264
2025-08-11,Offices religieux et cérémonies,SOUTH,validation,6,3.0,0.7324957,3.7324957251548767
2025-08-18,Offices religieux et cérémonies,SOUTH,validation,2,5.000000000000001,0.27706894,5.277068942785264
2025-08-25,Offices religieux et cérémonies,SOUTH,validation,9,7.0,0.27706894,7.277068942785263
2025-09-01,Offices religieux et cérémonies,SOUTH,validation,8,3.0,0.7324957,3.7324957251548767
2025-09-08,Offices religieux et cérémonies,SOUTH,validation,4,10.000000000000002,-0.033350743,9.966649256646635
2025-09-15,Offices religieux et cérémonies,SOUTH,validation,7,5.000000000000001,0.4031337,5.403133690357209
2025-09-22,Offices religieux et cérémonies,SOUTH,validation,6,6.0,0.27706894,6.277068942785263
2025-09-29,Offices religieux et cérémonies,SOUTH,validation,5,8.0,0.27706894,8.277068942785263
2025-10-06,Offices religieux et cérémonies,SOUTH,test,6,10.0,0.07742053,10.0774205327034
2025-10-13,Offices religieux et cérémonies,SOUTH,test,5,4.0,0.2142175,4.214217498898506
2025-10-20,Offices religieux et cérémonies,SOUTH,test,6,4.0,0.2142175,4.214217498898506
2025-10-27,Offices religieux et cérémonies,SOUTH,test,8,2.0,0.472377,2.4723770022392273
2025-11-03,Offices religieux et cérémonies,SOUTH,test,6,3.0,0.472377,3.4723770022392273
2025-11-10,Offices religieux et cérémonies,SOUTH,test,4,3.0,0.6696443,3.669644296169281
2025-11-17,Offices religieux et cérémonies,SOUTH,test,6,3.0,0.6696443,3.669644296169281
2025-11-24,Offices religieux et cérémonies,SOUTH,test,8,4.0,0.2142175,4.214217498898506
2025-12-01,Offices religieux et cérémonies,SOUTH,test,6,8.999999999999998,0.49514377,9.495143771171568
2025-12-08,Offices religieux et cérémonies,SOUTH,test,2,5.0,0.6455572,5.645557224750519
2025-12-15,Offices religieux et cérémonies,SOUTH,test,4,3.0,0.9037166,3.9037166237831116
2025-12-22,Offices religieux et cérémonies,SOUTH,test,3,5.0,0.6455572,5.645557224750519
2025-12-29,Offices religieux et cérémonies,SOUTH,test,9,4.0,1.5216037,5.52160370349884
2025-06-30,Offices religieux et cérémonies,WEST,validation,10,4.999999999999999,0.25953203,5.259532034397124
2025-07-07,Offices religieux et cérémonies,WEST,validation,10,4.999999999999999,0.47604942,5.4760494232177725
2025-07-14,Offices religieux et cérémonies,WEST,validation,8,13.0,-0.033350743,12.966649256646633
2025-07-21,Offices religieux et cérémonies,WEST,validation,5,5.999999999999999,0.47604942,6.4760494232177725
2025-07-28,Offices religieux et cérémonies,WEST,validation,7,9.999999999999998,-0.033350743,9.966649256646631
2025-08-04,Offices religieux et cérémonies,WEST,validation,8,4.999999999999999,0.30242667,5.302426666021346
2025-08-11,Offices religieux et cérémonies,WEST,validation,7,5.999999999999999,0.39583892,6.395838916301726
2025-08-18,Offices religieux et cérémonies,WEST,validation,3,5.999999999999999,0.39583892,6.395838916301726
2025-08-25,Offices religieux et cérémonies,WEST,validation,5,8.0,0.28223956,8.282239556312561
2025-09-01,Offices religieux et cérémonies,WEST,validation,5,8.0,0.28223956,8.282239556312561
2025-09-08,Offices religieux et cérémonies,WEST,validation,10,5.999999999999999,0.39583892,6.395838916301726
2025-09-15,Offices religieux et cérémonies,WEST,validation,7,4.999999999999999,0.42849144,5.428491443395614
2025-09-22,Offices religieux et cérémonies,WEST,validation,3,4.0,0.42849144,4.428491443395615
2025-09-29,Offices religieux et cérémonies,WEST,test,8,5.999999999999999,0.22951095,6.229510948061942
2025-10-06,Offices religieux et cérémonies,WEST,test,12,2.0,0.6696443,2.669644296169281
2025-10-13,Offices religieux et cérémonies,WEST,test,6,4.0,0.2142175,4.214217498898506
2025-10-20,Offices religieux et cérémonies,WEST,test,5,5.0,0.2142175,5.214217498898506
2025-10-27,Offices religieux et cérémonies,WEST,test,6,5.999999999999999,0.2142175,6.214217498898505
2025-11-03,Offices religieux et cérémonies,WEST,test,4,1.0,0.6696443,1.669644296169281
2025-11-10,Offices religieux et cérémonies,WEST,test,5,2.0,0.843267,2.843267023563385
2025-11-17,Offices religieux et cérémonies,WEST,test,5,10.0,-0.09620219,9.903797812759876
2025-11-24,Offices religieux et cérémonies,WEST,test,12,3.0,0.6696443,3.669644296169281
2025-12-01,Offices religieux et cérémonies,WEST,test,4,8.0,1.0334249,9.033424854278564
2025-12-08,Offices religieux et cérémonies,WEST,test,4,4.0,1.0334249,5.0334248542785645
2025-12-15,Offices religieux et cérémonies,WEST,test,7,8.0,1.0334249,9.033424854278564
2025-12-22,Offices religieux et cérémonies,WEST,test,7,4.0,1.0334249,5.0334248542785645
2025-12-29,Offices religieux et cérémonies,WEST,test,3,10.0,4.38557,14.385570049285889
2025-07-07,Quincaillerie,EAST,validation,33,28.30734251694946,1.5328801,29.84022258477478
2025-07-14,Quincaillerie,EAST,validation,36,36.24807238549477,-3.6287973,32.61927509278542
2025-07-21,Quincaillerie,EAST,validation,33,40.39589365924133,-3.9654903,36.43040331805481
2025-07-28,Quincaillerie,EAST,validation,45,53.10831283432052,-9.99539,43.11292289596603
2025-08-04,Quincaillerie,EAST,validation,36,36.84455038975427,-2.0350904,34.8094599432821
2025-08-11,Quincaillerie,EAST,validation,28,38.80243149654582,-2.9336739,35.868757637903244
2025-08-18,Quincaillerie,EAST,validation,42,28.92203599303774,1.5588706,30.480906547008075
2025-08-25,Quincaillerie,EAST,validation,31,37.55553871210972,-3.7447274,33.810811338986554
2025-09-01,Quincaillerie,EAST,validation,27,34.60861270474519,-0.9010067,33.70760600613679
2025-09-08,Quincaillerie,EAST,validation,51,46.82840345348447,-4.180143,42.648260573998385
2025-09-15,Quincaillerie,EAST,validation,21,49.01526229275834,-2.7689812,46.246281074420324
2025-09-22,Quincaillerie,EAST,validation,30,40.09369064710671,-1.1045015,38.98918916128213
2025-09-29,Quincaillerie,EAST,validation,45,38.08304264930519,-2.5336065,35.54943612006935
2025-10-06,Quincaillerie,EAST,test,26,28.653567928959237,2.2383013,30.891869206119882
2025-10-13,Quincaillerie,EAST,test,39,39.59864508200668,-3.415755,36.18289004851364
2025-10-20,Quincaillerie,EAST,test,29,43.53190677976352,-3.788259,39.74364775037509
2025-10-27,Quincaillerie,EAST,test,31,34.42241006105901,-0.9218363,33.50057374447347
2025-11-03,Quincaillerie,EAST,test,24,33.446465492116815,-1.261103,32.185362458097345
2025-11-10,Quincaillerie,EAST,test,26,18.758701400461103,5.594533,24.353234367074872
2025-11-17,Quincaillerie,EAST,test,26,41.97506351141752,-4.3355246,37.63953895239652
2025-11-24,Quincaillerie,EAST,test,19,29.04638353897801,-0.31701925,28.729364285008817
2025-12-01,Quincaillerie,EAST,test,19,28.039723528556063,1.8559396,29.89566315524979
2025-12-08,Quincaillerie,EAST,test,24,26.01600427744997,1.6571062,27.673110438567523
2025-12-15,Quincaillerie,EAST,test,29,29.000853405942397,0.98276186,29.983615265836196
2025-12-22,Quincaillerie,EAST,test,36,32.99635246376076,0.2233917,33.21974416057148
2025-12-29,Quincaillerie,EAST,test,25,29.997170757656715,19.538181,49.53535206258836
2026-01-05,Quincaillerie,EAST,test,10,23.998951595304444,0.06151542,24.06046701597972
2025-07-07,Quincaillerie,NORTH,validation,40,17.862383826541972,6.095971,23.958354934024882
2025-07-14,Quincaillerie,NORTH,validation,35,30.51977423180856,1.4955995,32.015373740094084
2025-07-21,Quincaillerie,NORTH,validation,40,36.10143754983105,-1.4342747,34.66716287636913
2025-07-28,Quincaillerie,NORTH,validation,40,45.14469283788196,-10.846749,34.297943532156864
2025-08-04,Quincaillerie,NORTH,validation,28,33.71935967632749,-0.46284318,33.256516496624734
2025-08-11,Quincaillerie,NORTH,validation,50,40.39066064425363,-4.3088284,36.08183229037179
2025-08-18,Quincaillerie,NORTH,validation,42,25.9376039990278,2.9860349,28.923638869175505
2025-08-25,Quincaillerie,NORTH,validation,36,27.486813293410645,3.4211597,30.90797303767334
2025-09-01,Quincaillerie,NORTH,validation,24,34.277060249720336,-0.0772679,34.199792349611045
2025-09-08,Quincaillerie,NORTH,validation,33,37.9072538043286,-2.4390264,35.46822744858519
2025-09-15,Quincaillerie,NORTH,validation,37,28.76685698895366,3.0573568,31.82421382336528
2025-09-22,Quincaillerie,NORTH,validation,48,26.387225670663277,3.2786381,29.66586379512922
2025-09-29,Quincaillerie,NORTH,validation,40,34.591013263480164,2.5485818,37.13959510208795
2025-10-06,Quincaillerie,NORTH,test,30,21.22481364501992,6.7352314,27.960045044556054
2025-10-13,Quincaillerie,NORTH,test,19,20.58005567114336,6.5121512,27.09220691244585
2025-10-20,Quincaillerie,NORTH,test,23,23.0823642954264,2.5304236,25.612787936631236
2025-10-27,Quincaillerie,NORTH,test,20,27.731167105109517,1.0313852,28.762552288443867
2025-11-03,Quincaillerie,NORTH,test,16,25.333848658882356,1.935647,27.26949566968558
2025-11-10,Quincaillerie,NORTH,test,15,36.654993903350594,-3.9856899,32.66930402488685
2025-11-17,Quincaillerie,NORTH,test,24,20.10924563449932,3.5854607,23.694706297341117
2025-11-24,Quincaillerie,NORTH,test,31,21.809701765097085,2.2590673,24.068769062078896
2025-12-01,Quincaillerie,NORTH,test,33,28.71913219505928,2.3411334,31.06026555115364
2025-12-08,Quincaillerie,NORTH,test,33,30.260747046532245,3.341758,33.60250505930385
2025-12-15,Quincaillerie,NORTH,test,19,34.36356431533231,2.215293,36.57885724593534
2025-12-22,Quincaillerie,NORTH,test,29,32.7221076097381,1.4361808,34.158288439739934
2025-12-29,Quincaillerie,NORTH,test,48,31.04891711482208,16.464378,47.51329547175567
2026-01-05,Quincaillerie,NORTH,test,6,23.203048130528693,1.654701,24.85774912502027
2025-07-07,Quincaillerie,SOUTH,validation,18,14.0,1.4307209,15.430720925331116
2025-07-14,Quincaillerie,SOUTH,validation,14,20.0,-1.0901785,18.90982151031494
2025-07-21,Quincaillerie,SOUTH,validation,23,23.0,-2.4152834,20.58471655845642
2025-07-28,Quincaillerie,SOUTH,validation,19,28.0,-5.052229,22.947771072387695
2025-08-04,Quincaillerie,SOUTH,validation,20,20.0,-0.82906836,19.17093163728714
2025-08-11,Quincaillerie,SOUTH,validation,19,19.0,0.3108371,19.31083709001541
2025-08-18,Quincaillerie,SOUTH,validation,20,18.0,0.16108166,18.16108165681362
2025-08-25,Quincaillerie,SOUTH,validation,21,19.0,0.09836538,19.098365381360054
2025-09-01,Quincaillerie,SOUTH,validation,24,18.0,0.49165305,18.49165305495262
2025-09-08,Quincaillerie,SOUTH,validation,13,19.0,0.2331457,19.23314569890499
2025-09-15,Quincaillerie,SOUTH,validation,19,25.0,-1.9946964,23.005303621292114
2025-09-22,Quincaillerie,SOUTH,validation,21,22.0,-0.4801335,21.51986649632454
2025-09-29,Quincaillerie,SOUTH,validation,22,22.0,-0.65393144,21.346068561077118
2025-10-06,Quincaillerie,SOUTH,test,12,11.0,2.605022,13.605021953582764
2025-10-13,Quincaillerie,SOUTH,test,9,10.0,1.2274232,11.227423191070557
2025-10-20,Quincaillerie,SOUTH,test,14,14.0,1.2200769,15.22007691860199
2025-10-27,Quincaillerie,SOUTH,test,20,14.999999999999998,-0.013491362,14.9865086376667
2025-11-03,Quincaillerie,SOUTH,test,14,7.999999999999999,2.205801,10.205801010131836
2025-11-10,Quincaillerie,SOUTH,test,14,21.0,-1.4294102,19.570589780807495
2025-11-17,Quincaillerie,SOUTH,test,26,19.0,0.47345084,19.4734508395195
2025-11-24,Quincaillerie,SOUTH,test,18,17.0,1.2186018,18.21860182285309
2025-12-01,Quincaillerie,SOUTH,test,15,10.0,3.3781056,13.378105640411377
2025-12-08,Quincaillerie,SOUTH,test,11,22.0,1.5944424,23.59444236755371
2025-12-15,Quincaillerie,SOUTH,test,9,22.0,0.14152259,22.141522586345673
2025-12-22,Quincaillerie,SOUTH,test,22,12.0,2.6801772,14.680177211761475
2025-12-29,Quincaillerie,SOUTH,test,16,20.0,9.506766,29.506766319274902
2026-01-05,Quincaillerie,SOUTH,test,7,15.000000000008038,0.12788633,15.127886325128964
2025-07-07,Quincaillerie,WEST,validation,18,24.0,-1.767661,22.232339024543762
2025-07-14,Quincaillerie,WEST,validation,21,28.0,-4.5660553,23.433944702148438
2025-07-21,Quincaillerie,WEST,validation,13,29.999999999999996,-5.1933737,24.80662631988525
2025-07-28,Quincaillerie,WEST,validation,15,19.0,0.6065706,19.606570601463318
2025-08-04,Quincaillerie,WEST,validation,15,28.0,-4.5660553,23.433944702148438
2025-08-11,Quincaillerie,WEST,validation,28,40.0,-11.430156,28.569844245910645
2025-08-18,Quincaillerie,WEST,validation,32,21.0,0.6807427,21.68074268102646
2025-08-25,Quincaillerie,WEST,validation,23,19.0,3.1442153,22.14421534538269
2025-09-01,Quincaillerie,WEST,validation,27,28.0,-2.2208917,25.77910828590393
2025-09-08,Quincaillerie,WEST,validation,20,18.0,3.3603222,21.36032223701477
2025-09-15,Quincaillerie,WEST,validation,27,23.0,1.1271943,24.12719428539276
2025-09-22,Quincaillerie,WEST,validation,25,35.0,-5.4529853,29.547014713287354
2025-09-29,Quincaillerie,WEST,validation,29,28.0,-2.9349086,25.065091371536255
2025-10-06,Quincaillerie,WEST,test,22,27.0,-2.5484073,24.451592683792114
2025-10-13,Quincaillerie,WEST,test,20,19.0,2.731482,21.73148202896118
2025-10-20,Quincaillerie,WEST,test,14,15.0,2.6743252,17.674325227737427
2025-10-27,Quincaillerie,WEST,test,14,22.0,-0.33668682,21.663313180208206
2025-11-03,Quincaillerie,WEST,test,15,21.0,-0.95910597,20.040894031524658
2025-11-10,Quincaillerie,WEST,test,18,15.999999999999998,0.97020936,16.97020936012268
2025-11-17,Quincaillerie,WEST,test,12,17.999999999999996,0.22788237,18.22788237035274
2025-11-24,Quincaillerie,WEST,test,17,12.999999999999998,2.9374125,15.937412500381468
2025-12-01,Quincaillerie,WEST,test,17,23.0,1.677184,24.677183985710144
2025-12-08,Quincaillerie,WEST,test,23,30.999999999999996,-0.9975612,30.002438783645626
2025-12-15,Quincaillerie,WEST,test,19,11.999999999999998,5.1201224,17.12012243270874
2025-12-22,Quincaillerie,WEST,test,18,25.0,-0.093331106,24.9066688939929
2025-12-29,Quincaillerie,WEST,test,18,24.0,10.340505,34.34050464630127
2026-01-05,Quincaillerie,WEST,test,5,17.99999999999345,-0.3112443,17.688755691044932
2025-07-07,Santé et beauté,EAST,validation,31,48.10376927383663,-9.823782,38.27998730667355
2025-07-14,Santé et beauté,EAST,validation,38,41.0,-3.392572,37.60742807388306
2025-07-21,Santé et beauté,EAST,validation,47,53.0,-14.196155,38.80384540557861
2025-07-28,Santé et beauté,EAST,validation,45,36.00000000000001,-1.5337393,34.46626067161561
2025-08-04,Santé et beauté,EAST,validation,38,51.00000000000001,-7.283005,43.71699476242066
2025-08-11,Santé et beauté,EAST,validation,36,56.0,-8.101411,47.89858913421631
2025-08-18,Santé et beauté,EAST,validation,40,39.0,-1.5400649,37.45993506908417
2025-08-25,Santé et beauté,EAST,validation,34,43.0,-2.331502,40.668498039245605
2025-09-01,Santé et beauté,EAST,validation,37,42.0,0.59294915,42.5929491519928
2025-09-08,Santé et beauté,EAST,validation,45,49.0,-2.185101,46.81489896774292
2025-09-15,Santé et beauté,EAST,validation,37,47.0,0.1581317,47.1581317037344
2025-09-22,Santé et beauté,EAST,validation,48,41.00000000000001,1.9177477,42.91774773597718
2025-09-29,Santé et beauté,EAST,validation,43,43.00000000000001,0.01384905,43.0138490498066
2025-10-06,Santé et beauté,EAST,test,37,27.829081333208208,4.011586,31.840667522478228
2025-10-13,Santé et beauté,EAST,test,29,34.0,0.6719542,34.67195421457291
2025-10-20,Santé et beauté,EAST,test,35,43.00000000000001,-3.42264,39.57735991477967
2025-10-27,Santé et beauté,EAST,test,21,41.00000000000001,-2.572463,38.42753696441651
2025-11-03,Santé et beauté,EAST,test,40,51.00000000000001,-7.663271,43.336729049682624
2025-11-10,Santé et beauté,EAST,test,34,33.00000000000001,1.7135243,34.71352434158326
2025-11-17,Santé et beauté,EAST,test,28,32.0,1.838533,33.83853304386139
2025-11-24,Santé et beauté,EAST,test,25,42.0,-3.0814016,38.91859841346741
2025-12-01,Santé et beauté,EAST,test,34,39.0,0.58924234,39.589242339134216
2025-12-08,Santé et beauté,EAST,test,35,49.99999999999999,-4.30345,45.69654989242553
2025-12-15,Santé et beauté,EAST,test,33,34.0,2.331542,36.331542015075684
2025-12-22,Santé et beauté,EAST,test,42,34.00000000000001,2.4540966,36.454096555709846
2025-12-29,Santé et beauté,EAST,test,36,24.0,22.075771,46.07577133178711
2026-01-05,Santé et beauté,EAST,test,10,20.000000000000004,6.485761,26.4857611656189
2025-07-07,Santé et beauté,NORTH,validation,38,47.99999999999999,-2.2914445,45.70855545997619
2025-07-14,Santé et beauté,NORTH,validation,48,37.99999999999999,1.8743439,39.874343872070305
2025-07-21,Santé et beauté,NORTH,validation,30,37.99999999999999,1.1918311,39.19183111190795
2025-07-28,Santé et beauté,NORTH,validation,49,53.99999999999999,-9.878611,44.12138938903808
2025-08-04,Santé et beauté,NORTH,validation,52,49.0,-7.1074305,41.89256954193115
2025-08-11,Santé et beauté,NORTH,validation,43,52.99999999999999,-4.775812,48.22418785095214
2025-08-18,Santé et beauté,NORTH,validation,54,51.0,-2.4175167,48.58248329162598
2025-08-25,Santé et beauté,NORTH,validation,59,44.0,-5.125759,38.87424087524414
2025-09-01,Santé et beauté,NORTH,validation,42,41.0,4.8887725,45.88877248764038
2025-09-08,Santé et beauté,NORTH,validation,45,37.99999999999999,5.7434726,43.74347257614135
2025-09-15,Santé et beauté,NORTH,validation,40,37.99999999999999,5.5677505,43.56775045394897
2025-09-22,Santé et beauté,NORTH,validation,51,36.0,7.2192025,43.219202518463135
2025-09-29,Santé et beauté,NORTH,validation,46,55.0,-2.8276834,52.172316551208496
2025-10-06,Santé et beauté,NORTH,test,47,36.0,2.8740795,38.87407946586609
2025-10-13,Santé et beauté,NORTH,test,24,30.0,6.162834,36.16283416748047
2025-10-20,Santé et beauté,NORTH,test,35,34.0,2.3625546,36.3625545501709
2025-10-27,Santé et beauté,NORTH,test,39,27.0,3.9569807,30.95698070526123
2025-11-03,Santé et beauté,NORTH,test,29,32.0,2.6042793,34.60427927970886
2025-11-10,Santé et beauté,NORTH,test,36,33.0,3.390403,36.390403032302856
2025-11-17,Santé et beauté,NORTH,test,42,48.0,-6.0530276,41.946972370147705
2025-11-24,Santé et beauté,NORTH,test,40,33.0,4.0457616,37.045761585235596
2025-12-01,Santé et beauté,NORTH,test,41,33.0,7.7139125,40.71391248703003
2025-12-08,Santé et beauté,NORTH,test,46,39.0,5.826716,44.82671594619751
2025-12-15,Santé et beauté,NORTH,test,36,37.0,9.280859,46.28085899353027
2025-12-22,Santé et beauté,NORTH,test,32,44.0,3.6931467,47.69314670562744
2025-12-29,Santé et beauté,NORTH,test,42,32.0,29.197727,61.19772720336914
2026-01-05,Santé et beauté,NORTH,test,11,30.0,1.0536444,31.05364441871643
2025-07-07,Santé et beauté,SOUTH,validation,31,26.558912615560285,-3.5905735,22.968339066289655
2025-07-14,Santé et beauté,SOUTH,validation,17,24.0,-0.64090264,23.359097361564636
2025-07-21,Santé et beauté,SOUTH,validation,30,26.000000000000007,-3.391872,22.608128070831306
2025-07-28,Santé et beauté,SOUTH,validation,28,27.000000000000004,-3.4741528,23.525847196578983
2025-08-04,Santé et beauté,SOUTH,validation,25,30.000000000000004,-4.7234964,25.27650356292725
2025-08-11,Santé et beauté,SOUTH,validation,33,31.000000000000004,-5.3942537,25.605746269226078
2025-08-18,Santé et beauté,SOUTH,validation,31,32.00000000000001,-2.7037387,29.2962613105774
2025-08-25,Santé et beauté,SOUTH,validation,24,25.000000000000004,-1.4742161,23.52578389644623
2025-09-01,Santé et beauté,SOUTH,validation,22,18.000000000000004,5.214966,23.214965820312504
2025-09-08,Santé et beauté,SOUTH,validation,24,28.0,-1.3491936,26.650806427001953
2025-09-15,Santé et beauté,SOUTH,validation,27,27.000000000000004,-1.1213226,25.878677368164066
2025-09-22,Santé et beauté,SOUTH,validation,29,23.0,2.4318402,25.431840181350708
2025-09-29,Santé et beauté,SOUTH,validation,33,28.0,-1.3421104,26.65788960456848
2025-10-06,Santé et beauté,SOUTH,test,18,27.203937189850624,-0.9105026,26.293434577259834
2025-10-13,Santé et beauté,SOUTH,test,20,23.0,1.8190839,24.81908392906189
2025-10-20,Santé et beauté,SOUTH,test,12,22.0,0.61325216,22.61325216293335
2025-10-27,Santé et beauté,SOUTH,test,27,27.0,-2.4605296,24.539470434188843
2025-11-03,Santé et beauté,SOUTH,test,20,20.0,1.8995606,21.899560570716858
2025-11-10,Santé et beauté,SOUTH,test,24,20.0,1.4745091,21.474509119987488
2025-11-17,Santé et beauté,SOUTH,test,22,26.0,-3.2594976,22.74050235748291
2025-11-24,Santé et beauté,SOUTH,test,22,17.000000000000004,4.0018926,21.00189256668091
2025-12-01,Santé et beauté,SOUTH,test,24,15.0,4.916036,19.916036128997803
2025-12-08,Santé et beauté,SOUTH,test,32,28.0,-0.08583898,27.914161019027233
2025-12-15,Santé et beauté,SOUTH,test,20,21.0,3.5460641,24.546064138412476
2025-12-22,Santé et beauté,SOUTH,test,27,21.0,3.4352973,24.43529725074768
2025-12-29,Santé et beauté,SOUTH,test,20,15.999999999999998,20.39919,36.39919090270996
2026-01-05,Santé et beauté,SOUTH,test,8,14.0,4.5142426,18.51424264907837
2025-07-07,Santé et beauté,WEST,validation,36,26.000000000000004,-2.9088762,23.0911238193512
2025-07-14,Santé et beauté,WEST,validation,28,30.000000000000004,-0.9934624,29.006537616252903
2025-07-21,Santé et beauté,WEST,validation,31,31.000000000000004,-2.0096483,28.99035167694092
2025-07-28,Santé et beauté,WEST,validation,44,32.00000000000001,-3.7403805,28.259619474411018
2025-08-04,Santé et beauté,WEST,validation,27,30.000000000000004,-0.36171138,29.638288617134098
2025-08-11,Santé et beauté,WEST,validation,32,33.0,-1.6164825,31.383517503738403
2025-08-18,Santé et beauté,WEST,validation,29,28.000000000000004,-0.67527485,27.324725151062015
2025-08-25,Santé et beauté,WEST,validation,33,49.00000000000001,-10.915584,38.08441638946534
2025-09-01,Santé et beauté,WEST,validation,29,29.000000000000004,0.6103341,29.610334098339084
2025-09-08,Santé et beauté,WEST,validation,31,26.000000000000004,0.5536762,26.5536761879921
2025-09-15,Santé et beauté,WEST,validation,24,38.0,-3.3591187,34.640881299972534
2025-09-22,Santé et beauté,WEST,validation,35,25.0,1.0310582,26.031058192253113
2025-09-29,Santé et beauté,WEST,validation,37,26.000000000000004,1.3093718,27.3093718290329
2025-10-06,Santé et beauté,WEST,test,26,31.000000000000004,0.33389705,31.333897054195408
2025-10-13,Santé et beauté,WEST,test,19,22.0,2.1335084,24.133508443832397
2025-10-20,Santé et beauté,WEST,test,27,20.000000000000004,4.718181,24.718181133270267
2025-10-27,Santé et beauté,WEST,test,28,17.0,7.02885,24.028850078582764
2025-11-03,Santé et beauté,WEST,test,22,19.0,5.326567,24.32656717300415
2025-11-10,Santé et beauté,WEST,test,33,23.000000000000004,2.0185752,25.018575191497806
2025-11-17,Santé et beauté,WEST,test,19,37.00000000000001,-3.3880255,33.61197447776795
2025-11-24,Santé et beauté,WEST,test,20,28.000000000000007,-1.3615462,26.63845384120942
2025-12-01,Santé et beauté,WEST,test,18,26.000000000000004,2.1134038,28.11340379714966
2025-12-08,Santé et beauté,WEST,test,31,27.000000000000004,1.6154726,28.615472555160526
2025-12-15,Santé et beauté,WEST,test,15,27.000000000000004,1.872969,28.872969031333927
2025-12-22,Santé et beauté,WEST,test,22,21.0,4.185536,25.18553590774536
2025-12-29,Santé et beauté,WEST,test,26,22.0,16.14592,38.14591979980469
2026-01-05,Santé et beauté,WEST,test,12,17.000000000007006,3.6244843,20.62448430062041
2025-07-07,Véhicules et accessoires,EAST,validation,42,41.0,-7.0024943,33.99750566482544
2025-07-14,Véhicules et accessoires,EAST,validation,38,42.00000000000001,-5.78035,36.219649791717536
2025-07-21,Véhicules et accessoires,EAST,validation,35,35.0,-2.2065978,32.79340219497681
2025-07-28,Véhicules et accessoires,EAST,validation,40,39.00000000000001,-3.9883385,35.01166152954102
2025-08-04,Véhicules et accessoires,EAST,validation,40,30.000000000000004,1.7338871,31.733887076377872
2025-08-11,Véhicules et accessoires,EAST,validation,43,38.00000000000001,-4.3928967,33.60710334777833
2025-08-18,Véhicules et accessoires,EAST,validation,34,39.00000000000001,-5.1087775,33.891222476959236
2025-08-25,Véhicules et accessoires,EAST,validation,38,44.00000000000001,-5.345636,38.654364109039314
2025-09-01,Véhicules et accessoires,EAST,validation,49,46.0,-5.703011,40.29698896408081
2025-09-08,Véhicules et accessoires,EAST,validation,35,30.000000000000004,1.8375125,31.83751249313355
2025-09-15,Véhicules et accessoires,EAST,validation,37,43.00000000000001,-0.39135385,42.608646154403694
2025-09-22,Véhicules et accessoires,EAST,validation,39,31.000000000000004,2.4917347,33.491734743118286
2025-09-29,Véhicules et accessoires,EAST,validation,35,41.0,-1.0754865,39.92451345920563
2025-10-06,Véhicules et accessoires,EAST,test,21,26.000000000000004,3.1090493,29.10904932022095
2025-10-13,Véhicules et accessoires,EAST,test,23,24.0,3.113504,27.11350393295288
2025-10-20,Véhicules et accessoires,EAST,test,27,22.000000000000004,3.483194,25.483194112777714
2025-10-27,Véhicules et accessoires,EAST,test,21,30.000000000000004,-0.8999652,29.100034773349766
2025-11-03,Véhicules et accessoires,EAST,test,23,21.0,3.6663487,24.666348695755005
2025-11-10,Véhicules et accessoires,EAST,test,28,35.0,-2.8016605,32.19833946228027
2025-11-17,Véhicules et accessoires,EAST,test,26,41.0,-4.0909314,36.90906858444214
2025-11-24,Véhicules et accessoires,EAST,test,30,29.0,-0.63628334,28.363716661930084
2025-12-01,Véhicules et accessoires,EAST,test,36,29.0,2.597292,31.597291946411133
2025-12-08,Véhicules et accessoires,EAST,test,27,22.000000000000004,6.106569,28.106568813323978
2025-12-15,Véhicules et accessoires,EAST,test,27,35.0,2.296104,37.296103954315186
2025-12-22,Véhicules et accessoires,EAST,test,32,28.0,3.3645647,31.364564657211304
2025-12-29,Véhicules et accessoires,EAST,test,30,33.0,18.112207,51.11220741271973
2026-01-05,Véhicules et accessoires,EAST,test,6,21.000000000003283,2.0472333,23.047233343127672
2025-07-07,Véhicules et accessoires,NORTH,validation,36,35.373496689782975,-1.1325759,34.24092082022273
2025-07-14,Véhicules et accessoires,NORTH,validation,39,33.0,-0.7566913,32.24330872297287
2025-07-21,Véhicules et accessoires,NORTH,validation,36,38.00000000000001,-5.749757,32.25024318695069
2025-07-28,Véhicules et accessoires,NORTH,validation,42,35.0,-0.1299064,34.87009359896183
2025-08-04,Véhicules et accessoires,NORTH,validation,29,41.0,-3.8502755,37.14972448348999
2025-08-11,Véhicules et accessoires,NORTH,validation,40,41.00000000000001,-3.1007588,37.89924120903016
2025-08-18,Véhicules et accessoires,NORTH,validation,25,29.000000000000004,1.7117888,30.711788773536686
2025-08-25,Véhicules et accessoires,NORTH,validation,30,31.0,-0.4537657,30.54623430967331
2025-09-01,Véhicules et accessoires,NORTH,validation,33,30.000000000000004,0.3415365,30.341536492109302
2025-09-08,Véhicules et accessoires,NORTH,validation,36,37.00000000000001,-1.8855809,35.11441910266877
2025-09-15,Véhicules et accessoires,NORTH,validation,41,47.00000000000001,-3.208644,43.791356086730964
2025-09-22,Véhicules et accessoires,NORTH,validation,32,34.000000000000014,0.39465457,34.394654572010054
2025-09-29,Véhicules et accessoires,NORTH,validation,31,41.0,-1.2168648,39.783135175704956
2025-10-06,Véhicules et accessoires,NORTH,test,22,20.39927693974411,4.7264028,25.12567969929611
2025-10-13,Véhicules et accessoires,NORTH,test,29,28.000000000000004,-0.78825694,27.211743056774143
2025-10-20,Véhicules et accessoires,NORTH,test,19,29.000000000000004,-0.62250227,28.377497732639316
2025-10-27,Véhicules et accessoires,NORTH,test,28,30.0,-1.6127448,28.38725519180298
2025-11-03,Véhicules et accessoires,NORTH,test,33,23.0,2.435492,25.435492038726807
2025-11-10,Véhicules et accessoires,NORTH,test,27,20.0,5.071742,25.071742057800293
2025-11-17,Véhicules et accessoires,NORTH,test,36,20.000000000000004,4.6462364,24.646236419677738
2025-11-24,Véhicules et accessoires,NORTH,test,28,30.000000000000004,0.10888494,30.10888493806124
2025-12-01,Véhicules et accessoires,NORTH,test,25,19.0,9.272311,28.272311210632324
2025-12-08,Véhicules et accessoires,NORTH,test,31,31.000000000000004,1.879149,32.879148960113525
2025-12-15,Véhicules et accessoires,NORTH,test,36,30.0,1.8933547,31.893354654312134
2025-12-22,Véhicules et accessoires,NORTH,test,36,33.0,3.3786857,36.37868571281433
2025-12-29,Véhicules et accessoires,NORTH,test,27,34.0,22.807146,56.807146072387695
2026-01-05,Véhicules et accessoires,NORTH,test,9,34.0,-6.4187636,27.581236362457275
2025-07-07,Véhicules et accessoires,SOUTH,validation,21,20.0,0.8809753,20.880975306034088
2025-07-14,Véhicules et accessoires,SOUTH,validation,24,13.0,3.7733126,16.77331256866455
2025-07-21,Véhicules et accessoires,SOUTH,validation,21,18.0,2.6639001,20.663900136947632
2025-07-28,Véhicules et accessoires,SOUTH,validation,17,20.0,-0.40740383,19.592596173286438
2025-08-04,Véhicules et accessoires,SOUTH,validation,27,18.0,0.5090475,18.509047508239746
2025-08-11,Véhicules et accessoires,SOUTH,validation,21,23.0,-1.6997894,21.30021059513092
2025-08-18,Véhicules et accessoires,SOUTH,validation,17,22.0,-1.4386792,20.561320781707764
2025-08-25,Véhicules et accessoires,SOUTH,validation,26,27.0,-4.6188293,22.381170749664307
2025-09-01,Véhicules et accessoires,SOUTH,validation,25,20.0,0.8805677,20.880567729473114
2025-09-08,Véhicules et accessoires,SOUTH,validation,22,19.0,1.703566,20.70356595516205
2025-09-15,Véhicules et accessoires,SOUTH,validation,15,22.0,0.6708818,22.670881807804108
2025-09-22,Véhicules et accessoires,SOUTH,validation,17,16.0,1.0007032,17.00070321559906
2025-09-29,Véhicules et accessoires,SOUTH,validation,18,18.0,0.22583286,18.225832864642143
2025-10-06,Véhicules et accessoires,SOUTH,test,10,14.0,2.2909687,16.290968656539917
2025-10-13,Véhicules et accessoires,SOUTH,test,17,20.0,-0.5220745,19.47792547941208
2025-10-20,Véhicules et accessoires,SOUTH,test,20,19.0,0.7370163,19.737016320228577
2025-10-27,Véhicules et accessoires,SOUTH,test,17,15.0,2.0879905,17.087990522384644
2025-11-03,Véhicules et accessoires,SOUTH,test,18,18.0,0.5029968,18.502996802330017
2025-11-10,Véhicules et accessoires,SOUTH,test,18,13.000000000000002,2.363581,15.363580942153932
2025-11-17,Véhicules et accessoires,SOUTH,test,26,13.000000000000002,1.7726868,14.7726868391037
2025-11-24,Véhicules et accessoires,SOUTH,test,16,14.0,2.0450158,16.045015811920166
2025-12-01,Véhicules et accessoires,SOUTH,test,12,17.0,2.5168626,19.516862630844116
2025-12-08,Véhicules et accessoires,SOUTH,test,12,16.0,1.0713637,17.07136368751526
2025-12-15,Véhicules et accessoires,SOUTH,test,16,19.0,2.367344,21.36734390258789
2025-12-22,Véhicules et accessoires,SOUTH,test,20,14.0,3.6757112,17.675711154937744
2025-12-29,Véhicules et accessoires,SOUTH,test,15,19.0,9.858433,28.85843276977539
2026-01-05,Véhicules et accessoires,SOUTH,test,4,13.99999999999986,0.395059,14.395058989524701
2025-07-07,Véhicules et accessoires,WEST,validation,33,22.0,0.7383184,22.738318383693695
2025-07-14,Véhicules et accessoires,WEST,validation,24,31.0,-4.3676815,26.6323184967041
2025-07-21,Véhicules et accessoires,WEST,validation,34,24.0,-1.3372439,22.662756085395813
2025-07-28,Véhicules et accessoires,WEST,validation,26,17.0,4.9288588,21.928858757019043
2025-08-04,Véhicules et accessoires,WEST,validation,24,21.0,1.2901965,22.290196537971497
2025-08-11,Véhicules et accessoires,WEST,validation,24,19.0,3.8430784,22.84307837486267
2025-08-18,Véhicules et accessoires,WEST,validation,22,29.0,-4.7659717,24.234028339385986
2025-08-25,Véhicules et accessoires,WEST,validation,25,21.0,-0.021914423,20.978085577487946
2025-09-01,Véhicules et accessoires,WEST,validation,29,31.0,-3.5677745,27.432225465774536
2025-09-08,Véhicules et accessoires,WEST,validation,33,34.0,-3.9255702,30.074429750442505
2025-09-15,Véhicules et accessoires,WEST,validation,26,25.0,1.2494372,26.24943721294403
2025-09-22,Véhicules et accessoires,WEST,validation,19,25.0,1.9624777,26.962477684020996
2025-09-29,Véhicules et accessoires,WEST,validation,23,30.0,-2.9667,27.033299922943115
2025-10-06,Véhicules et accessoires,WEST,test,22,17.0,4.6783147,21.678314685821533
2025-10-13,Véhicules et accessoires,WEST,test,16,11.0,5.033961,16.033960819244385
2025-10-20,Véhicules et accessoires,WEST,test,12,12.0,2.3166738,14.316673755645752
2025-10-27,Véhicules et accessoires,WEST,test,17,26.0,-2.310034,23.689965963363647
2025-11-03,Véhicules et accessoires,WEST,test,11,17.999999999999996,1.1381915,19.138191461563107
2025-11-10,Véhicules et accessoires,WEST,test,16,28.0,-5.021789,22.978210926055908
2025-11-17,Véhicules et accessoires,WEST,test,18,16.0,1.4774709,17.477470874786377
2025-11-24,Véhicules et accessoires,WEST,test,26,20.0,0.40250427,20.40250426530838
2025-12-01,Véhicules et accessoires,WEST,test,20,17.999999999999996,2.8493607,20.849360704421994
2025-12-08,Véhicules et accessoires,WEST,test,25,21.000000000000004,1.7080798,22.708079814910892
2025-12-15,Véhicules et accessoires,WEST,test,18,13.0,5.5196095,18.519609451293945
2025-12-22,Véhicules et accessoires,WEST,test,17,21.000000000000004,1.4396517,22.439651727676395
2025-12-29,Véhicules et accessoires,WEST,test,25,28.0,12.124229,40.124229431152344
2026-01-05,Véhicules et accessoires,WEST,test,8,22.0,-1.9488498,20.05115020275116
2025-07-07,Vêtements et accessoires,EAST,validation,65,57.38985956553732,2.0153942,59.40525377635275
2025-07-14,Vêtements et accessoires,EAST,validation,63,84.00000000000001,-11.571393,72.42860698699953
2025-07-21,Vêtements et accessoires,EAST,validation,70,69.0,-0.47964048,68.5203595161438
2025-07-28,Vêtements et accessoires,EAST,validation,67,67.00000000000001,1.6940212,68.6940212249756
2025-08-04,Vêtements et accessoires,EAST,validation,75,60.0,-0.3469257,59.65307429432869
2025-08-11,Vêtements et accessoires,EAST,validation,81,83.0,-14.86386,68.13613986968994
2025-08-18,Vêtements et accessoires,EAST,validation,67,71.0,-4.489031,66.5109691619873
2025-08-25,Vêtements et accessoires,EAST,validation,71,59.99999999999999,0.64125663,60.64125663042068
2025-09-01,Vêtements et accessoires,EAST,validation,64,65.00000000000001,5.300251,70.30025100708009
2025-09-08,Vêtements et accessoires,EAST,validation,67,63.0,4.434435,67.43443489074707
2025-09-15,Vêtements et accessoires,EAST,validation,88,70.0,25.909174,95.9091739654541
2025-09-22,Vêtements et accessoires,EAST,validation,73,61.99999999999999,25.142233,87.14223289489746
2025-09-29,Vêtements et accessoires,EAST,validation,73,60.0,24.563393,84.56339263916016
2025-10-06,Vêtements et accessoires,EAST,test,40,61.66641141214405,6.376359,68.04277039804492
2025-10-13,Vêtements et accessoires,EAST,test,56,58.000000000000014,1.8409095,59.8409094810486
2025-10-20,Vêtements et accessoires,EAST,test,61,46.00000000000001,3.3204305,49.32043051719666
2025-10-27,Vêtements et accessoires,EAST,test,57,57.000000000000014,3.0328608,60.032860755920424
2025-11-03,Vêtements et accessoires,EAST,test,63,50.00000000000001,3.058876,53.05887603759766
2025-11-10,Vêtements et accessoires,EAST,test,61,70.00000000000003,3.6627402,73.66274023056033
2025-11-17,Vêtements et accessoires,EAST,test,58,61.00000000000001,0.8010251,61.80102509260178
2025-11-24,Vêtements et accessoires,EAST,test,63,56.00000000000001,2.2202265,58.22022652626038
2025-12-01,Vêtements et accessoires,EAST,test,59,54.000000000000014,10.578436,64.57843589782716
2025-12-08,Vêtements et accessoires,EAST,test,53,44.00000000000001,11.756735,55.75673484802247
2025-12-15,Vêtements et accessoires,EAST,test,63,61.00000000000001,8.130516,69.1305160522461
2025-12-22,Vêtements et accessoires,EAST,test,50,55.00000000000001,11.22351,66.22350978851318
2025-12-29,Vêtements et accessoires,EAST,test,58,55.0,31.420635,86.42063522338867
2026-01-05,Vêtements et accessoires,EAST,test,12,47.0,-3.6341016,43.3658983707428
2025-07-07,Vêtements et accessoires,NORTH,validation,72,81.93136501885682,-9.006285,72.9250803051117
2025-07-14,Vêtements et accessoires,NORTH,validation,78,73.0,-4.6817865,68.31821346282959
2025-07-21,Vêtements et accessoires,NORTH,validation,85,77.0,-5.3847804,71.6152195930481
2025-07-28,Vêtements et accessoires,NORTH,validation,87,85.00000000000001,-8.811686,76.18831443786623
2025-08-04,Vêtements et accessoires,NORTH,validation,64,67.00000000000001,4.4744296,71.47442960739137
2025-08-11,Vêtements et accessoires,NORTH,validation,74,62.00000000000001,0.4505088,62.4505088031292
2025-08-18,Vêtements et accessoires,NORTH,validation,87,64.99999999999999,2.2895014,67.28950142860411
2025-08-25,Vêtements et accessoires,NORTH,validation,77,63.99999999999999,7.49591,71.49591016769409
2025-09-01,Vêtements et accessoires,NORTH,validation,79,66.0,6.368815,72.36881494522095
2025-09-08,Vêtements et accessoires,NORTH,validation,66,66.0,25.797537,91.79753684997559
2025-09-15,Vêtements et accessoires,NORTH,validation,72,72.0,21.959158,93.95915794372559
2025-09-22,Vêtements et accessoires,NORTH,validation,60,69.0,26.190239,95.19023895263672
2025-09-29,Vêtements et accessoires,NORTH,validation,74,87.99999999999999,9.388317,97.38831710815428
2025-10-06,Vêtements et accessoires,NORTH,test,55,55.59042851339598,6.6553874,62.24581591497679
2025-10-13,Vêtements et accessoires,NORTH,test,46,56.99999999999999,1.3806825,58.3806824684143
2025-10-20,Vêtements et accessoires,NORTH,test,45,47.99999999999999,4.7978973,52.79789733886718
2025-10-27,Vêtements et accessoires,NORTH,test,54,46.99999999999999,3.2714622,50.27146220207214
2025-11-03,Vêtements et accessoires,NORTH,test,46,59.99999999999999,-1.7958627,58.20413732528686
2025-11-10,Vêtements et accessoires,NORTH,test,47,61.99999999999999,-1.5866911,60.41330885887145
2025-11-17,Vêtements et accessoires,NORTH,test,44,48.99999999999999,2.7235413,51.72354125976562
2025-11-24,Vêtements et accessoires,NORTH,test,61,56.99999999999999,0.52926177,57.52926176786422
2025-12-01,Vêtements et accessoires,NORTH,test,49,66.0,10.177563,76.17756271362305
2025-12-08,Vêtements et accessoires,NORTH,test,60,56.99999999999999,8.485792,65.48579216003418
2025-12-15,Vêtements et accessoires,NORTH,test,58,54.99999999999999,10.768463,65.76846313476562
2025-12-22,Vêtements et accessoires,NORTH,test,65,59.99999999999999,8.598236,68.59823608398438
2025-12-29,Vêtements et accessoires,NORTH,test,67,56.99999999999999,33.64053,90.64052963256836
2026-01-05,Vêtements et accessoires,NORTH,test,23,43.0,2.8682463,45.86824631690979
2025-07-07,Vêtements et accessoires,SOUTH,validation,44,36.0,-1.2531602,34.74683976173401
2025-07-14,Vêtements et accessoires,SOUTH,validation,49,42.99999999999999,-5.442209,37.55779123306274
2025-07-21,Vêtements et accessoires,SOUTH,validation,50,51.99999999999999,-6.9305725,45.06942749023437
2025-07-28,Vêtements et accessoires,SOUTH,validation,33,37.99999999999999,-1.0194888,36.98051118850707
2025-08-04,Vêtements et accessoires,SOUTH,validation,36,44.99999999999999,-7.116166,37.883833885192864
2025-08-11,Vêtements et accessoires,SOUTH,validation,42,41.99999999999999,-3.9877648,38.01223516464233
2025-08-18,Vêtements et accessoires,SOUTH,validation,54,30.0,3.0265453,33.02654528617859
2025-08-25,Vêtements et accessoires,SOUTH,validation,34,42.99999999999999,-2.340251,40.65974903106689
2025-09-01,Vêtements et accessoires,SOUTH,validation,34,30.0,3.5567076,33.55670762062073
2025-09-08,Vêtements et accessoires,SOUTH,validation,46,40.0,1.7906729,41.79067289829254
2025-09-15,Vêtements et accessoires,SOUTH,validation,44,45.99999999999999,-1.4091213,44.59087872505187
2025-09-22,Vêtements et accessoires,SOUTH,validation,35,41.0,0.068938285,41.06893828511238
2025-09-29,Vêtements et accessoires,SOUTH,validation,38,36.0,0.22037517,36.220375165343285
2025-10-06,Vêtements et accessoires,SOUTH,test,33,40.0,-1.5199848,38.48001515865326
2025-10-13,Vêtements et accessoires,SOUTH,test,33,30.0,2.440941,32.44094109535217
2025-10-20,Vêtements et accessoires,SOUTH,test,21,26.0,2.0422156,28.042215585708618
2025-10-27,Vêtements et accessoires,SOUTH,test,28,22.0,4.639211,26.639211177825928
2025-11-03,Vêtements et accessoires,SOUTH,test,48,35.0,-2.0599625,32.94003748893738
2025-11-10,Vêtements et accessoires,SOUTH,test,37,35.0,0.082409635,35.082409635186195
2025-11-17,Vêtements et accessoires,SOUTH,test,34,29.0,3.848937,32.848937034606934
2025-11-24,Vêtements et accessoires,SOUTH,test,24,37.00000000000001,-1.6816863,35.31831371784211
2025-12-01,Vêtements et accessoires,SOUTH,test,45,36.0,0.33864412,36.33864411711693
2025-12-08,Vêtements et accessoires,SOUTH,test,33,39.0,1.5720773,40.57207727432251
2025-12-15,Vêtements et accessoires,SOUTH,test,39,45.0,2.0404332,47.040433168411255
2025-12-22,Vêtements et accessoires,SOUTH,test,39,40.0,2.1872735,42.18727350234985
2025-12-29,Vêtements et accessoires,SOUTH,test,25,40.0,27.640574,67.64057350158691
2026-01-05,Vêtements et accessoires,SOUTH,test,6,29.99999999999982,-1.3202767,28.679723262786684
2025-07-07,Vêtements et accessoires,WEST,validation,56,54.85870924321069,-5.0913715,49.76733770695581
2025-07-14,Vêtements et accessoires,WEST,validation,49,43.0,3.543946,46.54394602775574
2025-07-21,Vêtements et accessoires,WEST,validation,47,46.00000000000001,-1.5952082,44.40479183197022
2025-07-28,Vêtements et accessoires,WEST,validation,45,51.00000000000001,-5.0919256,45.90807437896729
2025-08-04,Vêtements et accessoires,WEST,validation,54,45.0,-0.15981957,44.840180426836014
2025-08-11,Vêtements et accessoires,WEST,validation,49,54.00000000000001,-8.248053,45.75194740295411
2025-08-18,Vêtements et accessoires,WEST,validation,45,57.00000000000001,-11.422738,45.57726192474366
2025-08-25,Vêtements et accessoires,WEST,validation,45,38.00000000000001,3.846845,41.846844911575324
2025-09-01,Vêtements et accessoires,WEST,validation,48,43.99999999999999,2.120907,46.120907068252556
2025-09-08,Vêtements et accessoires,WEST,validation,50,47.0,1.8165097,48.81650972366333
2025-09-15,Vêtements et accessoires,WEST,validation,50,51.00000000000001,5.0131164,56.0131163597107
2025-09-22,Vêtements et accessoires,WEST,validation,43,34.00000000000001,14.505526,48.505525588989265
2025-09-29,Vêtements et accessoires,WEST,validation,45,58.00000000000001,2.5403314,60.540331363677986
2025-10-06,Vêtements et accessoires,WEST,test,41,19.25516501506544,12.774862,32.030027304494155
2025-10-13,Vêtements et accessoires,WEST,test,38,34.0,3.7225966,37.722596645355225
2025-10-20,Vêtements et accessoires,WEST,test,38,28.0,9.577618,37.57761764526367
2025-10-27,Vêtements et accessoires,WEST,test,39,33.0,8.851927,41.85192680358887
2025-11-03,Vêtements et accessoires,WEST,test,49,31.000000000000007,8.183767,39.18376731872559
2025-11-10,Vêtements et accessoires,WEST,test,22,38.00000000000001,3.2499416,41.24994158744813
2025-11-17,Vêtements et accessoires,WEST,test,34,31.000000000000004,8.39766,39.39766025543213
2025-11-24,Vêtements et accessoires,WEST,test,35,41.00000000000001,1.6204563,42.62045633792878
2025-12-01,Vêtements et accessoires,WEST,test,44,51.00000000000001,-1.2371413,49.76285874843598
2025-12-08,Vêtements et accessoires,WEST,test,54,49.00000000000001,4.150335,53.1503348350525
2025-12-15,Vêtements et accessoires,WEST,test,44,45.00000000000001,6.504507,51.50450706481934
2025-12-22,Vêtements et accessoires,WEST,test,40,37.00000000000001,9.599307,46.599307060241706
2025-12-29,Vêtements et accessoires,WEST,test,29,49.00000000000001,32.18892,81.18891906738281
2026-01-05,Vêtements et accessoires,WEST,test,9,32.0,-1.026545,30.97345495223999
2025-07-07,Équipements sportifs,EAST,validation,36,43.23299735995438,-5.5820203,37.65097707720902
2025-07-14,Équipements sportifs,EAST,validation,33,31.0,-1.1624701,29.83752989768982
2025-07-21,Équipements sportifs,EAST,validation,37,35.00000000000001,-2.2361326,32.76386737823487
2025-07-28,Équipements sportifs,EAST,validation,27,41.0,-4.18439,36.8156099319458
2025-08-04,Équipements sportifs,EAST,validation,36,35.00000000000001,-2.2411332,32.758866786956794
2025-08-11,Équipements sportifs,EAST,validation,38,44.0,-10.262939,33.737060546875
2025-08-18,Équipements sportifs,EAST,validation,36,31.0,1.6918861,32.69188606739044
2025-08-25,Équipements sportifs,EAST,validation,36,39.0,-3.4693608,35.53063917160034
2025-09-01,Équipements sportifs,EAST,validation,39,32.0,1.3221838,33.32218384742737
2025-09-08,Équipements sportifs,EAST,validation,35,40.0,-1.6659032,38.334096789360046
2025-09-15,Équipements sportifs,EAST,validation,45,35.00000000000001,0.8729155,35.87291550636292
2025-09-22,Équipements sportifs,EAST,validation,34,35.00000000000001,2.399165,37.399164915084846
2025-09-29,Équipements sportifs,EAST,validation,28,33.00000000000001,1.9044725,34.904472470283515
2025-10-06,Équipements sportifs,EAST,test,30,29.035234120768312,-0.049985923,28.98524819789529
2025-10-13,Équipements sportifs,EAST,test,40,16.000000000000004,7.8551226,23.855122566223148
2025-10-20,Équipements sportifs,EAST,test,32,27.0,1.2340802,28.23408019542694
2025-10-27,Équipements sportifs,EAST,test,23,34.00000000000001,-0.36126494,33.63873505592347
2025-11-03,Équipements sportifs,EAST,test,20,31.000000000000004,-0.63699263,30.36300736665726
2025-11-10,Équipements sportifs,EAST,test,27,35.00000000000001,-3.196243,31.803756952285774
2025-11-17,Équipements sportifs,EAST,test,28,23.000000000000004,3.0681474,26.068147420883182
2025-11-24,Équipements sportifs,EAST,test,33,28.000000000000004,0.095366225,28.095366224646572
2025-12-01,Équipements sportifs,EAST,test,22,28.0,3.9158423,31.915842294692993
2025-12-08,Équipements sportifs,EAST,test,22,32.0,1.8816729,33.881672859191895
2025-12-15,Équipements sportifs,EAST,test,30,16.0,9.707077,25.707077026367188
2025-12-22,Équipements sportifs,EAST,test,31,27.000000000000004,3.2076213,30.20762133598328
2025-12-29,Équipements sportifs,EAST,test,28,32.0,18.387817,50.3878173828125
2026-01-05,Équipements sportifs,EAST,test,12,22.0,0.7821905,22.78219050168991
2025-07-07,Équipements sportifs,NORTH,validation,39,36.0,-2.6109738,33.389026165008545
2025-07-14,Équipements sportifs,NORTH,validation,37,44.0,-10.093122,33.90687847137451
2025-07-21,Équipements sportifs,NORTH,validation,36,31.000000000000004,1.1371362,32.13713622093201
2025-07-28,Équipements sportifs,NORTH,validation,32,30.0,1.6733385,31.673338532447815
2025-08-04,Équipements sportifs,NORTH,validation,31,28.0,2.060001,30.060000896453857
2025-08-11,Équipements sportifs,NORTH,validation,42,40.00000000000001,-7.302749,32.6972508430481
2025-08-18,Équipements sportifs,NORTH,validation,49,34.0,-1.9276847,32.07231533527374
2025-08-25,Équipements sportifs,NORTH,validation,37,29.0,3.604625,32.60462498664856
2025-09-01,Équipements sportifs,NORTH,validation,29,41.99999999999999,-1.7372702,40.26272976398467
2025-09-08,Équipements sportifs,NORTH,validation,38,39.0,-2.4390264,36.56097364425659
2025-09-15,Équipements sportifs,NORTH,validation,33,32.0,1.979524,33.97952401638031
2025-09-22,Équipements sportifs,NORTH,validation,28,36.0,1.3016462,37.30164623260498
2025-09-29,Équipements sportifs,NORTH,validation,34,37.0,-1.8622434,35.13775658607483
2025-10-06,Équipements sportifs,NORTH,test,36,36.0,-1.9776078,34.02239215373993
2025-10-13,Équipements sportifs,NORTH,test,37,25.0,2.506242,27.506242036819458
2025-10-20,Équipements sportifs,NORTH,test,34,20.0,5.3288093,25.32880926132202
2025-10-27,Équipements sportifs,NORTH,test,25,36.0,-3.8133264,32.186673641204834
2025-11-03,Équipements sportifs,NORTH,test,33,29.0,-0.008779921,28.991220079362392
2025-11-10,Équipements sportifs,NORTH,test,29,32.0,0.06698685,32.06698685139418
2025-11-17,Équipements sportifs,NORTH,test,29,35.0,-2.6278136,32.37218642234802
2025-11-24,Équipements sportifs,NORTH,test,25,29.0,0.29821628,29.29821628332138
2025-12-01,Équipements sportifs,NORTH,test,28,30.0,2.0140016,32.0140016078949
2025-12-08,Équipements sportifs,NORTH,test,34,24.0,5.265192,29.26519203186035
2025-12-15,Équipements sportifs,NORTH,test,42,27.0,5.320088,32.320087909698486
2025-12-22,Équipements sportifs,NORTH,test,35,27.0,5.6718593,32.67185926437378
2025-12-29,Équipements sportifs,NORTH,test,31,28.0,28.515604,56.51560401916504
2026-01-05,Équipements sportifs,NORTH,test,8,26.999999999999805,-1.255018,25.744982004165454
2025-07-07,Équipements sportifs,SOUTH,validation,21,25.2730616626368,-4.3874164,20.885645299874348
2025-07-14,Équipements sportifs,SOUTH,validation,23,27.0,-5.052229,21.947771072387695
2025-07-21,Équipements sportifs,SOUTH,validation,15,21.0,-1.8481208,19.15187919139862
2025-07-28,Équipements sportifs,SOUTH,validation,20,18.0,-0.26274464,17.73725536465645
2025-08-04,Équipements sportifs,SOUTH,validation,21,20.0,-0.8082456,19.191754400730133
2025-08-11,Équipements sportifs,SOUTH,validation,20,25.0,-3.4686196,21.53138041496277
2025-08-18,Équipements sportifs,SOUTH,validation,20,22.0,-2.014683,19.98531699180603
2025-08-25,Équipements sportifs,SOUTH,validation,21,15.0,0.6518972,15.651897192001343
2025-09-01,Équipements sportifs,SOUTH,validation,19,21.0,-1.0495566,19.950443387031555
2025-09-08,Équipements sportifs,SOUTH,validation,19,21.0,-0.90327984,20.096720159053802
2025-09-15,Équipements sportifs,SOUTH,validation,24,24.0,-1.34274,22.657259941101074
2025-09-22,Équipements sportifs,SOUTH,validation,23,20.0,-0.27420044,19.725799560546875
2025-09-29,Équipements sportifs,SOUTH,validation,18,26.0,-3.0112336,22.98876643180847
2025-10-06,Équipements sportifs,SOUTH,test,18,11.932625313483143,1.6800447,13.612669964514637
2025-10-13,Équipements sportifs,SOUTH,test,21,12.999999999999998,1.3140668,14.314066767692564
2025-10-20,Équipements sportifs,SOUTH,test,10,14.999999999999998,0.90842104,15.908421039581297
2025-10-27,Équipements sportifs,SOUTH,test,22,14.0,0.9190165,14.919016480445862
2025-11-03,Équipements sportifs,SOUTH,test,18,19.0,0.9000449,19.900044918060303
2025-11-10,Équipements sportifs,SOUTH,test,24,21.0,-1.5007972,19.499202847480774
2025-11-17,Équipements sportifs,SOUTH,test,22,14.0,1.8985864,15.898586392402649
2025-11-24,Équipements sportifs,SOUTH,test,18,15.0,1.5284905,16.52849054336548
2025-12-01,Équipements sportifs,SOUTH,test,21,22.0,-0.92337286,21.076627135276794
2025-12-08,Équipements sportifs,SOUTH,test,12,7.999999999999999,4.980585,12.980585098266602
2025-12-15,Équipements sportifs,SOUTH,test,21,13.0,2.312108,15.312108039855957
2025-12-22,Équipements sportifs,SOUTH,test,21,25.0,-1.9767089,23.02329111099243
2025-12-29,Équipements sportifs,SOUTH,test,11,19.0,12.905504,31.90550422668457
2026-01-05,Équipements sportifs,SOUTH,test,4,12.0,1.0055213,13.005521297454834
2025-07-07,Équipements sportifs,WEST,validation,25,30.0,-5.8254395,24.174560546875
2025-07-14,Équipements sportifs,WEST,validation,27,25.0,-2.233811,22.766189098358154
2025-07-21,Équipements sportifs,WEST,validation,28,29.0,-5.0011406,23.998859405517578
2025-07-28,Équipements sportifs,WEST,validation,20,21.0,0.53094745,21.53094744682312
2025-08-04,Équipements sportifs,WEST,validation,26,20.0,1.5708233,21.570823311805725
2025-08-11,Équipements sportifs,WEST,validation,24,28.0,-4.9979897,23.002010345458984
2025-08-18,Équipements sportifs,WEST,validation,27,26.0,-4.250733,21.749267101287842
2025-08-25,Équipements sportifs,WEST,validation,27,22.0,-0.876256,21.123744010925293
2025-09-01,Équipements sportifs,WEST,validation,26,25.0,0.5298614,25.529861390590668
2025-09-08,Équipements sportifs,WEST,validation,23,22.0,2.0960586,24.09605860710144
2025-09-15,Équipements sportifs,WEST,validation,25,27.0,-1.3155992,25.68440079689026
2025-09-22,Équipements sportifs,WEST,validation,30,29.0,-2.3796933,26.620306730270386
2025-09-29,Équipements sportifs,WEST,validation,25,30.0,-2.9163716,27.0836284160614
2025-10-06,Équipements sportifs,WEST,test,20,21.0,1.8543166,22.85431659221649
2025-10-13,Équipements sportifs,WEST,test,18,14.0,4.23419,18.234189987182617
2025-10-20,Équipements sportifs,WEST,test,14,14.999999999999998,1.905779,16.905779004096985
2025-10-27,Équipements sportifs,WEST,test,18,19.0,0.42970687,19.429706871509552
2025-11-03,Équipements sportifs,WEST,test,8,20.0,0.4103492,20.410349190235138
2025-11-10,Équipements sportifs,WEST,test,20,22.0,-1.6343206,20.365679383277893
2025-11-17,Équipements sportifs,WEST,test,24,13.0,2.503334,15.503334045410156
2025-11-24,Équipements sportifs,WEST,test,23,14.0,2.316715,16.316715002059937
2025-12-01,Équipements sportifs,WEST,test,18,19.0,3.2714968,22.271496772766113
2025-12-08,Équipements sportifs,WEST,test,24,27.0,-0.5359021,26.464097917079926
2025-12-15,Équipements sportifs,WEST,test,13,17.999999999999996,3.4204772,21.420477151870724
2025-12-22,Équipements sportifs,WEST,test,14,22.0,2.2523468,24.252346754074097
2025-12-29,Équipements sportifs,WEST,test,22,22.0,11.624382,33.62438201904297
2026-01-05,Équipements sportifs,WEST,test,13,7.999999999992238,2.4813619,10.481361865989552
