date,Categorie,region,residual,demand
2024-01-01,Animaux et articles pour animaux de compagnie,EAST,2.0,2
2024-01-08,Animaux et articles pour animaux de compagnie,EAST,17.0,17
2024-01-15,Animaux et articles pour animaux de compagnie,EAST,30.0,30
2024-01-22,Animaux et articles pour animaux de compagnie,EAST,27.0,27
2024-01-29,Animaux et articles pour animaux de compagnie,EAST,23.0,23
2024-02-05,Animaux et articles pour animaux de compagnie,EAST,32.0,32
2024-02-12,Animaux et articles pour animaux de compagnie,EAST,34.0,34
2024-02-19,Animaux et articles pour animaux de compagnie,EAST,19.0,19
2024-02-26,Animaux et articles pour animaux de compagnie,EAST,22.0,22
2024-03-04,Animaux et articles pour animaux de compagnie,EAST,20.0,20
2024-03-11,Animaux et articles pour animaux de compagnie,EAST,43.0,43
2024-03-18,Animaux et articles pour animaux de compagnie,EAST,46.0,46
2024-03-25,Animaux et articles pour animaux de compagnie,EAST,56.0,56
2024-04-01,Animaux et articles pour animaux de compagnie,EAST,69.0,69
2024-04-08,Animaux et articles pour animaux de compagnie,EAST,100.0,100
2024-04-15,Animaux et articles pour animaux de compagnie,EAST,40.0,40
2024-04-22,Animaux et articles pour animaux de compagnie,EAST,29.0,29
2024-04-29,Animaux et articles pour animaux de compagnie,EAST,22.0,22
2024-05-06,Animaux et articles pour animaux de compagnie,EAST,28.0,28
2024-05-13,Animaux et articles pour animaux de compagnie,EAST,23.0,23
2024-05-20,Animaux et articles pour animaux de compagnie,EAST,26.0,26
2024-05-27,Animaux et articles pour animaux de compagnie,EAST,27.0,27
2024-06-03,Animaux et articles pour animaux de compagnie,EAST,31.0,31
2024-06-10,Animaux et articles pour animaux de compagnie,EAST,38.0,38
2024-06-17,Animaux et articles pour animaux de compagnie,EAST,33.0,33
2024-06-24,Animaux et articles pour animaux de compagnie,EAST,30.0,30
2024-07-01,Animaux et articles pour animaux de compagnie,EAST,35.0,35
2024-07-08,Animaux et articles pour animaux de compagnie,EAST,28.0,28
2024-07-15,Animaux et articles pour animaux de compagnie,EAST,36.0,36
2024-07-22,Animaux et articles pour animaux de compagnie,EAST,24.0,24
2024-07-29,Animaux et articles pour animaux de compagnie,EAST,44.0,44
2024-08-05,Animaux et articles pour animaux de compagnie,EAST,34.0,34
2024-08-12,Animaux et articles pour animaux de compagnie,EAST,33.0,33
2024-08-19,Animaux et articles pour animaux de compagnie,EAST,35.0,35
2024-08-26,Animaux et articles pour animaux de compagnie,EAST,30.0,30
2024-09-02,Animaux et articles pour animaux de compagnie,EAST,34.0,34
2024-09-09,Animaux et articles pour animaux de compagnie,EAST,24.0,24
2024-09-16,Animaux et articles pour animaux de compagnie,EAST,32.0,32
2024-09-23,Animaux et articles pour animaux de compagnie,EAST,34.0,34
2024-09-30,Animaux et articles pour animaux de compagnie,EAST,30.0,30
2024-10-07,Animaux et articles pour animaux de compagnie,EAST,24.0,24
2024-10-14,Animaux et articles pour animaux de compagnie,EAST,30.0,30
2024-10-21,Animaux et articles pour animaux de compagnie,EAST,21.0,21
2024-10-28,Animaux et articles pour animaux de compagnie,EAST,18.0,18
2024-11-04,Animaux et articles pour animaux de compagnie,EAST,31.0,31
2024-11-11,Animaux et articles pour animaux de compagnie,EAST,27.0,27
2024-11-18,Animaux et articles pour animaux de compagnie,EAST,31.0,31
2024-11-25,Animaux et articles pour animaux de compagnie,EAST,18.0,18
2024-12-02,Animaux et articles pour animaux de compagnie,EAST,28.0,28
2024-12-09,Animaux et articles pour animaux de compagnie,EAST,24.0,24
2024-12-16,Animaux et articles pour animaux de compagnie,EAST,25.0,25
2024-12-23,Animaux et articles pour animaux de compagnie,EAST,27.0,27
2024-12-30,Animaux et articles pour animaux de compagnie,EAST,44.0,46
2025-01-06,Animaux et articles pour animaux de compagnie,EAST,8.0,25
2025-01-13,Animaux et articles pour animaux de compagnie,EAST,-10.0,20
2025-01-20,Animaux et articles pour animaux de compagnie,EAST,-4.0,23
2025-01-27,Animaux et articles pour animaux de compagnie,EAST,-5.0,18
2025-02-03,Animaux et articles pour animaux de compagnie,EAST,-7.9999999999999964,24
2025-02-10,Animaux et articles pour animaux de compagnie,EAST,-13.0,21
2025-02-17,Animaux et articles pour animaux de compagnie,EAST,5.0,24
2025-02-24,Animaux et articles pour animaux de compagnie,EAST,-4.0000000000000036,18
2025-03-03,Animaux et articles pour animaux de compagnie,EAST,19.000000000000004,39
2025-03-10,Animaux et articles pour animaux de compagnie,EAST,4.0,47
2025-03-17,Animaux et articles pour animaux de compagnie,EAST,29.0,75
2025-03-24,Animaux et articles pour animaux de compagnie,EAST,25.0,81
2025-03-31,Animaux et articles pour animaux de compagnie,EAST,5.0,74
2025-04-07,Animaux et articles pour animaux de compagnie,EAST,-69.99999999999999,30
2025-04-14,Animaux et articles pour animaux de compagnie,EAST,-9.999999999999993,30
2025-04-21,Animaux et articles pour animaux de compagnie,EAST,2.0,31
2025-04-28,Animaux et articles pour animaux de compagnie,EAST,1.9999999999999964,24
2025-05-05,Animaux et articles pour animaux de compagnie,EAST,3.0,31
2025-05-12,Animaux et articles pour animaux de compagnie,EAST,3.0,26
2025-05-19,Animaux et articles pour animaux de compagnie,EAST,-3.9999999999999964,22
2025-05-26,Animaux et articles pour animaux de compagnie,EAST,7.0,34
2025-06-02,Animaux et articles pour animaux de compagnie,EAST,-2.9999999999999964,28
2025-06-09,Animaux et articles pour animaux de compagnie,EAST,8.0,46
2025-06-16,Animaux et articles pour animaux de compagnie,EAST,3.0,36
2025-06-23,Animaux et articles pour animaux de compagnie,EAST,13.0,43
2025-06-30,Animaux et articles pour animaux de compagnie,EAST,-0.9999999999999929,34
2024-01-01,Animaux et articles pour animaux de compagnie,NORTH,4.0,4
2024-01-08,Animaux et articles pour animaux de compagnie,NORTH,21.0,21
2024-01-15,Animaux et articles pour animaux de compagnie,NORTH,23.998801164066183,24
2024-01-22,Animaux et articles pour animaux de compagnie,NORTH,26.997260399235216,27
2024-01-29,Animaux et articles pour animaux de compagnie,NORTH,23.996918107899933,24
2024-02-05,Animaux et articles pour animaux de compagnie,NORTH,21.99726061417903,22
2024-02-12,Animaux et articles pour animaux de compagnie,NORTH,34.9974888865497,35
2024-02-19,Animaux et articles pour animaux de compagnie,NORTH,25.99600483593792,26
2024-02-26,Animaux et articles pour animaux de compagnie,NORTH,16.997032406964543,17
2024-03-04,Animaux et articles pour animaux de compagnie,NORTH,25.998059691275152,26
2024-03-11,Animaux et articles pour animaux de compagnie,NORTH,35.99703217239102,36
2024-03-18,Animaux et articles pour animaux de compagnie,NORTH,53.9958907323396,54
2024-03-25,Animaux et articles pour animaux de compagnie,NORTH,67.99383605941406,68
2024-04-01,Animaux et articles pour animaux de compagnie,NORTH,91.99223811367872,92
2024-04-08,Animaux et articles pour animaux de compagnie,NORTH,100.98949855845677,101
2024-04-15,Animaux et articles pour animaux de compagnie,NORTH,50.988471469578975,51
2024-04-22,Animaux et articles pour animaux de compagnie,NORTH,20.99417937357003,21
2024-04-29,Animaux et articles pour animaux de compagnie,NORTH,19.997603394025838,20
2024-05-06,Animaux et articles pour animaux de compagnie,NORTH,32.997717158889124,33
2024-05-13,Animaux et articles pour animaux de compagnie,NORTH,28.996233121349043,29
2024-05-20,Animaux et articles pour animaux de compagnie,NORTH,27.99668991369988,28
2024-05-27,Animaux et articles pour animaux de compagnie,NORTH,37.99680401728927,38
2024-06-03,Animaux et articles pour animaux de compagnie,NORTH,36.9956624469151,37
2024-06-10,Animaux et articles pour animaux de compagnie,NORTH,42.99577673296676,43
2024-06-17,Animaux et articles pour animaux de compagnie,NORTH,43.99509178551119,44
2024-06-24,Animaux et articles pour animaux de compagnie,NORTH,37.99497770796702,38
2024-07-01,Animaux et articles pour animaux de compagnie,NORTH,38.99566265539878,39
2024-07-08,Animaux et articles pour animaux de compagnie,NORTH,31.99554842147324,32
2024-07-15,Animaux et articles pour animaux de compagnie,NORTH,38.996347524657715,39
2024-07-22,Animaux et articles pour animaux de compagnie,NORTH,28.99554834329149,29
2024-07-29,Animaux et articles pour animaux de compagnie,NORTH,32.99668999187122,33
2024-08-05,Animaux et articles pour animaux de compagnie,NORTH,35.996233238606045,36
2024-08-12,Animaux et articles pour animaux de compagnie,NORTH,28.995890823542474,29
2024-08-19,Animaux et articles pour animaux de compagnie,NORTH,33.996689952775135,34
2024-08-26,Animaux et articles pour animaux de compagnie,NORTH,38.99611908287565,39
2024-09-02,Animaux et articles pour animaux de compagnie,NORTH,35.99554836936943,36
2024-09-09,Animaux et articles pour animaux de compagnie,NORTH,33.99589090172422,34
2024-09-16,Animaux et articles pour animaux de compagnie,NORTH,30.996119174091913,31
2024-09-23,Animaux et articles pour animaux de compagnie,NORTH,37.99646161523789,38
2024-09-30,Animaux et articles pour animaux de compagnie,NORTH,40.99566248600225,41
2024-10-07,Animaux et articles pour animaux de compagnie,NORTH,27.99532011002286,28
2024-10-14,Animaux et articles pour animaux de compagnie,NORTH,39.996804173660216,40
2024-10-21,Animaux et articles pour animaux de compagnie,NORTH,27.995434135427526,28
2024-10-28,Animaux et articles pour animaux de compagnie,NORTH,17.99680416064356,18
2024-11-04,Animaux et articles pour animaux de compagnie,NORTH,24.99794556159592,25
2024-11-11,Animaux et articles pour animaux de compagnie,NORTH,41.99714634115444,42
2024-11-18,Animaux et articles pour animaux de compagnie,NORTH,33.99520578489743,34
2024-11-25,Animaux et articles pour animaux de compagnie,NORTH,39.99611925230192,40
2024-12-02,Animaux et articles pour animaux de compagnie,NORTH,27.995434213615226,28
2024-12-09,Animaux et articles pour animaux de compagnie,NORTH,29.996804160634635,30
2024-12-16,Animaux et articles pour animaux de compagnie,NORTH,31.996575692777608,32
2024-12-23,Animaux et articles pour animaux de compagnie,NORTH,25.996347407388804,26
2024-12-30,Animaux et articles pour animaux de compagnie,NORTH,23.997032367858047,28
2025-01-06,Animaux et articles pour animaux de compagnie,NORTH,-8.021300211972765,23
2025-01-13,Animaux et articles pour animaux de compagnie,NORTH,6.057081322401412,26
2025-01-20,Animaux et articles pour animaux de compagnie,NORTH,-7.206623125115279,23
2025-01-27,Animaux et articles pour animaux de compagnie,NORTH,10.863486193688075,31
2025-02-03,Animaux et articles pour animaux de compagnie,NORTH,-6.844937252278612,21
2025-02-10,Animaux et articles pour animaux de compagnie,NORTH,-9.313349111941225,22
2025-02-17,Animaux et articles pour animaux de compagnie,NORTH,7.017639639898764,28
2025-02-24,Animaux et articles pour animaux de compagnie,NORTH,2.2188606743551773,23
2025-03-03,Animaux et articles pour animaux de compagnie,NORTH,16.804436380665162,44
2025-03-10,Animaux et articles pour animaux de compagnie,NORTH,5.945388641244179,51
2025-03-17,Animaux et articles pour animaux de compagnie,NORTH,11.79648292510278,69
2025-03-24,Animaux et articles pour animaux de compagnie,NORTH,20.643769942516926,95
2025-03-31,Animaux et articles pour animaux de compagnie,NORTH,-12.123364102885205,91
2025-04-07,Animaux et articles pour animaux de compagnie,NORTH,-53.46763694249812,41
2025-04-14,Animaux et articles pour animaux de compagnie,NORTH,11.809661962534339,34
2025-04-21,Animaux et articles pour animaux de compagnie,NORTH,1.6366671505928316,29
2025-04-28,Animaux et articles pour animaux de compagnie,NORTH,11.118123965840937,32
2025-05-05,Animaux et articles pour animaux de compagnie,NORTH,-7.990715381796782,31
2025-05-12,Animaux et articles pour animaux de compagnie,NORTH,5.30559163592201,30
2025-05-19,Animaux et articles pour animaux de compagnie,NORTH,-2.8587817085814464,28
2025-05-26,Animaux et articles pour animaux de compagnie,NORTH,-12.459618942011886,24
2025-06-02,Animaux et articles pour animaux de compagnie,NORTH,1.7135454765446987,32
2025-06-09,Animaux et articles pour animaux de compagnie,NORTH,-8.923299944922128,35
2025-06-16,Animaux et articles pour animaux de compagnie,NORTH,-14.19190913783995,25
2025-06-23,Animaux et articles pour animaux de compagnie,NORTH,8.646945531746255,39
2025-06-30,Animaux et articles pour animaux de compagnie,NORTH,-11.65918438844404,32
2024-01-01,Animaux et articles pour animaux de compagnie,SOUTH,3.0,3
2024-01-08,Animaux et articles pour animaux de compagnie,SOUTH,11.0,11
2024-01-15,Animaux et articles pour animaux de compagnie,SOUTH,13.0,13
2024-01-22,Animaux et articles pour animaux de compagnie,SOUTH,20.0,20
2024-01-29,Animaux et articles pour animaux de compagnie,SOUTH,11.0,11
2024-02-05,Animaux et articles pour animaux de compagnie,SOUTH,15.0,15
2024-02-12,Animaux et articles pour animaux de compagnie,SOUTH,10.0,10
2024-02-19,Animaux et articles pour animaux de compagnie,SOUTH,13.0,13
2024-02-26,Animaux et articles pour animaux de compagnie,SOUTH,20.0,20
2024-03-04,Animaux et articles pour animaux de compagnie,SOUTH,23.0,23
2024-03-11,Animaux et articles pour animaux de compagnie,SOUTH,18.0,18
2024-03-18,Animaux et articles pour animaux de compagnie,SOUTH,23.0,23
2024-03-25,Animaux et articles pour animaux de compagnie,SOUTH,33.0,33
2024-04-01,Animaux et articles pour animaux de compagnie,SOUTH,45.0,45
2024-04-08,Animaux et articles pour animaux de compagnie,SOUTH,36.0,36
2024-04-15,Animaux et articles pour animaux de compagnie,SOUTH,26.0,26
2024-04-22,Animaux et articles pour animaux de compagnie,SOUTH,20.0,20
2024-04-29,Animaux et articles pour animaux de compagnie,SOUTH,14.0,14
2024-05-06,Animaux et articles pour animaux de compagnie,SOUTH,11.0,11
2024-05-13,Animaux et articles pour animaux de compagnie,SOUTH,14.0,14
2024-05-20,Animaux et articles pour animaux de compagnie,SOUTH,15.0,15
2024-05-27,Animaux et articles pour animaux de compagnie,SOUTH,19.0,19
2024-06-03,Animaux et articles pour animaux de compagnie,SOUTH,15.0,15
2024-06-10,Animaux et articles pour animaux de compagnie,SOUTH,25.0,25
2024-06-17,Animaux et articles pour animaux de compagnie,SOUTH,19.0,19
2024-06-24,Animaux et articles pour animaux de compagnie,SOUTH,25.0,25
2024-07-01,Animaux et articles pour animaux de compagnie,SOUTH,17.0,17
2024-07-08,Animaux et articles pour animaux de compagnie,SOUTH,19.0,19
2024-07-15,Animaux et articles pour animaux de compagnie,SOUTH,20.0,20
2024-07-22,Animaux et articles pour animaux de compagnie,SOUTH,19.0,19
2024-07-29,Animaux et articles pour animaux de compagnie,SOUTH,20.0,20
2024-08-05,Animaux et articles pour animaux de compagnie,SOUTH,20.0,20
2024-08-12,Animaux et articles pour animaux de compagnie,SOUTH,26.0,26
2024-08-19,Animaux et articles pour animaux de compagnie,SOUTH,17.0,17
2024-08-26,Animaux et articles pour animaux de compagnie,SOUTH,20.0,20
2024-09-02,Animaux et articles pour animaux de compagnie,SOUTH,23.0,23
2024-09-09,Animaux et articles pour animaux de compagnie,SOUTH,19.0,19
2024-09-16,Animaux et articles pour animaux de compagnie,SOUTH,24.0,24
2024-09-23,Animaux et articles pour animaux de compagnie,SOUTH,25.0,25
2024-09-30,Animaux et articles pour animaux de compagnie,SOUTH,22.0,22
2024-10-07,Animaux et articles pour animaux de compagnie,SOUTH,12.0,12
2024-10-14,Animaux et articles pour animaux de compagnie,SOUTH,16.0,16
2024-10-21,Animaux et articles pour animaux de compagnie,SOUTH,11.0,11
2024-10-28,Animaux et articles pour animaux de compagnie,SOUTH,16.0,16
2024-11-04,Animaux et articles pour animaux de compagnie,SOUTH,13.0,13
2024-11-11,Animaux et articles pour animaux de compagnie,SOUTH,17.0,17
2024-11-18,Animaux et articles pour animaux de compagnie,SOUTH,16.0,16
2024-11-25,Animaux et articles pour animaux de compagnie,SOUTH,22.0,22
2024-12-02,Animaux et articles pour animaux de compagnie,SOUTH,19.0,19
2024-12-09,Animaux et articles pour animaux de compagnie,SOUTH,14.0,14
2024-12-16,Animaux et articles pour animaux de compagnie,SOUTH,11.0,11
2024-12-23,Animaux et articles pour animaux de compagnie,SOUTH,19.0,19
2024-12-30,Animaux et articles pour animaux de compagnie,SOUTH,13.0,16
2025-01-06,Animaux et articles pour animaux de compagnie,SOUTH,5.0,16
2025-01-13,Animaux et articles pour animaux de compagnie,SOUTH,1.0,14
2025-01-20,Animaux et articles pour animaux de compagnie,SOUTH,-6.0,14
2025-01-27,Animaux et articles pour animaux de compagnie,SOUTH,6.0,17
2025-02-03,Animaux et articles pour animaux de compagnie,SOUTH,-2.9999999999999982,12
2025-02-10,Animaux et articles pour animaux de compagnie,SOUTH,9.0,19
2025-02-17,Animaux et articles pour animaux de compagnie,SOUTH,-5.0,8
2025-02-24,Animaux et articles pour animaux de compagnie,SOUTH,-12.0,8
2025-03-03,Animaux et articles pour animaux de compagnie,SOUTH,-4.9999999999999964,18
2025-03-10,Animaux et articles pour animaux de compagnie,SOUTH,16.0,34
2025-03-17,Animaux et articles pour animaux de compagnie,SOUTH,7.0000000000000036,30
2025-03-24,Animaux et articles pour animaux de compagnie,SOUTH,18.000000000000007,51
2025-03-31,Animaux et articles pour animaux de compagnie,SOUTH,0.0,45
2025-04-07,Animaux et articles pour animaux de compagnie,SOUTH,-19.0,17
2025-04-14,Animaux et articles pour animaux de compagnie,SOUTH,-12.0,14
2025-04-21,Animaux et articles pour animaux de compagnie,SOUTH,3.0,23
2025-04-28,Animaux et articles pour animaux de compagnie,SOUTH,9.0,23
2025-05-05,Animaux et articles pour animaux de compagnie,SOUTH,8.0,19
2025-05-12,Animaux et articles pour animaux de compagnie,SOUTH,4.0,18
2025-05-19,Animaux et articles pour animaux de compagnie,SOUTH,3.0000000000000018,18
2025-05-26,Animaux et articles pour animaux de compagnie,SOUTH,-1.9999999999999964,17
2025-06-02,Animaux et articles pour animaux de compagnie,SOUTH,5.000000000000002,20
2025-06-09,Animaux et articles pour animaux de compagnie,SOUTH,2.0,27
2025-06-16,Animaux et articles pour animaux de compagnie,SOUTH,11.000000000000004,30
2025-06-23,Animaux et articles pour animaux de compagnie,SOUTH,-9.0,16
2025-06-30,Animaux et articles pour animaux de compagnie,SOUTH,6.0,23
2024-01-01,Animaux et articles pour animaux de compagnie,WEST,5.0,5
2024-01-08,Animaux et articles pour animaux de compagnie,WEST,16.0,16
2024-01-15,Animaux et articles pour animaux de compagnie,WEST,21.999411475456572,22
2024-01-22,Animaux et articles pour animaux de compagnie,WEST,20.998381771150655,21
2024-01-29,Animaux et articles pour animaux de compagnie,WEST,17.998455404713827,18
2024-02-05,Animaux et articles pour animaux de compagnie,WEST,22.998676072771726,23
2024-02-12,Animaux et articles pour animaux de compagnie,WEST,12.998308267416158,13
2024-02-19,Animaux et articles pour animaux de compagnie,WEST,10.999043872718532,11
2024-02-26,Animaux et articles pour animaux de compagnie,WEST,17.99919093425849,18
2024-03-04,Animaux et articles pour animaux de compagnie,WEST,18.998676018667773,19
2024-03-11,Animaux et articles pour animaux de compagnie,WEST,28.9986024987191,29
2024-03-18,Animaux et articles pour animaux de compagnie,WEST,35.997866925879656,36
2024-03-25,Animaux et articles pour animaux de compagnie,WEST,43.997352075213605,44
2024-04-01,Animaux et articles pour animaux de compagnie,WEST,56.996763650486976,57
2024-04-08,Animaux et articles pour animaux de compagnie,WEST,57.99580744204858,58
2024-04-15,Animaux et articles pour animaux de compagnie,WEST,39.99573395456045,40
2024-04-22,Animaux et articles pour animaux de compagnie,WEST,12.997058000811373,13
2024-04-29,Animaux et articles pour animaux de compagnie,WEST,20.999043964685423,21
2024-05-06,Animaux et articles pour animaux de compagnie,WEST,12.998455356004312,13
2024-05-13,Animaux et articles pour animaux de compagnie,WEST,13.999043861899017,14
2024-05-20,Animaux et articles pour animaux de compagnie,WEST,16.99897026078506,17
2024-05-27,Animaux et articles pour animaux de compagnie,WEST,19.998749592724774,20
2024-06-03,Animaux et articles pour animaux de compagnie,WEST,21.998528935482415,22
2024-06-10,Animaux et articles pour animaux de compagnie,WEST,35.998381836064,36
2024-06-17,Animaux et articles pour animaux de compagnie,WEST,31.997352037337933,32
2024-06-24,Animaux et articles pour animaux de compagnie,WEST,29.997646344386652,30
2024-07-01,Animaux et articles pour animaux de compagnie,WEST,29.99779343838755,30
2024-07-08,Animaux et articles pour animaux de compagnie,WEST,24.997793427567636,25
2024-07-15,Animaux et articles pour animaux de compagnie,WEST,32.99816121669214,33
2024-07-22,Animaux et articles pour animaux de compagnie,WEST,24.99757272704044,25
2024-07-29,Animaux et articles pour animaux de compagnie,WEST,32.998161232926385,33
2024-08-05,Animaux et articles pour animaux de compagnie,WEST,27.997572727039245,28
2024-08-12,Animaux et articles pour animaux de compagnie,WEST,20.997940559452164,21
2024-08-19,Animaux et articles pour animaux de compagnie,WEST,14.998455437168401,15
2024-08-26,Animaux et articles pour animaux de compagnie,WEST,27.998896746243563,28
2024-09-02,Animaux et articles pour animaux de compagnie,WEST,28.997940462060193,29
2024-09-09,Animaux et articles pour animaux de compagnie,WEST,19.997866974577633,20
2024-09-16,Animaux et articles pour animaux de compagnie,WEST,21.998529000405885,22
2024-09-23,Animaux et articles pour animaux de compagnie,WEST,37.998381836059224,38
2024-09-30,Animaux et articles pour animaux de compagnie,WEST,24.997204921688454,25
2024-10-07,Animaux et articles pour animaux de compagnie,WEST,26.998161259981348,27
2024-10-14,Animaux et articles pour animaux de compagnie,WEST,10.998014073985702,11
2024-10-21,Animaux et articles pour animaux de compagnie,WEST,25.999191010008243,26
2024-10-28,Animaux et articles pour animaux de compagnie,WEST,17.99808755606427,18
2024-11-04,Animaux et articles pour animaux de compagnie,WEST,18.998676099829872,19
2024-11-11,Animaux et articles pour animaux de compagnie,WEST,14.998602498713133,15
2024-11-18,Animaux et articles pour animaux de compagnie,WEST,23.998896735426037,24
2024-11-25,Animaux et articles pour animaux de compagnie,WEST,19.99823469335995,20
2024-12-02,Animaux et articles pour animaux de compagnie,WEST,29.998528973357292,30
2024-12-09,Animaux et articles pour animaux de compagnie,WEST,19.99779337346328,20
2024-12-16,Animaux et articles pour animaux de compagnie,WEST,19.998529005819822,20
2024-12-23,Animaux et articles pour animaux de compagnie,WEST,17.99852895170831,18
2024-12-30,Animaux et articles pour animaux de compagnie,WEST,20.99867606736177,26
2025-01-06,Animaux et articles pour animaux de compagnie,WEST,-0.30781424683224756,26
2025-01-13,Animaux et articles pour animaux de compagnie,WEST,-4.8009420825360145,17
2025-01-20,Animaux et articles pour animaux de compagnie,WEST,9.452542844313498,27
2025-01-27,Animaux et articles pour animaux de compagnie,WEST,-6.1713623546369405,19
2025-02-03,Animaux et articles pour animaux de compagnie,WEST,-0.17320913313377417,18
2025-02-10,Animaux et articles pour animaux de compagnie,WEST,8.138003461059082,21
2025-02-17,Animaux et articles pour animaux de compagnie,WEST,-2.560315025637106,15
2025-02-24,Animaux et articles pour animaux de compagnie,WEST,2.0796949808600793,18
2025-03-03,Animaux et articles pour animaux de compagnie,WEST,6.302225441430032,27
2025-03-10,Animaux et articles pour animaux de compagnie,WEST,10.837952055518699,45
2025-03-17,Animaux et articles pour animaux de compagnie,WEST,8.102949313724984,53
2025-03-24,Animaux et articles pour animaux de compagnie,WEST,-0.6618662337564132,50
2025-03-31,Animaux et articles pour animaux de compagnie,WEST,-13.45529052553212,43
2025-04-07,Animaux et articles pour animaux de compagnie,WEST,-20.918793423127788,26
2025-04-14,Animaux et articles pour animaux de compagnie,WEST,-4.764116187380814,18
2025-04-21,Animaux et articles pour animaux de compagnie,WEST,14.926603443900527,24
2025-04-28,Animaux et articles pour animaux de compagnie,WEST,-8.305217065288353,25
2025-05-05,Animaux et articles pour animaux de compagnie,WEST,12.847670754077704,19
2025-05-12,Animaux et articles pour animaux de compagnie,WEST,-1.5939889414175568,23
2025-05-19,Animaux et articles pour animaux de compagnie,WEST,-0.6855326087710729,15
2025-05-26,Animaux et articles pour animaux de compagnie,WEST,-2.434656217405358,17
2025-06-02,Animaux et articles pour animaux de compagnie,WEST,6.0078707051834215,26
2025-06-09,Animaux et articles pour animaux de compagnie,WEST,-14.954820452380446,26
2025-06-16,Animaux et articles pour animaux de compagnie,WEST,4.333741337955196,24
2025-06-23,Animaux et articles pour animaux de compagnie,WEST,1.4257831551267586,35
2025-06-30,Animaux et articles pour animaux de compagnie,WEST,-20.175910585200892,11
2024-01-01,"Appareils photo, caméras et instruments d'optique",EAST,2.0,2
2024-01-08,"Appareils photo, caméras et instruments d'optique",EAST,5.0,5
2024-01-15,"Appareils photo, caméras et instruments d'optique",EAST,3.0,3
2024-01-22,"Appareils photo, caméras et instruments d'optique",EAST,2.0,2
2024-01-29,"Appareils photo, caméras et instruments d'optique",EAST,7.0,7
2024-02-05,"Appareils photo, caméras et instruments d'optique",EAST,3.0,3
2024-02-12,"Appareils photo, caméras et instruments d'optique",EAST,4.0,4
2024-02-19,"Appareils photo, caméras et instruments d'optique",EAST,4.0,4
2024-02-26,"Appareils photo, caméras et instruments d'optique",EAST,3.0,3
2024-03-04,"Appareils photo, caméras et instruments d'optique",EAST,8.0,8
2024-03-11,"Appareils photo, caméras et instruments d'optique",EAST,7.0,7
2024-03-18,"Appareils photo, caméras et instruments d'optique",EAST,16.0,16
2024-03-25,"Appareils photo, caméras et instruments d'optique",EAST,13.0,13
2024-04-01,"Appareils photo, caméras et instruments d'optique",EAST,16.0,16
2024-04-08,"Appareils photo, caméras et instruments d'optique",EAST,20.0,20
2024-04-15,"Appareils photo, caméras et instruments d'optique",EAST,11.0,11
2024-04-22,"Appareils photo, caméras et instruments d'optique",EAST,3.0,3
2024-04-29,"Appareils photo, caméras et instruments d'optique",EAST,3.0,3
2024-05-06,"Appareils photo, caméras et instruments d'optique",EAST,3.0,3
2024-05-13,"Appareils photo, caméras et instruments d'optique",EAST,6.0,6
2024-05-20,"Appareils photo, caméras et instruments d'optique",EAST,1.0,1
2024-05-27,"Appareils photo, caméras et instruments d'optique",EAST,2.0,2
2024-06-03,"Appareils photo, caméras et instruments d'optique",EAST,2.0,2
2024-06-10,"Appareils photo, caméras et instruments d'optique",EAST,8.0,8
2024-06-17,"Appareils photo, caméras et instruments d'optique",EAST,8.0,8
2024-06-24,"Appareils photo, caméras et instruments d'optique",EAST,4.0,4
2024-07-01,"Appareils photo, caméras et instruments d'optique",EAST,7.0,7
2024-07-08,"Appareils photo, caméras et instruments d'optique",EAST,14.0,14
2024-07-15,"Appareils photo, caméras et instruments d'optique",EAST,2.0,2
2024-07-22,"Appareils photo, caméras et instruments d'optique",EAST,5.0,5
2024-07-29,"Appareils photo, caméras et instruments d'optique",EAST,6.0,6
2024-08-05,"Appareils photo, caméras et instruments d'optique",EAST,7.0,7
2024-08-12,"Appareils photo, caméras et instruments d'optique",EAST,7.0,7
2024-08-19,"Appareils photo, caméras et instruments d'optique",EAST,8.0,8
2024-08-26,"Appareils photo, caméras et instruments d'optique",EAST,13.0,13
2024-09-02,"Appareils photo, caméras et instruments d'optique",EAST,3.0,3
2024-09-09,"Appareils photo, caméras et instruments d'optique",EAST,1.0,1
2024-09-16,"Appareils photo, caméras et instruments d'optique",EAST,8.0,8
2024-09-23,"Appareils photo, caméras et instruments d'optique",EAST,6.0,6
2024-09-30,"Appareils photo, caméras et instruments d'optique",EAST,8.0,8
2024-10-07,"Appareils photo, caméras et instruments d'optique",EAST,4.0,4
2024-10-14,"Appareils photo, caméras et instruments d'optique",EAST,3.0,3
2024-10-21,"Appareils photo, caméras et instruments d'optique",EAST,5.0,5
2024-10-28,"Appareils photo, caméras et instruments d'optique",EAST,1.0,1
2024-11-04,"Appareils photo, caméras et instruments d'optique",EAST,4.0,4
2024-11-11,"Appareils photo, caméras et instruments d'optique",EAST,3.0,3
2024-11-18,"Appareils photo, caméras et instruments d'optique",EAST,5.0,5
2024-11-25,"Appareils photo, caméras et instruments d'optique",EAST,6.0,6
2024-12-02,"Appareils photo, caméras et instruments d'optique",EAST,6.0,6
2024-12-09,"Appareils photo, caméras et instruments d'optique",EAST,2.0,2
2024-12-16,"Appareils photo, caméras et instruments d'optique",EAST,5.0,5
2024-12-23,"Appareils photo, caméras et instruments d'optique",EAST,6.0,6
2024-12-30,"Appareils photo, caméras et instruments d'optique",EAST,0.0,2
2025-01-06,"Appareils photo, caméras et instruments d'optique",EAST,-3.0,2
2025-01-13,"Appareils photo, caméras et instruments d'optique",EAST,-4.440892098500626e-16,3
2025-01-20,"Appareils photo, caméras et instruments d'optique",EAST,1.0,3
2025-01-27,"Appareils photo, caméras et instruments d'optique",EAST,-4.0,3
2025-02-03,"Appareils photo, caméras et instruments d'optique",EAST,5.0,8
2025-02-10,"Appareils photo, caméras et instruments d'optique",EAST,2.0,6
2025-02-17,"Appareils photo, caméras et instruments d'optique",EAST,-3.0,1
2025-02-24,"Appareils photo, caméras et instruments d'optique",EAST,0.9999999999999996,4
2025-03-03,"Appareils photo, caméras et instruments d'optique",EAST,-5.0,3
2025-03-10,"Appareils photo, caméras et instruments d'optique",EAST,8.0,15
2025-03-17,"Appareils photo, caméras et instruments d'optique",EAST,-4.0,12
2025-03-24,"Appareils photo, caméras et instruments d'optique",EAST,3.0,16
2025-03-31,"Appareils photo, caméras et instruments d'optique",EAST,2.0,18
2025-04-07,"Appareils photo, caméras et instruments d'optique",EAST,-16.0,4
2025-04-14,"Appareils photo, caméras et instruments d'optique",EAST,-7.000000000000002,4
2025-04-21,"Appareils photo, caméras et instruments d'optique",EAST,1.9999999999999996,5
2025-04-28,"Appareils photo, caméras et instruments d'optique",EAST,1.9999999999999996,5
2025-05-05,"Appareils photo, caméras et instruments d'optique",EAST,3.9999999999999996,7
2025-05-12,"Appareils photo, caméras et instruments d'optique",EAST,-3.000000000000001,3
2025-05-19,"Appareils photo, caméras et instruments d'optique",EAST,4.0,5
2025-05-26,"Appareils photo, caméras et instruments d'optique",EAST,3.0,5
2025-06-02,"Appareils photo, caméras et instruments d'optique",EAST,2.0,4
2025-06-09,"Appareils photo, caméras et instruments d'optique",EAST,4.0,12
2025-06-16,"Appareils photo, caméras et instruments d'optique",EAST,-3.0,5
2025-06-23,"Appareils photo, caméras et instruments d'optique",EAST,6.0,10
2025-06-30,"Appareils photo, caméras et instruments d'optique",EAST,-2.0,5
2024-01-08,"Appareils photo, caméras et instruments d'optique",NORTH,4.0,4
2024-01-15,"Appareils photo, caméras et instruments d'optique",NORTH,3.0,3
2024-01-22,"Appareils photo, caméras et instruments d'optique",NORTH,5.0,5
2024-01-29,"Appareils photo, caméras et instruments d'optique",NORTH,3.0,3
2024-02-05,"Appareils photo, caméras et instruments d'optique",NORTH,2.0,2
2024-02-12,"Appareils photo, caméras et instruments d'optique",NORTH,8.0,8
2024-02-19,"Appareils photo, caméras et instruments d'optique",NORTH,3.0,3
2024-02-26,"Appareils photo, caméras et instruments d'optique",NORTH,6.0,6
2024-03-04,"Appareils photo, caméras et instruments d'optique",NORTH,2.0,2
2024-03-11,"Appareils photo, caméras et instruments d'optique",NORTH,6.0,6
2024-03-18,"Appareils photo, caméras et instruments d'optique",NORTH,10.0,10
2024-03-25,"Appareils photo, caméras et instruments d'optique",NORTH,16.0,16
2024-04-01,"Appareils photo, caméras et instruments d'optique",NORTH,18.0,18
2024-04-08,"Appareils photo, caméras et instruments d'optique",NORTH,12.0,12
2024-04-15,"Appareils photo, caméras et instruments d'optique",NORTH,11.0,11
2024-04-22,"Appareils photo, caméras et instruments d'optique",NORTH,9.0,9
2024-04-29,"Appareils photo, caméras et instruments d'optique",NORTH,8.0,8
2024-05-06,"Appareils photo, caméras et instruments d'optique",NORTH,4.0,4
2024-05-13,"Appareils photo, caméras et instruments d'optique",NORTH,7.0,7
2024-05-20,"Appareils photo, caméras et instruments d'optique",NORTH,6.0,6
2024-05-27,"Appareils photo, caméras et instruments d'optique",NORTH,6.0,6
2024-06-03,"Appareils photo, caméras et instruments d'optique",NORTH,3.0,3
2024-06-10,"Appareils photo, caméras et instruments d'optique",NORTH,13.0,13
2024-06-17,"Appareils photo, caméras et instruments d'optique",NORTH,7.0,7
2024-06-24,"Appareils photo, caméras et instruments d'optique",NORTH,3.0,3
2024-07-01,"Appareils photo, caméras et instruments d'optique",NORTH,7.0,7
2024-07-08,"Appareils photo, caméras et instruments d'optique",NORTH,11.0,11
2024-07-15,"Appareils photo, caméras et instruments d'optique",NORTH,8.0,8
2024-07-22,"Appareils photo, caméras et instruments d'optique",NORTH,7.0,7
2024-07-29,"Appareils photo, caméras et instruments d'optique",NORTH,14.0,14
2024-08-05,"Appareils photo, caméras et instruments d'optique",NORTH,4.0,4
2024-08-12,"Appareils photo, caméras et instruments d'optique",NORTH,5.0,5
2024-08-19,"Appareils photo, caméras et instruments d'optique",NORTH,7.0,7
2024-08-26,"Appareils photo, caméras et instruments d'optique",NORTH,9.0,9
2024-09-02,"Appareils photo, caméras et instruments d'optique",NORTH,8.0,8
2024-09-09,"Appareils photo, caméras et instruments d'optique",NORTH,3.0,3
2024-09-16,"Appareils photo, caméras et instruments d'optique",NORTH,4.0,4
2024-09-23,"Appareils photo, caméras et instruments d'optique",NORTH,7.0,7
2024-09-30,"Appareils photo, caméras et instruments d'optique",NORTH,9.0,9
2024-10-07,"Appareils photo, caméras et instruments d'optique",NORTH,7.0,7
2024-10-14,"Appareils photo, caméras et instruments d'optique",NORTH,3.0,3
2024-10-21,"Appareils photo, caméras et instruments d'optique",NORTH,10.0,10
2024-10-28,"Appareils photo, caméras et instruments d'optique",NORTH,3.0,3
2024-11-04,"Appareils photo, caméras et instruments d'optique",NORTH,7.0,7
2024-11-11,"Appareils photo, caméras et instruments d'optique",NORTH,5.0,5
2024-11-18,"Appareils photo, caméras et instruments d'optique",NORTH,4.0,4
2024-11-25,"Appareils photo, caméras et instruments d'optique",NORTH,6.0,6
2024-12-02,"Appareils photo, caméras et instruments d'optique",NORTH,5.0,5
2024-12-09,"Appareils photo, caméras et instruments d'optique",NORTH,3.0,3
2024-12-16,"Appareils photo, caméras et instruments d'optique",NORTH,7.0,7
2024-12-23,"Appareils photo, caméras et instruments d'optique",NORTH,9.0,9
2024-12-30,"Appareils photo, caméras et instruments d'optique",NORTH,6.0,6
2025-01-06,"Appareils photo, caméras et instruments d'optique",NORTH,-2.0,2
2025-01-13,"Appareils photo, caméras et instruments d'optique",NORTH,7.0,10
2025-01-20,"Appareils photo, caméras et instruments d'optique",NORTH,-5.000000000000001,0
2025-01-27,"Appareils photo, caméras et instruments d'optique",NORTH,0.0,3
2025-02-03,"Appareils photo, caméras et instruments d'optique",NORTH,4.0,6
2025-02-10,"Appareils photo, caméras et instruments d'optique",NORTH,-3.0,5
2025-02-17,"Appareils photo, caméras et instruments d'optique",NORTH,0.0,3
2025-02-24,"Appareils photo, caméras et instruments d'optique",NORTH,-3.0,3
2025-03-03,"Appareils photo, caméras et instruments d'optique",NORTH,0.0,2
2025-03-10,"Appareils photo, caméras et instruments d'optique",NORTH,1.0,7
2025-03-17,"Appareils photo, caméras et instruments d'optique",NORTH,2.9999999999999982,13
2025-03-24,"Appareils photo, caméras et instruments d'optique",NORTH,1.0,17
2025-03-31,"Appareils photo, caméras et instruments d'optique",NORTH,-6.0,12
2025-04-07,"Appareils photo, caméras et instruments d'optique",NORTH,-7.0,5
2025-04-14,"Appareils photo, caméras et instruments d'optique",NORTH,-4.0,7
2025-04-21,"Appareils photo, caméras et instruments d'optique",NORTH,-7.0,2
2025-04-28,"Appareils photo, caméras et instruments d'optique",NORTH,-5.0,3
2025-05-05,"Appareils photo, caméras et instruments d'optique",NORTH,3.0,7
2025-05-12,"Appareils photo, caméras et instruments d'optique",NORTH,-6.0,1
2025-05-19,"Appareils photo, caméras et instruments d'optique",NORTH,-1.0,5
2025-05-26,"Appareils photo, caméras et instruments d'optique",NORTH,-3.0,3
2025-06-02,"Appareils photo, caméras et instruments d'optique",NORTH,3.0,6
2025-06-09,"Appareils photo, caméras et instruments d'optique",NORTH,-8.000000000000002,5
2025-06-16,"Appareils photo, caméras et instruments d'optique",NORTH,1.0,8
2025-06-23,"Appareils photo, caméras et instruments d'optique",NORTH,1.0,4
2025-06-30,"Appareils photo, caméras et instruments d'optique",NORTH,-4.0,3
2024-01-08,"Appareils photo, caméras et instruments d'optique",SOUTH,5.0,5
2024-01-15,"Appareils photo, caméras et instruments d'optique",SOUTH,3.0,3
2024-01-22,"Appareils photo, caméras et instruments d'optique",SOUTH,1.0,1
2024-01-29,"Appareils photo, caméras et instruments d'optique",SOUTH,3.0,3
2024-02-05,"Appareils photo, caméras et instruments d'optique",SOUTH,3.0,3
2024-02-12,"Appareils photo, caméras et instruments d'optique",SOUTH,0.0,0
2024-02-19,"Appareils photo, caméras et instruments d'optique",SOUTH,4.0,4
2024-02-26,"Appareils photo, caméras et instruments d'optique",SOUTH,3.0,3
2024-03-04,"Appareils photo, caméras et instruments d'optique",SOUTH,0.0,0
2024-03-11,"Appareils photo, caméras et instruments d'optique",SOUTH,7.0,7
2024-03-18,"Appareils photo, caméras et instruments d'optique",SOUTH,15.0,15
2024-03-25,"Appareils photo, caméras et instruments d'optique",SOUTH,5.0,5
2024-04-01,"Appareils photo, caméras et instruments d'optique",SOUTH,14.0,14
2024-04-08,"Appareils photo, caméras et instruments d'optique",SOUTH,14.0,14
2024-04-15,"Appareils photo, caméras et instruments d'optique",SOUTH,6.0,6
2024-04-22,"Appareils photo, caméras et instruments d'optique",SOUTH,1.0,1
2024-04-29,"Appareils photo, caméras et instruments d'optique",SOUTH,5.0,5
2024-05-06,"Appareils photo, caméras et instruments d'optique",SOUTH,1.0,1
2024-05-13,"Appareils photo, caméras et instruments d'optique",SOUTH,6.0,6
2024-05-20,"Appareils photo, caméras et instruments d'optique",SOUTH,2.0,2
2024-05-27,"Appareils photo, caméras et instruments d'optique",SOUTH,2.0,2
2024-06-03,"Appareils photo, caméras et instruments d'optique",SOUTH,2.0,2
2024-06-10,"Appareils photo, caméras et instruments d'optique",SOUTH,4.0,4
2024-06-17,"Appareils photo, caméras et instruments d'optique",SOUTH,6.0,6
2024-06-24,"Appareils photo, caméras et instruments d'optique",SOUTH,5.0,5
2024-07-01,"Appareils photo, caméras et instruments d'optique",SOUTH,4.0,4
2024-07-08,"Appareils photo, caméras et instruments d'optique",SOUTH,2.0,2
2024-07-15,"Appareils photo, caméras et instruments d'optique",SOUTH,5.0,5
2024-07-22,"Appareils photo, caméras et instruments d'optique",SOUTH,11.0,11
2024-07-29,"Appareils photo, caméras et instruments d'optique",SOUTH,1.0,1
2024-08-05,"Appareils photo, caméras et instruments d'optique",SOUTH,1.0,1
2024-08-12,"Appareils photo, caméras et instruments d'optique",SOUTH,5.0,5
2024-08-19,"Appareils photo, caméras et instruments d'optique",SOUTH,6.0,6
2024-08-26,"Appareils photo, caméras et instruments d'optique",SOUTH,4.0,4
2024-09-02,"Appareils photo, caméras et instruments d'optique",SOUTH,2.0,2
2024-09-09,"Appareils photo, caméras et instruments d'optique",SOUTH,7.0,7
2024-09-16,"Appareils photo, caméras et instruments d'optique",SOUTH,8.0,8
2024-09-23,"Appareils photo, caméras et instruments d'optique",SOUTH,6.0,6
2024-09-30,"Appareils photo, caméras et instruments d'optique",SOUTH,2.0,2
2024-10-07,"Appareils photo, caméras et instruments d'optique",SOUTH,6.0,6
2024-10-14,"Appareils photo, caméras et instruments d'optique",SOUTH,2.0,2
2024-10-21,"Appareils photo, caméras et instruments d'optique",SOUTH,3.0,3
2024-10-28,"Appareils photo, caméras et instruments d'optique",SOUTH,4.0,4
2024-11-04,"Appareils photo, caméras et instruments d'optique",SOUTH,0.0,0
2024-11-11,"Appareils photo, caméras et instruments d'optique",SOUTH,4.0,4
2024-11-18,"Appareils photo, caméras et instruments d'optique",SOUTH,3.0,3
2024-11-25,"Appareils photo, caméras et instruments d'optique",SOUTH,3.0,3
2024-12-02,"Appareils photo, caméras et instruments d'optique",SOUTH,4.0,4
2024-12-09,"Appareils photo, caméras et instruments d'optique",SOUTH,5.0,5
2024-12-16,"Appareils photo, caméras et instruments d'optique",SOUTH,4.0,4
2024-12-23,"Appareils photo, caméras et instruments d'optique",SOUTH,5.0,5
2024-12-30,"Appareils photo, caméras et instruments d'optique",SOUTH,5.0,5
2025-01-06,"Appareils photo, caméras et instruments d'optique",SOUTH,-3.0,2
2025-01-13,"Appareils photo, caméras et instruments d'optique",SOUTH,-2.0,1
2025-01-20,"Appareils photo, caméras et instruments d'optique",SOUTH,1.0,2
2025-01-27,"Appareils photo, caméras et instruments d'optique",SOUTH,1.0,4
2025-02-03,"Appareils photo, caméras et instruments d'optique",SOUTH,-3.0,0
2025-02-10,"Appareils photo, caméras et instruments d'optique",SOUTH,3.0,3
2025-02-17,"Appareils photo, caméras et instruments d'optique",SOUTH,2.0000000000000004,6
2025-02-24,"Appareils photo, caméras et instruments d'optique",SOUTH,1.0,4
2025-03-03,"Appareils photo, caméras et instruments d'optique",SOUTH,2.0,2
2025-03-10,"Appareils photo, caméras et instruments d'optique",SOUTH,-0.9999999999999991,6
2025-03-17,"Appareils photo, caméras et instruments d'optique",SOUTH,-7.999999999999998,7
2025-03-24,"Appareils photo, caméras et instruments d'optique",SOUTH,3.000000000000001,8
2025-03-31,"Appareils photo, caméras et instruments d'optique",SOUTH,-2.9999999999999982,11
2025-04-07,"Appareils photo, caméras et instruments d'optique",SOUTH,-11.999999999999998,2
2025-04-14,"Appareils photo, caméras et instruments d'optique",SOUTH,-3.0,3
2025-04-21,"Appareils photo, caméras et instruments d'optique",SOUTH,-0.9999999999999999,0
2025-04-28,"Appareils photo, caméras et instruments d'optique",SOUTH,-2.999999999999999,2
2025-05-05,"Appareils photo, caméras et instruments d'optique",SOUTH,3.0,4
2025-05-12,"Appareils photo, caméras et instruments d'optique",SOUTH,-2.0,4
2025-05-19,"Appareils photo, caméras et instruments d'optique",SOUTH,1.0000000000000002,3
2025-05-26,"Appareils photo, caméras et instruments d'optique",SOUTH,1.0000000000000002,3
2025-06-02,"Appareils photo, caméras et instruments d'optique",SOUTH,4.0,6
2025-06-09,"Appareils photo, caméras et instruments d'optique",SOUTH,4.440892098500626e-16,4
2025-06-16,"Appareils photo, caméras et instruments d'optique",SOUTH,-3.0,3
2025-06-23,"Appareils photo, caméras et instruments d'optique",SOUTH,8.881784197001252e-16,5
2025-06-30,"Appareils photo, caméras et instruments d'optique",SOUTH,-0.9999999999999996,3
2024-01-01,"Appareils photo, caméras et instruments d'optique",WEST,1.0,1
2024-01-08,"Appareils photo, caméras et instruments d'optique",WEST,2.0,2
2024-01-15,"Appareils photo, caméras et instruments d'optique",WEST,7.0,7
2024-01-22,"Appareils photo, caméras et instruments d'optique",WEST,4.0,4
2024-01-29,"Appareils photo, caméras et instruments d'optique",WEST,3.0,3
2024-02-05,"Appareils photo, caméras et instruments d'optique",WEST,8.0,8
2024-02-12,"Appareils photo, caméras et instruments d'optique",WEST,3.0,3
2024-02-19,"Appareils photo, caméras et instruments d'optique",WEST,2.0,2
2024-02-26,"Appareils photo, caméras et instruments d'optique",WEST,0.0,0
2024-03-04,"Appareils photo, caméras et instruments d'optique",WEST,5.0,5
2024-03-11,"Appareils photo, caméras et instruments d'optique",WEST,5.0,5
2024-03-18,"Appareils photo, caméras et instruments d'optique",WEST,9.0,9
2024-03-25,"Appareils photo, caméras et instruments d'optique",WEST,10.0,10
2024-04-01,"Appareils photo, caméras et instruments d'optique",WEST,8.0,8
2024-04-08,"Appareils photo, caméras et instruments d'optique",WEST,12.0,12
2024-04-15,"Appareils photo, caméras et instruments d'optique",WEST,5.0,5
2024-04-22,"Appareils photo, caméras et instruments d'optique",WEST,5.0,5
2024-04-29,"Appareils photo, caméras et instruments d'optique",WEST,2.0,2
2024-05-06,"Appareils photo, caméras et instruments d'optique",WEST,5.0,5
2024-05-13,"Appareils photo, caméras et instruments d'optique",WEST,2.0,2
2024-05-20,"Appareils photo, caméras et instruments d'optique",WEST,3.0,3
2024-05-27,"Appareils photo, caméras et instruments d'optique",WEST,2.0,2
2024-06-03,"Appareils photo, caméras et instruments d'optique",WEST,4.0,4
2024-06-10,"Appareils photo, caméras et instruments d'optique",WEST,4.0,4
2024-06-17,"Appareils photo, caméras et instruments d'optique",WEST,5.0,5
2024-06-24,"Appareils photo, caméras et instruments d'optique",WEST,2.0,2
2024-07-01,"Appareils photo, caméras et instruments d'optique",WEST,8.0,8
2024-07-08,"Appareils photo, caméras et instruments d'optique",WEST,3.0,3
2024-07-15,"Appareils photo, caméras et instruments d'optique",WEST,1.0,1
2024-07-22,"Appareils photo, caméras et instruments d'optique",WEST,2.0,2
2024-07-29,"Appareils photo, caméras et instruments d'optique",WEST,3.0,3
2024-08-05,"Appareils photo, caméras et instruments d'optique",WEST,3.0,3
2024-08-12,"Appareils photo, caméras et instruments d'optique",WEST,4.0,4
2024-08-19,"Appareils photo, caméras et instruments d'optique",WEST,7.0,7
2024-08-26,"Appareils photo, caméras et instruments d'optique",WEST,5.0,5
2024-09-02,"Appareils photo, caméras et instruments d'optique",WEST,3.0,3
2024-09-09,"Appareils photo, caméras et instruments d'optique",WEST,5.0,5
2024-09-16,"Appareils photo, caméras et instruments d'optique",WEST,6.0,6
2024-09-23,"Appareils photo, caméras et instruments d'optique",WEST,4.0,4
2024-09-30,"Appareils photo, caméras et instruments d'optique",WEST,2.0,2
2024-10-07,"Appareils photo, caméras et instruments d'optique",WEST,4.0,4
2024-10-14,"Appareils photo, caméras et instruments d'optique",WEST,1.0,1
2024-10-21,"Appareils photo, caméras et instruments d'optique",WEST,5.0,5
2024-10-28,"Appareils photo, caméras et instruments d'optique",WEST,2.0,2
2024-11-04,"Appareils photo, caméras et instruments d'optique",WEST,2.0,2
2024-11-11,"Appareils photo, caméras et instruments d'optique",WEST,4.0,4
2024-11-18,"Appareils photo, caméras et instruments d'optique",WEST,4.0,4
2024-11-25,"Appareils photo, caméras et instruments d'optique",WEST,4.0,4
2024-12-02,"Appareils photo, caméras et instruments d'optique",WEST,3.0,3
2024-12-09,"Appareils photo, caméras et instruments d'optique",WEST,4.0,4
2024-12-16,"Appareils photo, caméras et instruments d'optique",WEST,6.0,6
2024-12-23,"Appareils photo, caméras et instruments d'optique",WEST,4.0,4
2024-12-30,"Appareils photo, caméras et instruments d'optique",WEST,0.0,1
2025-01-06,"Appareils photo, caméras et instruments d'optique",WEST,5.0,7
2025-01-13,"Appareils photo, caméras et instruments d'optique",WEST,-4.999999999999999,2
2025-01-20,"Appareils photo, caméras et instruments d'optique",WEST,2.0000000000000004,6
2025-01-27,"Appareils photo, caméras et instruments d'optique",WEST,1.0,4
2025-02-03,"Appareils photo, caméras et instruments d'optique",WEST,-6.999999999999999,1
2025-02-10,"Appareils photo, caméras et instruments d'optique",WEST,0.0,3
2025-02-17,"Appareils photo, caméras et instruments d'optique",WEST,2.220446049250313e-16,2
2025-02-24,"Appareils photo, caméras et instruments d'optique",WEST,2.0,2
2025-03-03,"Appareils photo, caméras et instruments d'optique",WEST,-0.9999999999999991,4
2025-03-10,"Appareils photo, caméras et instruments d'optique",WEST,6.000000000000001,11
2025-03-17,"Appareils photo, caméras et instruments d'optique",WEST,-1.0,8
2025-03-24,"Appareils photo, caméras et instruments d'optique",WEST,2.0000000000000018,12
2025-03-31,"Appareils photo, caméras et instruments d'optique",WEST,-2.999999999999999,5
2025-04-07,"Appareils photo, caméras et instruments d'optique",WEST,-8.0,4
2025-04-14,"Appareils photo, caméras et instruments d'optique",WEST,-1.9999999999999991,3
2025-04-21,"Appareils photo, caméras et instruments d'optique",WEST,2.000000000000001,7
2025-04-28,"Appareils photo, caméras et instruments d'optique",WEST,5.0,7
2025-05-05,"Appareils photo, caméras et instruments d'optique",WEST,-2.999999999999999,2
2025-05-12,"Appareils photo, caméras et instruments d'optique",WEST,1.0000000000000002,3
2025-05-19,"Appareils photo, caméras et instruments d'optique",WEST,-2.0,1
2025-05-26,"Appareils photo, caméras et instruments d'optique",WEST,5.0,7
2025-06-02,"Appareils photo, caméras et instruments d'optique",WEST,4.440892098500626e-16,4
2025-06-09,"Appareils photo, caméras et instruments d'optique",WEST,-2.9999999999999996,1
2025-06-16,"Appareils photo, caméras et instruments d'optique",WEST,-3.999999999999999,1
2025-06-23,"Appareils photo, caméras et instruments d'optique",WEST,3.0,5
2025-06-30,"Appareils photo, caméras et instruments d'optique",WEST,-4.999999999999999,3
2024-01-01,Appareils électroniques,EAST,5.0,5
2024-01-08,Appareils électroniques,EAST,21.0,21
2024-01-15,Appareils électroniques,EAST,29.0,29
2024-01-22,Appareils électroniques,EAST,29.0,29
2024-01-29,Appareils électroniques,EAST,32.0,32
2024-02-05,Appareils électroniques,EAST,31.0,31
2024-02-12,Appareils électroniques,EAST,20.0,20
2024-02-19,Appareils électroniques,EAST,36.0,36
2024-02-26,Appareils électroniques,EAST,23.0,23
2024-03-04,Appareils électroniques,EAST,29.0,29
2024-03-11,Appareils électroniques,EAST,39.0,39
2024-03-18,Appareils électroniques,EAST,82.0,82
2024-03-25,Appareils électroniques,EAST,76.0,76
2024-04-01,Appareils électroniques,EAST,106.0,106
2024-04-08,Appareils électroniques,EAST,116.0,116
2024-04-15,Appareils électroniques,EAST,59.0,59
2024-04-22,Appareils électroniques,EAST,34.0,34
2024-04-29,Appareils électroniques,EAST,33.0,33
2024-05-06,Appareils électroniques,EAST,35.0,35
2024-05-13,Appareils électroniques,EAST,30.0,30
2024-05-20,Appareils électroniques,EAST,30.0,30
2024-05-27,Appareils électroniques,EAST,37.0,37
2024-06-03,Appareils électroniques,EAST,51.0,51
2024-06-10,Appareils électroniques,EAST,46.0,46
2024-06-17,Appareils électroniques,EAST,48.0,48
2024-06-24,Appareils électroniques,EAST,43.0,43
2024-07-01,Appareils électroniques,EAST,46.0,46
2024-07-08,Appareils électroniques,EAST,40.0,40
2024-07-15,Appareils électroniques,EAST,51.0,51
2024-07-22,Appareils électroniques,EAST,43.0,43
2024-07-29,Appareils électroniques,EAST,36.0,36
2024-08-05,Appareils électroniques,EAST,56.0,56
2024-08-12,Appareils électroniques,EAST,46.0,46
2024-08-19,Appareils électroniques,EAST,54.0,54
2024-08-26,Appareils électroniques,EAST,40.0,40
2024-09-02,Appareils électroniques,EAST,46.0,46
2024-09-09,Appareils électroniques,EAST,54.0,54
2024-09-16,Appareils électroniques,EAST,50.0,50
2024-09-23,Appareils électroniques,EAST,49.0,49
2024-09-30,Appareils électroniques,EAST,42.0,42
2024-10-07,Appareils électroniques,EAST,30.0,30
2024-10-14,Appareils électroniques,EAST,33.0,33
2024-10-21,Appareils électroniques,EAST,28.0,28
2024-10-28,Appareils électroniques,EAST,28.0,28
2024-11-04,Appareils électroniques,EAST,41.0,41
2024-11-11,Appareils électroniques,EAST,31.0,31
2024-11-18,Appareils électroniques,EAST,36.0,36
2024-11-25,Appareils électroniques,EAST,34.0,34
2024-12-02,Appareils électroniques,EAST,29.0,29
2024-12-09,Appareils électroniques,EAST,33.0,33
2024-12-16,Appareils électroniques,EAST,39.0,39
2024-12-23,Appareils électroniques,EAST,27.0,27
2024-12-30,Appareils électroniques,EAST,40.0,45
2025-01-06,Appareils électroniques,EAST,10.0,31
2025-01-13,Appareils électroniques,EAST,-7.0,22
2025-01-20,Appareils électroniques,EAST,-3.0,26
2025-01-27,Appareils électroniques,EAST,-11.0,21
2025-02-03,Appareils électroniques,EAST,5.9999999999999964,37
2025-02-10,Appareils électroniques,EAST,15.000000000000004,35
2025-02-17,Appareils électroniques,EAST,-4.0,32
2025-02-24,Appareils électroniques,EAST,8.0,31
2025-03-03,Appareils électroniques,EAST,21.0,50
2025-03-10,Appareils électroniques,EAST,46.0,85
2025-03-17,Appareils électroniques,EAST,-5.000000000000014,77
2025-03-24,Appareils électroniques,EAST,39.0,115
2025-03-31,Appareils électroniques,EAST,-21.000000000000014,85
2025-04-07,Appareils électroniques,EAST,-81.0,35
2025-04-14,Appareils électroniques,EAST,-28.0,31
2025-04-21,Appareils électroniques,EAST,-8.0,26
2025-04-28,Appareils électroniques,EAST,10.0,43
2025-05-05,Appareils électroniques,EAST,0.0,35
2025-05-12,Appareils électroniques,EAST,1.0000000000000036,31
2025-05-19,Appareils électroniques,EAST,4.0000000000000036,34
2025-05-26,Appareils électroniques,EAST,4.0,41
2025-06-02,Appareils électroniques,EAST,-15.0,36
2025-06-09,Appareils électroniques,EAST,-3.0,43
2025-06-16,Appareils électroniques,EAST,-7.0,41
2025-06-23,Appareils électroniques,EAST,20.000000000000007,63
2025-06-30,Appareils électroniques,EAST,-3.0,43
2024-01-01,Appareils électroniques,NORTH,9.0,9
2024-01-08,Appareils électroniques,NORTH,41.0,41
2024-01-15,Appareils électroniques,NORTH,35.0,35
2024-01-22,Appareils électroniques,NORTH,27.0,27
2024-01-29,Appareils électroniques,NORTH,46.0,46
2024-02-05,Appareils électroniques,NORTH,35.0,35
2024-02-12,Appareils électroniques,NORTH,37.0,37
2024-02-19,Appareils électroniques,NORTH,30.0,30
2024-02-26,Appareils électroniques,NORTH,34.0,34
2024-03-04,Appareils électroniques,NORTH,31.0,31
2024-03-11,Appareils électroniques,NORTH,39.0,39
2024-03-18,Appareils électroniques,NORTH,70.0,70
2024-03-25,Appareils électroniques,NORTH,83.0,83
2024-04-01,Appareils électroniques,NORTH,97.0,97
2024-04-08,Appareils électroniques,NORTH,108.0,108
2024-04-15,Appareils électroniques,NORTH,60.0,60
2024-04-22,Appareils électroniques,NORTH,34.0,34
2024-04-29,Appareils électroniques,NORTH,37.0,37
2024-05-06,Appareils électroniques,NORTH,28.0,28
2024-05-13,Appareils électroniques,NORTH,34.0,34
2024-05-20,Appareils électroniques,NORTH,36.0,36
2024-05-27,Appareils électroniques,NORTH,31.0,31
2024-06-03,Appareils électroniques,NORTH,46.0,46
2024-06-10,Appareils électroniques,NORTH,44.0,44
2024-06-17,Appareils électroniques,NORTH,47.0,47
2024-06-24,Appareils électroniques,NORTH,44.0,44
2024-07-01,Appareils électroniques,NORTH,41.0,41
2024-07-08,Appareils électroniques,NORTH,45.0,45
2024-07-15,Appareils électroniques,NORTH,45.0,45
2024-07-22,Appareils électroniques,NORTH,45.0,45
2024-07-29,Appareils électroniques,NORTH,45.0,45
2024-08-05,Appareils électroniques,NORTH,39.0,39
2024-08-12,Appareils électroniques,NORTH,45.0,45
2024-08-19,Appareils électroniques,NORTH,44.0,44
2024-08-26,Appareils électroniques,NORTH,49.0,49
2024-09-02,Appareils électroniques,NORTH,51.0,51
2024-09-09,Appareils électroniques,NORTH,47.0,47
2024-09-16,Appareils électroniques,NORTH,36.0,36
2024-09-23,Appareils électroniques,NORTH,39.0,39
2024-09-30,Appareils électroniques,NORTH,45.0,45
2024-10-07,Appareils électroniques,NORTH,38.0,38
2024-10-14,Appareils électroniques,NORTH,39.0,39
2024-10-21,Appareils électroniques,NORTH,31.0,31
2024-10-28,Appareils électroniques,NORTH,43.0,43
2024-11-04,Appareils électroniques,NORTH,43.0,43
2024-11-11,Appareils électroniques,NORTH,38.0,38
2024-11-18,Appareils électroniques,NORTH,33.0,33
2024-11-25,Appareils électroniques,NORTH,33.0,33
2024-12-02,Appareils électroniques,NORTH,32.0,32
2024-12-09,Appareils électroniques,NORTH,36.0,36
2024-12-16,Appareils électroniques,NORTH,38.0,38
2024-12-23,Appareils électroniques,NORTH,28.0,28
2024-12-30,Appareils électroniques,NORTH,34.0,43
2025-01-06,Appareils électroniques,NORTH,-5.0,36
2025-01-13,Appareils électroniques,NORTH,3.000000000000007,38
2025-01-20,Appareils électroniques,NORTH,12.000000000000004,39
2025-01-27,Appareils électroniques,NORTH,-20.999999999999993,25
2025-02-03,Appareils électroniques,NORTH,-2.999999999999993,32
2025-02-10,Appareils électroniques,NORTH,-5.999999999999993,31
2025-02-17,Appareils électroniques,NORTH,5.0,35
2025-02-24,Appareils électroniques,NORTH,-8.0,26
2025-03-03,Appareils électroniques,NORTH,3.0000000000000036,34
2025-03-10,Appareils électroniques,NORTH,14.000000000000007,53
2025-03-17,Appareils électroniques,NORTH,8.000000000000014,78
2025-03-24,Appareils électroniques,NORTH,8.0,91
2025-03-31,Appareils électroniques,NORTH,-14.999999999999986,82
2025-04-07,Appareils électroniques,NORTH,-70.99999999999999,37
2025-04-14,Appareils électroniques,NORTH,-32.0,28
2025-04-21,Appareils électroniques,NORTH,-3.0,31
2025-04-28,Appareils électroniques,NORTH,6.000000000000007,43
2025-05-05,Appareils électroniques,NORTH,3.0,31
2025-05-12,Appareils électroniques,NORTH,2.0,36
2025-05-19,Appareils électroniques,NORTH,-0.9999999999999929,35
2025-05-26,Appareils électroniques,NORTH,16.000000000000004,47
2025-06-02,Appareils électroniques,NORTH,-14.999999999999993,31
2025-06-09,Appareils électroniques,NORTH,2.0,46
2025-06-16,Appareils électroniques,NORTH,-7.0,40
2025-06-23,Appareils électroniques,NORTH,2.0,46
2025-06-30,Appareils électroniques,NORTH,4.0,45
2024-01-01,Appareils électroniques,SOUTH,6.0,6
2024-01-08,Appareils électroniques,SOUTH,18.0,18
2024-01-15,Appareils électroniques,SOUTH,16.0,16
2024-01-22,Appareils électroniques,SOUTH,18.0,18
2024-01-29,Appareils électroniques,SOUTH,15.0,15
2024-02-05,Appareils électroniques,SOUTH,12.0,12
2024-02-12,Appareils électroniques,SOUTH,11.0,11
2024-02-19,Appareils électroniques,SOUTH,12.0,12
2024-02-26,Appareils électroniques,SOUTH,22.0,22
2024-03-04,Appareils électroniques,SOUTH,18.0,18
2024-03-11,Appareils électroniques,SOUTH,26.0,26
2024-03-18,Appareils électroniques,SOUTH,47.0,47
2024-03-25,Appareils électroniques,SOUTH,50.0,50
2024-04-01,Appareils électroniques,SOUTH,76.0,76
2024-04-08,Appareils électroniques,SOUTH,61.0,61
2024-04-15,Appareils électroniques,SOUTH,38.0,38
2024-04-22,Appareils électroniques,SOUTH,19.0,19
2024-04-29,Appareils électroniques,SOUTH,18.0,18
2024-05-06,Appareils électroniques,SOUTH,20.0,20
2024-05-13,Appareils électroniques,SOUTH,27.0,27
2024-05-20,Appareils électroniques,SOUTH,23.0,23
2024-05-27,Appareils électroniques,SOUTH,17.0,17
2024-06-03,Appareils électroniques,SOUTH,27.0,27
2024-06-10,Appareils électroniques,SOUTH,22.0,22
2024-06-17,Appareils électroniques,SOUTH,27.0,27
2024-06-24,Appareils électroniques,SOUTH,21.0,21
2024-07-01,Appareils électroniques,SOUTH,18.0,18
2024-07-08,Appareils électroniques,SOUTH,24.0,24
2024-07-15,Appareils électroniques,SOUTH,22.0,22
2024-07-22,Appareils électroniques,SOUTH,24.0,24
2024-07-29,Appareils électroniques,SOUTH,29.0,29
2024-08-05,Appareils électroniques,SOUTH,29.0,29
2024-08-12,Appareils électroniques,SOUTH,26.0,26
2024-08-19,Appareils électroniques,SOUTH,27.0,27
2024-08-26,Appareils électroniques,SOUTH,25.0,25
2024-09-02,Appareils électroniques,SOUTH,22.0,22
2024-09-09,Appareils électroniques,SOUTH,28.0,28
2024-09-16,Appareils électroniques,SOUTH,26.0,26
2024-09-23,Appareils électroniques,SOUTH,27.0,27
2024-09-30,Appareils électroniques,SOUTH,34.0,34
2024-10-07,Appareils électroniques,SOUTH,22.0,22
2024-10-14,Appareils électroniques,SOUTH,14.0,14
2024-10-21,Appareils électroniques,SOUTH,15.0,15
2024-10-28,Appareils électroniques,SOUTH,15.0,15
2024-11-04,Appareils électroniques,SOUTH,20.0,20
2024-11-11,Appareils électroniques,SOUTH,11.0,11
2024-11-18,Appareils électroniques,SOUTH,20.0,20
2024-11-25,Appareils électroniques,SOUTH,23.0,23
2024-12-02,Appareils électroniques,SOUTH,16.0,16
2024-12-09,Appareils électroniques,SOUTH,22.0,22
2024-12-16,Appareils électroniques,SOUTH,26.0,26
2024-12-23,Appareils électroniques,SOUTH,16.0,16
2024-12-30,Appareils électroniques,SOUTH,11.0,17
2025-01-06,Appareils électroniques,SOUTH,0.0,18
2025-01-13,Appareils électroniques,SOUTH,-1.0,15
2025-01-20,Appareils électroniques,SOUTH,3.0,21
2025-01-27,Appareils électroniques,SOUTH,-0.9999999999999982,14
2025-02-03,Appareils électroniques,SOUTH,14.0,26
2025-02-10,Appareils électroniques,SOUTH,6.0,17
2025-02-17,Appareils électroniques,SOUTH,8.0,20
2025-02-24,Appareils électroniques,SOUTH,1.0,23
2025-03-03,Appareils électroniques,SOUTH,8.0,26
2025-03-10,Appareils électroniques,SOUTH,22.000000000000004,48
2025-03-17,Appareils électroniques,SOUTH,-9.0,38
2025-03-24,Appareils électroniques,SOUTH,12.0,62
2025-03-31,Appareils électroniques,SOUTH,-18.0,58
2025-04-07,Appareils électroniques,SOUTH,-40.99999999999999,20
2025-04-14,Appareils électroniques,SOUTH,-17.0,21
2025-04-21,Appareils électroniques,SOUTH,2.0,21
2025-04-28,Appareils électroniques,SOUTH,8.0,26
2025-05-05,Appareils électroniques,SOUTH,1.0,21
2025-05-12,Appareils électroniques,SOUTH,-14.999999999999996,12
2025-05-19,Appareils électroniques,SOUTH,-8.999999999999996,14
2025-05-26,Appareils électroniques,SOUTH,4.0,21
2025-06-02,Appareils électroniques,SOUTH,1.0000000000000036,28
2025-06-09,Appareils électroniques,SOUTH,3.0,25
2025-06-16,Appareils électroniques,SOUTH,-0.9999999999999964,26
2025-06-23,Appareils électroniques,SOUTH,-1.0000000000000036,20
2025-06-30,Appareils électroniques,SOUTH,15.0,33
2024-01-01,Appareils électroniques,WEST,3.0,3
2024-01-08,Appareils électroniques,WEST,21.0,21
2024-01-15,Appareils électroniques,WEST,23.0,23
2024-01-22,Appareils électroniques,WEST,21.0,21
2024-01-29,Appareils électroniques,WEST,17.0,17
2024-02-05,Appareils électroniques,WEST,19.0,19
2024-02-12,Appareils électroniques,WEST,18.0,18
2024-02-19,Appareils électroniques,WEST,19.0,19
2024-02-26,Appareils électroniques,WEST,16.0,16
2024-03-04,Appareils électroniques,WEST,23.0,23
2024-03-11,Appareils électroniques,WEST,23.0,23
2024-03-18,Appareils électroniques,WEST,47.0,47
2024-03-25,Appareils électroniques,WEST,55.0,55
2024-04-01,Appareils électroniques,WEST,70.0,70
2024-04-08,Appareils électroniques,WEST,89.0,89
2024-04-15,Appareils électroniques,WEST,36.0,36
2024-04-22,Appareils électroniques,WEST,27.0,27
2024-04-29,Appareils électroniques,WEST,18.0,18
2024-05-06,Appareils électroniques,WEST,24.0,24
2024-05-13,Appareils électroniques,WEST,17.0,17
2024-05-20,Appareils électroniques,WEST,25.0,25
2024-05-27,Appareils électroniques,WEST,26.0,26
2024-06-03,Appareils électroniques,WEST,23.0,23
2024-06-10,Appareils électroniques,WEST,28.0,28
2024-06-17,Appareils électroniques,WEST,28.0,28
2024-06-24,Appareils électroniques,WEST,23.0,23
2024-07-01,Appareils électroniques,WEST,25.0,25
2024-07-08,Appareils électroniques,WEST,28.0,28
2024-07-15,Appareils électroniques,WEST,22.0,22
2024-07-22,Appareils électroniques,WEST,38.0,38
2024-07-29,Appareils électroniques,WEST,26.0,26
2024-08-05,Appareils électroniques,WEST,27.0,27
2024-08-12,Appareils électroniques,WEST,34.0,34
2024-08-19,Appareils électroniques,WEST,26.0,26
2024-08-26,Appareils électroniques,WEST,30.0,30
2024-09-02,Appareils électroniques,WEST,43.0,43
2024-09-09,Appareils électroniques,WEST,39.0,39
2024-09-16,Appareils électroniques,WEST,29.0,29
2024-09-23,Appareils électroniques,WEST,28.0,28
2024-09-30,Appareils électroniques,WEST,34.0,34
2024-10-07,Appareils électroniques,WEST,21.0,21
2024-10-14,Appareils électroniques,WEST,17.0,17
2024-10-21,Appareils électroniques,WEST,29.0,29
2024-10-28,Appareils électroniques,WEST,28.0,28
2024-11-04,Appareils électroniques,WEST,31.0,31
2024-11-11,Appareils électroniques,WEST,26.0,26
2024-11-18,Appareils électroniques,WEST,25.0,25
2024-11-25,Appareils électroniques,WEST,28.0,28
2024-12-02,Appareils électroniques,WEST,20.0,20
2024-12-09,Appareils électroniques,WEST,22.0,22
2024-12-16,Appareils électroniques,WEST,27.0,27
2024-12-23,Appareils électroniques,WEST,30.0,30
2024-12-30,Appareils électroniques,WEST,25.0,28
2025-01-06,Appareils électroniques,WEST,-10.0,11
2025-01-13,Appareils électroniques,WEST,-3.0000000000000036,20
2025-01-20,Appareils électroniques,WEST,9.0,30
2025-01-27,Appareils électroniques,WEST,0.0,17
2025-02-03,Appareils électroniques,WEST,7.0,26
2025-02-10,Appareils électroniques,WEST,1.0,19
2025-02-17,Appareils électroniques,WEST,3.0,22
2025-02-24,Appareils électroniques,WEST,6.0,22
2025-03-03,Appareils électroniques,WEST,16.999999999999996,40
2025-03-10,Appareils électroniques,WEST,22.999999999999996,46
2025-03-17,Appareils électroniques,WEST,11.999999999999993,59
2025-03-24,Appareils électroniques,WEST,13.0,68
2025-03-31,Appareils électroniques,WEST,4.0,74
2025-04-07,Appareils électroniques,WEST,-62.999999999999986,26
2025-04-14,Appareils électroniques,WEST,-17.0,19
2025-04-21,Appareils électroniques,WEST,-12.0,15
2025-04-28,Appareils électroniques,WEST,5.0,23
2025-05-05,Appareils électroniques,WEST,6.0,30
2025-05-12,Appareils électroniques,WEST,6.0,23
2025-05-19,Appareils électroniques,WEST,0.0,25
2025-05-26,Appareils électroniques,WEST,-11.000000000000004,15
2025-06-02,Appareils électroniques,WEST,2.9999999999999964,26
2025-06-09,Appareils électroniques,WEST,3.0,31
2025-06-16,Appareils électroniques,WEST,9.0,37
2025-06-23,Appareils électroniques,WEST,-8.000000000000004,15
2025-06-30,Appareils électroniques,WEST,0.0,25
2024-01-01,Arts et loisirs,EAST,5.0,5
2024-01-08,Arts et loisirs,EAST,19.0,19
2024-01-15,Arts et loisirs,EAST,27.0,27
2024-01-22,Arts et loisirs,EAST,27.0,27
2024-01-29,Arts et loisirs,EAST,27.0,27
2024-02-05,Arts et loisirs,EAST,26.0,26
2024-02-12,Arts et loisirs,EAST,23.0,23
2024-02-19,Arts et loisirs,EAST,26.0,26
2024-02-26,Arts et loisirs,EAST,25.0,25
2024-03-04,Arts et loisirs,EAST,29.0,29
2024-03-11,Arts et loisirs,EAST,20.0,20
2024-03-18,Arts et loisirs,EAST,61.0,61
2024-03-25,Arts et loisirs,EAST,62.0,62
2024-04-01,Arts et loisirs,EAST,74.0,74
2024-04-08,Arts et loisirs,EAST,86.0,86
2024-04-15,Arts et loisirs,EAST,45.0,45
2024-04-22,Arts et loisirs,EAST,26.0,26
2024-04-29,Arts et loisirs,EAST,13.0,13
2024-05-06,Arts et loisirs,EAST,29.0,29
2024-05-13,Arts et loisirs,EAST,22.0,22
2024-05-20,Arts et loisirs,EAST,34.0,34
2024-05-27,Arts et loisirs,EAST,25.0,25
2024-06-03,Arts et loisirs,EAST,24.0,24
2024-06-10,Arts et loisirs,EAST,35.0,35
2024-06-17,Arts et loisirs,EAST,31.0,31
2024-06-24,Arts et loisirs,EAST,24.0,24
2024-07-01,Arts et loisirs,EAST,40.0,40
2024-07-08,Arts et loisirs,EAST,40.0,40
2024-07-15,Arts et loisirs,EAST,26.0,26
2024-07-22,Arts et loisirs,EAST,47.0,47
2024-07-29,Arts et loisirs,EAST,36.0,36
2024-08-05,Arts et loisirs,EAST,47.0,47
2024-08-12,Arts et loisirs,EAST,32.0,32
2024-08-19,Arts et loisirs,EAST,29.0,29
2024-08-26,Arts et loisirs,EAST,39.0,39
2024-09-02,Arts et loisirs,EAST,37.0,37
2024-09-09,Arts et loisirs,EAST,30.0,30
2024-09-16,Arts et loisirs,EAST,33.0,33
2024-09-23,Arts et loisirs,EAST,35.0,35
2024-09-30,Arts et loisirs,EAST,34.0,34
2024-10-07,Arts et loisirs,EAST,21.0,21
2024-10-14,Arts et loisirs,EAST,27.0,27
2024-10-21,Arts et loisirs,EAST,24.0,24
2024-10-28,Arts et loisirs,EAST,19.0,19
2024-11-04,Arts et loisirs,EAST,28.0,28
2024-11-11,Arts et loisirs,EAST,30.0,30
2024-11-18,Arts et loisirs,EAST,23.0,23
2024-11-25,Arts et loisirs,EAST,39.0,39
2024-12-02,Arts et loisirs,EAST,31.0,31
2024-12-09,Arts et loisirs,EAST,34.0,34
2024-12-16,Arts et loisirs,EAST,27.0,27
2024-12-23,Arts et loisirs,EAST,30.0,30
2024-12-30,Arts et loisirs,EAST,23.0,28
2025-01-06,Arts et loisirs,EAST,11.0,30
2025-01-13,Arts et loisirs,EAST,-6.9999999999999964,20
2025-01-20,Arts et loisirs,EAST,-7.9999999999999964,19
2025-01-27,Arts et loisirs,EAST,-2.9999999999999964,24
2025-02-03,Arts et loisirs,EAST,1.0000000000000036,27
2025-02-10,Arts et loisirs,EAST,2.0000000000000036,25
2025-02-17,Arts et loisirs,EAST,-5.9999999999999964,20
2025-02-24,Arts et loisirs,EAST,3.552713678800501e-15,25
2025-03-03,Arts et loisirs,EAST,5.0000000000000036,34
2025-03-10,Arts et loisirs,EAST,55.0,75
2025-03-17,Arts et loisirs,EAST,-6.999999999999993,54
2025-03-24,Arts et loisirs,EAST,23.0,85
2025-03-31,Arts et loisirs,EAST,9.0,83
2025-04-07,Arts et loisirs,EAST,-61.999999999999986,24
2025-04-14,Arts et loisirs,EAST,-14.0,31
2025-04-21,Arts et loisirs,EAST,1.0000000000000036,27
2025-04-28,Arts et loisirs,EAST,19.0,32
2025-05-05,Arts et loisirs,EAST,12.000000000000004,41
2025-05-12,Arts et loisirs,EAST,7.0,29
2025-05-19,Arts et loisirs,EAST,-9.999999999999993,24
2025-05-26,Arts et loisirs,EAST,8.000000000000004,33
2025-06-02,Arts et loisirs,EAST,-2.9999999999999964,21
2025-06-09,Arts et loisirs,EAST,5.000000000000007,40
2025-06-16,Arts et loisirs,EAST,2.0,33
2025-06-23,Arts et loisirs,EAST,10.000000000000004,34
2025-06-30,Arts et loisirs,EAST,-0.9999999999999929,39
2024-01-01,Arts et loisirs,NORTH,5.0,5
2024-01-08,Arts et loisirs,NORTH,31.0,31
2024-01-15,Arts et loisirs,NORTH,22.0,22
2024-01-22,Arts et loisirs,NORTH,28.0,28
2024-01-29,Arts et loisirs,NORTH,20.0,20
2024-02-05,Arts et loisirs,NORTH,34.0,34
2024-02-12,Arts et loisirs,NORTH,36.0,36
2024-02-19,Arts et loisirs,NORTH,20.0,20
2024-02-26,Arts et loisirs,NORTH,33.0,33
2024-03-04,Arts et loisirs,NORTH,27.0,27
2024-03-11,Arts et loisirs,NORTH,34.0,34
2024-03-18,Arts et loisirs,NORTH,50.0,50
2024-03-25,Arts et loisirs,NORTH,61.0,61
2024-04-01,Arts et loisirs,NORTH,87.0,87
2024-04-08,Arts et loisirs,NORTH,91.0,91
2024-04-15,Arts et loisirs,NORTH,43.0,43
2024-04-22,Arts et loisirs,NORTH,31.0,31
2024-04-29,Arts et loisirs,NORTH,31.0,31
2024-05-06,Arts et loisirs,NORTH,27.0,27
2024-05-13,Arts et loisirs,NORTH,38.0,38
2024-05-20,Arts et loisirs,NORTH,29.0,29
2024-05-27,Arts et loisirs,NORTH,21.0,21
2024-06-03,Arts et loisirs,NORTH,44.0,44
2024-06-10,Arts et loisirs,NORTH,31.0,31
2024-06-17,Arts et loisirs,NORTH,32.0,32
2024-06-24,Arts et loisirs,NORTH,38.0,38
2024-07-01,Arts et loisirs,NORTH,46.0,46
2024-07-08,Arts et loisirs,NORTH,33.0,33
2024-07-15,Arts et loisirs,NORTH,39.0,39
2024-07-22,Arts et loisirs,NORTH,33.0,33
2024-07-29,Arts et loisirs,NORTH,39.0,39
2024-08-05,Arts et loisirs,NORTH,42.0,42
2024-08-12,Arts et loisirs,NORTH,41.0,41
2024-08-19,Arts et loisirs,NORTH,27.0,27
2024-08-26,Arts et loisirs,NORTH,47.0,47
2024-09-02,Arts et loisirs,NORTH,36.0,36
2024-09-09,Arts et loisirs,NORTH,37.0,37
2024-09-16,Arts et loisirs,NORTH,35.0,35
2024-09-23,Arts et loisirs,NORTH,30.0,30
2024-09-30,Arts et loisirs,NORTH,32.0,32
2024-10-07,Arts et loisirs,NORTH,27.0,27
2024-10-14,Arts et loisirs,NORTH,22.0,22
2024-10-21,Arts et loisirs,NORTH,18.0,18
2024-10-28,Arts et loisirs,NORTH,30.0,30
2024-11-04,Arts et loisirs,NORTH,30.0,30
2024-11-11,Arts et loisirs,NORTH,32.0,32
2024-11-18,Arts et loisirs,NORTH,26.0,26
2024-11-25,Arts et loisirs,NORTH,28.0,28
2024-12-02,Arts et loisirs,NORTH,29.0,29
2024-12-09,Arts et loisirs,NORTH,37.0,37
2024-12-16,Arts et loisirs,NORTH,31.0,31
2024-12-23,Arts et loisirs,NORTH,22.0,22
2024-12-30,Arts et loisirs,NORTH,27.0,32
2025-01-06,Arts et loisirs,NORTH,-0.9999999999999964,30
2025-01-13,Arts et loisirs,NORTH,4.0,26
2025-01-20,Arts et loisirs,NORTH,0.0,28
2025-01-27,Arts et loisirs,NORTH,0.0,20
2025-02-03,Arts et loisirs,NORTH,-6.999999999999993,27
2025-02-10,Arts et loisirs,NORTH,-13.0,23
2025-02-17,Arts et loisirs,NORTH,8.0,28
2025-02-24,Arts et loisirs,NORTH,-4.0,29
2025-03-03,Arts et loisirs,NORTH,10.000000000000004,37
2025-03-10,Arts et loisirs,NORTH,15.000000000000007,49
2025-03-17,Arts et loisirs,NORTH,11.0,61
2025-03-24,Arts et loisirs,NORTH,19.000000000000007,80
2025-03-31,Arts et loisirs,NORTH,-5.0,82
2025-04-07,Arts et loisirs,NORTH,-60.0,31
2025-04-14,Arts et loisirs,NORTH,-21.0,22
2025-04-21,Arts et loisirs,NORTH,3.0000000000000036,34
2025-04-28,Arts et loisirs,NORTH,1.0000000000000036,32
2025-05-05,Arts et loisirs,NORTH,-6.9999999999999964,20
2025-05-12,Arts et loisirs,NORTH,-10.999999999999993,27
2025-05-19,Arts et loisirs,NORTH,-11.0,18
2025-05-26,Arts et loisirs,NORTH,1.0,22
2025-06-02,Arts et loisirs,NORTH,-20.0,24
2025-06-09,Arts et loisirs,NORTH,8.000000000000004,39
2025-06-16,Arts et loisirs,NORTH,-7.0,25
2025-06-23,Arts et loisirs,NORTH,-3.999999999999993,34
2025-06-30,Arts et loisirs,NORTH,-17.0,29
2024-01-01,Arts et loisirs,SOUTH,4.0,4
2024-01-08,Arts et loisirs,SOUTH,11.801246105919002,13
2024-01-15,Arts et loisirs,SOUTH,11.204222614457187,13
2024-01-22,Arts et loisirs,SOUTH,12.575067721086324,14
2024-01-29,Arts et loisirs,SOUTH,13.00769483201809,14
2024-02-05,Arts et loisirs,SOUTH,11.353932371139269,12
2024-02-12,Arts et loisirs,SOUTH,19.596475036499843,20
2024-02-19,Arts et loisirs,SOUTH,13.747635283732276,14
2024-02-26,Arts et loisirs,SOUTH,17.845804014840294,18
2024-03-04,Arts et loisirs,SOUTH,11.905835375102866,12
2024-03-11,Arts et loisirs,SOUTH,19.94289203013384,20
2024-03-18,Arts et loisirs,SOUTH,36.96494994777663,37
2024-03-25,Arts et loisirs,SOUTH,36.977668639072746,37
2024-04-01,Arts et loisirs,SOUTH,55.98536273513391,56
2024-04-08,Arts et loisirs,SOUTH,40.989369401134056,41
2024-04-15,Arts et loisirs,SOUTH,36.99227860123924,37
2024-04-22,Arts et loisirs,SOUTH,14.99415722580003,15
2024-04-29,Arts et loisirs,SOUTH,20.99600608151095,21
2024-05-06,Arts et loisirs,SOUTH,11.996917589945097,12
2024-05-13,Arts et loisirs,SOUTH,8.997759094734779,9
2024-05-20,Arts et loisirs,SOUTH,17.99836182929764,18
2024-05-27,Arts et loisirs,SOUTH,10.99842798713033,11
2024-06-03,Arts et loisirs,SOUTH,18.99869715687348,19
2024-06-10,Arts et loisirs,SOUTH,19.99859618066386,20
2024-06-17,Arts et loisirs,SOUTH,19.998502873872457,20
2024-06-24,Arts et loisirs,SOUTH,30.998446951169896,31
2024-07-01,Arts et loisirs,SOUTH,18.998052769057374,19
2024-07-08,Arts et loisirs,SOUTH,24.99820997131191,25
2024-07-15,Arts et loisirs,SOUTH,27.9981074630924,28
2024-07-22,Arts et loisirs,SOUTH,14.997947662153694,15
2024-07-29,Arts et loisirs,SOUTH,22.998278127100885,23
2024-08-05,Arts et loisirs,SOUTH,16.998213887364987,17
2024-08-12,Arts et loisirs,SOUTH,19.9983721121337,20
2024-08-19,Arts et loisirs,SOUTH,22.998368579985204,23
2024-08-26,Arts et loisirs,SOUTH,18.99826809977313,19
2024-09-02,Arts et loisirs,SOUTH,15.998339028530932,16
2024-09-09,Arts et loisirs,SOUTH,23.998479902507167,24
2024-09-16,Arts et loisirs,SOUTH,19.998302032529974,20
2024-09-23,Arts et loisirs,SOUTH,19.998326578184052,20
2024-09-30,Arts et loisirs,SOUTH,20.99834128947846,21
2024-10-07,Arts et loisirs,SOUTH,21.998317318860334,22
2024-10-14,Arts et loisirs,SOUTH,11.99827016446386,12
2024-10-21,Arts et loisirs,SOUTH,15.998569780216805,16
2024-10-28,Arts et loisirs,SOUTH,15.998618202182342,16
2024-11-04,Arts et loisirs,SOUTH,13.998647223604568,14
2024-11-11,Arts et loisirs,SOUTH,10.998730192917487,11
2024-11-18,Arts et loisirs,SOUTH,15.9988782833301,16
2024-11-25,Arts et loisirs,SOUTH,21.99880310172142,22
2024-12-02,Arts et loisirs,SOUTH,15.998561315584336,16
2024-12-09,Arts et loisirs,SOUTH,17.99861312895431,18
2024-12-16,Arts et loisirs,SOUTH,12.998578607501967,13
2024-12-23,Arts et loisirs,SOUTH,23.998721856003666,24
2024-12-30,Arts et loisirs,SOUTH,10.99844704594492,15
2025-01-06,Arts et loisirs,SOUTH,-4.593146417445482,15
2025-01-13,Arts et loisirs,SOUTH,2.8012461059212885,17
2025-01-20,Arts et loisirs,SOUTH,-2.3975077881599027,14
2025-01-27,Arts et loisirs,SOUTH,5.986322548778844e-13,14
2025-02-03,Arts et loisirs,SOUTH,1.9999999999999964,14
2025-02-10,Arts et loisirs,SOUTH,-4.198753894083435,17
2025-02-17,Arts et loisirs,SOUTH,1.7981308411121315,14
2025-02-24,Arts et loisirs,SOUTH,-1.63069557856943e-12,18
2025-03-03,Arts et loisirs,SOUTH,9.0,21
2025-03-10,Arts et loisirs,SOUTH,7.605607476640934,33
2025-03-17,Arts et loisirs,SOUTH,-3.7919003115252394,41
2025-03-24,Arts et loisirs,SOUTH,1.6024922118301248,41
2025-03-31,Arts et loisirs,SOUTH,-16.397507788162947,42
2025-04-07,Arts et loisirs,SOUTH,-11.608722741453477,21
2025-04-14,Arts et loisirs,SOUTH,-9.01246105919958,16
2025-04-21,Arts et loisirs,SOUTH,9.586915887850282,12
2025-04-28,Arts et loisirs,SOUTH,-1.201869158878356,18
2025-05-05,Arts et loisirs,SOUTH,1.7981308411204147,12
2025-05-12,Arts et loisirs,SOUTH,3.000000000001032,12
2025-05-19,Arts et loisirs,SOUTH,-2.7981308411179207,17
2025-05-26,Arts et loisirs,SOUTH,-3.400623052956103,7
2025-06-02,Arts et loisirs,SOUTH,-1.6024922118372267,15
2025-06-09,Arts et loisirs,SOUTH,4.397507788164258,22
2025-06-16,Arts et loisirs,SOUTH,-3.198753894082838,18
2025-06-23,Arts et loisirs,SOUTH,-6.801246105916146,23
2025-06-30,Arts et loisirs,SOUTH,2.7950155763251416,17
2024-01-01,Arts et loisirs,WEST,1.0,1
2024-01-08,Arts et loisirs,WEST,20.0,20
2024-01-15,Arts et loisirs,WEST,16.0,16
2024-01-22,Arts et loisirs,WEST,19.0,19
2024-01-29,Arts et loisirs,WEST,19.0,19
2024-02-05,Arts et loisirs,WEST,14.0,14
2024-02-12,Arts et loisirs,WEST,19.0,19
2024-02-19,Arts et loisirs,WEST,20.0,20
2024-02-26,Arts et loisirs,WEST,17.0,17
2024-03-04,Arts et loisirs,WEST,16.0,16
2024-03-11,Arts et loisirs,WEST,23.0,23
2024-03-18,Arts et loisirs,WEST,38.0,38
2024-03-25,Arts et loisirs,WEST,32.0,32
2024-04-01,Arts et loisirs,WEST,43.0,43
2024-04-08,Arts et loisirs,WEST,59.0,59
2024-04-15,Arts et loisirs,WEST,39.0,39
2024-04-22,Arts et loisirs,WEST,12.0,12
2024-04-29,Arts et loisirs,WEST,15.0,15
2024-05-06,Arts et loisirs,WEST,22.0,22
2024-05-13,Arts et loisirs,WEST,17.0,17
2024-05-20,Arts et loisirs,WEST,15.0,15
2024-05-27,Arts et loisirs,WEST,13.0,13
2024-06-03,Arts et loisirs,WEST,22.0,22
2024-06-10,Arts et loisirs,WEST,20.0,20
2024-06-17,Arts et loisirs,WEST,29.0,29
2024-06-24,Arts et loisirs,WEST,30.0,30
2024-07-01,Arts et loisirs,WEST,31.0,31
2024-07-08,Arts et loisirs,WEST,28.0,28
2024-07-15,Arts et loisirs,WEST,20.0,20
2024-07-22,Arts et loisirs,WEST,24.0,24
2024-07-29,Arts et loisirs,WEST,20.0,20
2024-08-05,Arts et loisirs,WEST,26.0,26
2024-08-12,Arts et loisirs,WEST,23.0,23
2024-08-19,Arts et loisirs,WEST,27.0,27
2024-08-26,Arts et loisirs,WEST,24.0,24
2024-09-02,Arts et loisirs,WEST,27.0,27
2024-09-09,Arts et loisirs,WEST,27.0,27
2024-09-16,Arts et loisirs,WEST,26.0,26
2024-09-23,Arts et loisirs,WEST,26.0,26
2024-09-30,Arts et loisirs,WEST,32.0,32
2024-10-07,Arts et loisirs,WEST,17.0,17
2024-10-14,Arts et loisirs,WEST,17.0,17
2024-10-21,Arts et loisirs,WEST,17.0,17
2024-10-28,Arts et loisirs,WEST,21.0,21
2024-11-04,Arts et loisirs,WEST,24.0,24
2024-11-11,Arts et loisirs,WEST,20.0,20
2024-11-18,Arts et loisirs,WEST,22.0,22
2024-11-25,Arts et loisirs,WEST,20.0,20
2024-12-02,Arts et loisirs,WEST,15.0,15
2024-12-09,Arts et loisirs,WEST,16.0,16
2024-12-16,Arts et loisirs,WEST,13.0,13
2024-12-23,Arts et loisirs,WEST,18.0,18
2024-12-30,Arts et loisirs,WEST,11.0,12
2025-01-06,Arts et loisirs,WEST,-3.0,17
2025-01-13,Arts et loisirs,WEST,-3.0,13
2025-01-20,Arts et loisirs,WEST,-2.0000000000000036,17
2025-01-27,Arts et loisirs,WEST,0.9999999999999964,20
2025-02-03,Arts et loisirs,WEST,9.999999999999998,24
2025-02-10,Arts et loisirs,WEST,-3.0000000000000036,16
2025-02-17,Arts et loisirs,WEST,1.0,21
2025-02-24,Arts et loisirs,WEST,0.0,17
2025-03-03,Arts et loisirs,WEST,0.0,16
2025-03-10,Arts et loisirs,WEST,27.999999999999996,51
2025-03-17,Arts et loisirs,WEST,-7.105427357601002e-15,38
2025-03-24,Arts et loisirs,WEST,13.0,45
2025-03-31,Arts et loisirs,WEST,2.999999999999993,46
2025-04-07,Arts et loisirs,WEST,-37.0,22
2025-04-14,Arts et loisirs,WEST,-17.999999999999993,21
2025-04-21,Arts et loisirs,WEST,6.0,18
2025-04-28,Arts et loisirs,WEST,0.9999999999999982,16
2025-05-05,Arts et loisirs,WEST,0.0,22
2025-05-12,Arts et loisirs,WEST,-6.0,11
2025-05-19,Arts et loisirs,WEST,0.9999999999999982,16
2025-05-26,Arts et loisirs,WEST,-1.0,12
2025-06-02,Arts et loisirs,WEST,-3.0,19
2025-06-09,Arts et loisirs,WEST,4.0,24
2025-06-16,Arts et loisirs,WEST,-12.0,17
2025-06-23,Arts et loisirs,WEST,-7.0000000000000036,23
2025-06-30,Arts et loisirs,WEST,-6.9999999999999964,24
2024-01-08,Bagages et maroquinerie,EAST,21.0,21
2024-01-15,Bagages et maroquinerie,EAST,20.018832508934008,26
2024-01-22,Bagages et maroquinerie,EAST,19.185246582537008,24
2024-01-29,Bagages et maroquinerie,EAST,39.11784181953391,36
2024-02-05,Bagages et maroquinerie,EAST,30.1930083000406,26
2024-02-12,Bagages et maroquinerie,EAST,28.27436158590426,27
2024-02-19,Bagages et maroquinerie,EAST,17.461764834476597,18
2024-02-26,Bagages et maroquinerie,EAST,22.291486597592698,23
2024-03-04,Bagages et maroquinerie,EAST,19.786185993963027,20
2024-03-11,Bagages et maroquinerie,EAST,30.14164648404917,30
2024-03-18,Bagages et maroquinerie,EAST,57.15738449728475,57
2024-03-25,Bagages et maroquinerie,EAST,64.03543642660289,64
2024-04-01,Bagages et maroquinerie,EAST,71.96337426226751,72
2024-04-08,Bagages et maroquinerie,EAST,83.96502479788103,84
2024-04-15,Bagages et maroquinerie,EAST,52.99126434803886,53
2024-04-22,Bagages et maroquinerie,EAST,29.00936803154133,29
2024-04-29,Bagages et maroquinerie,EAST,19.009948006154335,19
2024-05-06,Bagages et maroquinerie,EAST,27.002823316011003,27
2024-05-13,Bagages et maroquinerie,EAST,21.997080574437806,22
2024-05-20,Bagages et maroquinerie,EAST,27.99742613544068,28
2024-05-27,Bagages et maroquinerie,EAST,30.998770402797568,31
2024-06-03,Bagages et maroquinerie,EAST,45.99960308881876,46
2024-06-10,Bagages et maroquinerie,EAST,23.998487459769635,24
2024-06-17,Bagages et maroquinerie,EAST,27.00065813039793,27
2024-06-24,Bagages et maroquinerie,EAST,25.000347394789895,25
2024-07-01,Bagages et maroquinerie,EAST,35.999797614931516,36
2024-07-08,Bagages et maroquinerie,EAST,24.99846370146185,25
2024-07-15,Bagages et maroquinerie,EAST,36.99972162490866,37
2024-07-22,Bagages et maroquinerie,EAST,36.99900834379015,37
2024-07-29,Bagages et maroquinerie,EAST,28.999066808443,29
2024-08-05,Bagages et maroquinerie,EAST,30.000068937041213,30
2024-08-12,Bagages et maroquinerie,EAST,35.999918424859004,36
2024-08-19,Bagages et maroquinerie,EAST,41.99901458238261,42
2024-08-26,Bagages et maroquinerie,EAST,31.998477931528736,32
2024-09-02,Bagages et maroquinerie,EAST,31.99984612017953,32
2024-09-09,Bagages et maroquinerie,EAST,39.000054236088694,39
2024-09-16,Bagages et maroquinerie,EAST,25.999057629833295,26
2024-09-23,Bagages et maroquinerie,EAST,27.000107805844998,27
2024-09-30,Bagages et maroquinerie,EAST,33.99998184303157,34
2024-10-07,Bagages et maroquinerie,EAST,22.998985654309788,23
2024-10-14,Bagages et maroquinerie,EAST,23.99997801220548,24
2024-10-21,Bagages et maroquinerie,EAST,24.999971768847818,25
2024-10-28,Bagages et maroquinerie,EAST,25.999598907718365,26
2024-11-04,Bagages et maroquinerie,EAST,21.999376129352974,22
2024-11-11,Bagages et maroquinerie,EAST,21.99981589131014,22
2024-11-18,Bagages et maroquinerie,EAST,27.999840821340428,28
2024-11-25,Bagages et maroquinerie,EAST,45.99916261104897,46
2024-12-02,Bagages et maroquinerie,EAST,27.997622690626255,28
2024-12-09,Bagages et maroquinerie,EAST,20.99996766187821,21
2024-12-16,Bagages et maroquinerie,EAST,29.001104891150792,29
2024-12-23,Bagages et maroquinerie,EAST,33.99966255166312,34
2024-12-30,Bagages et maroquinerie,EAST,31.998598259185467,32
2025-01-06,Bagages et maroquinerie,EAST,1.999070579552388,23
2025-01-13,Bagages et maroquinerie,EAST,2.164734861484394,29
2025-01-20,Bagages et maroquinerie,EAST,-3.9899699495102325,21
2025-01-27,Bagages et maroquinerie,EAST,-10.21269243064765,23
2025-02-03,Bagages et maroquinerie,EAST,2.3268524170348854,22
2025-02-10,Bagages et maroquinerie,EAST,-5.394537814997953,24
2025-02-17,Bagages et maroquinerie,EAST,4.2710349015763285,22
2025-02-24,Bagages et maroquinerie,EAST,0.6430574314961497,27
2025-03-03,Bagages et maroquinerie,EAST,13.159330099278268,34
2025-03-10,Bagages et maroquinerie,EAST,11.462980107793385,48
2025-03-17,Bagages et maroquinerie,EAST,7.779115350868423,70
2025-03-24,Bagages et maroquinerie,EAST,12.065160442495426,77
2025-03-31,Bagages et maroquinerie,EAST,13.267822822649535,88
2025-04-07,Bagages et maroquinerie,EAST,-49.441082174789216,39
2025-04-14,Bagages et maroquinerie,EAST,0.3850553452357417,22
2025-04-21,Bagages et maroquinerie,EAST,0.48264639501391216,28
2025-04-28,Bagages et maroquinerie,EAST,0.42614175612283134,30
2025-05-05,Bagages et maroquinerie,EAST,-2.625452514609293,31
2025-05-12,Bagages et maroquinerie,EAST,-1.3243972329407683,19
2025-05-19,Bagages et maroquinerie,EAST,-0.8532249066786015,24
2025-05-26,Bagages et maroquinerie,EAST,-3.7998625753094046,26
2025-06-02,Bagages et maroquinerie,EAST,-10.589695100129141,34
2025-06-09,Bagages et maroquinerie,EAST,6.038282369945787,25
2025-06-16,Bagages et maroquinerie,EAST,2.1167547132320195,34
2025-06-23,Bagages et maroquinerie,EAST,7.372022529923264,36
2025-06-30,Bagages et maroquinerie,EAST,11.250287677138608,51
2024-01-01,Bagages et maroquinerie,NORTH,2.0,2
2024-01-08,Bagages et maroquinerie,NORTH,26.0,26
2024-01-15,Bagages et maroquinerie,NORTH,31.0,31
2024-01-22,Bagages et maroquinerie,NORTH,23.0,23
2024-01-29,Bagages et maroquinerie,NORTH,14.0,14
2024-02-05,Bagages et maroquinerie,NORTH,29.0,29
2024-02-12,Bagages et maroquinerie,NORTH,20.0,20
2024-02-19,Bagages et maroquinerie,NORTH,23.0,23
2024-02-26,Bagages et maroquinerie,NORTH,27.0,27
2024-03-04,Bagages et maroquinerie,NORTH,27.0,27
2024-03-11,Bagages et maroquinerie,NORTH,46.0,46
2024-03-18,Bagages et maroquinerie,NORTH,67.0,67
2024-03-25,Bagages et maroquinerie,NORTH,68.0,68
2024-04-01,Bagages et maroquinerie,NORTH,68.0,68
2024-04-08,Bagages et maroquinerie,NORTH,114.0,114
2024-04-15,Bagages et maroquinerie,NORTH,55.0,55
2024-04-22,Bagages et maroquinerie,NORTH,30.0,30
2024-04-29,Bagages et maroquinerie,NORTH,28.0,28
2024-05-06,Bagages et maroquinerie,NORTH,27.0,27
2024-05-13,Bagages et maroquinerie,NORTH,31.0,31
2024-05-20,Bagages et maroquinerie,NORTH,37.0,37
2024-05-27,Bagages et maroquinerie,NORTH,26.0,26
2024-06-03,Bagages et maroquinerie,NORTH,27.0,27
2024-06-10,Bagages et maroquinerie,NORTH,16.0,16
2024-06-17,Bagages et maroquinerie,NORTH,39.0,39
2024-06-24,Bagages et maroquinerie,NORTH,33.0,33
2024-07-01,Bagages et maroquinerie,NORTH,30.0,30
2024-07-08,Bagages et maroquinerie,NORTH,24.0,24
2024-07-15,Bagages et maroquinerie,NORTH,34.0,34
2024-07-22,Bagages et maroquinerie,NORTH,33.0,33
2024-07-29,Bagages et maroquinerie,NORTH,32.0,32
2024-08-05,Bagages et maroquinerie,NORTH,40.0,40
2024-08-12,Bagages et maroquinerie,NORTH,31.0,31
2024-08-19,Bagages et maroquinerie,NORTH,25.0,25
2024-08-26,Bagages et maroquinerie,NORTH,33.0,33
2024-09-02,Bagages et maroquinerie,NORTH,35.0,35
2024-09-09,Bagages et maroquinerie,NORTH,30.0,30
2024-09-16,Bagages et maroquinerie,NORTH,33.0,33
2024-09-23,Bagages et maroquinerie,NORTH,25.0,25
2024-09-30,Bagages et maroquinerie,NORTH,41.0,41
2024-10-07,Bagages et maroquinerie,NORTH,28.0,28
2024-10-14,Bagages et maroquinerie,NORTH,25.0,25
2024-10-21,Bagages et maroquinerie,NORTH,20.0,20
2024-10-28,Bagages et maroquinerie,NORTH,31.0,31
2024-11-04,Bagages et maroquinerie,NORTH,25.0,25
2024-11-11,Bagages et maroquinerie,NORTH,25.0,25
2024-11-18,Bagages et maroquinerie,NORTH,26.0,26
2024-11-25,Bagages et maroquinerie,NORTH,19.0,19
2024-12-02,Bagages et maroquinerie,NORTH,45.0,45
2024-12-09,Bagages et maroquinerie,NORTH,31.0,31
2024-12-16,Bagages et maroquinerie,NORTH,33.0,33
2024-12-23,Bagages et maroquinerie,NORTH,41.0,41
2024-12-30,Bagages et maroquinerie,NORTH,25.0,27
2025-01-06,Bagages et maroquinerie,NORTH,-8.000000000000004,18
2025-01-13,Bagages et maroquinerie,NORTH,-1.0,30
2025-01-20,Bagages et maroquinerie,NORTH,-6.0,17
2025-01-27,Bagages et maroquinerie,NORTH,10.0,24
2025-02-03,Bagages et maroquinerie,NORTH,-6.0000000000000036,23
2025-02-10,Bagages et maroquinerie,NORTH,2.0,22
2025-02-17,Bagages et maroquinerie,NORTH,-3.0,20
2025-02-24,Bagages et maroquinerie,NORTH,-6.0000000000000036,21
2025-03-03,Bagages et maroquinerie,NORTH,2.9999999999999964,30
2025-03-10,Bagages et maroquinerie,NORTH,22.0,68
2025-03-17,Bagages et maroquinerie,NORTH,2.0,69
2025-03-24,Bagages et maroquinerie,NORTH,25.0,93
2025-03-31,Bagages et maroquinerie,NORTH,5.0,73
2025-04-07,Bagages et maroquinerie,NORTH,-75.00000000000001,39
2025-04-14,Bagages et maroquinerie,NORTH,-26.000000000000007,29
2025-04-21,Bagages et maroquinerie,NORTH,-10.000000000000004,20
2025-04-28,Bagages et maroquinerie,NORTH,-8.0,20
2025-05-05,Bagages et maroquinerie,NORTH,0.9999999999999964,28
2025-05-12,Bagages et maroquinerie,NORTH,-7.0,24
2025-05-19,Bagages et maroquinerie,NORTH,-12.999999999999993,24
2025-05-26,Bagages et maroquinerie,NORTH,-3.0000000000000036,23
2025-06-02,Bagages et maroquinerie,NORTH,1.9999999999999964,29
2025-06-09,Bagages et maroquinerie,NORTH,20.0,36
2025-06-16,Bagages et maroquinerie,NORTH,-8.0,31
2025-06-23,Bagages et maroquinerie,NORTH,5.0,38
2025-06-30,Bagages et maroquinerie,NORTH,8.999999999999996,39
2024-01-01,Bagages et maroquinerie,SOUTH,1.0,1
2024-01-08,Bagages et maroquinerie,SOUTH,9.0,9
2024-01-15,Bagages et maroquinerie,SOUTH,14.0,14
2024-01-22,Bagages et maroquinerie,SOUTH,20.0,20
2024-01-29,Bagages et maroquinerie,SOUTH,11.0,11
2024-02-05,Bagages et maroquinerie,SOUTH,20.0,20
2024-02-12,Bagages et maroquinerie,SOUTH,12.0,12
2024-02-19,Bagages et maroquinerie,SOUTH,12.0,12
2024-02-26,Bagages et maroquinerie,SOUTH,15.0,15
2024-03-04,Bagages et maroquinerie,SOUTH,17.0,17
2024-03-11,Bagages et maroquinerie,SOUTH,16.0,16
2024-03-18,Bagages et maroquinerie,SOUTH,32.0,32
2024-03-25,Bagages et maroquinerie,SOUTH,45.0,45
2024-04-01,Bagages et maroquinerie,SOUTH,38.0,38
2024-04-08,Bagages et maroquinerie,SOUTH,35.0,35
2024-04-15,Bagages et maroquinerie,SOUTH,27.0,27
2024-04-22,Bagages et maroquinerie,SOUTH,20.0,20
2024-04-29,Bagages et maroquinerie,SOUTH,14.0,14
2024-05-06,Bagages et maroquinerie,SOUTH,15.0,15
2024-05-13,Bagages et maroquinerie,SOUTH,21.0,21
2024-05-20,Bagages et maroquinerie,SOUTH,10.0,10
2024-05-27,Bagages et maroquinerie,SOUTH,12.0,12
2024-06-03,Bagages et maroquinerie,SOUTH,18.0,18
2024-06-10,Bagages et maroquinerie,SOUTH,16.0,16
2024-06-17,Bagages et maroquinerie,SOUTH,27.0,27
2024-06-24,Bagages et maroquinerie,SOUTH,19.0,19
2024-07-01,Bagages et maroquinerie,SOUTH,20.0,20
2024-07-08,Bagages et maroquinerie,SOUTH,28.0,28
2024-07-15,Bagages et maroquinerie,SOUTH,24.0,24
2024-07-22,Bagages et maroquinerie,SOUTH,21.0,21
2024-07-29,Bagages et maroquinerie,SOUTH,14.0,14
2024-08-05,Bagages et maroquinerie,SOUTH,20.0,20
2024-08-12,Bagages et maroquinerie,SOUTH,22.0,22
2024-08-19,Bagages et maroquinerie,SOUTH,25.0,25
2024-08-26,Bagages et maroquinerie,SOUTH,18.0,18
2024-09-02,Bagages et maroquinerie,SOUTH,25.0,25
2024-09-09,Bagages et maroquinerie,SOUTH,17.0,17
2024-09-16,Bagages et maroquinerie,SOUTH,17.0,17
2024-09-23,Bagages et maroquinerie,SOUTH,26.0,26
2024-09-30,Bagages et maroquinerie,SOUTH,29.0,29
2024-10-07,Bagages et maroquinerie,SOUTH,14.0,14
2024-10-14,Bagages et maroquinerie,SOUTH,11.0,11
2024-10-21,Bagages et maroquinerie,SOUTH,11.0,11
2024-10-28,Bagages et maroquinerie,SOUTH,24.0,24
2024-11-04,Bagages et maroquinerie,SOUTH,14.0,14
2024-11-11,Bagages et maroquinerie,SOUTH,14.0,14
2024-11-18,Bagages et maroquinerie,SOUTH,8.0,8
2024-11-25,Bagages et maroquinerie,SOUTH,18.0,18
2024-12-02,Bagages et maroquinerie,SOUTH,12.0,12
2024-12-09,Bagages et maroquinerie,SOUTH,21.0,21
2024-12-16,Bagages et maroquinerie,SOUTH,18.0,18
2024-12-23,Bagages et maroquinerie,SOUTH,18.0,18
2024-12-30,Bagages et maroquinerie,SOUTH,22.0,23
2025-01-06,Bagages et maroquinerie,SOUTH,4.999999999999998,14
2025-01-13,Bagages et maroquinerie,SOUTH,0.9999999999999982,15
2025-01-20,Bagages et maroquinerie,SOUTH,-7.0000000000000036,13
2025-01-27,Bagages et maroquinerie,SOUTH,6.999999999999998,18
2025-02-03,Bagages et maroquinerie,SOUTH,-8.000000000000004,12
2025-02-10,Bagages et maroquinerie,SOUTH,0.9999999999999982,13
2025-02-17,Bagages et maroquinerie,SOUTH,-1.0000000000000018,11
2025-02-24,Bagages et maroquinerie,SOUTH,2.9999999999999982,18
2025-03-03,Bagages et maroquinerie,SOUTH,-1.0,16
2025-03-10,Bagages et maroquinerie,SOUTH,12.0,28
2025-03-17,Bagages et maroquinerie,SOUTH,3.0,35
2025-03-24,Bagages et maroquinerie,SOUTH,12.999999999999993,58
2025-03-31,Bagages et maroquinerie,SOUTH,3.999999999999993,42
2025-04-07,Bagages et maroquinerie,SOUTH,-4.0,31
2025-04-14,Bagages et maroquinerie,SOUTH,-14.000000000000004,13
2025-04-21,Bagages et maroquinerie,SOUTH,1.9999999999999964,22
2025-04-28,Bagages et maroquinerie,SOUTH,6.999999999999998,21
2025-05-05,Bagages et maroquinerie,SOUTH,-2.0000000000000018,13
2025-05-12,Bagages et maroquinerie,SOUTH,-6.0,15
2025-05-19,Bagages et maroquinerie,SOUTH,1.9999999999999982,12
2025-05-26,Bagages et maroquinerie,SOUTH,2.9999999999999982,15
2025-06-02,Bagages et maroquinerie,SOUTH,1.9999999999999964,20
2025-06-09,Bagages et maroquinerie,SOUTH,11.0,27
2025-06-16,Bagages et maroquinerie,SOUTH,-10.000000000000004,17
2025-06-23,Bagages et maroquinerie,SOUTH,-6.0000000000000036,13
2025-06-30,Bagages et maroquinerie,SOUTH,-3.0000000000000036,17
2024-01-01,Bagages et maroquinerie,WEST,4.0,4
2024-01-08,Bagages et maroquinerie,WEST,16.0,16
2024-01-15,Bagages et maroquinerie,WEST,22.0,22
2024-01-22,Bagages et maroquinerie,WEST,16.0,16
2024-01-29,Bagages et maroquinerie,WEST,12.0,12
2024-02-05,Bagages et maroquinerie,WEST,19.0,19
2024-02-12,Bagages et maroquinerie,WEST,17.0,17
2024-02-19,Bagages et maroquinerie,WEST,14.0,14
2024-02-26,Bagages et maroquinerie,WEST,19.0,19
2024-03-04,Bagages et maroquinerie,WEST,16.0,16
2024-03-11,Bagages et maroquinerie,WEST,14.0,14
2024-03-18,Bagages et maroquinerie,WEST,43.0,43
2024-03-25,Bagages et maroquinerie,WEST,43.0,43
2024-04-01,Bagages et maroquinerie,WEST,58.0,58
2024-04-08,Bagages et maroquinerie,WEST,55.0,55
2024-04-15,Bagages et maroquinerie,WEST,30.0,30
2024-04-22,Bagages et maroquinerie,WEST,30.0,30
2024-04-29,Bagages et maroquinerie,WEST,15.0,15
2024-05-06,Bagages et maroquinerie,WEST,17.0,17
2024-05-13,Bagages et maroquinerie,WEST,23.0,23
2024-05-20,Bagages et maroquinerie,WEST,19.0,19
2024-05-27,Bagages et maroquinerie,WEST,21.0,21
2024-06-03,Bagages et maroquinerie,WEST,18.0,18
2024-06-10,Bagages et maroquinerie,WEST,25.0,25
2024-06-17,Bagages et maroquinerie,WEST,25.0,25
2024-06-24,Bagages et maroquinerie,WEST,28.0,28
2024-07-01,Bagages et maroquinerie,WEST,25.0,25
2024-07-08,Bagages et maroquinerie,WEST,24.0,24
2024-07-15,Bagages et maroquinerie,WEST,25.0,25
2024-07-22,Bagages et maroquinerie,WEST,21.0,21
2024-07-29,Bagages et maroquinerie,WEST,25.0,25
2024-08-05,Bagages et maroquinerie,WEST,21.0,21
2024-08-12,Bagages et maroquinerie,WEST,22.0,22
2024-08-19,Bagages et maroquinerie,WEST,27.0,27
2024-08-26,Bagages et maroquinerie,WEST,26.0,26
2024-09-02,Bagages et maroquinerie,WEST,30.0,30
2024-09-09,Bagages et maroquinerie,WEST,23.0,23
2024-09-16,Bagages et maroquinerie,WEST,18.0,18
2024-09-23,Bagages et maroquinerie,WEST,22.0,22
2024-09-30,Bagages et maroquinerie,WEST,16.0,16
2024-10-07,Bagages et maroquinerie,WEST,24.0,24
2024-10-14,Bagages et maroquinerie,WEST,20.0,20
2024-10-21,Bagages et maroquinerie,WEST,13.0,13
2024-10-28,Bagages et maroquinerie,WEST,22.0,22
2024-11-04,Bagages et maroquinerie,WEST,18.0,18
2024-11-11,Bagages et maroquinerie,WEST,16.0,16
2024-11-18,Bagages et maroquinerie,WEST,21.0,21
2024-11-25,Bagages et maroquinerie,WEST,18.0,18
2024-12-02,Bagages et maroquinerie,WEST,27.0,27
2024-12-09,Bagages et maroquinerie,WEST,15.0,15
2024-12-16,Bagages et maroquinerie,WEST,24.0,24
2024-12-23,Bagages et maroquinerie,WEST,19.0,19
2024-12-30,Bagages et maroquinerie,WEST,19.0,23
2025-01-06,Bagages et maroquinerie,WEST,-5.0,11
2025-01-13,Bagages et maroquinerie,WEST,-14.0,8
2025-01-20,Bagages et maroquinerie,WEST,3.0,19
2025-01-27,Bagages et maroquinerie,WEST,7.999999999999998,20
2025-02-03,Bagages et maroquinerie,WEST,4.0,23
2025-02-10,Bagages et maroquinerie,WEST,-2.0000000000000036,15
2025-02-17,Bagages et maroquinerie,WEST,1.0,15
2025-02-24,Bagages et maroquinerie,WEST,-4.0,15
2025-03-03,Bagages et maroquinerie,WEST,10.0,26
2025-03-10,Bagages et maroquinerie,WEST,23.0,37
2025-03-17,Bagages et maroquinerie,WEST,2.0,45
2025-03-24,Bagages et maroquinerie,WEST,4.0,47
2025-03-31,Bagages et maroquinerie,WEST,-11.0,47
2025-04-07,Bagages et maroquinerie,WEST,-31.0,24
2025-04-14,Bagages et maroquinerie,WEST,-5.0000000000000036,25
2025-04-21,Bagages et maroquinerie,WEST,-12.000000000000004,18
2025-04-28,Bagages et maroquinerie,WEST,7.999999999999998,23
2025-05-05,Bagages et maroquinerie,WEST,-1.0000000000000036,16
2025-05-12,Bagages et maroquinerie,WEST,-5.0,18
2025-05-19,Bagages et maroquinerie,WEST,-4.0,15
2025-05-26,Bagages et maroquinerie,WEST,-7.0000000000000036,14
2025-06-02,Bagages et maroquinerie,WEST,7.0,25
2025-06-09,Bagages et maroquinerie,WEST,-7.0,18
2025-06-16,Bagages et maroquinerie,WEST,5.0,30
2025-06-23,Bagages et maroquinerie,WEST,4.0,32
2025-06-30,Bagages et maroquinerie,WEST,5.0,30
2024-01-01,Bébés et tout-petits,EAST,4.0,4
2024-01-08,Bébés et tout-petits,EAST,27.0,27
2024-01-15,Bébés et tout-petits,EAST,28.998903108692144,29
2024-01-22,Bébés et tout-petits,EAST,24.997644115628237,25
2024-01-29,Bébés et tout-petits,EAST,10.99796917976254,11
2024-02-05,Bébés et tout-petits,EAST,13.999106519867317,14
2024-02-12,Bébés et tout-petits,EAST,13.998862706073604,14
2024-02-19,Bébés et tout-petits,EAST,24.99886272588115,25
2024-02-26,Bébés et tout-petits,EAST,26.997969080762076,27
2024-03-04,Bébés et tout-petits,EAST,24.997806672431775,25
2024-03-11,Bébés et tout-petits,EAST,24.99796916655635,25
2024-03-18,Bébés et tout-petits,EAST,52.99796915335525,53
2024-03-25,Bébés et tout-petits,EAST,68.99569442033005,69
2024-04-01,Bébés et tout-petits,EAST,69.99439475768683,70
2024-04-08,Bébés et tout-petits,EAST,76.99431362280681,77
2024-04-15,Bébés et tout-petits,EAST,46.993744946141675,47
2024-04-22,Bébés et tout-petits,EAST,27.996182206297952,28
2024-04-29,Bébés et tout-petits,EAST,25.997725577133064,26
2024-05-06,Bébés et tout-petits,EAST,15.997887932679346,16
2024-05-13,Bébés et tout-petits,EAST,20.998700324141748,21
2024-05-20,Bébés et tout-petits,EAST,26.998294055816565,27
2024-05-27,Bébés et tout-petits,EAST,26.99780664603065,27
2024-06-03,Bébés et tout-petits,EAST,27.997806685628046,28
2024-06-10,Bébés et tout-petits,EAST,28.997725445159606,29
2024-06-17,Bébés et tout-petits,EAST,33.99764421129439,34
2024-06-24,Bébés et tout-petits,EAST,33.99723801556775,34
2024-07-01,Bébés et tout-petits,EAST,37.99723804856728,38
2024-07-08,Bébés et tout-petits,EAST,26.996913086703703,27
2024-07-15,Bébés et tout-petits,EAST,42.99780675822122,43
2024-07-22,Bébés et tout-petits,EAST,33.99650683817535,34
2024-07-29,Bébés et tout-petits,EAST,44.99723810796847,45
2024-08-05,Bébés et tout-petits,EAST,36.99634440344231,37
2024-08-12,Bébés et tout-petits,EAST,41.99699439976907,42
2024-08-19,Bébés et tout-petits,EAST,33.99658814463695,34
2024-08-26,Bébés et tout-petits,EAST,29.9972381013631,30
2024-09-02,Bébés et tout-petits,EAST,38.99756301042121,39
2024-09-09,Bébés et tout-petits,EAST,28.996831819838427,29
2024-09-16,Bébés et tout-petits,EAST,33.99764428389293,34
2024-09-23,Bébés et tout-petits,EAST,26.997238015561855,27
2024-09-30,Bébés et tout-petits,EAST,40.99780673182385,41
2024-10-07,Bébés et tout-petits,EAST,25.99666931910794,26
2024-10-14,Bébés et tout-petits,EAST,23.99788801849024,24
2024-10-21,Bébés et tout-petits,EAST,23.998050400412982,24
2024-10-28,Bébés et tout-petits,EAST,20.998050387221,21
2024-11-04,Bébés et tout-petits,EAST,23.998294108617742,24
2024-11-11,Bébés et tout-petits,EAST,21.99805036742203,22
2024-11-18,Bébés et tout-petits,EAST,18.998212868154127,19
2024-11-25,Bébés et tout-petits,EAST,33.99845657634817,34
2024-12-02,Bébés et tout-petits,EAST,32.99723794957084,33
2024-12-09,Bébés et tout-petits,EAST,28.99731928903787,29
2024-12-16,Bébés et tout-petits,EAST,16.997644244290708,17
2024-12-23,Bébés et tout-petits,EAST,33.99861910347388,34
2024-12-30,Bébés et tout-petits,EAST,22.997237936367057,27
2025-01-06,Bébés et tout-petits,EAST,-3.0861372505069227,32
2025-01-13,Bébés et tout-petits,EAST,-1.7618308046823472,26
2025-01-20,Bébés et tout-petits,EAST,2.7212015957822615,27
2025-01-27,Bébés et tout-petits,EAST,11.882356015945811,24
2025-02-03,Bébés et tout-petits,EAST,2.1169672635168553,21
2025-02-10,Bébés et tout-petits,EAST,9.129953496071954,24
2025-02-17,Bébés et tout-petits,EAST,1.247645540193318,30
2025-02-24,Bébés et tout-petits,EAST,-5.51277599553131,22
2025-03-03,Bébés et tout-petits,EAST,-0.7342759605274694,22
2025-03-10,Bébés et tout-petits,EAST,27.301783860863043,52
2025-03-17,Bébés et tout-petits,EAST,19.779099013853894,84
2025-03-24,Bébés et tout-petits,EAST,-9.12911395278475,68
2025-03-31,Bébés et tout-petits,EAST,11.75202164597178,78
2025-04-07,Bébés et tout-petits,EAST,-47.830024012236194,34
2025-04-14,Bébés et tout-petits,EAST,-11.342091646284828,16
2025-04-21,Bébés et tout-petits,EAST,0.6615447666400165,24
2025-04-28,Bébés et tout-petits,EAST,-1.2718916969639409,25
2025-05-05,Bébés et tout-petits,EAST,10.522741331018713,26
2025-05-12,Bébés et tout-petits,EAST,-14.324795753028877,11
2025-05-19,Bébés et tout-petits,EAST,0.8874217171038019,22
2025-05-26,Bébés et tout-petits,EAST,5.635273969724711,33
2025-06-02,Bébés et tout-petits,EAST,-8.316070324714538,22
2025-06-09,Bébés et tout-petits,EAST,12.417864650554236,38
2025-06-16,Bébés et tout-petits,EAST,10.8963177357506,50
2025-06-23,Bébés et tout-petits,EAST,-8.478333847123594,30
2025-06-30,Bébés et tout-petits,EAST,11.484554172847972,46
2024-01-01,Bébés et tout-petits,NORTH,4.0,4
2024-01-08,Bébés et tout-petits,NORTH,27.0,27
2024-01-15,Bébés et tout-petits,NORTH,31.0,31
2024-01-22,Bébés et tout-petits,NORTH,19.0,19
2024-01-29,Bébés et tout-petits,NORTH,25.0,25
2024-02-05,Bébés et tout-petits,NORTH,19.0,19
2024-02-12,Bébés et tout-petits,NORTH,30.0,30
2024-02-19,Bébés et tout-petits,NORTH,20.0,20
2024-02-26,Bébés et tout-petits,NORTH,26.0,26
2024-03-04,Bébés et tout-petits,NORTH,31.0,31
2024-03-11,Bébés et tout-petits,NORTH,40.0,40
2024-03-18,Bébés et tout-petits,NORTH,51.0,51
2024-03-25,Bébés et tout-petits,NORTH,72.0,72
2024-04-01,Bébés et tout-petits,NORTH,62.0,62
2024-04-08,Bébés et tout-petits,NORTH,74.0,74
2024-04-15,Bébés et tout-petits,NORTH,43.0,43
2024-04-22,Bébés et tout-petits,NORTH,30.0,30
2024-04-29,Bébés et tout-petits,NORTH,23.0,23
2024-05-06,Bébés et tout-petits,NORTH,26.0,26
2024-05-13,Bébés et tout-petits,NORTH,28.0,28
2024-05-20,Bébés et tout-petits,NORTH,33.0,33
2024-05-27,Bébés et tout-petits,NORTH,22.0,22
2024-06-03,Bébés et tout-petits,NORTH,23.0,23
2024-06-10,Bébés et tout-petits,NORTH,30.0,30
2024-06-17,Bébés et tout-petits,NORTH,35.0,35
2024-06-24,Bébés et tout-petits,NORTH,35.0,35
2024-07-01,Bébés et tout-petits,NORTH,36.0,36
2024-07-08,Bébés et tout-petits,NORTH,37.0,37
2024-07-15,Bébés et tout-petits,NORTH,35.0,35
2024-07-22,Bébés et tout-petits,NORTH,34.0,34
2024-07-29,Bébés et tout-petits,NORTH,36.0,36
2024-08-05,Bébés et tout-petits,NORTH,33.0,33
2024-08-12,Bébés et tout-petits,NORTH,35.0,35
2024-08-19,Bébés et tout-petits,NORTH,40.0,40
2024-08-26,Bébés et tout-petits,NORTH,37.0,37
2024-09-02,Bébés et tout-petits,NORTH,42.0,42
2024-09-09,Bébés et tout-petits,NORTH,39.0,39
2024-09-16,Bébés et tout-petits,NORTH,30.0,30
2024-09-23,Bébés et tout-petits,NORTH,40.0,40
2024-09-30,Bébés et tout-petits,NORTH,30.0,30
2024-10-07,Bébés et tout-petits,NORTH,24.0,24
2024-10-14,Bébés et tout-petits,NORTH,22.0,22
2024-10-21,Bébés et tout-petits,NORTH,23.0,23
2024-10-28,Bébés et tout-petits,NORTH,29.0,29
2024-11-04,Bébés et tout-petits,NORTH,34.0,34
2024-11-11,Bébés et tout-petits,NORTH,37.0,37
2024-11-18,Bébés et tout-petits,NORTH,24.0,24
2024-11-25,Bébés et tout-petits,NORTH,36.0,36
2024-12-02,Bébés et tout-petits,NORTH,28.0,28
2024-12-09,Bébés et tout-petits,NORTH,41.0,41
2024-12-16,Bébés et tout-petits,NORTH,29.0,29
2024-12-23,Bébés et tout-petits,NORTH,34.0,34
2024-12-30,Bébés et tout-petits,NORTH,24.0,28
2025-01-06,Bébés et tout-petits,NORTH,-2.9999999999999964,24
2025-01-13,Bébés et tout-petits,NORTH,-17.0,14
2025-01-20,Bébés et tout-petits,NORTH,9.0,28
2025-01-27,Bébés et tout-petits,NORTH,-8.999999999999996,16
2025-02-03,Bébés et tout-petits,NORTH,7.0,26
2025-02-10,Bébés et tout-petits,NORTH,-8.0,22
2025-02-17,Bébés et tout-petits,NORTH,6.0,26
2025-02-24,Bébés et tout-petits,NORTH,-2.0,24
2025-03-03,Bébés et tout-petits,NORTH,17.0,48
2025-03-10,Bébés et tout-petits,NORTH,13.0,53
2025-03-17,Bébés et tout-petits,NORTH,20.0,71
2025-03-24,Bébés et tout-petits,NORTH,10.0,82
2025-03-31,Bébés et tout-petits,NORTH,23.0,85
2025-04-07,Bébés et tout-petits,NORTH,-39.0,35
2025-04-14,Bébés et tout-petits,NORTH,3.0,46
2025-04-21,Bébés et tout-petits,NORTH,8.0,38
2025-04-28,Bébés et tout-petits,NORTH,3.0,26
2025-05-05,Bébés et tout-petits,NORTH,6.0,32
2025-05-12,Bébés et tout-petits,NORTH,-9.0,19
2025-05-19,Bébés et tout-petits,NORTH,-2.0,31
2025-05-26,Bébés et tout-petits,NORTH,2.9999999999999964,25
2025-06-02,Bébés et tout-petits,NORTH,1.0,24
2025-06-09,Bébés et tout-petits,NORTH,14.0,44
2025-06-16,Bébés et tout-petits,NORTH,6.0,41
2025-06-23,Bébés et tout-petits,NORTH,1.0,36
2025-06-30,Bébés et tout-petits,NORTH,-4.0,32
2024-01-01,Bébés et tout-petits,SOUTH,2.0,2
2024-01-08,Bébés et tout-petits,SOUTH,12.0,12
2024-01-15,Bébés et tout-petits,SOUTH,13.999654746666192,14
2024-01-22,Bébés et tout-petits,SOUTH,15.999194500820114,16
2024-01-29,Bébés et tout-petits,SOUTH,18.99907945315054,19
2024-02-05,Bébés et tout-petits,SOUTH,11.998906848545884,12
2024-02-12,Bébés et tout-petits,SOUTH,4.999309618000091,5
2024-02-19,Bébés et tout-petits,SOUTH,12.999712354348958,13
2024-02-26,Bébés et tout-petits,SOUTH,22.999252034578923,23
2024-03-04,Bébés et tout-petits,SOUTH,19.998676690317172,20
2024-03-11,Bébés et tout-petits,SOUTH,7.998849334644959,8
2024-03-18,Bébés et tout-petits,SOUTH,33.999539769608155,34
2024-03-25,Bébés et tout-petits,SOUTH,35.99804376593981,36
2024-04-01,Bébés et tout-petits,SOUTH,47.99792877786605,48
2024-04-08,Bébés et tout-petits,SOUTH,54.99723833958548,55
2024-04-15,Bébés et tout-petits,SOUTH,32.996835619788236,33
2024-04-22,Bébés et tout-petits,SOUTH,12.998101458603404,13
2024-04-29,Bébés et tout-petits,SOUTH,15.999252127265152,16
2024-05-06,Bébés et tout-petits,SOUTH,13.999079449834882,14
2024-05-13,Bébés et tout-petits,SOUTH,23.999194533919677,24
2024-05-20,Bébés et tout-petits,SOUTH,11.998619156550872,12
2024-05-27,Bébés et tout-petits,SOUTH,12.999309634553047,13
2024-06-03,Bébés et tout-petits,SOUTH,31.99925205775024,32
2024-06-10,Bébés et tout-petits,SOUTH,20.998158856643354,21
2024-06-17,Bébés et tout-petits,SOUTH,23.998791827364872,24
2024-06-24,Bébés et tout-petits,SOUTH,24.998619179721427,25
2024-07-01,Bébés et tout-petits,SOUTH,11.998561652580348,12
2024-07-08,Bébés et tout-petits,SOUTH,20.999309637861657,21
2024-07-15,Bébés et tout-petits,SOUTH,17.998791761152287,18
2024-07-22,Bébés et tout-petits,SOUTH,18.99896440217356,19
2024-07-29,Bébés et tout-petits,SOUTH,27.99890685516558,28
2024-08-05,Bébés et tout-petits,SOUTH,21.998389024804183,22
2024-08-12,Bébés et tout-petits,SOUTH,22.99873427704695,23
2024-08-19,Bébés et tout-petits,SOUTH,16.998676720107426,17
2024-08-26,Bébés et tout-petits,SOUTH,17.999021945867405,18
2024-09-02,Bébés et tout-petits,SOUTH,18.998964388929405,19
2024-09-09,Bébés et tout-petits,SOUTH,23.998906855166343,24
2024-09-16,Bébés et tout-petits,SOUTH,19.998619173103066,20
2024-09-23,Bébés et tout-petits,SOUTH,12.998849337954331,13
2024-09-30,Bébés et tout-petits,SOUTH,20.99925208423436,21
2024-10-07,Bébés et tout-petits,SOUTH,13.998791764463755,14
2024-10-14,Bébés et tout-petits,SOUTH,23.99919455047225,24
2024-10-21,Bébés et tout-petits,SOUTH,12.998619156549918,13
2024-10-28,Bébés et tout-petits,SOUTH,12.999252097478326,13
2024-11-04,Bébés et tout-petits,SOUTH,17.99925206106076,18
2024-11-11,Bébés et tout-petits,SOUTH,20.99896437568925,21
2024-11-18,Bébés et tout-petits,SOUTH,23.998791781017662,24
2024-11-25,Bébés et tout-petits,SOUTH,18.998619179724095,19
2024-12-02,Bébés et tout-petits,SOUTH,18.99890687502867,19
2024-12-09,Bébés et tout-petits,SOUTH,19.998906858475525,20
2024-12-16,Bébés et tout-petits,SOUTH,18.998849321401757,19
2024-12-23,Bébés et tout-petits,SOUTH,14.998906861786992,15
2024-12-30,Bébés et tout-petits,SOUTH,5.999137006775168,8
2025-01-06,Bébés et tout-petits,SOUTH,-8.259327199462978,6
2025-01-13,Bébés et tout-petits,SOUTH,0.6245392703002075,11
2025-01-20,Bébés et tout-petits,SOUTH,-1.2817693104197687,15
2025-01-27,Bébés et tout-petits,SOUTH,-6.418479813406112,12
2025-02-03,Bébés et tout-petits,SOUTH,2.9153071478559447,12
2025-02-10,Bébés et tout-petits,SOUTH,14.675539579517016,21
2025-02-17,Bébés et tout-petits,SOUTH,-4.667605639335889,15
2025-02-24,Bébés et tout-petits,SOUTH,0.12067614364352863,21
2025-03-03,Bébés et tout-petits,SOUTH,1.9451719853828635,22
2025-03-10,Bébés et tout-petits,SOUTH,23.116229931354574,32
2025-03-17,Bébés et tout-petits,SOUTH,4.497363691225189,49
2025-03-24,Bébés et tout-petits,SOUTH,10.956666108615906,49
2025-03-31,Bébés et tout-petits,SOUTH,-18.97805577173756,34
2025-04-07,Bébés et tout-petits,SOUTH,-24.377503046289156,22
2025-04-14,Bébés et tout-petits,SOUTH,-12.924316151368195,9
2025-04-21,Bébés et tout-petits,SOUTH,7.872038632720274,15
2025-04-28,Bébés et tout-petits,SOUTH,-2.576584975834315,17
2025-05-05,Bébés et tout-petits,SOUTH,6.170646581334799,19
2025-05-12,Bébés et tout-petits,SOUTH,-12.803573875038126,14
2025-05-19,Bébés et tout-petits,SOUTH,6.81718054178576,13
2025-05-26,Bébés et tout-petits,SOUTH,-3.0973203563757714,13
2025-06-02,Bébés et tout-petits,SOUTH,-18.59276231116115,12
2025-06-09,Bébés et tout-petits,SOUTH,8.447442580496862,21
2025-06-16,Bébés et tout-petits,SOUTH,-15.838014220617168,12
2025-06-23,Bébés et tout-petits,SOUTH,4.195849303007677,22
2025-06-30,Bébés et tout-petits,SOUTH,8.093656258796031,22
2024-01-01,Bébés et tout-petits,WEST,1.0,1
2024-01-08,Bébés et tout-petits,WEST,21.0,21
2024-01-15,Bébés et tout-petits,WEST,15.0,15
2024-01-22,Bébés et tout-petits,WEST,14.0,14
2024-01-29,Bébés et tout-petits,WEST,26.0,26
2024-02-05,Bébés et tout-petits,WEST,20.0,20
2024-02-12,Bébés et tout-petits,WEST,17.0,17
2024-02-19,Bébés et tout-petits,WEST,14.0,14
2024-02-26,Bébés et tout-petits,WEST,22.0,22
2024-03-04,Bébés et tout-petits,WEST,20.0,20
2024-03-11,Bébés et tout-petits,WEST,17.0,17
2024-03-18,Bébés et tout-petits,WEST,45.0,45
2024-03-25,Bébés et tout-petits,WEST,38.0,38
2024-04-01,Bébés et tout-petits,WEST,49.0,49
2024-04-08,Bébés et tout-petits,WEST,60.0,60
2024-04-15,Bébés et tout-petits,WEST,37.0,37
2024-04-22,Bébés et tout-petits,WEST,16.0,16
2024-04-29,Bébés et tout-petits,WEST,14.0,14
2024-05-06,Bébés et tout-petits,WEST,20.0,20
2024-05-13,Bébés et tout-petits,WEST,13.0,13
2024-05-20,Bébés et tout-petits,WEST,23.0,23
2024-05-27,Bébés et tout-petits,WEST,18.0,18
2024-06-03,Bébés et tout-petits,WEST,15.0,15
2024-06-10,Bébés et tout-petits,WEST,25.0,25
2024-06-17,Bébés et tout-petits,WEST,26.0,26
2024-06-24,Bébés et tout-petits,WEST,18.0,18
2024-07-01,Bébés et tout-petits,WEST,22.0,22
2024-07-08,Bébés et tout-petits,WEST,19.0,19
2024-07-15,Bébés et tout-petits,WEST,31.0,31
2024-07-22,Bébés et tout-petits,WEST,22.0,22
2024-07-29,Bébés et tout-petits,WEST,32.0,32
2024-08-05,Bébés et tout-petits,WEST,27.0,27
2024-08-12,Bébés et tout-petits,WEST,30.0,30
2024-08-19,Bébés et tout-petits,WEST,27.0,27
2024-08-26,Bébés et tout-petits,WEST,33.0,33
2024-09-02,Bébés et tout-petits,WEST,26.0,26
2024-09-09,Bébés et tout-petits,WEST,21.0,21
2024-09-16,Bébés et tout-petits,WEST,25.0,25
2024-09-23,Bébés et tout-petits,WEST,23.0,23
2024-09-30,Bébés et tout-petits,WEST,23.0,23
2024-10-07,Bébés et tout-petits,WEST,17.0,17
2024-10-14,Bébés et tout-petits,WEST,19.0,19
2024-10-21,Bébés et tout-petits,WEST,22.0,22
2024-10-28,Bébés et tout-petits,WEST,19.0,19
2024-11-04,Bébés et tout-petits,WEST,29.0,29
2024-11-11,Bébés et tout-petits,WEST,22.0,22
2024-11-18,Bébés et tout-petits,WEST,21.0,21
2024-11-25,Bébés et tout-petits,WEST,14.0,14
2024-12-02,Bébés et tout-petits,WEST,18.0,18
2024-12-09,Bébés et tout-petits,WEST,19.0,19
2024-12-16,Bébés et tout-petits,WEST,16.0,16
2024-12-23,Bébés et tout-petits,WEST,14.0,14
2024-12-30,Bébés et tout-petits,WEST,17.0,18
2025-01-06,Bébés et tout-petits,WEST,-6.0000000000000036,15
2025-01-13,Bébés et tout-petits,WEST,1.9999999999999982,17
2025-01-20,Bébés et tout-petits,WEST,-1.7763568394002505e-15,14
2025-01-27,Bébés et tout-petits,WEST,-6.0000000000000036,20
2025-02-03,Bébés et tout-petits,WEST,-7.0,13
2025-02-10,Bébés et tout-petits,WEST,-2.0000000000000036,15
2025-02-17,Bébés et tout-petits,WEST,6.999999999999998,21
2025-02-24,Bébés et tout-petits,WEST,-2.0,20
2025-03-03,Bébés et tout-petits,WEST,9.0,29
2025-03-10,Bébés et tout-petits,WEST,25.999999999999996,43
2025-03-17,Bébés et tout-petits,WEST,12.0,57
2025-03-24,Bébés et tout-petits,WEST,13.999999999999993,52
2025-03-31,Bébés et tout-petits,WEST,6.0,55
2025-04-07,Bébés et tout-petits,WEST,-43.00000000000001,17
2025-04-14,Bébés et tout-petits,WEST,-13.0,24
2025-04-21,Bébés et tout-petits,WEST,9.0,25
2025-04-28,Bébés et tout-petits,WEST,11.999999999999998,26
2025-05-05,Bébés et tout-petits,WEST,1.0,21
2025-05-12,Bébés et tout-petits,WEST,12.999999999999998,26
2025-05-19,Bébés et tout-petits,WEST,-3.552713678800501e-15,23
2025-05-26,Bébés et tout-petits,WEST,-1.0,17
2025-06-02,Bébés et tout-petits,WEST,7.999999999999998,23
2025-06-09,Bébés et tout-petits,WEST,0.9999999999999964,26
2025-06-16,Bébés et tout-petits,WEST,-9.000000000000004,17
2025-06-23,Bébés et tout-petits,WEST,5.0,23
2025-06-30,Bébés et tout-petits,WEST,3.0,25
2024-01-01,Entreprise et industrie,EAST,1.0,1
2024-01-08,Entreprise et industrie,EAST,10.0,10
2024-01-15,Entreprise et industrie,EAST,17.0,17
2024-01-22,Entreprise et industrie,EAST,10.0,10
2024-01-29,Entreprise et industrie,EAST,8.0,8
2024-02-05,Entreprise et industrie,EAST,7.0,7
2024-02-12,Entreprise et industrie,EAST,9.0,9
2024-02-19,Entreprise et industrie,EAST,18.0,18
2024-02-26,Entreprise et industrie,EAST,9.0,9
2024-03-04,Entreprise et industrie,EAST,10.0,10
2024-03-11,Entreprise et industrie,EAST,16.0,16
2024-03-18,Entreprise et industrie,EAST,16.0,16
2024-03-25,Entreprise et industrie,EAST,31.0,31
2024-04-01,Entreprise et industrie,EAST,23.0,23
2024-04-08,Entreprise et industrie,EAST,40.0,40
2024-04-15,Entreprise et industrie,EAST,10.0,10
2024-04-22,Entreprise et industrie,EAST,12.0,12
2024-04-29,Entreprise et industrie,EAST,8.0,8
2024-05-06,Entreprise et industrie,EAST,5.0,5
2024-05-13,Entreprise et industrie,EAST,16.0,16
2024-05-20,Entreprise et industrie,EAST,15.0,15
2024-05-27,Entreprise et industrie,EAST,14.0,14
2024-06-03,Entreprise et industrie,EAST,8.0,8
2024-06-10,Entreprise et industrie,EAST,16.0,16
2024-06-17,Entreprise et industrie,EAST,10.0,10
2024-06-24,Entreprise et industrie,EAST,15.0,15
2024-07-01,Entreprise et industrie,EAST,13.0,13
2024-07-08,Entreprise et industrie,EAST,15.0,15
2024-07-15,Entreprise et industrie,EAST,17.0,17
2024-07-22,Entreprise et industrie,EAST,12.0,12
2024-07-29,Entreprise et industrie,EAST,13.0,13
2024-08-05,Entreprise et industrie,EAST,13.0,13
2024-08-12,Entreprise et industrie,EAST,7.0,7
2024-08-19,Entreprise et industrie,EAST,13.0,13
2024-08-26,Entreprise et industrie,EAST,14.0,14
2024-09-02,Entreprise et industrie,EAST,22.0,22
2024-09-09,Entreprise et industrie,EAST,10.0,10
2024-09-16,Entreprise et industrie,EAST,11.0,11
2024-09-23,Entreprise et industrie,EAST,17.0,17
2024-09-30,Entreprise et industrie,EAST,14.0,14
2024-10-07,Entreprise et industrie,EAST,11.0,11
2024-10-14,Entreprise et industrie,EAST,11.0,11
2024-10-21,Entreprise et industrie,EAST,10.0,10
2024-10-28,Entreprise et industrie,EAST,10.0,10
2024-11-04,Entreprise et industrie,EAST,8.0,8
2024-11-11,Entreprise et industrie,EAST,10.0,10
2024-11-18,Entreprise et industrie,EAST,6.0,6
2024-11-25,Entreprise et industrie,EAST,9.0,9
2024-12-02,Entreprise et industrie,EAST,13.0,13
2024-12-09,Entreprise et industrie,EAST,16.0,16
2024-12-16,Entreprise et industrie,EAST,18.0,18
2024-12-23,Entreprise et industrie,EAST,13.0,13
2024-12-30,Entreprise et industrie,EAST,11.0,12
2025-01-06,Entreprise et industrie,EAST,-5.0,5
2025-01-13,Entreprise et industrie,EAST,-10.0,7
2025-01-20,Entreprise et industrie,EAST,-1.0,9
2025-01-27,Entreprise et industrie,EAST,-2.0,6
2025-02-03,Entreprise et industrie,EAST,8.881784197001252e-16,7
2025-02-10,Entreprise et industrie,EAST,-2.0,7
2025-02-17,Entreprise et industrie,EAST,-8.0,10
2025-02-24,Entreprise et industrie,EAST,9.0,18
2025-03-03,Entreprise et industrie,EAST,3.0,13
2025-03-10,Entreprise et industrie,EAST,8.0,24
2025-03-17,Entreprise et industrie,EAST,4.0,20
2025-03-24,Entreprise et industrie,EAST,3.0,34
2025-03-31,Entreprise et industrie,EAST,11.0,34
2025-04-07,Entreprise et industrie,EAST,-29.0,11
2025-04-14,Entreprise et industrie,EAST,2.0,12
2025-04-21,Entreprise et industrie,EAST,-6.999999999999998,5
2025-04-28,Entreprise et industrie,EAST,8.0,16
2025-05-05,Entreprise et industrie,EAST,6.0,11
2025-05-12,Entreprise et industrie,EAST,-5.0,11
2025-05-19,Entreprise et industrie,EAST,-4.999999999999998,10
2025-05-26,Entreprise et industrie,EAST,-0.9999999999999982,13
2025-06-02,Entreprise et industrie,EAST,7.0,15
2025-06-09,Entreprise et industrie,EAST,2.0,18
2025-06-16,Entreprise et industrie,EAST,2.0,12
2025-06-23,Entreprise et industrie,EAST,-5.999999999999998,9
2025-06-30,Entreprise et industrie,EAST,5.0,18
2024-01-01,Entreprise et industrie,NORTH,2.0,2
2024-01-08,Entreprise et industrie,NORTH,9.0,9
2024-01-15,Entreprise et industrie,NORTH,9.00013866029874,9
2024-01-22,Entreprise et industrie,NORTH,5.000277312739063,5
2024-01-29,Entreprise et industrie,NORTH,10.0001540688039,10
2024-02-05,Entreprise et industrie,NORTH,11.000308125265827,11
2024-02-12,Entreprise et industrie,NORTH,9.000338942064488,9
2024-02-19,Entreprise et industrie,NORTH,11.000277318910285,11
2024-02-26,Entreprise et industrie,NORTH,13.000338941115281,13
2024-03-04,Entreprise et industrie,NORTH,8.000400567117717,8
2024-03-11,Entreprise et industrie,NORTH,10.000246508757215,10
2024-03-18,Entreprise et industrie,NORTH,29.000308128114092,29
2024-03-25,Entreprise et industrie,NORTH,34.00089355899814,34
2024-04-01,Entreprise et industrie,NORTH,19.001047637295798,19
2024-04-08,Entreprise et industrie,NORTH,36.00058546126529,36
2024-04-15,Entreprise et industrie,NORTH,14.001109251906406,14
2024-04-22,Entreprise et industrie,NORTH,8.000431402904438,8
2024-04-29,Entreprise et industrie,NORTH,5.000246509707329,5
2024-05-06,Entreprise et industrie,NORTH,9.000154067854796,9
2024-05-13,Entreprise et industrie,NORTH,12.000277313213932,12
2024-05-20,Entreprise et industrie,NORTH,10.00036975316697,10
2024-05-27,Entreprise et industrie,NORTH,7.000308131911504,7
2024-06-03,Entreprise et industrie,NORTH,13.000215693857232,13
2024-06-10,Entreprise et industrie,NORTH,11.000400563320216,11
2024-06-17,Entreprise et industrie,NORTH,15.000338944912693,15
2024-06-24,Entreprise et industrie,NORTH,22.000462191221565,22
2024-07-01,Entreprise et industrie,NORTH,20.000677879382092,20
2024-07-08,Entreprise et industrie,NORTH,13.000616261924156,13
2024-07-15,Entreprise et industrie,NORTH,10.00040057566254,10
2024-07-22,Entreprise et industrie,NORTH,15.000308132861209,15
2024-07-29,Entreprise et industrie,NORTH,14.000462190272183,14
2024-08-05,Entreprise et industrie,NORTH,11.000431382967141,11
2024-08-12,Entreprise et industrie,NORTH,15.00033894586231,15
2024-08-19,Entreprise et industrie,NORTH,11.000462191221594,11
2024-08-26,Entreprise et industrie,NORTH,15.000338946811576,15
2024-09-02,Entreprise et industrie,NORTH,13.000462191221622,13
2024-09-09,Entreprise et industrie,NORTH,14.000400570915305,14
2024-09-16,Entreprise et industrie,NORTH,12.000431381068523,12
2024-09-23,Entreprise et industrie,NORTH,14.000369757914116,14
2024-09-30,Entreprise et industrie,NORTH,18.00043138011911,18
2024-10-07,Entreprise et industrie,NORTH,5.000554630225278,5
2024-10-14,Entreprise et industrie,NORTH,11.00015407734862,11
2024-10-21,Entreprise et industrie,NORTH,14.000338937317956,14
2024-10-28,Entreprise et industrie,NORTH,9.000431379169465,9
2024-11-04,Entreprise et industrie,NORTH,11.000277321758464,11
2024-11-11,Entreprise et industrie,NORTH,10.000338941115368,10
2024-11-18,Entreprise et industrie,NORTH,10.000308130962122,10
2024-11-25,Entreprise et industrie,NORTH,10.000308130012797,10
2024-12-02,Entreprise et industrie,NORTH,13.000308130012769,13
2024-12-09,Entreprise et industrie,NORTH,13.000400566168365,13
2024-12-16,Entreprise et industrie,NORTH,11.000400569016511,11
2024-12-23,Entreprise et industrie,NORTH,7.000338944912869,7
2024-12-30,Entreprise et industrie,NORTH,6.000215694806644,8
2025-01-06,Entreprise et industrie,NORTH,4.737616897932005,11
2025-01-13,Entreprise et industrie,NORTH,0.7297594158303005,7
2025-01-20,Entreprise et industrie,NORTH,7.45169321651045,12
2025-01-27,Entreprise et industrie,NORTH,2.737746272061875,8
2025-02-03,Entreprise et industrie,NORTH,-4.240525491657785,5
2025-02-10,Entreprise et industrie,NORTH,-2.7373695377771075,9
2025-02-17,Entreprise et industrie,NORTH,-4.7703040843387505,8
2025-02-24,Entreprise et industrie,NORTH,-6.087416415311775,10
2025-03-03,Entreprise et industrie,NORTH,0.05885577699284816,12
2025-03-10,Entreprise et industrie,NORTH,8.038109843298075,18
2025-03-17,Entreprise et industrie,NORTH,2.205070701496304,26
2025-03-24,Entreprise et industrie,NORTH,1.4279254798620045,34
2025-03-31,Entreprise et industrie,NORTH,17.924683053464353,36
2025-04-07,Entreprise et industrie,NORTH,-13.392447501719111,11
2025-04-14,Entreprise et industrie,NORTH,-11.672611370953383,11
2025-04-21,Entreprise et industrie,NORTH,-7.558894409549179,8
2025-04-28,Entreprise et industrie,NORTH,3.1050454350263372,13
2025-05-05,Entreprise et industrie,NORTH,2.010751502636584,9
2025-05-12,Entreprise et industrie,NORTH,0.30211357908643954,11
2025-05-19,Entreprise et industrie,NORTH,-2.8043586180660096,7
2025-05-26,Entreprise et industrie,NORTH,-2.816034229142108,6
2025-06-02,Entreprise et industrie,NORTH,-9.823595077343724,5
2025-06-09,Entreprise et industrie,NORTH,-0.36152056303869884,17
2025-06-16,Entreprise et industrie,NORTH,1.76588810112362,17
2025-06-23,Entreprise et industrie,NORTH,-3.856453936660472,17
2025-06-30,Entreprise et industrie,NORTH,-11.497345508731676,11
2024-01-01,Entreprise et industrie,SOUTH,1.0,1
2024-01-08,Entreprise et industrie,SOUTH,9.0,9
2024-01-15,Entreprise et industrie,SOUTH,1.0,1
2024-01-22,Entreprise et industrie,SOUTH,8.0,8
2024-01-29,Entreprise et industrie,SOUTH,5.0,5
2024-02-05,Entreprise et industrie,SOUTH,4.0,4
2024-02-12,Entreprise et industrie,SOUTH,4.0,4
2024-02-19,Entreprise et industrie,SOUTH,4.0,4
2024-02-26,Entreprise et industrie,SOUTH,7.0,7
2024-03-04,Entreprise et industrie,SOUTH,10.0,10
2024-03-11,Entreprise et industrie,SOUTH,8.0,8
2024-03-18,Entreprise et industrie,SOUTH,9.0,9
2024-03-25,Entreprise et industrie,SOUTH,20.0,20
2024-04-01,Entreprise et industrie,SOUTH,22.0,22
2024-04-08,Entreprise et industrie,SOUTH,21.0,21
2024-04-15,Entreprise et industrie,SOUTH,18.0,18
2024-04-22,Entreprise et industrie,SOUTH,3.0,3
2024-04-29,Entreprise et industrie,SOUTH,7.0,7
2024-05-06,Entreprise et industrie,SOUTH,5.0,5
2024-05-13,Entreprise et industrie,SOUTH,5.0,5
2024-05-20,Entreprise et industrie,SOUTH,9.0,9
2024-05-27,Entreprise et industrie,SOUTH,3.0,3
2024-06-03,Entreprise et industrie,SOUTH,8.0,8
2024-06-10,Entreprise et industrie,SOUTH,6.0,6
2024-06-17,Entreprise et industrie,SOUTH,14.0,14
2024-06-24,Entreprise et industrie,SOUTH,8.0,8
2024-07-01,Entreprise et industrie,SOUTH,14.0,14
2024-07-08,Entreprise et industrie,SOUTH,6.0,6
2024-07-15,Entreprise et industrie,SOUTH,8.0,8
2024-07-22,Entreprise et industrie,SOUTH,7.0,7
2024-07-29,Entreprise et industrie,SOUTH,4.0,4
2024-08-05,Entreprise et industrie,SOUTH,8.0,8
2024-08-12,Entreprise et industrie,SOUTH,12.0,12
2024-08-19,Entreprise et industrie,SOUTH,11.0,11
2024-08-26,Entreprise et industrie,SOUTH,10.0,10
2024-09-02,Entreprise et industrie,SOUTH,12.0,12
2024-09-09,Entreprise et industrie,SOUTH,6.0,6
2024-09-16,Entreprise et industrie,SOUTH,6.0,6
2024-09-23,Entreprise et industrie,SOUTH,11.0,11
2024-09-30,Entreprise et industrie,SOUTH,8.0,8
2024-10-07,Entreprise et industrie,SOUTH,5.0,5
2024-10-14,Entreprise et industrie,SOUTH,5.0,5
2024-10-21,Entreprise et industrie,SOUTH,5.0,5
2024-10-28,Entreprise et industrie,SOUTH,4.0,4
2024-11-04,Entreprise et industrie,SOUTH,3.0,3
2024-11-11,Entreprise et industrie,SOUTH,3.0,3
2024-11-18,Entreprise et industrie,SOUTH,4.0,4
2024-11-25,Entreprise et industrie,SOUTH,6.0,6
2024-12-02,Entreprise et industrie,SOUTH,3.0,3
2024-12-09,Entreprise et industrie,SOUTH,2.0,2
2024-12-16,Entreprise et industrie,SOUTH,7.0,7
2024-12-23,Entreprise et industrie,SOUTH,8.0,8
2024-12-30,Entreprise et industrie,SOUTH,1.0,2
2025-01-06,Entreprise et industrie,SOUTH,-2.0,7
2025-01-13,Entreprise et industrie,SOUTH,10.0,11
2025-01-20,Entreprise et industrie,SOUTH,-3.999999999999999,4
2025-01-27,Entreprise et industrie,SOUTH,-1.0,4
2025-02-03,Entreprise et industrie,SOUTH,2.0000000000000004,6
2025-02-10,Entreprise et industrie,SOUTH,4.0,8
2025-02-17,Entreprise et industrie,SOUTH,7.0,11
2025-02-24,Entreprise et industrie,SOUTH,-3.999999999999999,3
2025-03-03,Entreprise et industrie,SOUTH,-4.0,6
2025-03-10,Entreprise et industrie,SOUTH,2.000000000000001,10
2025-03-17,Entreprise et industrie,SOUTH,8.0,17
2025-03-24,Entreprise et industrie,SOUTH,-1.0,19
2025-03-31,Entreprise et industrie,SOUTH,-8.999999999999996,13
2025-04-07,Entreprise et industrie,SOUTH,-15.0,6
2025-04-14,Entreprise et industrie,SOUTH,-14.0,4
2025-04-21,Entreprise et industrie,SOUTH,3.0000000000000004,6
2025-04-28,Entreprise et industrie,SOUTH,-0.9999999999999991,6
2025-05-05,Entreprise et industrie,SOUTH,1.0,6
2025-05-12,Entreprise et industrie,SOUTH,-3.0,2
2025-05-19,Entreprise et industrie,SOUTH,-4.0,5
2025-05-26,Entreprise et industrie,SOUTH,8.0,11
2025-06-02,Entreprise et industrie,SOUTH,-0.9999999999999991,7
2025-06-09,Entreprise et industrie,SOUTH,1.0000000000000009,7
2025-06-16,Entreprise et industrie,SOUTH,-7.999999999999998,6
2025-06-23,Entreprise et industrie,SOUTH,4.000000000000001,12
2025-06-30,Entreprise et industrie,SOUTH,-3.9999999999999982,10
2024-01-01,Entreprise et industrie,WEST,1.0,1
2024-01-08,Entreprise et industrie,WEST,5.0,5
2024-01-15,Entreprise et industrie,WEST,11.000026160766577,11
2024-01-22,Entreprise et industrie,WEST,3.000115105763251,3
2024-01-29,Entreprise et industrie,WEST,7.000031393610712,7
2024-02-05,Entreprise et industrie,WEST,6.000073249276375,6
2024-02-12,Entreprise et industrie,WEST,9.00006278557895,9
2024-02-19,Entreprise et industrie,WEST,3.0000941778756847,3
2024-02-26,Entreprise et industrie,WEST,6.000031393391719,6
2024-03-04,Entreprise et industrie,WEST,7.000062785140964,7
2024-03-11,Entreprise et industrie,WEST,13.00007324960486,13
2024-03-18,Entreprise et industrie,WEST,13.00013603452682,13
2024-03-25,Entreprise et industrie,WEST,23.00013603518381,23
2024-04-01,Entreprise et industrie,WEST,16.000240676537913,16
2024-04-08,Entreprise et industrie,WEST,15.000167428685028,15
2024-04-15,Entreprise et industrie,WEST,12.000156963783143,12
2024-04-22,Entreprise et industrie,WEST,3.0001255712674073,3
2024-04-29,Entreprise et industrie,WEST,3.000031393720224,3
2024-05-06,Entreprise et industrie,WEST,8.000031392734737,8
2024-05-13,Entreprise et industrie,WEST,5.000083713411776,5
2024-05-20,Entreprise et industrie,WEST,12.000052321553037,12
2024-05-27,Entreprise et industrie,WEST,8.000125570172417,8
2024-06-03,Entreprise et industrie,WEST,10.000083714397261,10
2024-06-10,Entreprise et industrie,WEST,11.000104642230097,11
2024-06-17,Entreprise et industrie,WEST,10.000115106584499,10
2024-06-24,Entreprise et industrie,WEST,10.000104642558588,10
2024-07-01,Entreprise et industrie,WEST,8.000104642449092,8
2024-07-08,Entreprise et industrie,WEST,5.000083714178271,5
2024-07-15,Entreprise et industrie,WEST,5.000052321553046,5
2024-07-22,Entreprise et industrie,WEST,12.00005232122455,12
2024-07-29,Entreprise et industrie,WEST,12.000125570172413,12
2024-08-05,Entreprise et industrie,WEST,6.0001255709389,6
2024-08-12,Entreprise et industrie,WEST,7.00006278612645,7
2024-08-19,Entreprise et industrie,WEST,14.00007324960487,14
2024-08-26,Entreprise et industrie,WEST,8.00014649866223,8
2024-09-02,Entreprise et industrie,WEST,7.0000837146162596,7
2024-09-09,Entreprise et industrie,WEST,16.00007324982387,16
2024-09-16,Entreprise et industrie,WEST,4.000167426933053,4
2024-09-23,Entreprise et industrie,WEST,7.000041858293617,7
2024-09-30,Entreprise et industrie,WEST,8.00007324938588,8
2024-10-07,Entreprise et industrie,WEST,6.00008371384977,6
2024-10-14,Entreprise et industrie,WEST,9.000062785688451,9
2024-10-21,Entreprise et industrie,WEST,7.0000941778756856,7
2024-10-28,Entreprise et industrie,WEST,6.000073249933358,6
2024-11-04,Entreprise et industrie,WEST,11.000062785578956,11
2024-11-11,Entreprise et industrie,WEST,7.000115106146504,7
2024-11-18,Entreprise et industrie,WEST,8.000073250152354,8
2024-11-25,Entreprise et industrie,WEST,12.000083713849778,12
2024-12-02,Entreprise et industrie,WEST,5.00012557050091,5
2024-12-09,Entreprise et industrie,WEST,13.000052321991035,13
2024-12-16,Entreprise et industrie,WEST,15.00013603430783,15
2024-12-23,Entreprise et industrie,WEST,9.000156963454629,9
2024-12-30,Entreprise et industrie,WEST,6.000094178861175,7
2025-01-06,Entreprise et industrie,WEST,-0.7603824159667791,2
2025-01-13,Entreprise et industrie,WEST,-3.329766944620401,8
2025-01-20,Entreprise et industrie,WEST,5.517068948672547,10
2025-01-27,Entreprise et industrie,WEST,-0.5301043291998617,4
2025-02-03,Entreprise et industrie,WEST,-2.237565936610391,4
2025-02-10,Entreprise et industrie,WEST,-4.00297365603762,6
2025-02-17,Entreprise et industrie,WEST,4.205618961126848,9
2025-02-24,Entreprise et industrie,WEST,1.8852351548173027,6
2025-03-03,Entreprise et industrie,WEST,8.845087882152018,15
2025-03-10,Entreprise et industrie,WEST,2.964958491202875,12
2025-03-17,Entreprise et industrie,WEST,4.329092294844216,16
2025-03-24,Entreprise et industrie,WEST,-4.059411857180823,17
2025-03-31,Entreprise et industrie,WEST,12.180300626058528,30
2025-04-07,Entreprise et industrie,WEST,-1.5399761798561347,8
2025-04-14,Entreprise et industrie,WEST,-2.690320122922037,10
2025-04-21,Entreprise et industrie,WEST,7.794018932052332,12
2025-04-28,Entreprise et industrie,WEST,3.4937995650390494,3
2025-05-05,Entreprise et industrie,WEST,0.566154189139592,7
2025-05-12,Entreprise et industrie,WEST,7.253788100465914,12
2025-05-19,Entreprise et industrie,WEST,-6.7483679560911956,2
2025-05-26,Entreprise et industrie,WEST,-6.0250689965294235,5
2025-06-02,Entreprise et industrie,WEST,-0.7008381199635778,12
2025-06-09,Entreprise et industrie,WEST,-0.314162428913523,11
2025-06-16,Entreprise et industrie,WEST,-1.1408285721472655,9
2025-06-23,Entreprise et industrie,WEST,-2.51139552057807,8
2025-06-30,Entreprise et industrie,WEST,1.8742248827042296,11
2024-01-01,Fournitures de bureau,EAST,4.0,4
2024-01-08,Fournitures de bureau,EAST,23.0,23
2024-01-15,Fournitures de bureau,EAST,24.0,24
2024-01-22,Fournitures de bureau,EAST,22.0,22
2024-01-29,Fournitures de bureau,EAST,24.0,24
2024-02-05,Fournitures de bureau,EAST,16.0,16
2024-02-12,Fournitures de bureau,EAST,22.0,22
2024-02-19,Fournitures de bureau,EAST,22.0,22
2024-02-26,Fournitures de bureau,EAST,23.0,23
2024-03-04,Fournitures de bureau,EAST,32.0,32
2024-03-11,Fournitures de bureau,EAST,38.0,38
2024-03-18,Fournitures de bureau,EAST,65.0,65
2024-03-25,Fournitures de bureau,EAST,62.0,62
2024-04-01,Fournitures de bureau,EAST,64.0,64
2024-04-08,Fournitures de bureau,EAST,80.0,80
2024-04-15,Fournitures de bureau,EAST,38.0,38
2024-04-22,Fournitures de bureau,EAST,26.0,26
2024-04-29,Fournitures de bureau,EAST,30.0,30
2024-05-06,Fournitures de bureau,EAST,24.0,24
2024-05-13,Fournitures de bureau,EAST,20.0,20
2024-05-20,Fournitures de bureau,EAST,30.0,30
2024-05-27,Fournitures de bureau,EAST,33.0,33
2024-06-03,Fournitures de bureau,EAST,27.0,27
2024-06-10,Fournitures de bureau,EAST,44.0,44
2024-06-17,Fournitures de bureau,EAST,46.0,46
2024-06-24,Fournitures de bureau,EAST,38.0,38
2024-07-01,Fournitures de bureau,EAST,30.0,30
2024-07-08,Fournitures de bureau,EAST,45.0,45
2024-07-15,Fournitures de bureau,EAST,40.0,40
2024-07-22,Fournitures de bureau,EAST,34.0,34
2024-07-29,Fournitures de bureau,EAST,27.0,27
2024-08-05,Fournitures de bureau,EAST,34.0,34
2024-08-12,Fournitures de bureau,EAST,37.0,37
2024-08-19,Fournitures de bureau,EAST,22.0,22
2024-08-26,Fournitures de bureau,EAST,40.0,40
2024-09-02,Fournitures de bureau,EAST,38.0,38
2024-09-09,Fournitures de bureau,EAST,47.0,47
2024-09-16,Fournitures de bureau,EAST,36.0,36
2024-09-23,Fournitures de bureau,EAST,43.0,43
2024-09-30,Fournitures de bureau,EAST,32.0,32
2024-10-07,Fournitures de bureau,EAST,18.0,18
2024-10-14,Fournitures de bureau,EAST,20.0,20
2024-10-21,Fournitures de bureau,EAST,31.0,31
2024-10-28,Fournitures de bureau,EAST,24.0,24
2024-11-04,Fournitures de bureau,EAST,39.0,39
2024-11-11,Fournitures de bureau,EAST,19.0,19
2024-11-18,Fournitures de bureau,EAST,35.0,35
2024-11-25,Fournitures de bureau,EAST,25.0,25
2024-12-02,Fournitures de bureau,EAST,35.0,35
2024-12-09,Fournitures de bureau,EAST,27.0,27
2024-12-16,Fournitures de bureau,EAST,27.0,27
2024-12-23,Fournitures de bureau,EAST,31.0,31
2024-12-30,Fournitures de bureau,EAST,23.0,27
2025-01-06,Fournitures de bureau,EAST,2.0000000000000036,25
2025-01-13,Fournitures de bureau,EAST,-6.0,18
2025-01-20,Fournitures de bureau,EAST,-3.0,19
2025-01-27,Fournitures de bureau,EAST,5.0,29
2025-02-03,Fournitures de bureau,EAST,3.0000000000000018,19
2025-02-10,Fournitures de bureau,EAST,9.0,31
2025-02-17,Fournitures de bureau,EAST,3.0,25
2025-02-24,Fournitures de bureau,EAST,8.000000000000004,31
2025-03-03,Fournitures de bureau,EAST,1.0000000000000036,33
2025-03-10,Fournitures de bureau,EAST,14.000000000000007,52
2025-03-17,Fournitures de bureau,EAST,0.0,65
2025-03-24,Fournitures de bureau,EAST,25.000000000000007,87
2025-03-31,Fournitures de bureau,EAST,11.000000000000007,75
2025-04-07,Fournitures de bureau,EAST,-49.999999999999986,30
2025-04-14,Fournitures de bureau,EAST,-26.999999999999993,11
2025-04-21,Fournitures de bureau,EAST,3.0,29
2025-04-28,Fournitures de bureau,EAST,-13.0,17
2025-05-05,Fournitures de bureau,EAST,0.0,24
2025-05-12,Fournitures de bureau,EAST,16.000000000000004,36
2025-05-19,Fournitures de bureau,EAST,1.0,31
2025-05-26,Fournitures de bureau,EAST,-4.999999999999993,28
2025-06-02,Fournitures de bureau,EAST,5.0,32
2025-06-09,Fournitures de bureau,EAST,-22.0,22
2025-06-16,Fournitures de bureau,EAST,-1.999999999999993,44
2025-06-23,Fournitures de bureau,EAST,-4.999999999999993,33
2025-06-30,Fournitures de bureau,EAST,-1.0,29
2024-01-01,Fournitures de bureau,NORTH,1.0,1
2024-01-08,Fournitures de bureau,NORTH,26.0,26
2024-01-15,Fournitures de bureau,NORTH,31.0,31
2024-01-22,Fournitures de bureau,NORTH,26.0,26
2024-01-29,Fournitures de bureau,NORTH,23.0,23
2024-02-05,Fournitures de bureau,NORTH,24.0,24
2024-02-12,Fournitures de bureau,NORTH,21.0,21
2024-02-19,Fournitures de bureau,NORTH,30.0,30
2024-02-26,Fournitures de bureau,NORTH,29.0,29
2024-03-04,Fournitures de bureau,NORTH,35.0,35
2024-03-11,Fournitures de bureau,NORTH,28.0,28
2024-03-18,Fournitures de bureau,NORTH,64.0,64
2024-03-25,Fournitures de bureau,NORTH,61.0,61
2024-04-01,Fournitures de bureau,NORTH,77.0,77
2024-04-08,Fournitures de bureau,NORTH,102.0,102
2024-04-15,Fournitures de bureau,NORTH,38.0,38
2024-04-22,Fournitures de bureau,NORTH,22.0,22
2024-04-29,Fournitures de bureau,NORTH,24.0,24
2024-05-06,Fournitures de bureau,NORTH,31.0,31
2024-05-13,Fournitures de bureau,NORTH,17.0,17
2024-05-20,Fournitures de bureau,NORTH,31.0,31
2024-05-27,Fournitures de bureau,NORTH,21.0,21
2024-06-03,Fournitures de bureau,NORTH,35.0,35
2024-06-10,Fournitures de bureau,NORTH,25.0,25
2024-06-17,Fournitures de bureau,NORTH,33.0,33
2024-06-24,Fournitures de bureau,NORTH,36.0,36
2024-07-01,Fournitures de bureau,NORTH,35.0,35
2024-07-08,Fournitures de bureau,NORTH,39.0,39
2024-07-15,Fournitures de bureau,NORTH,29.0,29
2024-07-22,Fournitures de bureau,NORTH,31.0,31
2024-07-29,Fournitures de bureau,NORTH,44.0,44
2024-08-05,Fournitures de bureau,NORTH,37.0,37
2024-08-12,Fournitures de bureau,NORTH,46.0,46
2024-08-19,Fournitures de bureau,NORTH,40.0,40
2024-08-26,Fournitures de bureau,NORTH,31.0,31
2024-09-02,Fournitures de bureau,NORTH,33.0,33
2024-09-09,Fournitures de bureau,NORTH,30.0,30
2024-09-16,Fournitures de bureau,NORTH,47.0,47
2024-09-23,Fournitures de bureau,NORTH,29.0,29
2024-09-30,Fournitures de bureau,NORTH,32.0,32
2024-10-07,Fournitures de bureau,NORTH,28.0,28
2024-10-14,Fournitures de bureau,NORTH,33.0,33
2024-10-21,Fournitures de bureau,NORTH,26.0,26
2024-10-28,Fournitures de bureau,NORTH,28.0,28
2024-11-04,Fournitures de bureau,NORTH,34.0,34
2024-11-11,Fournitures de bureau,NORTH,27.0,27
2024-11-18,Fournitures de bureau,NORTH,33.0,33
2024-11-25,Fournitures de bureau,NORTH,28.0,28
2024-12-02,Fournitures de bureau,NORTH,32.0,32
2024-12-09,Fournitures de bureau,NORTH,32.0,32
2024-12-16,Fournitures de bureau,NORTH,26.0,26
2024-12-23,Fournitures de bureau,NORTH,23.0,23
2024-12-30,Fournitures de bureau,NORTH,34.0,35
2025-01-06,Fournitures de bureau,NORTH,-5.0,21
2025-01-13,Fournitures de bureau,NORTH,8.0,39
2025-01-20,Fournitures de bureau,NORTH,-2.0,24
2025-01-27,Fournitures de bureau,NORTH,-5.0000000000000036,18
2025-02-03,Fournitures de bureau,NORTH,-2.0,22
2025-02-10,Fournitures de bureau,NORTH,13.0,34
2025-02-17,Fournitures de bureau,NORTH,-3.552713678800501e-15,30
2025-02-24,Fournitures de bureau,NORTH,-13.000000000000004,16
2025-03-03,Fournitures de bureau,NORTH,1.0,36
2025-03-10,Fournitures de bureau,NORTH,43.0,71
2025-03-17,Fournitures de bureau,NORTH,-5.0,59
2025-03-24,Fournitures de bureau,NORTH,25.0,86
2025-03-31,Fournitures de bureau,NORTH,10.0,87
2025-04-07,Fournitures de bureau,NORTH,-59.0,43
2025-04-14,Fournitures de bureau,NORTH,-8.000000000000007,30
2025-04-21,Fournitures de bureau,NORTH,9.999999999999996,32
2025-04-28,Fournitures de bureau,NORTH,13.0,37
2025-05-05,Fournitures de bureau,NORTH,-1.0,30
2025-05-12,Fournitures de bureau,NORTH,7.0,24
2025-05-19,Fournitures de bureau,NORTH,0.0,31
2025-05-26,Fournitures de bureau,NORTH,7.0,28
2025-06-02,Fournitures de bureau,NORTH,-6.0,29
2025-06-09,Fournitures de bureau,NORTH,15.999999999999996,41
2025-06-16,Fournitures de bureau,NORTH,4.0,37
2025-06-23,Fournitures de bureau,NORTH,1.0,37
2025-06-30,Fournitures de bureau,NORTH,0.0,35
2024-01-01,Fournitures de bureau,SOUTH,3.0,3
2024-01-08,Fournitures de bureau,SOUTH,10.0,10
2024-01-15,Fournitures de bureau,SOUTH,17.0,17
2024-01-22,Fournitures de bureau,SOUTH,11.0,11
2024-01-29,Fournitures de bureau,SOUTH,15.0,15
2024-02-05,Fournitures de bureau,SOUTH,18.0,18
2024-02-12,Fournitures de bureau,SOUTH,17.0,17
2024-02-19,Fournitures de bureau,SOUTH,17.0,17
2024-02-26,Fournitures de bureau,SOUTH,18.0,18
2024-03-04,Fournitures de bureau,SOUTH,20.0,20
2024-03-11,Fournitures de bureau,SOUTH,25.0,25
2024-03-18,Fournitures de bureau,SOUTH,34.0,34
2024-03-25,Fournitures de bureau,SOUTH,40.0,40
2024-04-01,Fournitures de bureau,SOUTH,33.0,33
2024-04-08,Fournitures de bureau,SOUTH,61.0,61
2024-04-15,Fournitures de bureau,SOUTH,34.0,34
2024-04-22,Fournitures de bureau,SOUTH,23.0,23
2024-04-29,Fournitures de bureau,SOUTH,10.0,10
2024-05-06,Fournitures de bureau,SOUTH,16.0,16
2024-05-13,Fournitures de bureau,SOUTH,22.0,22
2024-05-20,Fournitures de bureau,SOUTH,19.0,19
2024-05-27,Fournitures de bureau,SOUTH,11.0,11
2024-06-03,Fournitures de bureau,SOUTH,21.0,21
2024-06-10,Fournitures de bureau,SOUTH,20.0,20
2024-06-17,Fournitures de bureau,SOUTH,17.0,17
2024-06-24,Fournitures de bureau,SOUTH,21.0,21
2024-07-01,Fournitures de bureau,SOUTH,22.0,22
2024-07-08,Fournitures de bureau,SOUTH,23.0,23
2024-07-15,Fournitures de bureau,SOUTH,20.0,20
2024-07-22,Fournitures de bureau,SOUTH,21.0,21
2024-07-29,Fournitures de bureau,SOUTH,28.0,28
2024-08-05,Fournitures de bureau,SOUTH,19.0,19
2024-08-12,Fournitures de bureau,SOUTH,23.0,23
2024-08-19,Fournitures de bureau,SOUTH,26.0,26
2024-08-26,Fournitures de bureau,SOUTH,19.0,19
2024-09-02,Fournitures de bureau,SOUTH,23.0,23
2024-09-09,Fournitures de bureau,SOUTH,21.0,21
2024-09-16,Fournitures de bureau,SOUTH,21.0,21
2024-09-23,Fournitures de bureau,SOUTH,22.0,22
2024-09-30,Fournitures de bureau,SOUTH,13.0,13
2024-10-07,Fournitures de bureau,SOUTH,18.0,18
2024-10-14,Fournitures de bureau,SOUTH,15.0,15
2024-10-21,Fournitures de bureau,SOUTH,16.0,16
2024-10-28,Fournitures de bureau,SOUTH,16.0,16
2024-11-04,Fournitures de bureau,SOUTH,14.0,14
2024-11-11,Fournitures de bureau,SOUTH,19.0,19
2024-11-18,Fournitures de bureau,SOUTH,12.0,12
2024-11-25,Fournitures de bureau,SOUTH,11.0,11
2024-12-02,Fournitures de bureau,SOUTH,18.0,18
2024-12-09,Fournitures de bureau,SOUTH,19.0,19
2024-12-16,Fournitures de bureau,SOUTH,24.0,24
2024-12-23,Fournitures de bureau,SOUTH,24.0,24
2024-12-30,Fournitures de bureau,SOUTH,9.0,12
2025-01-06,Fournitures de bureau,SOUTH,-0.9999999999999982,9
2025-01-13,Fournitures de bureau,SOUTH,-2.0,15
2025-01-20,Fournitures de bureau,SOUTH,2.0,13
2025-01-27,Fournitures de bureau,SOUTH,-2.0,13
2025-02-03,Fournitures de bureau,SOUTH,0.0,18
2025-02-10,Fournitures de bureau,SOUTH,1.0,18
2025-02-17,Fournitures de bureau,SOUTH,5.0,22
2025-02-24,Fournitures de bureau,SOUTH,-2.0,16
2025-03-03,Fournitures de bureau,SOUTH,-2.9999999999999964,17
2025-03-10,Fournitures de bureau,SOUTH,9.0,34
2025-03-17,Fournitures de bureau,SOUTH,-6.0,28
2025-03-24,Fournitures de bureau,SOUTH,4.000000000000007,44
2025-03-31,Fournitures de bureau,SOUTH,16.0,49
2025-04-07,Fournitures de bureau,SOUTH,-39.0,22
2025-04-14,Fournitures de bureau,SOUTH,-17.0,17
2025-04-21,Fournitures de bureau,SOUTH,-9.0,14
2025-04-28,Fournitures de bureau,SOUTH,8.000000000000002,18
2025-05-05,Fournitures de bureau,SOUTH,4.0,20
2025-05-12,Fournitures de bureau,SOUTH,-7.0,15
2025-05-19,Fournitures de bureau,SOUTH,-4.0,15
2025-05-26,Fournitures de bureau,SOUTH,8.0,19
2025-06-02,Fournitures de bureau,SOUTH,-1.0000000000000036,20
2025-06-09,Fournitures de bureau,SOUTH,-5.9999999999999964,14
2025-06-16,Fournitures de bureau,SOUTH,3.0,20
2025-06-23,Fournitures de bureau,SOUTH,-1.0000000000000036,20
2025-06-30,Fournitures de bureau,SOUTH,-6.0,16
2024-01-01,Fournitures de bureau,WEST,1.0,1
2024-01-08,Fournitures de bureau,WEST,19.0,19
2024-01-15,Fournitures de bureau,WEST,11.0,11
2024-01-22,Fournitures de bureau,WEST,13.0,13
2024-01-29,Fournitures de bureau,WEST,17.0,17
2024-02-05,Fournitures de bureau,WEST,14.0,14
2024-02-12,Fournitures de bureau,WEST,18.0,18
2024-02-19,Fournitures de bureau,WEST,17.0,17
2024-02-26,Fournitures de bureau,WEST,20.0,20
2024-03-04,Fournitures de bureau,WEST,17.0,17
2024-03-11,Fournitures de bureau,WEST,30.0,30
2024-03-18,Fournitures de bureau,WEST,35.0,35
2024-03-25,Fournitures de bureau,WEST,37.0,37
2024-04-01,Fournitures de bureau,WEST,57.0,57
2024-04-08,Fournitures de bureau,WEST,51.0,51
2024-04-15,Fournitures de bureau,WEST,31.0,31
2024-04-22,Fournitures de bureau,WEST,17.0,17
2024-04-29,Fournitures de bureau,WEST,17.0,17
2024-05-06,Fournitures de bureau,WEST,19.0,19
2024-05-13,Fournitures de bureau,WEST,13.0,13
2024-05-20,Fournitures de bureau,WEST,19.0,19
2024-05-27,Fournitures de bureau,WEST,18.0,18
2024-06-03,Fournitures de bureau,WEST,21.0,21
2024-06-10,Fournitures de bureau,WEST,34.0,34
2024-06-17,Fournitures de bureau,WEST,25.0,25
2024-06-24,Fournitures de bureau,WEST,30.0,30
2024-07-01,Fournitures de bureau,WEST,27.0,27
2024-07-08,Fournitures de bureau,WEST,27.0,27
2024-07-15,Fournitures de bureau,WEST,23.0,23
2024-07-22,Fournitures de bureau,WEST,29.0,29
2024-07-29,Fournitures de bureau,WEST,28.0,28
2024-08-05,Fournitures de bureau,WEST,26.0,26
2024-08-12,Fournitures de bureau,WEST,26.0,26
2024-08-19,Fournitures de bureau,WEST,21.0,21
2024-08-26,Fournitures de bureau,WEST,24.0,24
2024-09-02,Fournitures de bureau,WEST,28.0,28
2024-09-09,Fournitures de bureau,WEST,20.0,20
2024-09-16,Fournitures de bureau,WEST,26.0,26
2024-09-23,Fournitures de bureau,WEST,22.0,22
2024-09-30,Fournitures de bureau,WEST,16.0,16
2024-10-07,Fournitures de bureau,WEST,18.0,18
2024-10-14,Fournitures de bureau,WEST,22.0,22
2024-10-21,Fournitures de bureau,WEST,20.0,20
2024-10-28,Fournitures de bureau,WEST,20.0,20
2024-11-04,Fournitures de bureau,WEST,19.0,19
2024-11-11,Fournitures de bureau,WEST,24.0,24
2024-11-18,Fournitures de bureau,WEST,22.0,22
2024-11-25,Fournitures de bureau,WEST,22.0,22
2024-12-02,Fournitures de bureau,WEST,21.0,21
2024-12-09,Fournitures de bureau,WEST,13.0,13
2024-12-16,Fournitures de bureau,WEST,20.0,20
2024-12-23,Fournitures de bureau,WEST,14.0,14
2024-12-30,Fournitures de bureau,WEST,21.0,22
2025-01-06,Fournitures de bureau,WEST,-8.0,11
2025-01-13,Fournitures de bureau,WEST,14.0,25
2025-01-20,Fournitures de bureau,WEST,-1.0,12
2025-01-27,Fournitures de bureau,WEST,4.9999999999999964,22
2025-02-03,Fournitures de bureau,WEST,5.000000000000002,19
2025-02-10,Fournitures de bureau,WEST,2.0,20
2025-02-17,Fournitures de bureau,WEST,1.9999999999999964,19
2025-02-24,Fournitures de bureau,WEST,0.0,20
2025-03-03,Fournitures de bureau,WEST,5.9999999999999964,23
2025-03-10,Fournitures de bureau,WEST,12.0,42
2025-03-17,Fournitures de bureau,WEST,11.0,46
2025-03-24,Fournitures de bureau,WEST,24.0,61
2025-03-31,Fournitures de bureau,WEST,-2.000000000000007,55
2025-04-07,Fournitures de bureau,WEST,-32.0,19
2025-04-14,Fournitures de bureau,WEST,-20.0,11
2025-04-21,Fournitures de bureau,WEST,8.999999999999996,26
2025-04-28,Fournitures de bureau,WEST,3.9999999999999964,21
2025-05-05,Fournitures de bureau,WEST,3.0,22
2025-05-12,Fournitures de bureau,WEST,8.0,21
2025-05-19,Fournitures de bureau,WEST,-9.0,10
2025-05-26,Fournitures de bureau,WEST,-3.0,15
2025-06-02,Fournitures de bureau,WEST,-1.0,20
2025-06-09,Fournitures de bureau,WEST,-14.000000000000007,20
2025-06-16,Fournitures de bureau,WEST,6.0,31
2025-06-23,Fournitures de bureau,WEST,-6.0,24
2025-06-30,Fournitures de bureau,WEST,2.0,29
2024-01-01,Jeux et jouets,EAST,2.0,2
2024-01-08,Jeux et jouets,EAST,15.0,15
2024-01-15,Jeux et jouets,EAST,15.0,15
2024-01-22,Jeux et jouets,EAST,7.0,7
2024-01-29,Jeux et jouets,EAST,9.0,9
2024-02-05,Jeux et jouets,EAST,10.0,10
2024-02-12,Jeux et jouets,EAST,14.0,14
2024-02-19,Jeux et jouets,EAST,6.0,6
2024-02-26,Jeux et jouets,EAST,9.0,9
2024-03-04,Jeux et jouets,EAST,14.0,14
2024-03-11,Jeux et jouets,EAST,25.0,25
2024-03-18,Jeux et jouets,EAST,28.0,28
2024-03-25,Jeux et jouets,EAST,28.0,28
2024-04-01,Jeux et jouets,EAST,32.0,32
2024-04-08,Jeux et jouets,EAST,50.0,50
2024-04-15,Jeux et jouets,EAST,26.0,26
2024-04-22,Jeux et jouets,EAST,16.0,16
2024-04-29,Jeux et jouets,EAST,8.0,8
2024-05-06,Jeux et jouets,EAST,15.0,15
2024-05-13,Jeux et jouets,EAST,11.0,11
2024-05-20,Jeux et jouets,EAST,16.0,16
2024-05-27,Jeux et jouets,EAST,15.0,15
2024-06-03,Jeux et jouets,EAST,13.0,13
2024-06-10,Jeux et jouets,EAST,28.0,28
2024-06-17,Jeux et jouets,EAST,18.0,18
2024-06-24,Jeux et jouets,EAST,15.0,15
2024-07-01,Jeux et jouets,EAST,8.0,8
2024-07-08,Jeux et jouets,EAST,20.0,20
2024-07-15,Jeux et jouets,EAST,16.0,16
2024-07-22,Jeux et jouets,EAST,17.0,17
2024-07-29,Jeux et jouets,EAST,14.0,14
2024-08-05,Jeux et jouets,EAST,14.0,14
2024-08-12,Jeux et jouets,EAST,19.0,19
2024-08-19,Jeux et jouets,EAST,15.0,15
2024-08-26,Jeux et jouets,EAST,15.0,15
2024-09-02,Jeux et jouets,EAST,15.0,15
2024-09-09,Jeux et jouets,EAST,22.0,22
2024-09-16,Jeux et jouets,EAST,16.0,16
2024-09-23,Jeux et jouets,EAST,19.0,19
2024-09-30,Jeux et jouets,EAST,11.0,11
2024-10-07,Jeux et jouets,EAST,14.0,14
2024-10-14,Jeux et jouets,EAST,9.0,9
2024-10-21,Jeux et jouets,EAST,12.0,12
2024-10-28,Jeux et jouets,EAST,10.0,10
2024-11-04,Jeux et jouets,EAST,16.0,16
2024-11-11,Jeux et jouets,EAST,24.0,24
2024-11-18,Jeux et jouets,EAST,10.0,10
2024-11-25,Jeux et jouets,EAST,18.0,18
2024-12-02,Jeux et jouets,EAST,15.0,15
2024-12-09,Jeux et jouets,EAST,13.0,13
2024-12-16,Jeux et jouets,EAST,13.0,13
2024-12-23,Jeux et jouets,EAST,13.0,13
2024-12-30,Jeux et jouets,EAST,5.0,7
2025-01-06,Jeux et jouets,EAST,-4.0,11
2025-01-13,Jeux et jouets,EAST,-8.0,7
2025-01-20,Jeux et jouets,EAST,9.0,16
2025-01-27,Jeux et jouets,EAST,7.0,16
2025-02-03,Jeux et jouets,EAST,4.000000000000002,14
2025-02-10,Jeux et jouets,EAST,-2.0,12
2025-02-17,Jeux et jouets,EAST,2.0,8
2025-02-24,Jeux et jouets,EAST,3.0,12
2025-03-03,Jeux et jouets,EAST,2.0,16
2025-03-10,Jeux et jouets,EAST,3.552713678800501e-15,25
2025-03-17,Jeux et jouets,EAST,-2.0,26
2025-03-24,Jeux et jouets,EAST,5.0,33
2025-03-31,Jeux et jouets,EAST,14.000000000000004,46
2025-04-07,Jeux et jouets,EAST,-30.999999999999993,19
2025-04-14,Jeux et jouets,EAST,-11.999999999999996,14
2025-04-21,Jeux et jouets,EAST,1.7763568394002505e-15,16
2025-04-28,Jeux et jouets,EAST,13.0,21
2025-05-05,Jeux et jouets,EAST,1.0,16
2025-05-12,Jeux et jouets,EAST,1.0,12
2025-05-19,Jeux et jouets,EAST,-1.9999999999999982,14
2025-05-26,Jeux et jouets,EAST,-5.0,10
2025-06-02,Jeux et jouets,EAST,7.000000000000002,20
2025-06-09,Jeux et jouets,EAST,-10.0,18
2025-06-16,Jeux et jouets,EAST,1.0,19
2025-06-23,Jeux et jouets,EAST,6.0,21
2025-06-30,Jeux et jouets,EAST,13.0,21
2024-01-01,Jeux et jouets,NORTH,1.0,1
2024-01-08,Jeux et jouets,NORTH,8.0,8
2024-01-15,Jeux et jouets,NORTH,4.999900169264334,5
2024-01-22,Jeux et jouets,NORTH,14.999875219082943,15
2024-01-29,Jeux et jouets,NORTH,9.999625652888497,10
2024-02-05,Jeux et jouets,NORTH,11.99975044252538,12
2024-02-12,Jeux et jouets,NORTH,9.99970052604763,10
2024-02-19,Jeux et jouets,NORTH,16.999750440656797,17
2024-02-26,Jeux et jouets,NORTH,3.999575742639136,4
2024-03-04,Jeux et jouets,NORTH,14.999900183861223,15
2024-03-11,Jeux et jouets,NORTH,15.99962565226546,16
2024-03-18,Jeux et jouets,NORTH,18.99960070243515,19
2024-03-25,Jeux et jouets,NORTH,27.99952583301269,28
2024-04-01,Jeux et jouets,NORTH,40.99930122474581,41
2024-04-08,Jeux et jouets,NORTH,42.99897679348908,43
2024-04-15,Jeux et jouets,NORTH,23.998926888222393,24
2024-04-22,Jeux et jouets,NORTH,15.999401066420315,16
2024-04-29,Jeux et jouets,NORTH,9.999600708040067,10
2024-05-06,Jeux et jouets,NORTH,16.99975044314792,17
2024-05-13,Jeux et jouets,NORTH,12.999575742639074,13
2024-05-20,Jeux et jouets,NORTH,14.99967557372585,15
2024-05-27,Jeux et jouets,NORTH,19.999625657870983,20
2024-06-03,Jeux et jouets,NORTH,15.999500875708176,16
2024-06-10,Jeux et jouets,NORTH,7.999600705549157,8
2024-06-17,Jeux et jouets,NORTH,18.9998003565114,19
2024-06-24,Jeux et jouets,NORTH,19.999525828029984,20
2024-07-01,Jeux et jouets,NORTH,15.999500878199598,16
2024-07-08,Jeux et jouets,NORTH,13.999600705549096,14
2024-07-15,Jeux et jouets,NORTH,19.999650616421153,20
2024-07-22,Jeux et jouets,NORTH,14.999500875085294,15
2024-07-29,Jeux et jouets,NORTH,10.99962566223088,11
2024-08-05,Jeux et jouets,NORTH,10.99972548584344,11
2024-08-12,Jeux et jouets,NORTH,18.999725483352172,19
2024-08-19,Jeux et jouets,NORTH,10.999525829898571,11
2024-08-26,Jeux et jouets,NORTH,18.999725488334924,19
2024-09-02,Jeux et jouets,NORTH,13.999525829898447,14
2024-09-09,Jeux et jouets,NORTH,24.9996506182898,25
2024-09-16,Jeux et jouets,NORTH,15.999376091676707,16
2024-09-23,Jeux et jouets,NORTH,22.99960070866335,23
2024-09-30,Jeux et jouets,NORTH,11.9994260062857,12
2024-10-07,Jeux et jouets,NORTH,7.999700534144481,8
2024-10-14,Jeux et jouets,NORTH,8.99980035402001,9
2024-10-21,Jeux et jouets,NORTH,16.999775394847127,17
2024-10-28,Jeux et jouets,NORTH,6.999575742016362,7
2024-11-04,Jeux et jouets,NORTH,14.999825313816116,15
2024-11-11,Jeux et jouets,NORTH,14.999625654133967,15
2024-11-18,Jeux et jouets,NORTH,13.99962565911681,14
2024-11-25,Jeux et jouets,NORTH,14.999650615798393,15
2024-12-02,Jeux et jouets,NORTH,8.99962565849385,9
2024-12-09,Jeux et jouets,NORTH,15.99977539920695,16
2024-12-16,Jeux et jouets,NORTH,10.99960069869796,11
2024-12-23,Jeux et jouets,NORTH,15.999725486466447,16
2024-12-30,Jeux et jouets,NORTH,8.999600699943619,10
2025-01-06,Jeux et jouets,NORTH,2.7827938438097934,14
2025-01-13,Jeux et jouets,NORTH,0.8594527162365928,7
2025-01-20,Jeux et jouets,NORTH,-7.359979861532285,8
2025-01-27,Jeux et jouets,NORTH,1.0943639943408137,8
2025-02-03,Jeux et jouets,NORTH,0.5395889329955441,13
2025-02-10,Jeux et jouets,NORTH,2.772962203419711,13
2025-02-17,Jeux et jouets,NORTH,-5.16677774940602,13
2025-02-24,Jeux et jouets,NORTH,13.1740302012382,15
2025-03-03,Jeux et jouets,NORTH,-2.543253386315868,18
2025-03-10,Jeux et jouets,NORTH,4.070128074899946,19
2025-03-17,Jeux et jouets,NORTH,9.287406817546433,30
2025-03-24,Jeux et jouets,NORTH,7.092125514622996,39
2025-03-31,Jeux et jouets,NORTH,-10.984163061655742,33
2025-04-07,Jeux et jouets,NORTH,-20.378179135727358,18
2025-04-14,Jeux et jouets,NORTH,-2.425446528914721,13
2025-04-21,Jeux et jouets,NORTH,2.020558353860755,17
2025-04-28,Jeux et jouets,NORTH,1.1498069807300926,12
2025-05-05,Jeux et jouets,NORTH,-3.483805808754134,14
2025-05-12,Jeux et jouets,NORTH,1.4658855921855949,13
2025-05-19,Jeux et jouets,NORTH,-8.6168026254442,7
2025-05-26,Jeux et jouets,NORTH,-4.374296527204315,12
2025-06-02,Jeux et jouets,NORTH,-4.15942144677995,10
2025-06-09,Jeux et jouets,NORTH,17.750165280550743,24
2025-06-16,Jeux et jouets,NORTH,-7.468760594603104,19
2025-06-23,Jeux et jouets,NORTH,-2.857359695652061,14
2025-06-30,Jeux et jouets,NORTH,-2.7977049699431795,12
2024-01-01,Jeux et jouets,SOUTH,1.0,1
2024-01-08,Jeux et jouets,SOUTH,13.0,13
2024-01-15,Jeux et jouets,SOUTH,6.0,6
2024-01-22,Jeux et jouets,SOUTH,9.0,9
2024-01-29,Jeux et jouets,SOUTH,6.0,6
2024-02-05,Jeux et jouets,SOUTH,7.0,7
2024-02-12,Jeux et jouets,SOUTH,7.0,7
2024-02-19,Jeux et jouets,SOUTH,4.0,4
2024-02-26,Jeux et jouets,SOUTH,7.0,7
2024-03-04,Jeux et jouets,SOUTH,6.0,6
2024-03-11,Jeux et jouets,SOUTH,15.0,15
2024-03-18,Jeux et jouets,SOUTH,11.0,11
2024-03-25,Jeux et jouets,SOUTH,21.0,21
2024-04-01,Jeux et jouets,SOUTH,25.0,25
2024-04-08,Jeux et jouets,SOUTH,22.0,22
2024-04-15,Jeux et jouets,SOUTH,9.0,9
2024-04-22,Jeux et jouets,SOUTH,5.0,5
2024-04-29,Jeux et jouets,SOUTH,13.0,13
2024-05-06,Jeux et jouets,SOUTH,8.0,8
2024-05-13,Jeux et jouets,SOUTH,4.0,4
2024-05-20,Jeux et jouets,SOUTH,11.0,11
2024-05-27,Jeux et jouets,SOUTH,11.0,11
2024-06-03,Jeux et jouets,SOUTH,8.0,8
2024-06-10,Jeux et jouets,SOUTH,11.0,11
2024-06-17,Jeux et jouets,SOUTH,5.0,5
2024-06-24,Jeux et jouets,SOUTH,12.0,12
2024-07-01,Jeux et jouets,SOUTH,13.0,13
2024-07-08,Jeux et jouets,SOUTH,18.0,18
2024-07-15,Jeux et jouets,SOUTH,14.0,14
2024-07-22,Jeux et jouets,SOUTH,10.0,10
2024-07-29,Jeux et jouets,SOUTH,11.0,11
2024-08-05,Jeux et jouets,SOUTH,9.0,9
2024-08-12,Jeux et jouets,SOUTH,8.0,8
2024-08-19,Jeux et jouets,SOUTH,9.0,9
2024-08-26,Jeux et jouets,SOUTH,10.0,10
2024-09-02,Jeux et jouets,SOUTH,9.0,9
2024-09-09,Jeux et jouets,SOUTH,15.0,15
2024-09-16,Jeux et jouets,SOUTH,10.0,10
2024-09-23,Jeux et jouets,SOUTH,12.0,12
2024-09-30,Jeux et jouets,SOUTH,11.0,11
2024-10-07,Jeux et jouets,SOUTH,10.0,10
2024-10-14,Jeux et jouets,SOUTH,10.0,10
2024-10-21,Jeux et jouets,SOUTH,8.0,8
2024-10-28,Jeux et jouets,SOUTH,5.0,5
2024-11-04,Jeux et jouets,SOUTH,4.0,4
2024-11-11,Jeux et jouets,SOUTH,5.0,5
2024-11-18,Jeux et jouets,SOUTH,10.0,10
2024-11-25,Jeux et jouets,SOUTH,4.0,4
2024-12-02,Jeux et jouets,SOUTH,11.0,11
2024-12-09,Jeux et jouets,SOUTH,9.0,9
2024-12-16,Jeux et jouets,SOUTH,5.0,5
2024-12-23,Jeux et jouets,SOUTH,9.0,9
2024-12-30,Jeux et jouets,SOUTH,3.0,4
2025-01-06,Jeux et jouets,SOUTH,-5.000000000000002,8
2025-01-13,Jeux et jouets,SOUTH,-1.0000000000000009,5
2025-01-20,Jeux et jouets,SOUTH,-3.0,6
2025-01-27,Jeux et jouets,SOUTH,3.999999999999999,10
2025-02-03,Jeux et jouets,SOUTH,3.0,10
2025-02-10,Jeux et jouets,SOUTH,2.0,9
2025-02-17,Jeux et jouets,SOUTH,3.0,7
2025-02-24,Jeux et jouets,SOUTH,-4.0,3
2025-03-03,Jeux et jouets,SOUTH,6.999999999999999,13
2025-03-10,Jeux et jouets,SOUTH,-2.0,13
2025-03-17,Jeux et jouets,SOUTH,8.000000000000002,19
2025-03-24,Jeux et jouets,SOUTH,6.0,27
2025-03-31,Jeux et jouets,SOUTH,-9.0,16
2025-04-07,Jeux et jouets,SOUTH,-11.999999999999996,10
2025-04-14,Jeux et jouets,SOUTH,-1.0,8
2025-04-21,Jeux et jouets,SOUTH,0.0,5
2025-04-28,Jeux et jouets,SOUTH,-7.000000000000002,6
2025-05-05,Jeux et jouets,SOUTH,1.0,9
2025-05-12,Jeux et jouets,SOUTH,4.0,8
2025-05-19,Jeux et jouets,SOUTH,-1.9999999999999982,9
2025-05-26,Jeux et jouets,SOUTH,-3.9999999999999982,7
2025-06-02,Jeux et jouets,SOUTH,2.0,10
2025-06-09,Jeux et jouets,SOUTH,-6.999999999999998,4
2025-06-16,Jeux et jouets,SOUTH,7.0,12
2025-06-23,Jeux et jouets,SOUTH,-3.0000000000000018,9
2025-06-30,Jeux et jouets,SOUTH,-1.0000000000000018,12
2024-01-01,Jeux et jouets,WEST,1.0,1
2024-01-08,Jeux et jouets,WEST,6.0,6
2024-01-15,Jeux et jouets,WEST,8.0,8
2024-01-22,Jeux et jouets,WEST,8.0,8
2024-01-29,Jeux et jouets,WEST,13.0,13
2024-02-05,Jeux et jouets,WEST,5.0,5
2024-02-12,Jeux et jouets,WEST,3.0,3
2024-02-19,Jeux et jouets,WEST,12.0,12
2024-02-26,Jeux et jouets,WEST,10.0,10
2024-03-04,Jeux et jouets,WEST,6.0,6
2024-03-11,Jeux et jouets,WEST,7.0,7
2024-03-18,Jeux et jouets,WEST,20.0,20
2024-03-25,Jeux et jouets,WEST,16.0,16
2024-04-01,Jeux et jouets,WEST,26.0,26
2024-04-08,Jeux et jouets,WEST,29.0,29
2024-04-15,Jeux et jouets,WEST,15.0,15
2024-04-22,Jeux et jouets,WEST,9.0,9
2024-04-29,Jeux et jouets,WEST,10.0,10
2024-05-06,Jeux et jouets,WEST,7.0,7
2024-05-13,Jeux et jouets,WEST,6.0,6
2024-05-20,Jeux et jouets,WEST,11.0,11
2024-05-27,Jeux et jouets,WEST,6.0,6
2024-06-03,Jeux et jouets,WEST,16.0,16
2024-06-10,Jeux et jouets,WEST,16.0,16
2024-06-17,Jeux et jouets,WEST,14.0,14
2024-06-24,Jeux et jouets,WEST,9.0,9
2024-07-01,Jeux et jouets,WEST,8.0,8
2024-07-08,Jeux et jouets,WEST,16.0,16
2024-07-15,Jeux et jouets,WEST,10.0,10
2024-07-22,Jeux et jouets,WEST,10.0,10
2024-07-29,Jeux et jouets,WEST,16.0,16
2024-08-05,Jeux et jouets,WEST,18.0,18
2024-08-12,Jeux et jouets,WEST,11.0,11
2024-08-19,Jeux et jouets,WEST,8.0,8
2024-08-26,Jeux et jouets,WEST,13.0,13
2024-09-02,Jeux et jouets,WEST,2.0,2
2024-09-09,Jeux et jouets,WEST,9.0,9
2024-09-16,Jeux et jouets,WEST,10.0,10
2024-09-23,Jeux et jouets,WEST,9.0,9
2024-09-30,Jeux et jouets,WEST,13.0,13
2024-10-07,Jeux et jouets,WEST,9.0,9
2024-10-14,Jeux et jouets,WEST,8.0,8
2024-10-21,Jeux et jouets,WEST,5.0,5
2024-10-28,Jeux et jouets,WEST,6.0,6
2024-11-04,Jeux et jouets,WEST,12.0,12
2024-11-11,Jeux et jouets,WEST,9.0,9
2024-11-18,Jeux et jouets,WEST,10.0,10
2024-11-25,Jeux et jouets,WEST,10.0,10
2024-12-02,Jeux et jouets,WEST,12.0,12
2024-12-09,Jeux et jouets,WEST,6.0,6
2024-12-16,Jeux et jouets,WEST,5.0,5
2024-12-23,Jeux et jouets,WEST,11.0,11
2024-12-30,Jeux et jouets,WEST,11.0,12
2025-01-06,Jeux et jouets,WEST,1.0,7
2025-01-13,Jeux et jouets,WEST,4.0,12
2025-01-20,Jeux et jouets,WEST,2.0,10
2025-01-27,Jeux et jouets,WEST,-8.0,5
2025-02-03,Jeux et jouets,WEST,2.0,7
2025-02-10,Jeux et jouets,WEST,5.0,8
2025-02-17,Jeux et jouets,WEST,-7.0,5
2025-02-24,Jeux et jouets,WEST,0.0,10
2025-03-03,Jeux et jouets,WEST,3.0,9
2025-03-10,Jeux et jouets,WEST,10.0,17
2025-03-17,Jeux et jouets,WEST,2.0,22
2025-03-24,Jeux et jouets,WEST,3.0,19
2025-03-31,Jeux et jouets,WEST,0.0,26
2025-04-07,Jeux et jouets,WEST,-25.0,4
2025-04-14,Jeux et jouets,WEST,-10.000000000000002,5
2025-04-21,Jeux et jouets,WEST,1.0,10
2025-04-28,Jeux et jouets,WEST,-4.0,6
2025-05-05,Jeux et jouets,WEST,-8.881784197001252e-16,7
2025-05-12,Jeux et jouets,WEST,4.0,10
2025-05-19,Jeux et jouets,WEST,-2.0000000000000018,9
2025-05-26,Jeux et jouets,WEST,3.0,9
2025-06-02,Jeux et jouets,WEST,-10.0,6
2025-06-09,Jeux et jouets,WEST,-4.0,12
2025-06-16,Jeux et jouets,WEST,-3.0000000000000018,11
2025-06-23,Jeux et jouets,WEST,6.0,15
2025-06-30,Jeux et jouets,WEST,1.0,9
2024-01-01,Logiciels,EAST,2.0,2
2024-01-08,Logiciels,EAST,0.0,0
2024-01-15,Logiciels,EAST,1.0,1
2024-01-22,Logiciels,EAST,4.0,4
2024-01-29,Logiciels,EAST,1.0,1
2024-02-05,Logiciels,EAST,2.0,2
2024-02-12,Logiciels,EAST,0.0,0
2024-02-19,Logiciels,EAST,4.0,4
2024-02-26,Logiciels,EAST,2.0,2
2024-03-04,Logiciels,EAST,3.0,3
2024-03-11,Logiciels,EAST,2.0,2
2024-03-18,Logiciels,EAST,4.0,4
2024-03-25,Logiciels,EAST,3.0,3
2024-04-01,Logiciels,EAST,10.0,10
2024-04-08,Logiciels,EAST,11.0,11
2024-04-15,Logiciels,EAST,4.0,4
2024-04-22,Logiciels,EAST,2.0,2
2024-04-29,Logiciels,EAST,2.0,2
2024-05-06,Logiciels,EAST,2.0,2
2024-05-13,Logiciels,EAST,3.0,3
2024-05-20,Logiciels,EAST,3.0,3
2024-05-27,Logiciels,EAST,4.0,4
2024-06-03,Logiciels,EAST,4.0,4
2024-06-10,Logiciels,EAST,2.0,2
2024-06-17,Logiciels,EAST,5.0,5
2024-06-24,Logiciels,EAST,1.0,1
2024-07-01,Logiciels,EAST,4.0,4
2024-07-08,Logiciels,EAST,4.0,4
2024-07-15,Logiciels,EAST,4.0,4
2024-07-22,Logiciels,EAST,3.0,3
2024-07-29,Logiciels,EAST,3.0,3
2024-08-05,Logiciels,EAST,4.0,4
2024-08-12,Logiciels,EAST,5.0,5
2024-08-19,Logiciels,EAST,5.0,5
2024-08-26,Logiciels,EAST,1.0,1
2024-09-02,Logiciels,EAST,4.0,4
2024-09-09,Logiciels,EAST,4.0,4
2024-09-16,Logiciels,EAST,2.0,2
2024-09-23,Logiciels,EAST,3.0,3
2024-09-30,Logiciels,EAST,9.0,9
2024-10-07,Logiciels,EAST,1.0,1
2024-10-14,Logiciels,EAST,4.0,4
2024-10-21,Logiciels,EAST,0.0,0
2024-10-28,Logiciels,EAST,4.0,4
2024-11-04,Logiciels,EAST,7.0,7
2024-11-11,Logiciels,EAST,1.0,1
2024-11-18,Logiciels,EAST,4.0,4
2024-11-25,Logiciels,EAST,4.0,4
2024-12-02,Logiciels,EAST,1.0,1
2024-12-09,Logiciels,EAST,2.0,2
2024-12-16,Logiciels,EAST,4.0,4
2024-12-23,Logiciels,EAST,1.0,1
2024-12-30,Logiciels,EAST,-1.0,1
2025-01-06,Logiciels,EAST,1.0,1
2025-01-13,Logiciels,EAST,-1.0,0
2025-01-20,Logiciels,EAST,-4.0,0
2025-01-27,Logiciels,EAST,4.0,5
2025-02-03,Logiciels,EAST,0.0,2
2025-02-10,Logiciels,EAST,3.0,3
2025-02-17,Logiciels,EAST,0.0,4
2025-02-24,Logiciels,EAST,0.0,2
2025-03-03,Logiciels,EAST,1.0,4
2025-03-10,Logiciels,EAST,1.0,3
2025-03-17,Logiciels,EAST,1.0,5
2025-03-24,Logiciels,EAST,3.0,6
2025-03-31,Logiciels,EAST,-4.000000000000002,6
2025-04-07,Logiciels,EAST,-6.000000000000002,5
2025-04-14,Logiciels,EAST,-1.0,3
2025-04-21,Logiciels,EAST,0.0,2
2025-04-28,Logiciels,EAST,-1.0,1
2025-05-05,Logiciels,EAST,2.0,4
2025-05-12,Logiciels,EAST,-2.0,1
2025-05-19,Logiciels,EAST,0.0,3
2025-05-26,Logiciels,EAST,-1.0,3
2025-06-02,Logiciels,EAST,1.0,5
2025-06-09,Logiciels,EAST,1.0,3
2025-06-16,Logiciels,EAST,-3.000000000000001,2
2025-06-23,Logiciels,EAST,2.0,3
2024-01-08,Logiciels,NORTH,3.0,3
2024-01-15,Logiciels,NORTH,2.0,2
2024-01-22,Logiciels,NORTH,4.0,4
2024-01-29,Logiciels,NORTH,2.0,2
2024-02-05,Logiciels,NORTH,2.0,2
2024-02-12,Logiciels,NORTH,1.0,1
2024-02-19,Logiciels,NORTH,2.0,2
2024-02-26,Logiciels,NORTH,3.0,3
2024-03-04,Logiciels,NORTH,2.0,2
2024-03-11,Logiciels,NORTH,3.0,3
2024-03-18,Logiciels,NORTH,7.0,7
2024-03-25,Logiciels,NORTH,9.0,9
2024-04-01,Logiciels,NORTH,11.0,11
2024-04-08,Logiciels,NORTH,7.0,7
2024-04-15,Logiciels,NORTH,0.0,0
2024-04-22,Logiciels,NORTH,3.0,3
2024-04-29,Logiciels,NORTH,4.0,4
2024-05-06,Logiciels,NORTH,1.0,1
2024-05-13,Logiciels,NORTH,2.0,2
2024-05-20,Logiciels,NORTH,2.0,2
2024-05-27,Logiciels,NORTH,2.0,2
2024-06-03,Logiciels,NORTH,5.0,5
2024-06-10,Logiciels,NORTH,2.0,2
2024-06-17,Logiciels,NORTH,0.0,0
2024-06-24,Logiciels,NORTH,7.0,7
2024-07-01,Logiciels,NORTH,3.0,3
2024-07-08,Logiciels,NORTH,1.0,1
2024-07-15,Logiciels,NORTH,2.0,2
2024-07-22,Logiciels,NORTH,0.0,0
2024-07-29,Logiciels,NORTH,3.0,3
2024-08-05,Logiciels,NORTH,3.0,3
2024-08-12,Logiciels,NORTH,2.0,2
2024-08-19,Logiciels,NORTH,3.0,3
2024-08-26,Logiciels,NORTH,6.0,6
2024-09-02,Logiciels,NORTH,4.0,4
2024-09-09,Logiciels,NORTH,1.0,1
2024-09-16,Logiciels,NORTH,2.0,2
2024-09-23,Logiciels,NORTH,4.0,4
2024-09-30,Logiciels,NORTH,3.0,3
2024-10-07,Logiciels,NORTH,0.0,0
2024-10-14,Logiciels,NORTH,3.0,3
2024-10-21,Logiciels,NORTH,2.0,2
2024-10-28,Logiciels,NORTH,6.0,6
2024-11-04,Logiciels,NORTH,2.0,2
2024-11-11,Logiciels,NORTH,4.0,4
2024-11-18,Logiciels,NORTH,0.0,0
2024-11-25,Logiciels,NORTH,4.0,4
2024-12-02,Logiciels,NORTH,4.0,4
2024-12-09,Logiciels,NORTH,1.0,1
2024-12-16,Logiciels,NORTH,3.0,3
2024-12-23,Logiciels,NORTH,4.0,4
2024-12-30,Logiciels,NORTH,4.0,4
2025-01-06,Logiciels,NORTH,1.0,4
2025-01-13,Logiciels,NORTH,-0.9999999999999998,1
2025-01-20,Logiciels,NORTH,4.440892098500626e-16,4
2025-01-27,Logiciels,NORTH,1.0000000000000002,3
2025-02-03,Logiciels,NORTH,4.0,6
2025-02-10,Logiciels,NORTH,1.1102230246251565e-16,1
2025-02-17,Logiciels,NORTH,1.0000000000000002,3
2025-02-24,Logiciels,NORTH,-1.9999999999999996,1
2025-03-03,Logiciels,NORTH,2.0,4
2025-03-10,Logiciels,NORTH,6.0,9
2025-03-17,Logiciels,NORTH,-2.0,5
2025-03-24,Logiciels,NORTH,1.7763568394002505e-15,9
2025-03-31,Logiciels,NORTH,-1.0,10
2025-04-07,Logiciels,NORTH,-5.0,2
2025-04-14,Logiciels,NORTH,2.0,2
2025-04-21,Logiciels,NORTH,-1.9999999999999996,1
2025-04-28,Logiciels,NORTH,-2.9999999999999996,1
2025-05-05,Logiciels,NORTH,1.0,2
2025-05-12,Logiciels,NORTH,6.0,8
2025-05-19,Logiciels,NORTH,2.0,4
2025-05-26,Logiciels,NORTH,2.220446049250313e-16,2
2025-06-02,Logiciels,NORTH,-1.9999999999999991,3
2025-06-09,Logiciels,NORTH,2.220446049250313e-16,2
2025-06-16,Logiciels,NORTH,1.0,1
2025-06-23,Logiciels,NORTH,-5.0,2
2025-06-30,Logiciels,NORTH,2.0000000000000004,5
2024-01-08,Logiciels,SOUTH,2.0,2
2024-01-15,Logiciels,SOUTH,2.0,2
2024-01-22,Logiciels,SOUTH,1.0,1
2024-01-29,Logiciels,SOUTH,0.0,0
2024-02-05,Logiciels,SOUTH,2.0,2
2024-02-12,Logiciels,SOUTH,0.0,0
2024-02-19,Logiciels,SOUTH,1.0,1
2024-02-26,Logiciels,SOUTH,1.0,1
2024-03-04,Logiciels,SOUTH,1.0,1
2024-03-11,Logiciels,SOUTH,3.0,3
2024-03-18,Logiciels,SOUTH,3.0,3
2024-03-25,Logiciels,SOUTH,3.0,3
2024-04-01,Logiciels,SOUTH,3.0,3
2024-04-08,Logiciels,SOUTH,2.0,2
2024-04-15,Logiciels,SOUTH,2.0,2
2024-04-22,Logiciels,SOUTH,1.0,1
2024-04-29,Logiciels,SOUTH,3.0,3
2024-05-06,Logiciels,SOUTH,1.0,1
2024-05-13,Logiciels,SOUTH,3.0,3
2024-05-20,Logiciels,SOUTH,1.0,1
2024-05-27,Logiciels,SOUTH,3.0,3
2024-06-03,Logiciels,SOUTH,3.0,3
2024-06-10,Logiciels,SOUTH,4.0,4
2024-06-17,Logiciels,SOUTH,2.0,2
2024-06-24,Logiciels,SOUTH,3.0,3
2024-07-01,Logiciels,SOUTH,2.0,2
2024-07-08,Logiciels,SOUTH,5.0,5
2024-07-15,Logiciels,SOUTH,5.0,5
2024-07-22,Logiciels,SOUTH,0.0,0
2024-07-29,Logiciels,SOUTH,2.0,2
2024-08-05,Logiciels,SOUTH,2.0,2
2024-08-12,Logiciels,SOUTH,3.0,3
2024-08-19,Logiciels,SOUTH,2.0,2
2024-08-26,Logiciels,SOUTH,2.0,2
2024-09-02,Logiciels,SOUTH,1.0,1
2024-09-09,Logiciels,SOUTH,2.0,2
2024-09-16,Logiciels,SOUTH,0.0,0
2024-09-23,Logiciels,SOUTH,1.0,1
2024-09-30,Logiciels,SOUTH,1.0,1
2024-10-07,Logiciels,SOUTH,3.0,3
2024-10-14,Logiciels,SOUTH,3.0,3
2024-10-21,Logiciels,SOUTH,2.0,2
2024-10-28,Logiciels,SOUTH,2.0,2
2024-11-04,Logiciels,SOUTH,0.0,0
2024-11-11,Logiciels,SOUTH,3.0,3
2024-11-18,Logiciels,SOUTH,2.0,2
2024-11-25,Logiciels,SOUTH,3.0,3
2024-12-02,Logiciels,SOUTH,0.0,0
2024-12-09,Logiciels,SOUTH,2.0,2
2024-12-16,Logiciels,SOUTH,2.0,2
2024-12-23,Logiciels,SOUTH,1.0,1
2024-12-30,Logiciels,SOUTH,1.0,1
2025-01-06,Logiciels,SOUTH,-1.0,1
2025-01-13,Logiciels,SOUTH,-1.0,1
2025-01-20,Logiciels,SOUTH,-1.0,0
2025-01-27,Logiciels,SOUTH,0.0,0
2025-02-03,Logiciels,SOUTH,-2.0,0
2025-02-10,Logiciels,SOUTH,0.0,0
2025-02-17,Logiciels,SOUTH,2.0,3
2025-02-24,Logiciels,SOUTH,-1.0,0
2025-03-03,Logiciels,SOUTH,2.0,3
2025-03-10,Logiciels,SOUTH,1.9999999999999996,5
2025-03-17,Logiciels,SOUTH,1.9999999999999996,5
2025-03-24,Logiciels,SOUTH,2.9999999999999996,6
2025-03-31,Logiciels,SOUTH,-1.0000000000000004,2
2025-04-07,Logiciels,SOUTH,-1.0,1
2025-04-14,Logiciels,SOUTH,0.0,2
2025-04-21,Logiciels,SOUTH,3.0,4
2025-04-28,Logiciels,SOUTH,-2.0000000000000004,1
2025-05-05,Logiciels,SOUTH,0.0,1
2025-05-12,Logiciels,SOUTH,-1.0000000000000004,2
2025-05-19,Logiciels,SOUTH,1.0,2
2025-05-26,Logiciels,SOUTH,-3.0000000000000004,0
2025-06-02,Logiciels,SOUTH,-2.0000000000000004,1
2025-06-09,Logiciels,SOUTH,-4.0,0
2025-06-16,Logiciels,SOUTH,0.0,2
2025-06-23,Logiciels,SOUTH,-2.0000000000000004,1
2025-06-30,Logiciels,SOUTH,-1.0,1
2024-01-08,Logiciels,WEST,4.0,4
2024-01-15,Logiciels,WEST,0.0,0
2024-01-22,Logiciels,WEST,2.0,2
2024-01-29,Logiciels,WEST,0.0,0
2024-02-05,Logiciels,WEST,1.0,1
2024-02-12,Logiciels,WEST,2.0,2
2024-02-19,Logiciels,WEST,0.0,0
2024-02-26,Logiciels,WEST,0.0,0
2024-03-04,Logiciels,WEST,0.0,0
2024-03-11,Logiciels,WEST,1.0,1
2024-03-18,Logiciels,WEST,6.0,6
2024-03-25,Logiciels,WEST,4.0,4
2024-04-01,Logiciels,WEST,4.0,4
2024-04-08,Logiciels,WEST,5.0,5
2024-04-15,Logiciels,WEST,2.0,2
2024-04-22,Logiciels,WEST,1.0,1
2024-04-29,Logiciels,WEST,4.0,4
2024-05-06,Logiciels,WEST,4.0,4
2024-05-13,Logiciels,WEST,2.0,2
2024-05-20,Logiciels,WEST,2.0,2
2024-05-27,Logiciels,WEST,1.0,1
2024-06-03,Logiciels,WEST,4.0,4
2024-06-10,Logiciels,WEST,4.0,4
2024-06-17,Logiciels,WEST,3.0,3
2024-06-24,Logiciels,WEST,2.0,2
2024-07-01,Logiciels,WEST,6.0,6
2024-07-08,Logiciels,WEST,1.0,1
2024-07-15,Logiciels,WEST,7.0,7
2024-07-22,Logiciels,WEST,4.0,4
2024-07-29,Logiciels,WEST,3.0,3
2024-08-05,Logiciels,WEST,5.0,5
2024-08-12,Logiciels,WEST,5.0,5
2024-08-19,Logiciels,WEST,2.0,2
2024-08-26,Logiciels,WEST,0.0,0
2024-09-02,Logiciels,WEST,1.0,1
2024-09-09,Logiciels,WEST,4.0,4
2024-09-16,Logiciels,WEST,1.0,1
2024-09-23,Logiciels,WEST,0.0,0
2024-09-30,Logiciels,WEST,3.0,3
2024-10-07,Logiciels,WEST,2.0,2
2024-10-14,Logiciels,WEST,1.0,1
2024-10-21,Logiciels,WEST,1.0,1
2024-10-28,Logiciels,WEST,1.0,1
2024-11-04,Logiciels,WEST,1.0,1
2024-11-11,Logiciels,WEST,4.0,4
2024-11-18,Logiciels,WEST,1.0,1
2024-11-25,Logiciels,WEST,3.0,3
2024-12-02,Logiciels,WEST,3.0,3
2024-12-09,Logiciels,WEST,0.0,0
2024-12-16,Logiciels,WEST,8.0,8
2024-12-23,Logiciels,WEST,0.0,0
2024-12-30,Logiciels,WEST,1.0,1
2025-01-06,Logiciels,WEST,-2.0,2
2025-01-13,Logiciels,WEST,0.0,0
2025-01-20,Logiciels,WEST,0.0,2
2025-01-27,Logiciels,WEST,4.0,4
2025-02-03,Logiciels,WEST,3.0,4
2025-02-10,Logiciels,WEST,1.0,3
2025-02-17,Logiciels,WEST,1.0,1
2025-02-24,Logiciels,WEST,0.0,0
2025-03-03,Logiciels,WEST,2.0,2
2025-03-10,Logiciels,WEST,1.0,2
2025-03-17,Logiciels,WEST,-2.0,4
2025-03-24,Logiciels,WEST,1.0,5
2025-03-31,Logiciels,WEST,6.0,10
2025-04-07,Logiciels,WEST,-1.0000000000000009,4
2025-04-14,Logiciels,WEST,0.0,2
2025-04-21,Logiciels,WEST,3.0,4
2025-04-28,Logiciels,WEST,-1.0,3
2025-05-05,Logiciels,WEST,-2.0,2
2025-05-12,Logiciels,WEST,-1.0,1
2025-05-19,Logiciels,WEST,0.0,2
2025-05-26,Logiciels,WEST,2.0,3
2025-06-02,Logiciels,WEST,-3.0,1
2025-06-09,Logiciels,WEST,-2.0,2
2025-06-16,Logiciels,WEST,0.0,3
2025-06-23,Logiciels,WEST,-1.0,1
2025-06-30,Logiciels,WEST,-3.0,3
2024-01-08,Lots,EAST,3.0,3
2024-01-15,Lots,EAST,5.0,5
2024-01-22,Lots,EAST,7.0,7
2024-01-29,Lots,EAST,5.0,5
2024-02-05,Lots,EAST,4.0,4
2024-02-12,Lots,EAST,2.0,2
2024-02-19,Lots,EAST,4.0,4
2024-02-26,Lots,EAST,3.0,3
2024-03-04,Lots,EAST,3.0,3
2024-03-11,Lots,EAST,5.0,5
2024-03-18,Lots,EAST,12.0,12
2024-03-25,Lots,EAST,12.0,12
2024-04-01,Lots,EAST,14.0,14
2024-04-08,Lots,EAST,9.0,9
2024-04-15,Lots,EAST,13.0,13
2024-04-22,Lots,EAST,5.0,5
2024-04-29,Lots,EAST,4.0,4
2024-05-06,Lots,EAST,7.0,7
2024-05-13,Lots,EAST,3.0,3
2024-05-20,Lots,EAST,11.0,11
2024-05-27,Lots,EAST,4.0,4
2024-06-03,Lots,EAST,5.0,5
2024-06-10,Lots,EAST,4.0,4
2024-06-17,Lots,EAST,8.0,8
2024-06-24,Lots,EAST,7.0,7
2024-07-01,Lots,EAST,8.0,8
2024-07-08,Lots,EAST,3.0,3
2024-07-15,Lots,EAST,6.0,6
2024-07-22,Lots,EAST,9.0,9
2024-07-29,Lots,EAST,7.0,7
2024-08-05,Lots,EAST,4.0,4
2024-08-12,Lots,EAST,9.0,9
2024-08-19,Lots,EAST,5.0,5
2024-08-26,Lots,EAST,3.0,3
2024-09-02,Lots,EAST,4.0,4
2024-09-09,Lots,EAST,5.0,5
2024-09-16,Lots,EAST,4.0,4
2024-09-23,Lots,EAST,7.0,7
2024-09-30,Lots,EAST,5.0,5
2024-10-07,Lots,EAST,3.0,3
2024-10-14,Lots,EAST,2.0,2
2024-10-21,Lots,EAST,4.0,4
2024-10-28,Lots,EAST,3.0,3
2024-11-04,Lots,EAST,4.0,4
2024-11-11,Lots,EAST,7.0,7
2024-11-18,Lots,EAST,4.0,4
2024-11-25,Lots,EAST,5.0,5
2024-12-02,Lots,EAST,3.0,3
2024-12-09,Lots,EAST,8.0,8
2024-12-16,Lots,EAST,6.0,6
2024-12-23,Lots,EAST,6.0,6
2024-12-30,Lots,EAST,11.0,11
2025-01-06,Lots,EAST,6.0,9
2025-01-13,Lots,EAST,-4.0,1
2025-01-20,Lots,EAST,-3.000000000000001,4
2025-01-27,Lots,EAST,-4.0,1
2025-02-03,Lots,EAST,2.0,6
2025-02-10,Lots,EAST,0.0,2
2025-02-17,Lots,EAST,-1.0,3
2025-02-24,Lots,EAST,-1.0,2
2025-03-03,Lots,EAST,4.0,7
2025-03-10,Lots,EAST,13.0,18
2025-03-17,Lots,EAST,-4.0,8
2025-03-24,Lots,EAST,6.0,18
2025-03-31,Lots,EAST,0.9999999999999982,15
2025-04-07,Lots,EAST,-3.0,6
2025-04-14,Lots,EAST,-5.0,8
2025-04-21,Lots,EAST,3.0,8
2025-04-28,Lots,EAST,-1.0,3
2025-05-05,Lots,EAST,-3.000000000000001,4
2025-05-12,Lots,EAST,1.0,4
2025-05-19,Lots,EAST,-8.000000000000002,3
2025-05-26,Lots,EAST,4.0,8
2025-06-02,Lots,EAST,0.0,5
2025-06-09,Lots,EAST,7.0,11
2025-06-16,Lots,EAST,0.0,8
2025-06-23,Lots,EAST,-3.000000000000001,4
2025-06-30,Lots,EAST,1.0,9
2024-01-01,Lots,NORTH,1.0,1
2024-01-08,Lots,NORTH,6.0,6
2024-01-15,Lots,NORTH,2.0,2
2024-01-22,Lots,NORTH,4.0,4
2024-01-29,Lots,NORTH,2.0,2
2024-02-05,Lots,NORTH,5.0,5
2024-02-12,Lots,NORTH,5.0,5
2024-02-19,Lots,NORTH,4.0,4
2024-02-26,Lots,NORTH,3.0,3
2024-03-04,Lots,NORTH,5.0,5
2024-03-11,Lots,NORTH,7.0,7
2024-03-18,Lots,NORTH,14.0,14
2024-03-25,Lots,NORTH,12.0,12
2024-04-01,Lots,NORTH,21.0,21
2024-04-08,Lots,NORTH,22.0,22
2024-04-15,Lots,NORTH,15.0,15
2024-04-22,Lots,NORTH,6.0,6
2024-04-29,Lots,NORTH,5.0,5
2024-05-06,Lots,NORTH,4.0,4
2024-05-13,Lots,NORTH,3.0,3
2024-05-20,Lots,NORTH,6.0,6
2024-05-27,Lots,NORTH,7.0,7
2024-06-03,Lots,NORTH,4.0,4
2024-06-10,Lots,NORTH,7.0,7
2024-06-17,Lots,NORTH,4.0,4
2024-06-24,Lots,NORTH,7.0,7
2024-07-01,Lots,NORTH,12.0,12
2024-07-08,Lots,NORTH,6.0,6
2024-07-15,Lots,NORTH,6.0,6
2024-07-22,Lots,NORTH,5.0,5
2024-07-29,Lots,NORTH,13.0,13
2024-08-05,Lots,NORTH,5.0,5
2024-08-12,Lots,NORTH,9.0,9
2024-08-19,Lots,NORTH,10.0,10
2024-08-26,Lots,NORTH,9.0,9
2024-09-02,Lots,NORTH,6.0,6
2024-09-09,Lots,NORTH,5.0,5
2024-09-16,Lots,NORTH,0.0,0
2024-09-23,Lots,NORTH,4.0,4
2024-09-30,Lots,NORTH,4.0,4
2024-10-07,Lots,NORTH,11.0,11
2024-10-14,Lots,NORTH,2.0,2
2024-10-21,Lots,NORTH,9.0,9
2024-10-28,Lots,NORTH,6.0,6
2024-11-04,Lots,NORTH,3.0,3
2024-11-11,Lots,NORTH,3.0,3
2024-11-18,Lots,NORTH,3.0,3
2024-11-25,Lots,NORTH,5.0,5
2024-12-02,Lots,NORTH,7.0,7
2024-12-09,Lots,NORTH,7.0,7
2024-12-16,Lots,NORTH,4.0,4
2024-12-23,Lots,NORTH,5.0,5
2024-12-30,Lots,NORTH,8.0,9
2025-01-06,Lots,NORTH,-3.0,3
2025-01-13,Lots,NORTH,4.0,6
2025-01-20,Lots,NORTH,0.0,4
2025-01-27,Lots,NORTH,2.0,4
2025-02-03,Lots,NORTH,0.0,5
2025-02-10,Lots,NORTH,-3.0,2
2025-02-17,Lots,NORTH,-1.0,3
2025-02-24,Lots,NORTH,-1.0,2
2025-03-03,Lots,NORTH,-2.0,3
2025-03-10,Lots,NORTH,5.999999999999999,13
2025-03-17,Lots,NORTH,-2.0000000000000018,12
2025-03-24,Lots,NORTH,2.0,14
2025-03-31,Lots,NORTH,-2.0,19
2025-04-07,Lots,NORTH,-17.0,5
2025-04-14,Lots,NORTH,-6.999999999999998,8
2025-04-21,Lots,NORTH,-2.0,4
2025-04-28,Lots,NORTH,2.0,7
2025-05-05,Lots,NORTH,2.0,6
2025-05-12,Lots,NORTH,2.0,5
2025-05-19,Lots,NORTH,-1.0,5
2025-05-26,Lots,NORTH,-1.0000000000000009,6
2025-06-02,Lots,NORTH,3.0,7
2025-06-09,Lots,NORTH,-4.000000000000001,3
2025-06-16,Lots,NORTH,7.0,11
2025-06-23,Lots,NORTH,0.9999999999999991,8
2025-06-30,Lots,NORTH,-4.0,8
2024-01-01,Lots,SOUTH,1.0,1
2024-01-08,Lots,SOUTH,1.0,1
2024-01-15,Lots,SOUTH,3.0,3
2024-01-22,Lots,SOUTH,3.0,3
2024-01-29,Lots,SOUTH,6.0,6
2024-02-05,Lots,SOUTH,1.0,1
2024-02-12,Lots,SOUTH,4.0,4
2024-02-19,Lots,SOUTH,4.0,4
2024-02-26,Lots,SOUTH,2.0,2
2024-03-04,Lots,SOUTH,3.0,3
2024-03-11,Lots,SOUTH,0.0,0
2024-03-18,Lots,SOUTH,2.0,2
2024-03-25,Lots,SOUTH,5.0,5
2024-04-01,Lots,SOUTH,6.0,6
2024-04-08,Lots,SOUTH,5.0,5
2024-04-15,Lots,SOUTH,12.0,12
2024-04-22,Lots,SOUTH,8.0,8
2024-04-29,Lots,SOUTH,4.0,4
2024-05-06,Lots,SOUTH,3.0,3
2024-05-13,Lots,SOUTH,2.0,2
2024-05-20,Lots,SOUTH,2.0,2
2024-05-27,Lots,SOUTH,2.0,2
2024-06-03,Lots,SOUTH,5.0,5
2024-06-10,Lots,SOUTH,6.0,6
2024-06-17,Lots,SOUTH,4.0,4
2024-06-24,Lots,SOUTH,1.0,1
2024-07-01,Lots,SOUTH,3.0,3
2024-07-08,Lots,SOUTH,3.0,3
2024-07-15,Lots,SOUTH,4.0,4
2024-07-22,Lots,SOUTH,1.0,1
2024-07-29,Lots,SOUTH,9.0,9
2024-08-05,Lots,SOUTH,3.0,3
2024-08-12,Lots,SOUTH,1.0,1
2024-08-19,Lots,SOUTH,3.0,3
2024-08-26,Lots,SOUTH,6.0,6
2024-09-02,Lots,SOUTH,7.0,7
2024-09-09,Lots,SOUTH,2.0,2
2024-09-16,Lots,SOUTH,2.0,2
2024-09-23,Lots,SOUTH,2.0,2
2024-09-30,Lots,SOUTH,8.0,8
2024-10-07,Lots,SOUTH,7.0,7
2024-10-14,Lots,SOUTH,3.0,3
2024-10-21,Lots,SOUTH,1.0,1
2024-10-28,Lots,SOUTH,5.0,5
2024-11-04,Lots,SOUTH,3.0,3
2024-11-11,Lots,SOUTH,2.0,2
2024-11-18,Lots,SOUTH,4.0,4
2024-11-25,Lots,SOUTH,3.0,3
2024-12-02,Lots,SOUTH,3.0,3
2024-12-09,Lots,SOUTH,2.0,2
2024-12-16,Lots,SOUTH,5.0,5
2024-12-23,Lots,SOUTH,1.0,1
2024-12-30,Lots,SOUTH,2.0,3
2025-01-06,Lots,SOUTH,4.0,5
2025-01-13,Lots,SOUTH,2.0,5
2025-01-20,Lots,SOUTH,-2.0,1
2025-01-27,Lots,SOUTH,-4.0,2
2025-02-03,Lots,SOUTH,1.0,2
2025-02-10,Lots,SOUTH,-1.0,3
2025-02-17,Lots,SOUTH,-2.0,2
2025-02-24,Lots,SOUTH,0.0,2
2025-03-03,Lots,SOUTH,0.0,3
2025-03-10,Lots,SOUTH,3.0,3
2025-03-17,Lots,SOUTH,9.0,11
2025-03-24,Lots,SOUTH,1.0,6
2025-03-31,Lots,SOUTH,2.0,8
2025-04-07,Lots,SOUTH,-2.0,3
2025-04-14,Lots,SOUTH,-11.0,1
2025-04-21,Lots,SOUTH,-2.0,6
2025-04-28,Lots,SOUTH,-3.0,1
2025-05-05,Lots,SOUTH,-1.0,2
2025-05-12,Lots,SOUTH,3.0,5
2025-05-19,Lots,SOUTH,-1.0,1
2025-05-26,Lots,SOUTH,0.0,2
2025-06-02,Lots,SOUTH,-4.0,1
2025-06-09,Lots,SOUTH,-1.0,5
2025-06-16,Lots,SOUTH,0.0,4
2025-06-23,Lots,SOUTH,3.0,4
2025-06-30,Lots,SOUTH,2.0,5
2024-01-01,Lots,WEST,1.0,1
2024-01-08,Lots,WEST,4.0,4
2024-01-15,Lots,WEST,2.0,2
2024-01-22,Lots,WEST,2.0,2
2024-01-29,Lots,WEST,1.0,1
2024-02-05,Lots,WEST,1.0,1
2024-02-12,Lots,WEST,2.0,2
2024-02-19,Lots,WEST,1.0,1
2024-02-26,Lots,WEST,4.0,4
2024-03-04,Lots,WEST,0.0,0
2024-03-11,Lots,WEST,6.0,6
2024-03-18,Lots,WEST,12.0,12
2024-03-25,Lots,WEST,8.0,8
2024-04-01,Lots,WEST,8.0,8
2024-04-08,Lots,WEST,7.0,7
2024-04-15,Lots,WEST,5.0,5
2024-04-22,Lots,WEST,2.0,2
2024-04-29,Lots,WEST,1.0,1
2024-05-06,Lots,WEST,0.0,0
2024-05-13,Lots,WEST,5.0,5
2024-05-20,Lots,WEST,5.0,5
2024-05-27,Lots,WEST,4.0,4
2024-06-03,Lots,WEST,3.0,3
2024-06-10,Lots,WEST,4.0,4
2024-06-17,Lots,WEST,3.0,3
2024-06-24,Lots,WEST,5.0,5
2024-07-01,Lots,WEST,3.0,3
2024-07-08,Lots,WEST,2.0,2
2024-07-15,Lots,WEST,7.0,7
2024-07-22,Lots,WEST,4.0,4
2024-07-29,Lots,WEST,4.0,4
2024-08-05,Lots,WEST,4.0,4
2024-08-12,Lots,WEST,1.0,1
2024-08-19,Lots,WEST,1.0,1
2024-08-26,Lots,WEST,5.0,5
2024-09-02,Lots,WEST,3.0,3
2024-09-09,Lots,WEST,5.0,5
2024-09-16,Lots,WEST,3.0,3
2024-09-23,Lots,WEST,8.0,8
2024-09-30,Lots,WEST,9.0,9
2024-10-07,Lots,WEST,2.0,2
2024-10-14,Lots,WEST,6.0,6
2024-10-21,Lots,WEST,2.0,2
2024-10-28,Lots,WEST,3.0,3
2024-11-04,Lots,WEST,3.0,3
2024-11-11,Lots,WEST,8.0,8
2024-11-18,Lots,WEST,1.0,1
2024-11-25,Lots,WEST,8.0,8
2024-12-02,Lots,WEST,7.0,7
2024-12-09,Lots,WEST,2.0,2
2024-12-16,Lots,WEST,1.0,1
2024-12-23,Lots,WEST,4.0,4
2024-12-30,Lots,WEST,2.0,3
2025-01-06,Lots,WEST,-2.0,2
2025-01-13,Lots,WEST,2.0,4
2025-01-20,Lots,WEST,2.0,4
2025-01-27,Lots,WEST,2.0,3
2025-02-03,Lots,WEST,5.0,6
2025-02-10,Lots,WEST,2.0,4
2025-02-17,Lots,WEST,5.0,6
2025-02-24,Lots,WEST,0.0,4
2025-03-03,Lots,WEST,4.0,4
2025-03-10,Lots,WEST,-0.9999999999999991,5
2025-03-17,Lots,WEST,-2.9999999999999982,9
2025-03-24,Lots,WEST,1.0,9
2025-03-31,Lots,WEST,0.0,8
2025-04-07,Lots,WEST,-4.0,3
2025-04-14,Lots,WEST,-3.0,2
2025-04-21,Lots,WEST,0.0,2
2025-04-28,Lots,WEST,2.0,3
2025-05-05,Lots,WEST,5.0,5
2025-05-12,Lots,WEST,2.0,7
2025-05-19,Lots,WEST,4.0,9
2025-05-26,Lots,WEST,0.0,4
2025-06-02,Lots,WEST,-1.9999999999999996,1
2025-06-09,Lots,WEST,3.0,7
2025-06-16,Lots,WEST,9.0,12
2025-06-23,Lots,WEST,1.0,6
2025-06-30,Lots,WEST,-0.9999999999999996,2
2024-01-01,Maison et jardin,EAST,12.0,12
2024-01-08,Maison et jardin,EAST,74.0,74
2024-01-15,Maison et jardin,EAST,82.97076517314485,83
2024-01-22,Maison et jardin,EAST,82.93451825391539,83
2024-01-29,Maison et jardin,EAST,72.93454684015582,73
2024-02-05,Maison et jardin,EAST,82.94243896687412,83
2024-02-12,Maison et jardin,EAST,71.9345405890109,72
2024-02-19,Maison et jardin,EAST,84.94322818673551,85
2024-02-26,Maison et jardin,EAST,77.932961536291,78
2024-03-04,Maison et jardin,EAST,83.9384941433801,84
2024-03-11,Maison et jardin,EAST,127.93375448739658,128
2024-03-18,Maison et jardin,EAST,186.89903277117622,187
2024-03-25,Maison et jardin,EAST,217.8524964933269,218
2024-04-01,Maison et jardin,EAST,263.8280675576872,264
2024-04-08,Maison et jardin,EAST,275.7917829506844,276
2024-04-15,Maison et jardin,EAST,154.7823410079031,155
2024-04-22,Maison et jardin,EAST,81.87784346590124,82
2024-04-29,Maison et jardin,EAST,91.93538078367244,92
2024-05-06,Maison et jardin,EAST,72.92744322508334,73
2024-05-13,Maison et jardin,EAST,78.94244457315317,79
2024-05-20,Maison et jardin,EAST,102.93769744429794,103
2024-05-27,Maison et jardin,EAST,80.9187600325333,81
2024-06-03,Maison et jardin,EAST,100.93613770663515,101
2024-06-10,Maison et jardin,EAST,105.92033969335733,106
2024-06-17,Maison et jardin,EAST,111.91640608674575,112
2024-06-24,Maison et jardin,EAST,100.9116739016394,101
2024-07-01,Maison et jardin,EAST,102.92035900055744,103
2024-07-08,Maison et jardin,EAST,115.91877371629192,116
2024-07-15,Maison et jardin,EAST,104.90851517335922,105
2024-07-22,Maison et jardin,EAST,112.91720463376134,113
2024-07-29,Maison et jardin,EAST,118.91088405648628,119
2024-08-05,Maison et jardin,EAST,115.90615375521281,116
2024-08-12,Maison et jardin,EAST,97.90852513322089,98
2024-08-19,Maison et jardin,EAST,112.92272913039618,113
2024-08-26,Maison et jardin,EAST,122.91087969647107,123
2024-09-02,Maison et jardin,EAST,101.9029968989422,102
2024-09-09,Maison et jardin,EAST,109.9195766336496,110
2024-09-16,Maison et jardin,EAST,113.91324982925227,114
2024-09-23,Maison et jardin,EAST,106.91009796274913,107
2024-09-30,Maison et jardin,EAST,99.91562495474453,100
2024-10-07,Maison et jardin,EAST,75.92114509725525,76
2024-10-14,Maison et jardin,EAST,74.94008189894598,75
2024-10-21,Maison et jardin,EAST,84.9408561686673,85
2024-10-28,Maison et jardin,EAST,96.93296340832308,97
2024-11-04,Maison et jardin,EAST,87.92349905827255,88
2024-11-11,Maison et jardin,EAST,87.93060946202999,88
2024-11-18,Maison et jardin,EAST,85.93060385039321,86
2024-11-25,Maison et jardin,EAST,99.9321822846778,100
2024-12-02,Maison et jardin,EAST,109.92113202996329,110
2024-12-09,Maison et jardin,EAST,78.91324860171027,79
2024-12-16,Maison et jardin,EAST,100.93772048619444,101
2024-12-23,Maison et jardin,EAST,85.92033844420408,86
2024-12-30,Maison et jardin,EAST,66.9321903862896,79
2025-01-06,Maison et jardin,EAST,-21.87322934622513,80
2025-01-13,Maison et jardin,EAST,0.015614582350792716,72
2025-01-20,Maison et jardin,EAST,-0.008224760075734139,83
2025-01-27,Maison et jardin,EAST,15.00438569495607,88
2025-02-03,Maison et jardin,EAST,-15.028605146536265,76
2025-02-10,Maison et jardin,EAST,9.049546435498975,73
2025-02-17,Maison et jardin,EAST,-20.84845211111329,69
2025-02-24,Maison et jardin,EAST,30.17083348846124,97
2025-03-03,Maison et jardin,EAST,0.8337514660472749,101
2025-03-10,Maison et jardin,EAST,55.553253172752676,184
2025-03-17,Maison et jardin,EAST,-6.767009197426887,210
2025-03-24,Maison et jardin,EAST,50.625957532201966,265
2025-03-31,Maison et jardin,EAST,-46.1268437688251,245
2025-04-07,Maison et jardin,EAST,-161.283909624841,90
2025-04-14,Maison et jardin,EAST,16.420561499309798,85
2025-04-21,Maison et jardin,EAST,-20.798609567162686,70
2025-04-28,Maison et jardin,EAST,11.144493769418474,92
2025-05-05,Maison et jardin,EAST,2.0284594018584414,81
2025-05-12,Maison et jardin,EAST,-2.0869069445038235,78
2025-05-19,Maison et jardin,EAST,-4.881775179481323,97
2025-05-26,Maison et jardin,EAST,-2.38420431811538,76
2025-06-02,Maison et jardin,EAST,11.2775253121617,111
2025-06-09,Maison et jardin,EAST,9.95717727068461,122
2025-06-16,Maison et jardin,EAST,-5.335342237381539,112
2025-06-23,Maison et jardin,EAST,6.8588299691916745,105
2025-06-30,Maison et jardin,EAST,-3.675158555365414,103
2024-01-01,Maison et jardin,NORTH,9.0,9
2024-01-08,Maison et jardin,NORTH,65.0,65
2024-01-15,Maison et jardin,NORTH,74.0,74
2024-01-22,Maison et jardin,NORTH,76.0,76
2024-01-29,Maison et jardin,NORTH,69.0,69
2024-02-05,Maison et jardin,NORTH,79.0,79
2024-02-12,Maison et jardin,NORTH,69.0,69
2024-02-19,Maison et jardin,NORTH,83.0,83
2024-02-26,Maison et jardin,NORTH,75.0,75
2024-03-04,Maison et jardin,NORTH,91.0,91
2024-03-11,Maison et jardin,NORTH,89.0,89
2024-03-18,Maison et jardin,NORTH,169.0,169
2024-03-25,Maison et jardin,NORTH,209.0,209
2024-04-01,Maison et jardin,NORTH,236.0,236
2024-04-08,Maison et jardin,NORTH,259.0,259
2024-04-15,Maison et jardin,NORTH,157.0,157
2024-04-22,Maison et jardin,NORTH,94.0,94
2024-04-29,Maison et jardin,NORTH,81.0,81
2024-05-06,Maison et jardin,NORTH,81.0,81
2024-05-13,Maison et jardin,NORTH,86.0,86
2024-05-20,Maison et jardin,NORTH,89.0,89
2024-05-27,Maison et jardin,NORTH,74.0,74
2024-06-03,Maison et jardin,NORTH,94.0,94
2024-06-10,Maison et jardin,NORTH,117.0,117
2024-06-17,Maison et jardin,NORTH,118.0,118
2024-06-24,Maison et jardin,NORTH,125.0,125
2024-07-01,Maison et jardin,NORTH,152.0,152
2024-07-08,Maison et jardin,NORTH,121.0,121
2024-07-15,Maison et jardin,NORTH,96.0,96
2024-07-22,Maison et jardin,NORTH,116.0,116
2024-07-29,Maison et jardin,NORTH,114.0,114
2024-08-05,Maison et jardin,NORTH,120.0,120
2024-08-12,Maison et jardin,NORTH,108.0,108
2024-08-19,Maison et jardin,NORTH,110.0,110
2024-08-26,Maison et jardin,NORTH,111.0,111
2024-09-02,Maison et jardin,NORTH,118.0,118
2024-09-09,Maison et jardin,NORTH,113.0,113
2024-09-16,Maison et jardin,NORTH,116.0,116
2024-09-23,Maison et jardin,NORTH,125.0,125
2024-09-30,Maison et jardin,NORTH,128.0,128
2024-10-07,Maison et jardin,NORTH,74.0,74
2024-10-14,Maison et jardin,NORTH,102.0,102
2024-10-21,Maison et jardin,NORTH,104.0,104
2024-10-28,Maison et jardin,NORTH,79.0,79
2024-11-04,Maison et jardin,NORTH,96.0,96
2024-11-11,Maison et jardin,NORTH,84.0,84
2024-11-18,Maison et jardin,NORTH,93.0,93
2024-11-25,Maison et jardin,NORTH,80.0,80
2024-12-02,Maison et jardin,NORTH,94.0,94
2024-12-09,Maison et jardin,NORTH,86.0,86
2024-12-16,Maison et jardin,NORTH,106.0,106
2024-12-23,Maison et jardin,NORTH,92.0,92
2024-12-30,Maison et jardin,NORTH,104.0,113
2025-01-06,Maison et jardin,NORTH,14.0,79
2025-01-13,Maison et jardin,NORTH,1.9999999999999858,76
2025-01-20,Maison et jardin,NORTH,-9.0,67
2025-01-27,Maison et jardin,NORTH,6.999999999999986,76
2025-02-03,Maison et jardin,NORTH,11.999999999999986,91
2025-02-10,Maison et jardin,NORTH,7.999999999999986,77
2025-02-17,Maison et jardin,NORTH,8.0,91
2025-02-24,Maison et jardin,NORTH,4.0,79
2025-03-03,Maison et jardin,NORTH,6.999999999999986,98
2025-03-10,Maison et jardin,NORTH,122.99999999999999,212
2025-03-17,Maison et jardin,NORTH,53.0,222
2025-03-24,Maison et jardin,NORTH,55.99999999999997,265
2025-03-31,Maison et jardin,NORTH,19.99999999999997,256
2025-04-07,Maison et jardin,NORTH,-178.00000000000006,81
2025-04-14,Maison et jardin,NORTH,-68.00000000000003,89
2025-04-21,Maison et jardin,NORTH,-3.0,91
2025-04-28,Maison et jardin,NORTH,-9.0,72
2025-05-05,Maison et jardin,NORTH,19.0,100
2025-05-12,Maison et jardin,NORTH,-5.0,81
2025-05-19,Maison et jardin,NORTH,-2.000000000000014,87
2025-05-26,Maison et jardin,NORTH,-11.000000000000014,63
2025-06-02,Maison et jardin,NORTH,-16.0,78
2025-06-09,Maison et jardin,NORTH,-13.000000000000014,104
2025-06-16,Maison et jardin,NORTH,-10.000000000000014,108
2025-06-23,Maison et jardin,NORTH,1.9999999999999858,127
2025-06-30,Maison et jardin,NORTH,-64.0,88
2024-01-01,Maison et jardin,SOUTH,8.0,8
2024-01-08,Maison et jardin,SOUTH,46.0,46
2024-01-15,Maison et jardin,SOUTH,47.0,47
2024-01-22,Maison et jardin,SOUTH,42.0,42
2024-01-29,Maison et jardin,SOUTH,38.0,38
2024-02-05,Maison et jardin,SOUTH,31.0,31
2024-02-12,Maison et jardin,SOUTH,49.0,49
2024-02-19,Maison et jardin,SOUTH,39.0,39
2024-02-26,Maison et jardin,SOUTH,50.0,50
2024-03-04,Maison et jardin,SOUTH,45.0,45
2024-03-11,Maison et jardin,SOUTH,47.0,47
2024-03-18,Maison et jardin,SOUTH,99.0,99
2024-03-25,Maison et jardin,SOUTH,109.0,109
2024-04-01,Maison et jardin,SOUTH,143.0,143
2024-04-08,Maison et jardin,SOUTH,162.0,162
2024-04-15,Maison et jardin,SOUTH,86.0,86
2024-04-22,Maison et jardin,SOUTH,48.0,48
2024-04-29,Maison et jardin,SOUTH,58.0,58
2024-05-06,Maison et jardin,SOUTH,52.0,52
2024-05-13,Maison et jardin,SOUTH,49.0,49
2024-05-20,Maison et jardin,SOUTH,49.0,49
2024-05-27,Maison et jardin,SOUTH,46.0,46
2024-06-03,Maison et jardin,SOUTH,63.0,63
2024-06-10,Maison et jardin,SOUTH,77.0,77
2024-06-17,Maison et jardin,SOUTH,77.0,77
2024-06-24,Maison et jardin,SOUTH,63.0,63
2024-07-01,Maison et jardin,SOUTH,55.0,55
2024-07-08,Maison et jardin,SOUTH,57.0,57
2024-07-15,Maison et jardin,SOUTH,57.0,57
2024-07-22,Maison et jardin,SOUTH,62.0,62
2024-07-29,Maison et jardin,SOUTH,75.0,75
2024-08-05,Maison et jardin,SOUTH,70.0,70
2024-08-12,Maison et jardin,SOUTH,70.0,70
2024-08-19,Maison et jardin,SOUTH,59.0,59
2024-08-26,Maison et jardin,SOUTH,51.0,51
2024-09-02,Maison et jardin,SOUTH,78.0,78
2024-09-09,Maison et jardin,SOUTH,67.0,67
2024-09-16,Maison et jardin,SOUTH,69.0,69
2024-09-23,Maison et jardin,SOUTH,75.0,75
2024-09-30,Maison et jardin,SOUTH,64.0,64
2024-10-07,Maison et jardin,SOUTH,44.0,44
2024-10-14,Maison et jardin,SOUTH,45.0,45
2024-10-21,Maison et jardin,SOUTH,40.0,40
2024-10-28,Maison et jardin,SOUTH,38.0,38
2024-11-04,Maison et jardin,SOUTH,48.0,48
2024-11-11,Maison et jardin,SOUTH,67.0,67
2024-11-18,Maison et jardin,SOUTH,55.0,55
2024-11-25,Maison et jardin,SOUTH,51.0,51
2024-12-02,Maison et jardin,SOUTH,60.0,60
2024-12-09,Maison et jardin,SOUTH,48.0,48
2024-12-16,Maison et jardin,SOUTH,61.0,61
2024-12-23,Maison et jardin,SOUTH,61.0,61
2024-12-30,Maison et jardin,SOUTH,43.0,51
2025-01-06,Maison et jardin,SOUTH,-3.0,43
2025-01-13,Maison et jardin,SOUTH,3.0,50
2025-01-20,Maison et jardin,SOUTH,2.0,44
2025-01-27,Maison et jardin,SOUTH,11.0,49
2025-02-03,Maison et jardin,SOUTH,26.0,57
2025-02-10,Maison et jardin,SOUTH,1.000000000000007,50
2025-02-17,Maison et jardin,SOUTH,-2.0,37
2025-02-24,Maison et jardin,SOUTH,7.000000000000007,57
2025-03-03,Maison et jardin,SOUTH,3.0,48
2025-03-10,Maison et jardin,SOUTH,65.0,112
2025-03-17,Maison et jardin,SOUTH,11.000000000000014,110
2025-03-24,Maison et jardin,SOUTH,47.0,156
2025-03-31,Maison et jardin,SOUTH,-16.0,127
2025-04-07,Maison et jardin,SOUTH,-108.0,54
2025-04-14,Maison et jardin,SOUTH,-34.0,52
2025-04-21,Maison et jardin,SOUTH,-1.999999999999993,46
2025-04-28,Maison et jardin,SOUTH,-9.999999999999993,48
2025-05-05,Maison et jardin,SOUTH,-0.9999999999999929,51
2025-05-12,Maison et jardin,SOUTH,2.000000000000007,51
2025-05-19,Maison et jardin,SOUTH,7.000000000000007,56
2025-05-26,Maison et jardin,SOUTH,1.0,47
2025-06-02,Maison et jardin,SOUTH,-12.000000000000007,51
2025-06-09,Maison et jardin,SOUTH,-1.0,76
2025-06-16,Maison et jardin,SOUTH,-14.0,63
2025-06-23,Maison et jardin,SOUTH,2.999999999999993,66
2025-06-30,Maison et jardin,SOUTH,4.000000000000007,59
2024-01-01,Maison et jardin,WEST,4.0,4
2024-01-08,Maison et jardin,WEST,40.57813517263472,42
2024-01-15,Maison et jardin,WEST,38.04679876405789,52
2024-01-22,Maison et jardin,WEST,36.132810682965555,39
2024-01-29,Maison et jardin,WEST,65.93640342736067,60
2024-02-05,Maison et jardin,WEST,61.87252231597738,57
2024-02-12,Maison et jardin,WEST,58.43581904231184,57
2024-02-19,Maison et jardin,WEST,42.46154169386212,43
2024-02-26,Maison et jardin,WEST,45.11293346393617,46
2024-03-04,Maison et jardin,WEST,49.558870751012265,50
2024-03-11,Maison et jardin,WEST,70.01349134799703,70
2024-03-18,Maison et jardin,WEST,119.15752095537853,119
2024-03-25,Maison et jardin,WEST,141.0721602979867,141
2024-04-01,Maison et jardin,WEST,159.96627136623084,160
2024-04-08,Maison et jardin,WEST,183.92067675447,184
2024-04-15,Maison et jardin,WEST,120.92174741137444,121
2024-04-22,Maison et jardin,WEST,52.97854493661946,53
2024-04-29,Maison et jardin,WEST,50.02982566821315,50
2024-05-06,Maison et jardin,WEST,51.02309429099094,51
2024-05-13,Maison et jardin,WEST,53.997854609982376,54
2024-05-20,Maison et jardin,WEST,59.98128890711956,60
2024-05-27,Maison et jardin,WEST,48.97694377959996,49
2024-06-03,Maison et jardin,WEST,61.98743454452977,62
2024-06-10,Maison et jardin,WEST,67.98631002411182,68
2024-06-17,Maison et jardin,WEST,77.98322717403846,78
2024-06-24,Maison et jardin,WEST,69.97864952256455,70
2024-07-01,Maison et jardin,WEST,92.98392390521154,93
2024-07-08,Maison et jardin,WEST,84.97533349698962,85
2024-07-15,Maison et jardin,WEST,68.97919386685705,69
2024-07-22,Maison et jardin,WEST,75.9901469275414,76
2024-07-29,Maison et jardin,WEST,78.98751729808642,79
2024-08-05,Maison et jardin,WEST,89.98257467530405,90
2024-08-12,Maison et jardin,WEST,80.97569901232957,81
2024-08-19,Maison et jardin,WEST,83.98086377456109,84
2024-08-26,Maison et jardin,WEST,80.98247381945185,81
2024-09-02,Maison et jardin,WEST,75.98422168796894,76
2024-09-09,Maison et jardin,WEST,66.9862705059639,67
2024-09-16,Maison et jardin,WEST,84.98974235090034,85
2024-09-23,Maison et jardin,WEST,85.97952269004756,86
2024-09-30,Maison et jardin,WEST,73.97675182340642,74
2024-10-07,Maison et jardin,WEST,58.98476928654421,59
2024-10-14,Maison et jardin,WEST,46.994648152157936,47
2024-10-21,Maison et jardin,WEST,70.99935816651657,71
2024-10-28,Maison et jardin,WEST,65.98315188482938,66
2024-11-04,Maison et jardin,WEST,56.98069093600408,57
2024-11-11,Maison et jardin,WEST,61.98758455695594,62
2024-11-18,Maison et jardin,WEST,47.98781586909266,48
2024-11-25,Maison et jardin,WEST,75.99401967275418,76
2024-12-02,Maison et jardin,WEST,48.97978379042324,49
2024-12-09,Maison et jardin,WEST,71.99031835110478,72
2024-12-16,Maison et jardin,WEST,51.98242170339576,52
2024-12-23,Maison et jardin,WEST,68.99070059138242,69
2024-12-30,Maison et jardin,WEST,63.98422978201757,68
2025-01-06,Maison et jardin,WEST,-32.21044474964992,43
2025-01-13,Maison et jardin,WEST,26.92956725288459,56
2025-01-20,Maison et jardin,WEST,-0.4743468474464265,41
2025-01-27,Maison et jardin,WEST,-0.9443335982058514,59
2025-02-03,Maison et jardin,WEST,3.4496980282626595,59
2025-02-10,Maison et jardin,WEST,-0.791247634655619,58
2025-02-17,Maison et jardin,WEST,6.027833200897497,49
2025-02-24,Maison et jardin,WEST,12.103788325194138,62
2025-03-03,Maison et jardin,WEST,21.84137822481923,81
2025-03-10,Maison et jardin,WEST,34.87122009248043,121
2025-03-17,Maison et jardin,WEST,14.193313928170767,158
2025-03-24,Maison et jardin,WEST,23.1121590381685,173
2025-03-31,Maison et jardin,WEST,-18.343907753535632,150
2025-04-07,Maison et jardin,WEST,-95.070426029895,70
2025-04-14,Maison et jardin,WEST,17.352467086927177,61
2025-04-21,Maison et jardin,WEST,9.54630478989337,62
2025-04-28,Maison et jardin,WEST,-10.561360160542677,68
2025-05-05,Maison et jardin,WEST,-10.472338180678477,50
2025-05-12,Maison et jardin,WEST,9.359822944901595,56
2025-05-19,Maison et jardin,WEST,5.208752365346008,67
2025-05-26,Maison et jardin,WEST,13.76223871880159,67
2025-06-02,Maison et jardin,WEST,-22.211103795257316,50
2025-06-09,Maison et jardin,WEST,19.180079495408734,72
2025-06-16,Maison et jardin,WEST,-4.276323342205217,81
2025-06-23,Maison et jardin,WEST,9.344733988110036,80
2025-06-30,Maison et jardin,WEST,-16.00117571495646,83
2024-01-01,Meubles,EAST,1.0,1
2024-01-08,Meubles,EAST,27.0,27
2024-01-15,Meubles,EAST,31.997566668784156,32
2024-01-22,Meubles,EAST,19.994234038431333,20
2024-01-29,Meubles,EAST,31.996397038933452,32
2024-02-05,Meubles,EAST,35.99423424910504,36
2024-02-12,Meubles,EAST,26.99351383882121,27
2024-02-19,Meubles,EAST,28.995135768680928,29
2024-02-26,Meubles,EAST,35.994775076399876,36
2024-03-04,Meubles,EAST,25.99351374136413,26
2024-03-11,Meubles,EAST,37.99531596870313,38
2024-03-18,Meubles,EAST,78.99315324388606,79
2024-03-25,Meubles,EAST,65.98576543341873,66
2024-04-01,Meubles,EAST,94.98810936476256,95
2024-04-08,Meubles,EAST,102.9828831422515,103
2024-04-15,Meubles,EAST,49.98144248397968,50
2024-04-22,Meubles,EAST,28.990993343832354,29
2024-04-29,Meubles,EAST,30.994775822864852,31
2024-05-06,Meubles,EAST,37.99441474125283,38
2024-05-13,Meubles,EAST,22.99315340628724,23
2024-05-20,Meubles,EAST,36.995856633649446,37
2024-05-27,Meubles,EAST,30.993333346462865,31
2024-06-03,Meubles,EAST,35.994415001187086,36
2024-06-10,Meubles,EAST,56.99351380624969,57
2024-06-17,Meubles,EAST,48.98972976854753,49
2024-06-24,Meubles,EAST,33.99117205046828,34
2024-07-01,Meubles,EAST,47.993874790638706,48
2024-07-08,Meubles,EAST,43.99135150353992,44
2024-07-15,Meubles,EAST,33.992072758254835,34
2024-07-22,Meubles,EAST,37.993874628331156,38
2024-07-29,Meubles,EAST,63.993153503615595,64
2024-08-05,Meubles,EAST,52.98846843344157,53
2024-08-12,Meubles,EAST,40.9904514777423,41
2024-08-19,Meubles,EAST,33.99261352045342,34
2024-08-26,Meubles,EAST,46.993874530885805,47
2024-09-02,Meubles,EAST,33.99153170359137,34
2024-09-09,Meubles,EAST,43.99387472582921,44
2024-09-16,Meubles,EAST,42.99207230357017,43
2024-09-23,Meubles,EAST,46.99225282837131,47
2024-09-30,Meubles,EAST,48.99153199582217,49
2024-10-07,Meubles,EAST,24.991171725706916,25
2024-10-14,Meubles,EAST,35.99549659073901,36
2024-10-21,Meubles,EAST,24.993513611347243,25
2024-10-28,Meubles,EAST,36.99549616873121,37
2024-11-04,Meubles,EAST,34.99333341141865,35
2024-11-11,Meubles,EAST,32.993694201156806,33
2024-11-18,Meubles,EAST,43.99405453615178,44
2024-11-25,Meubles,EAST,41.99207227116835,42
2024-12-02,Meubles,EAST,33.99243302838179,34
2024-12-09,Meubles,EAST,33.99387456341048,34
2024-12-16,Meubles,EAST,37.99387430364586,38
2024-12-23,Meubles,EAST,30.9931535036741,31
2024-12-30,Meubles,EAST,43.994415033594755,45
2025-01-06,Meubles,EAST,-13.180711799877145,33
2025-01-13,Meubles,EAST,9.094491944989858,34
2025-01-20,Meubles,EAST,1.8197602991139874,27
2025-01-27,Meubles,EAST,-6.055387280093392,27
2025-02-03,Meubles,EAST,2.533102760772877,35
2025-02-10,Meubles,EAST,1.5189961728198966,30
2025-02-17,Meubles,EAST,10.111282480770502,40
2025-02-24,Meubles,EAST,-15.917213453663834,26
2025-03-03,Meubles,EAST,28.315659864361148,45
2025-03-10,Meubles,EAST,19.427597987138185,74
2025-03-17,Meubles,EAST,16.629434695926534,107
2025-03-24,Meubles,EAST,45.267108879130916,121
2025-03-31,Meubles,EAST,-36.494005791891226,85
2025-04-07,Meubles,EAST,-30.64072174178021,51
2025-04-14,Meubles,EAST,5.933459869870582,38
2025-04-21,Meubles,EAST,-2.472746829797458,30
2025-04-28,Meubles,EAST,12.447254053419904,42
2025-05-05,Meubles,EAST,-13.285152997284612,32
2025-05-12,Meubles,EAST,20.77556013066146,36
2025-05-19,Meubles,EAST,-15.159560162989877,34
2025-05-26,Meubles,EAST,3.8726168019760863,26
2025-06-02,Meubles,EAST,-3.266572680072329,35
2025-06-09,Meubles,EAST,-14.088134000108028,41
2025-06-16,Meubles,EAST,9.245530418249807,50
2025-06-23,Meubles,EAST,4.588758007542204,44
2025-06-30,Meubles,EAST,-8.685717195267735,42
2024-01-01,Meubles,NORTH,4.0,4
2024-01-08,Meubles,NORTH,32.74986087762186,34
2024-01-15,Meubles,NORTH,12.507562260051783,22
2024-01-22,Meubles,NORTH,24.785706784347937,24
2024-01-29,Meubles,NORTH,37.598696019959185,33
2024-02-05,Meubles,NORTH,44.35116988178575,42
2024-02-12,Meubles,NORTH,28.030031779525146,28
2024-02-19,Meubles,NORTH,27.29263739425867,28
2024-02-26,Meubles,NORTH,29.54217215096829,30
2024-03-04,Meubles,NORTH,35.979281932014665,36
2024-03-11,Meubles,NORTH,44.15710659944201,44
2024-03-18,Meubles,NORTH,76.10312290725703,76
2024-03-25,Meubles,NORTH,90.001603869374,90
2024-04-01,Meubles,NORTH,97.95969975884793,98
2024-04-08,Meubles,NORTH,106.97046304805103,107
2024-04-15,Meubles,NORTH,79.99221920900477,80
2024-04-22,Meubles,NORTH,37.0067625027339,37
2024-04-29,Meubles,NORTH,32.01092307142499,32
2024-05-06,Meubles,NORTH,33.00400570740129,33
2024-05-13,Meubles,NORTH,40.99744698486018,41
2024-05-20,Meubles,NORTH,37.994846135138076,38
2024-05-27,Meubles,NORTH,30.996962222577956,31
2024-06-03,Meubles,NORTH,34.999894031991374,35
2024-06-10,Meubles,NORTH,48.99958014619743,49
2024-06-17,Meubles,NORTH,44.99676637332549,45
2024-06-24,Meubles,NORTH,38.997295273312105,39
2024-07-01,Meubles,NORTH,40.99905566963601,41
2024-07-08,Meubles,NORTH,40.9989904635596,41
2024-07-15,Meubles,NORTH,35.99853476447274,36
2024-07-22,Meubles,NORTH,44.998989193654964,45
2024-07-29,Meubles,NORTH,52.99758058552282,53
2024-08-05,Meubles,NORTH,41.996418323955794,42
2024-08-12,Meubles,NORTH,38.99869519377655,39
2024-08-19,Meubles,NORTH,40.999714843562494,41
2024-08-26,Meubles,NORTH,61.99889062199845,62
2024-09-02,Meubles,NORTH,45.995226839023864,46
2024-09-09,Meubles,NORTH,42.99792812506255,43
2024-09-16,Meubles,NORTH,44.99955597945695,45
2024-09-23,Meubles,NORTH,38.99895668485099,39
2024-09-30,Meubles,NORTH,40.999074117688096,41
2024-10-07,Meubles,NORTH,35.99839462067327,36
2024-10-14,Meubles,NORTH,32.9988710321685,33
2024-10-21,Meubles,NORTH,30.999274864324985,31
2024-10-28,Meubles,NORTH,30.9992963016,31
2024-11-04,Meubles,NORTH,27.998933459338613,28
2024-11-11,Meubles,NORTH,32.99912809462746,33
2024-11-18,Meubles,NORTH,24.998324091992398,25
2024-11-25,Meubles,NORTH,39.99946660697125,40
2024-12-02,Meubles,NORTH,35.997413977512174,36
2024-12-09,Meubles,NORTH,37.99800041387878,38
2024-12-16,Meubles,NORTH,28.99837392114679,29
2024-12-23,Meubles,NORTH,41.99990922262967,42
2024-12-30,Meubles,NORTH,34.997843431059174,39
2025-01-06,Meubles,NORTH,-17.016195956282637,33
2025-01-13,Meubles,NORTH,18.424216007473948,27
2025-01-20,Meubles,NORTH,7.508962295582734,35
2025-01-27,Meubles,NORTH,-10.047315680752021,28
2025-02-03,Meubles,NORTH,-1.852063310935634,33
2025-02-10,Meubles,NORTH,2.7971765583738453,27
2025-02-17,Meubles,NORTH,1.333860475002158,32
2025-02-24,Meubles,NORTH,-7.865968143221899,25
2025-03-03,Meubles,NORTH,9.588107399809083,41
2025-03-10,Meubles,NORTH,7.0462027017278,56
2025-03-17,Meubles,NORTH,14.327614758060292,96
2025-03-24,Meubles,NORTH,14.88688755780322,113
2025-03-31,Meubles,NORTH,-8.062801938045894,97
2025-04-07,Meubles,NORTH,-52.96406277411289,45
2025-04-14,Meubles,NORTH,-9.611377104732071,32
2025-04-21,Meubles,NORTH,10.330565232231702,40
2025-04-28,Meubles,NORTH,-23.428323809892973,28
2025-05-05,Meubles,NORTH,7.597347940144779,37
2025-05-12,Meubles,NORTH,-11.963037838614248,33
2025-05-19,Meubles,NORTH,14.463316083374618,46
2025-05-26,Meubles,NORTH,-6.926075677233975,32
2025-06-02,Meubles,NORTH,-4.699550373464795,28
2025-06-09,Meubles,NORTH,-5.258823173212662,39
2025-06-16,Meubles,NORTH,5.690866322633411,47
2025-06-23,Meubles,NORTH,3.092961892972788,47
2025-06-30,Meubles,NORTH,6.730823307418007,52
2024-01-01,Meubles,SOUTH,1.0,1
2024-01-08,Meubles,SOUTH,20.0,20
2024-01-15,Meubles,SOUTH,16.0,16
2024-01-22,Meubles,SOUTH,14.0,14
2024-01-29,Meubles,SOUTH,11.0,11
2024-02-05,Meubles,SOUTH,12.0,12
2024-02-12,Meubles,SOUTH,14.0,14
2024-02-19,Meubles,SOUTH,17.0,17
2024-02-26,Meubles,SOUTH,20.0,20
2024-03-04,Meubles,SOUTH,24.0,24
2024-03-11,Meubles,SOUTH,23.0,23
2024-03-18,Meubles,SOUTH,37.0,37
2024-03-25,Meubles,SOUTH,48.0,48
2024-04-01,Meubles,SOUTH,75.0,75
2024-04-08,Meubles,SOUTH,63.0,63
2024-04-15,Meubles,SOUTH,31.0,31
2024-04-22,Meubles,SOUTH,21.0,21
2024-04-29,Meubles,SOUTH,16.0,16
2024-05-06,Meubles,SOUTH,13.0,13
2024-05-13,Meubles,SOUTH,25.0,25
2024-05-20,Meubles,SOUTH,14.0,14
2024-05-27,Meubles,SOUTH,23.0,23
2024-06-03,Meubles,SOUTH,19.0,19
2024-06-10,Meubles,SOUTH,33.0,33
2024-06-17,Meubles,SOUTH,18.0,18
2024-06-24,Meubles,SOUTH,26.0,26
2024-07-01,Meubles,SOUTH,25.0,25
2024-07-08,Meubles,SOUTH,27.0,27
2024-07-15,Meubles,SOUTH,32.0,32
2024-07-22,Meubles,SOUTH,33.0,33
2024-07-29,Meubles,SOUTH,34.0,34
2024-08-05,Meubles,SOUTH,22.0,22
2024-08-12,Meubles,SOUTH,30.0,30
2024-08-19,Meubles,SOUTH,21.0,21
2024-08-26,Meubles,SOUTH,30.0,30
2024-09-02,Meubles,SOUTH,29.0,29
2024-09-09,Meubles,SOUTH,34.0,34
2024-09-16,Meubles,SOUTH,19.0,19
2024-09-23,Meubles,SOUTH,23.0,23
2024-09-30,Meubles,SOUTH,29.0,29
2024-10-07,Meubles,SOUTH,12.0,12
2024-10-14,Meubles,SOUTH,20.0,20
2024-10-21,Meubles,SOUTH,18.0,18
2024-10-28,Meubles,SOUTH,17.0,17
2024-11-04,Meubles,SOUTH,20.0,20
2024-11-11,Meubles,SOUTH,19.0,19
2024-11-18,Meubles,SOUTH,22.0,22
2024-11-25,Meubles,SOUTH,25.0,25
2024-12-02,Meubles,SOUTH,18.0,18
2024-12-09,Meubles,SOUTH,29.0,29
2024-12-16,Meubles,SOUTH,15.0,15
2024-12-23,Meubles,SOUTH,16.0,16
2024-12-30,Meubles,SOUTH,22.0,23
2025-01-06,Meubles,SOUTH,-6.0,14
2025-01-13,Meubles,SOUTH,9.0,25
2025-01-20,Meubles,SOUTH,0.9999999999999982,15
2025-01-27,Meubles,SOUTH,12.0,23
2025-02-03,Meubles,SOUTH,5.999999999999998,18
2025-02-10,Meubles,SOUTH,4.999999999999998,19
2025-02-17,Meubles,SOUTH,-2.0,15
2025-02-24,Meubles,SOUTH,-1.0,19
2025-03-03,Meubles,SOUTH,-2.0000000000000036,22
2025-03-10,Meubles,SOUTH,27.0,50
2025-03-17,Meubles,SOUTH,17.0,54
2025-03-24,Meubles,SOUTH,15.999999999999993,64
2025-03-31,Meubles,SOUTH,-7.0,68
2025-04-07,Meubles,SOUTH,-40.00000000000001,23
2025-04-14,Meubles,SOUTH,-5.0,26
2025-04-21,Meubles,SOUTH,1.0,22
2025-04-28,Meubles,SOUTH,6.0,22
2025-05-05,Meubles,SOUTH,8.999999999999998,22
2025-05-12,Meubles,SOUTH,-6.0000000000000036,19
2025-05-19,Meubles,SOUTH,3.9999999999999982,18
2025-05-26,Meubles,SOUTH,-1.0,22
2025-06-02,Meubles,SOUTH,-4.0,15
2025-06-09,Meubles,SOUTH,4.0,37
2025-06-16,Meubles,SOUTH,9.0,27
2025-06-23,Meubles,SOUTH,5.9999999999999964,32
2025-06-30,Meubles,SOUTH,-7.0000000000000036,18
2024-01-01,Meubles,WEST,2.0,2
2024-01-08,Meubles,WEST,11.0,11
2024-01-15,Meubles,WEST,22.0,22
2024-01-22,Meubles,WEST,20.0,20
2024-01-29,Meubles,WEST,27.0,27
2024-02-05,Meubles,WEST,26.0,26
2024-02-12,Meubles,WEST,17.0,17
2024-02-19,Meubles,WEST,19.0,19
2024-02-26,Meubles,WEST,23.0,23
2024-03-04,Meubles,WEST,19.0,19
2024-03-11,Meubles,WEST,34.0,34
2024-03-18,Meubles,WEST,48.0,48
2024-03-25,Meubles,WEST,53.0,53
2024-04-01,Meubles,WEST,78.0,78
2024-04-08,Meubles,WEST,86.0,86
2024-04-15,Meubles,WEST,40.0,40
2024-04-22,Meubles,WEST,30.0,30
2024-04-29,Meubles,WEST,13.0,13
2024-05-06,Meubles,WEST,31.0,31
2024-05-13,Meubles,WEST,20.0,20
2024-05-20,Meubles,WEST,26.0,26
2024-05-27,Meubles,WEST,13.0,13
2024-06-03,Meubles,WEST,26.0,26
2024-06-10,Meubles,WEST,29.0,29
2024-06-17,Meubles,WEST,23.0,23
2024-06-24,Meubles,WEST,32.0,32
2024-07-01,Meubles,WEST,32.0,32
2024-07-08,Meubles,WEST,27.0,27
2024-07-15,Meubles,WEST,32.0,32
2024-07-22,Meubles,WEST,32.0,32
2024-07-29,Meubles,WEST,36.0,36
2024-08-05,Meubles,WEST,26.0,26
2024-08-12,Meubles,WEST,33.0,33
2024-08-19,Meubles,WEST,35.0,35
2024-08-26,Meubles,WEST,29.0,29
2024-09-02,Meubles,WEST,36.0,36
2024-09-09,Meubles,WEST,31.0,31
2024-09-16,Meubles,WEST,30.0,30
2024-09-23,Meubles,WEST,26.0,26
2024-09-30,Meubles,WEST,33.0,33
2024-10-07,Meubles,WEST,24.0,24
2024-10-14,Meubles,WEST,29.0,29
2024-10-21,Meubles,WEST,21.0,21
2024-10-28,Meubles,WEST,19.0,19
2024-11-04,Meubles,WEST,20.0,20
2024-11-11,Meubles,WEST,15.0,15
2024-11-18,Meubles,WEST,30.0,30
2024-11-25,Meubles,WEST,25.0,25
2024-12-02,Meubles,WEST,25.0,25
2024-12-09,Meubles,WEST,27.0,27
2024-12-16,Meubles,WEST,33.0,33
2024-12-23,Meubles,WEST,28.0,28
2024-12-30,Meubles,WEST,25.0,27
2025-01-06,Meubles,WEST,8.999999999999998,20
2025-01-13,Meubles,WEST,3.9999999999999964,26
2025-01-20,Meubles,WEST,-2.0,18
2025-01-27,Meubles,WEST,-6.0,21
2025-02-03,Meubles,WEST,-7.9999999999999964,18
2025-02-10,Meubles,WEST,5.0,22
2025-02-17,Meubles,WEST,-6.0,13
2025-02-24,Meubles,WEST,-4.0,19
2025-03-03,Meubles,WEST,16.0,35
2025-03-10,Meubles,WEST,9.0,43
2025-03-17,Meubles,WEST,12.0,60
2025-03-24,Meubles,WEST,22.0,75
2025-03-31,Meubles,WEST,-9.999999999999986,68
2025-04-07,Meubles,WEST,-59.0,27
2025-04-14,Meubles,WEST,-20.0,20
2025-04-21,Meubles,WEST,-10.000000000000004,20
2025-04-28,Meubles,WEST,22.0,35
2025-05-05,Meubles,WEST,-13.999999999999996,17
2025-05-12,Meubles,WEST,-2.0,18
2025-05-19,Meubles,WEST,-6.9999999999999964,19
2025-05-26,Meubles,WEST,12.000000000000002,25
2025-06-02,Meubles,WEST,4.0000000000000036,30
2025-06-09,Meubles,WEST,7.0000000000000036,36
2025-06-16,Meubles,WEST,7.0,30
2025-06-23,Meubles,WEST,-14.0,18
2025-06-30,Meubles,WEST,-6.0,26
2024-01-08,Modules complémentaires du produit,EAST,4.0,4
2024-01-15,Modules complémentaires du produit,EAST,2.0,2
2024-01-22,Modules complémentaires du produit,EAST,5.0,5
2024-01-29,Modules complémentaires du produit,EAST,4.0,4
2024-02-05,Modules complémentaires du produit,EAST,5.0,5
2024-02-12,Modules complémentaires du produit,EAST,1.0,1
2024-02-19,Modules complémentaires du produit,EAST,4.0,4
2024-02-26,Modules complémentaires du produit,EAST,4.0,4
2024-03-04,Modules complémentaires du produit,EAST,2.0,2
2024-03-11,Modules complémentaires du produit,EAST,5.0,5
2024-03-18,Modules complémentaires du produit,EAST,10.0,10
2024-03-25,Modules complémentaires du produit,EAST,6.0,6
2024-04-01,Modules complémentaires du produit,EAST,7.0,7
2024-04-08,Modules complémentaires du produit,EAST,8.0,8
2024-04-15,Modules complémentaires du produit,EAST,3.0,3
2024-04-22,Modules complémentaires du produit,EAST,4.0,4
2024-04-29,Modules complémentaires du produit,EAST,5.0,5
2024-05-06,Modules complémentaires du produit,EAST,4.0,4
2024-05-13,Modules complémentaires du produit,EAST,1.0,1
2024-05-20,Modules complémentaires du produit,EAST,5.0,5
2024-05-27,Modules complémentaires du produit,EAST,4.0,4
2024-06-03,Modules complémentaires du produit,EAST,3.0,3
2024-06-10,Modules complémentaires du produit,EAST,1.0,1
2024-06-17,Modules complémentaires du produit,EAST,3.0,3
2024-06-24,Modules complémentaires du produit,EAST,4.0,4
2024-07-01,Modules complémentaires du produit,EAST,2.0,2
2024-07-08,Modules complémentaires du produit,EAST,3.0,3
2024-07-15,Modules complémentaires du produit,EAST,6.0,6
2024-07-22,Modules complémentaires du produit,EAST,0.0,0
2024-07-29,Modules complémentaires du produit,EAST,5.0,5
2024-08-05,Modules complémentaires du produit,EAST,7.0,7
2024-08-12,Modules complémentaires du produit,EAST,4.0,4
2024-08-19,Modules complémentaires du produit,EAST,5.0,5
2024-08-26,Modules complémentaires du produit,EAST,4.0,4
2024-09-02,Modules complémentaires du produit,EAST,5.0,5
2024-09-09,Modules complémentaires du produit,EAST,3.0,3
2024-09-16,Modules complémentaires du produit,EAST,2.0,2
2024-09-23,Modules complémentaires du produit,EAST,3.0,3
2024-09-30,Modules complémentaires du produit,EAST,1.0,1
2024-10-07,Modules complémentaires du produit,EAST,5.0,5
2024-10-14,Modules complémentaires du produit,EAST,1.0,1
2024-10-21,Modules complémentaires du produit,EAST,3.0,3
2024-10-28,Modules complémentaires du produit,EAST,4.0,4
2024-11-04,Modules complémentaires du produit,EAST,1.0,1
2024-11-11,Modules complémentaires du produit,EAST,0.0,0
2024-11-18,Modules complémentaires du produit,EAST,4.0,4
2024-11-25,Modules complémentaires du produit,EAST,6.0,6
2024-12-02,Modules complémentaires du produit,EAST,2.0,2
2024-12-09,Modules complémentaires du produit,EAST,4.0,4
2024-12-16,Modules complémentaires du produit,EAST,5.0,5
2024-12-23,Modules complémentaires du produit,EAST,1.0,1
2024-12-30,Modules complémentaires du produit,EAST,2.0,2
2025-01-06,Modules complémentaires du produit,EAST,-2.0,2
2025-01-13,Modules complémentaires du produit,EAST,-1.0,1
2025-01-20,Modules complémentaires du produit,EAST,-2.000000000000001,3
2025-01-27,Modules complémentaires du produit,EAST,-1.0,3
2025-02-03,Modules complémentaires du produit,EAST,-3.000000000000001,2
2025-02-10,Modules complémentaires du produit,EAST,3.0,4
2025-02-17,Modules complémentaires du produit,EAST,-1.0,3
2025-02-24,Modules complémentaires du produit,EAST,-3.0,1
2025-03-03,Modules complémentaires du produit,EAST,2.0,4
2025-03-10,Modules complémentaires du produit,EAST,-1.0000000000000009,4
2025-03-17,Modules complémentaires du produit,EAST,-8.000000000000002,2
2025-03-24,Modules complémentaires du produit,EAST,-3.0,3
2025-03-31,Modules complémentaires du produit,EAST,0.9999999999999991,8
2025-04-07,Modules complémentaires du produit,EAST,-5.0,3
2025-04-14,Modules complémentaires du produit,EAST,1.0,4
2025-04-21,Modules complémentaires du produit,EAST,-3.0,1
2025-04-28,Modules complémentaires du produit,EAST,-4.000000000000001,1
2025-05-05,Modules complémentaires du produit,EAST,-2.0,2
2025-05-12,Modules complémentaires du produit,EAST,0.0,1
2025-05-19,Modules complémentaires du produit,EAST,-2.000000000000001,3
2025-05-26,Modules complémentaires du produit,EAST,-3.0,1
2025-06-02,Modules complémentaires du produit,EAST,-1.0,2
2025-06-09,Modules complémentaires du produit,EAST,3.0,4
2025-06-16,Modules complémentaires du produit,EAST,1.0,4
2025-06-23,Modules complémentaires du produit,EAST,-3.0,1
2025-06-30,Modules complémentaires du produit,EAST,-1.0,1
2024-01-01,Modules complémentaires du produit,NORTH,2.0,2
2024-01-08,Modules complémentaires du produit,NORTH,1.0,1
2024-01-15,Modules complémentaires du produit,NORTH,3.0,3
2024-01-22,Modules complémentaires du produit,NORTH,2.0,2
2024-01-29,Modules complémentaires du produit,NORTH,4.0,4
2024-02-05,Modules complémentaires du produit,NORTH,4.0,4
2024-02-12,Modules complémentaires du produit,NORTH,5.0,5
2024-02-19,Modules complémentaires du produit,NORTH,1.0,1
2024-02-26,Modules complémentaires du produit,NORTH,2.0,2
2024-03-04,Modules complémentaires du produit,NORTH,4.0,4
2024-03-11,Modules complémentaires du produit,NORTH,4.0,4
2024-03-18,Modules complémentaires du produit,NORTH,6.0,6
2024-03-25,Modules complémentaires du produit,NORTH,7.0,7
2024-04-01,Modules complémentaires du produit,NORTH,7.0,7
2024-04-08,Modules complémentaires du produit,NORTH,9.0,9
2024-04-15,Modules complémentaires du produit,NORTH,4.0,4
2024-04-22,Modules complémentaires du produit,NORTH,5.0,5
2024-04-29,Modules complémentaires du produit,NORTH,2.0,2
2024-05-06,Modules complémentaires du produit,NORTH,3.0,3
2024-05-13,Modules complémentaires du produit,NORTH,0.0,0
2024-05-20,Modules complémentaires du produit,NORTH,4.0,4
2024-05-27,Modules complémentaires du produit,NORTH,0.0,0
2024-06-03,Modules complémentaires du produit,NORTH,4.0,4
2024-06-10,Modules complémentaires du produit,NORTH,6.0,6
2024-06-17,Modules complémentaires du produit,NORTH,2.0,2
2024-06-24,Modules complémentaires du produit,NORTH,7.0,7
2024-07-01,Modules complémentaires du produit,NORTH,3.0,3
2024-07-08,Modules complémentaires du produit,NORTH,4.0,4
2024-07-15,Modules complémentaires du produit,NORTH,3.0,3
2024-07-22,Modules complémentaires du produit,NORTH,5.0,5
2024-07-29,Modules complémentaires du produit,NORTH,3.0,3
2024-08-05,Modules complémentaires du produit,NORTH,1.0,1
2024-08-12,Modules complémentaires du produit,NORTH,2.0,2
2024-08-19,Modules complémentaires du produit,NORTH,5.0,5
2024-08-26,Modules complémentaires du produit,NORTH,4.0,4
2024-09-02,Modules complémentaires du produit,NORTH,5.0,5
2024-09-09,Modules complémentaires du produit,NORTH,4.0,4
2024-09-16,Modules complémentaires du produit,NORTH,0.0,0
2024-09-23,Modules complémentaires du produit,NORTH,4.0,4
2024-09-30,Modules complémentaires du produit,NORTH,3.0,3
2024-10-07,Modules complémentaires du produit,NORTH,2.0,2
2024-10-14,Modules complémentaires du produit,NORTH,4.0,4
2024-10-21,Modules complémentaires du produit,NORTH,2.0,2
2024-10-28,Modules complémentaires du produit,NORTH,3.0,3
2024-11-04,Modules complémentaires du produit,NORTH,7.0,7
2024-11-11,Modules complémentaires du produit,NORTH,3.0,3
2024-11-18,Modules complémentaires du produit,NORTH,0.0,0
2024-11-25,Modules complémentaires du produit,NORTH,6.0,6
2024-12-02,Modules complémentaires du produit,NORTH,3.0,3
2024-12-09,Modules complémentaires du produit,NORTH,5.0,5
2024-12-16,Modules complémentaires du produit,NORTH,3.0,3
2024-12-23,Modules complémentaires du produit,NORTH,2.0,2
2024-12-30,Modules complémentaires du produit,NORTH,7.0,9
2025-01-06,Modules complémentaires du produit,NORTH,0.0,1
2025-01-13,Modules complémentaires du produit,NORTH,-1.0,2
2025-01-20,Modules complémentaires du produit,NORTH,1.0,3
2025-01-27,Modules complémentaires du produit,NORTH,-2.0,2
2025-02-03,Modules complémentaires du produit,NORTH,-3.0,1
2025-02-10,Modules complémentaires du produit,NORTH,-4.0,1
2025-02-17,Modules complémentaires du produit,NORTH,0.0,1
2025-02-24,Modules complémentaires du produit,NORTH,3.0,5
2025-03-03,Modules complémentaires du produit,NORTH,-2.0,2
2025-03-10,Modules complémentaires du produit,NORTH,1.0,5
2025-03-17,Modules complémentaires du produit,NORTH,-2.0,4
2025-03-24,Modules complémentaires du produit,NORTH,-3.0,4
2025-03-31,Modules complémentaires du produit,NORTH,3.0,10
2025-04-07,Modules complémentaires du produit,NORTH,-4.0,5
2025-04-14,Modules complémentaires du produit,NORTH,0.0,4
2025-04-21,Modules complémentaires du produit,NORTH,3.0,8
2025-04-28,Modules complémentaires du produit,NORTH,3.0,5
2025-05-05,Modules complémentaires du produit,NORTH,1.0,4
2025-05-12,Modules complémentaires du produit,NORTH,3.0,3
2025-05-19,Modules complémentaires du produit,NORTH,-1.0,3
2025-05-26,Modules complémentaires du produit,NORTH,2.0,2
2025-06-02,Modules complémentaires du produit,NORTH,-2.0,2
2025-06-09,Modules complémentaires du produit,NORTH,-2.0,4
2025-06-16,Modules complémentaires du produit,NORTH,0.0,2
2025-06-23,Modules complémentaires du produit,NORTH,-3.0,4
2024-01-01,Modules complémentaires du produit,SOUTH,1.0,1
2024-01-08,Modules complémentaires du produit,SOUTH,1.0,1
2024-01-15,Modules complémentaires du produit,SOUTH,2.0,2
2024-01-22,Modules complémentaires du produit,SOUTH,1.0,1
2024-01-29,Modules complémentaires du produit,SOUTH,3.0,3
2024-02-05,Modules complémentaires du produit,SOUTH,1.0,1
2024-02-12,Modules complémentaires du produit,SOUTH,1.0,1
2024-02-19,Modules complémentaires du produit,SOUTH,2.0,2
2024-02-26,Modules complémentaires du produit,SOUTH,0.0,0
2024-03-04,Modules complémentaires du produit,SOUTH,3.0,3
2024-03-11,Modules complémentaires du produit,SOUTH,4.0,4
2024-03-18,Modules complémentaires du produit,SOUTH,3.0,3
2024-03-25,Modules complémentaires du produit,SOUTH,5.0,5
2024-04-01,Modules complémentaires du produit,SOUTH,4.0,4
2024-04-08,Modules complémentaires du produit,SOUTH,3.0,3
2024-04-15,Modules complémentaires du produit,SOUTH,2.0,2
2024-04-22,Modules complémentaires du produit,SOUTH,2.0,2
2024-04-29,Modules complémentaires du produit,SOUTH,0.0,0
2024-05-06,Modules complémentaires du produit,SOUTH,1.0,1
2024-05-13,Modules complémentaires du produit,SOUTH,1.0,1
2024-05-20,Modules complémentaires du produit,SOUTH,3.0,3
2024-05-27,Modules complémentaires du produit,SOUTH,1.0,1
2024-06-03,Modules complémentaires du produit,SOUTH,4.0,4
2024-06-10,Modules complémentaires du produit,SOUTH,1.0,1
2024-06-17,Modules complémentaires du produit,SOUTH,6.0,6
2024-06-24,Modules complémentaires du produit,SOUTH,3.0,3
2024-07-01,Modules complémentaires du produit,SOUTH,0.0,0
2024-07-08,Modules complémentaires du produit,SOUTH,2.0,2
2024-07-15,Modules complémentaires du produit,SOUTH,2.0,2
2024-07-22,Modules complémentaires du produit,SOUTH,1.0,1
2024-07-29,Modules complémentaires du produit,SOUTH,4.0,4
2024-08-05,Modules complémentaires du produit,SOUTH,2.0,2
2024-08-12,Modules complémentaires du produit,SOUTH,3.0,3
2024-08-19,Modules complémentaires du produit,SOUTH,2.0,2
2024-08-26,Modules complémentaires du produit,SOUTH,0.0,0
2024-09-02,Modules complémentaires du produit,SOUTH,2.0,2
2024-09-09,Modules complémentaires du produit,SOUTH,3.0,3
2024-09-16,Modules complémentaires du produit,SOUTH,1.0,1
2024-09-23,Modules complémentaires du produit,SOUTH,3.0,3
2024-09-30,Modules complémentaires du produit,SOUTH,5.0,5
2024-10-07,Modules complémentaires du produit,SOUTH,2.0,2
2024-10-14,Modules complémentaires du produit,SOUTH,5.0,5
2024-10-21,Modules complémentaires du produit,SOUTH,1.0,1
2024-10-28,Modules complémentaires du produit,SOUTH,3.0,3
2024-11-04,Modules complémentaires du produit,SOUTH,1.0,1
2024-11-11,Modules complémentaires du produit,SOUTH,3.0,3
2024-11-18,Modules complémentaires du produit,SOUTH,3.0,3
2024-11-25,Modules complémentaires du produit,SOUTH,1.0,1
2024-12-02,Modules complémentaires du produit,SOUTH,2.0,2
2024-12-09,Modules complémentaires du produit,SOUTH,2.0,2
2024-12-16,Modules complémentaires du produit,SOUTH,3.0,3
2024-12-23,Modules complémentaires du produit,SOUTH,3.0,3
2024-12-30,Modules complémentaires du produit,SOUTH,0.0,1
2025-01-06,Modules complémentaires du produit,SOUTH,-0.9999999999999999,0
2025-01-13,Modules complémentaires du produit,SOUTH,-1.9999999999999998,0
2025-01-20,Modules complémentaires du produit,SOUTH,1.1102230246251565e-16,1
2025-01-27,Modules complémentaires du produit,SOUTH,-1.0,2
2025-02-03,Modules complémentaires du produit,SOUTH,1.0,2
2025-02-10,Modules complémentaires du produit,SOUTH,-0.9999999999999999,0
2025-02-17,Modules complémentaires du produit,SOUTH,-0.9999999999999998,1
2025-02-24,Modules complémentaires du produit,SOUTH,1.0,1
2025-03-03,Modules complémentaires du produit,SOUTH,0.0,3
2025-03-10,Modules complémentaires du produit,SOUTH,2.0000000000000004,6
2025-03-17,Modules complémentaires du produit,SOUTH,4.0,7
2025-03-24,Modules complémentaires du produit,SOUTH,-1.9999999999999991,3
2025-03-31,Modules complémentaires du produit,SOUTH,4.440892098500626e-16,4
2025-04-07,Modules complémentaires du produit,SOUTH,0.0,3
2025-04-14,Modules complémentaires du produit,SOUTH,2.220446049250313e-16,2
2025-04-21,Modules complémentaires du produit,SOUTH,-1.9999999999999998,0
2025-04-28,Modules complémentaires du produit,SOUTH,1.0,1
2025-05-05,Modules complémentaires du produit,SOUTH,1.0,2
2025-05-12,Modules complémentaires du produit,SOUTH,1.0,2
2025-05-19,Modules complémentaires du produit,SOUTH,-2.0,1
2025-05-26,Modules complémentaires du produit,SOUTH,1.1102230246251565e-16,1
2025-06-02,Modules complémentaires du produit,SOUTH,-1.9999999999999996,2
2025-06-09,Modules complémentaires du produit,SOUTH,3.0,4
2025-06-16,Modules complémentaires du produit,SOUTH,-3.0,3
2025-06-23,Modules complémentaires du produit,SOUTH,-1.0,2
2025-06-30,Modules complémentaires du produit,SOUTH,4.0,4
2024-01-08,Modules complémentaires du produit,WEST,2.0,2
2024-01-15,Modules complémentaires du produit,WEST,2.0,2
2024-01-22,Modules complémentaires du produit,WEST,-3.301730828693865e-06,0
2024-01-29,Modules complémentaires du produit,WEST,1.090137408347496e-11,0
2024-02-05,Modules complémentaires du produit,WEST,3.0,3
2024-02-12,Modules complémentaires du produit,WEST,2.9999900948551086,3
2024-02-19,Modules complémentaires du produit,WEST,0.9999900948878125,1
2024-02-26,Modules complémentaires du produit,WEST,-3.301682259941683e-06,0
2024-03-04,Modules complémentaires du produit,WEST,1.0000000000109013,1
2024-03-11,Modules complémentaires du produit,WEST,-3.301714963834803e-06,0
2024-03-18,Modules complémentaires du produit,WEST,4.0000000000109015,4
2024-03-25,Modules complémentaires du produit,WEST,6.9999867931401445,7
2024-04-01,Modules complémentaires du produit,WEST,4.999976888038859,5
2024-04-08,Modules complémentaires du produit,WEST,3.99998349150149,4
2024-04-15,Modules complémentaires du produit,WEST,1.9999867931946511,2
2024-04-22,Modules complémentaires du produit,WEST,3.9999933966136774,4
2024-04-29,Modules complémentaires du produit,WEST,-1.3206838052695808e-05,0
2024-05-06,Modules complémentaires du produit,WEST,3.000000000043605,3
2024-05-13,Modules complémentaires du produit,WEST,3.9999900948551086,4
2024-05-20,Modules complémentaires du produit,WEST,0.9999867931728488,1
2024-05-27,Modules complémentaires du produit,WEST,4.9999966983286415,5
2024-06-03,Modules complémentaires du produit,WEST,0.9999834914360822,1
2024-06-10,Modules complémentaires du produit,WEST,0.9999966983395427,1
2024-06-17,Modules complémentaires du produit,WEST,2.9999966982959374,3
2024-06-24,Modules complémentaires du produit,WEST,2.99999009486601,3
2024-07-01,Modules complémentaires du produit,WEST,2.9999900948878127,3
2024-07-08,Modules complémentaires du produit,WEST,4.999990094887813,5
2024-07-15,Modules complémentaires du produit,WEST,2.999983491457885,3
2024-07-22,Modules complémentaires du produit,WEST,0.9999900949096151,1
2024-07-29,Modules complémentaires du produit,WEST,-3.301682260013669e-06,0
2024-08-05,Modules complémentaires du produit,WEST,3.000000000010901,3
2024-08-12,Modules complémentaires du produit,WEST,2.9999900948551086,3
2024-08-19,Modules complémentaires du produit,WEST,4.999990094887813,5
2024-08-26,Modules complémentaires du produit,WEST,1.999983491457885,2
2024-09-02,Modules complémentaires du produit,WEST,0.9999933966245789,1
2024-09-09,Modules complémentaires du produit,WEST,1.9999966983068387,2
2024-09-16,Modules complémentaires du produit,WEST,0.9999933965809736,1
2024-09-23,Modules complémentaires du produit,WEST,0.9999966983068388,1
2024-09-30,Modules complémentaires du produit,WEST,2.9999966982959374,3
2024-10-07,Modules complémentaires du produit,WEST,1.9999900948660099,2
2024-10-14,Modules complémentaires du produit,WEST,1.9999933966027763,2
2024-10-21,Modules complémentaires du produit,WEST,1.999993396591875,2
2024-10-28,Modules complémentaires du produit,WEST,1.999993396591875,2
2024-11-04,Modules complémentaires du produit,WEST,-6.603408125026203e-06,0
2024-11-11,Modules complémentaires du produit,WEST,2.0000000000218026,2
2024-11-18,Modules complémentaires du produit,WEST,-6.603429927669606e-06,0
2024-11-25,Modules complémentaires du produit,WEST,2.0000000000218026,2
2024-12-02,Modules complémentaires du produit,WEST,1.9999933965700722,2
2024-12-09,Modules complémentaires du produit,WEST,-6.603408124954216e-06,0
2024-12-16,Modules complémentaires du produit,WEST,3.0000000000218026,3
2024-12-23,Modules complémentaires du produit,WEST,-9.905144891468416e-06,0
2024-12-30,Modules complémentaires du produit,WEST,1.000000000032704,1
2025-01-06,Modules complémentaires du produit,WEST,-2.000003301714964,0
2025-01-13,Modules complémentaires du produit,WEST,1.8493730966111515,3
2025-01-20,Modules complémentaires du produit,WEST,6.041775186396311,7
2025-01-27,Modules complémentaires du produit,WEST,0.7102584095149078,4
2025-02-03,Modules complémentaires du produit,WEST,-1.392367673721579,2
2025-02-10,Modules complémentaires du produit,WEST,0.7725695011687854,3
2025-02-17,Modules complémentaires du produit,WEST,-0.429247070265236,1
2025-02-24,Modules complémentaires du produit,WEST,0.23859315607644238,0
2025-03-03,Modules complémentaires du produit,WEST,-1.1326369404270975,0
2025-03-10,Modules complémentaires du produit,WEST,6.629672172546715,6
2025-03-17,Modules complémentaires du produit,WEST,0.31428993457223875,8
2025-03-24,Modules complémentaires du produit,WEST,-2.1747274893975224,5
2025-03-31,Modules complémentaires du produit,WEST,-2.7909726703489266,1
2025-04-07,Modules complémentaires du produit,WEST,-1.4483741180034335,1
2025-04-14,Modules complémentaires du produit,WEST,-0.19478429719038282,1
2025-04-21,Modules complémentaires du produit,WEST,-2.8917107270532028,1
2025-04-28,Modules complémentaires du produit,WEST,2.6076309028794586,1
2025-05-05,Modules complémentaires du produit,WEST,-1.4496982694121803,3
2025-05-12,Modules complémentaires du produit,WEST,-1.1940481023728458,2
2025-05-19,Modules complémentaires du produit,WEST,0.6638245727230013,1
2025-05-26,Modules complémentaires du produit,WEST,-3.369049674396071,2
2025-06-02,Modules complémentaires du produit,WEST,1.8730049119149978,1
2025-06-09,Modules complémentaires du produit,WEST,-0.041286932252363684,2
2025-06-16,Modules complémentaires du produit,WEST,0.02295324628018136,3
2025-06-23,Modules complémentaires du produit,WEST,-3.0127607329015955,0
2025-06-30,Modules complémentaires du produit,WEST,0.6749280053761317,2
2024-01-01,Médias,EAST,4.0,4
2024-01-08,Médias,EAST,7.0,7
2024-01-15,Médias,EAST,13.0,13
2024-01-22,Médias,EAST,7.0,7
2024-01-29,Médias,EAST,15.0,15
2024-02-05,Médias,EAST,15.0,15
2024-02-12,Médias,EAST,13.0,13
2024-02-19,Médias,EAST,10.0,10
2024-02-26,Médias,EAST,10.0,10
2024-03-04,Médias,EAST,16.0,16
2024-03-11,Médias,EAST,21.0,21
2024-03-18,Médias,EAST,27.0,27
2024-03-25,Médias,EAST,30.0,30
2024-04-01,Médias,EAST,24.0,24
2024-04-08,Médias,EAST,46.0,46
2024-04-15,Médias,EAST,30.0,30
2024-04-22,Médias,EAST,9.0,9
2024-04-29,Médias,EAST,14.0,14
2024-05-06,Médias,EAST,13.0,13
2024-05-13,Médias,EAST,10.0,10
2024-05-20,Médias,EAST,12.0,12
2024-05-27,Médias,EAST,18.0,18
2024-06-03,Médias,EAST,11.0,11
2024-06-10,Médias,EAST,12.0,12
2024-06-17,Médias,EAST,14.0,14
2024-06-24,Médias,EAST,25.0,25
2024-07-01,Médias,EAST,17.0,17
2024-07-08,Médias,EAST,22.0,22
2024-07-15,Médias,EAST,15.0,15
2024-07-22,Médias,EAST,11.0,11
2024-07-29,Médias,EAST,16.0,16
2024-08-05,Médias,EAST,9.0,9
2024-08-12,Médias,EAST,19.0,19
2024-08-19,Médias,EAST,17.0,17
2024-08-26,Médias,EAST,18.0,18
2024-09-02,Médias,EAST,11.0,11
2024-09-09,Médias,EAST,17.0,17
2024-09-16,Médias,EAST,21.0,21
2024-09-23,Médias,EAST,17.0,17
2024-09-30,Médias,EAST,8.0,8
2024-10-07,Médias,EAST,15.0,15
2024-10-14,Médias,EAST,11.0,11
2024-10-21,Médias,EAST,16.0,16
2024-10-28,Médias,EAST,15.0,15
2024-11-04,Médias,EAST,8.0,8
2024-11-11,Médias,EAST,10.0,10
2024-11-18,Médias,EAST,9.0,9
2024-11-25,Médias,EAST,14.0,14
2024-12-02,Médias,EAST,22.0,22
2024-12-09,Médias,EAST,16.0,16
2024-12-16,Médias,EAST,9.0,9
2024-12-23,Médias,EAST,17.0,17
2024-12-30,Médias,EAST,17.0,21
2025-01-06,Médias,EAST,5.999999999999999,13
2025-01-13,Médias,EAST,-6.000000000000002,7
2025-01-20,Médias,EAST,1.9999999999999991,9
2025-01-27,Médias,EAST,1.9999999999999982,17
2025-02-03,Médias,EAST,-3.0000000000000018,12
2025-02-10,Médias,EAST,-5.000000000000002,8
2025-02-17,Médias,EAST,4.0,14
2025-02-24,Médias,EAST,1.0,11
2025-03-03,Médias,EAST,5.0,21
2025-03-10,Médias,EAST,14.0,35
2025-03-17,Médias,EAST,6.9999999999999964,34
2025-03-24,Médias,EAST,4.9999999999999964,35
2025-03-31,Médias,EAST,10.999999999999996,35
2025-04-07,Médias,EAST,-35.00000000000001,11
2025-04-14,Médias,EAST,-21.000000000000004,9
2025-04-21,Médias,EAST,2.9999999999999982,12
2025-04-28,Médias,EAST,-5.000000000000002,9
2025-05-05,Médias,EAST,0.9999999999999982,14
2025-05-12,Médias,EAST,5.0,15
2025-05-19,Médias,EAST,0.9999999999999982,13
2025-05-26,Médias,EAST,-8.000000000000004,10
2025-06-02,Médias,EAST,-2.0,9
2025-06-09,Médias,EAST,3.9999999999999982,16
2025-06-16,Médias,EAST,2.9999999999999982,17
2025-06-23,Médias,EAST,-7.0000000000000036,18
2025-06-30,Médias,EAST,1.0,18
2024-01-01,Médias,NORTH,4.0,4
2024-01-08,Médias,NORTH,9.389325527433328,12
2024-01-15,Médias,NORTH,5.041770716155442,14
2024-01-22,Médias,NORTH,4.398804375334727,13
2024-01-29,Médias,NORTH,6.6002334684936805,12
2024-02-05,Médias,NORTH,10.2518318376086,12
2024-02-12,Médias,NORTH,13.134395281358135,12
2024-02-19,Médias,NORTH,14.565335590367322,12
2024-02-26,Médias,NORTH,16.608665349391792,14
2024-03-04,Médias,NORTH,11.863574515159865,10
2024-03-11,Médias,NORTH,11.98369076241503,11
2024-03-18,Médias,NORTH,20.240477448904876,20
2024-03-25,Médias,NORTH,38.758511590142106,39
2024-04-01,Médias,NORTH,45.5406627121661,46
2024-04-08,Médias,NORTH,45.528984698032055,46
2024-04-15,Médias,NORTH,25.65013230816963,26
2024-04-22,Médias,NORTH,14.827140967977035,15
2024-04-29,Médias,NORTH,13.981960517452,14
2024-05-06,Médias,NORTH,10.077785301514345,10
2024-05-13,Médias,NORTH,11.112393355587116,11
2024-05-20,Médias,NORTH,8.101511536389367,8
2024-05-27,Médias,NORTH,14.067536744759472,14
2024-06-03,Médias,NORTH,16.02909551727288,16
2024-06-10,Médias,NORTH,19.998908643548532,20
2024-06-17,Médias,NORTH,18.981720578910746,19
2024-06-24,Médias,NORTH,16.97701293840977,17
2024-07-01,Médias,NORTH,10.980870900790574,11
2024-07-08,Médias,NORTH,16.988781498122894,17
2024-07-15,Médias,NORTH,19.99634236916404,20
2024-07-22,Médias,NORTH,17.00179772685921,17
2024-07-29,Médias,NORTH,17.00478944252381,17
2024-08-05,Médias,NORTH,12.005380869293612,12
2024-08-12,Médias,NORTH,21.004608896718292,21
2024-08-19,Médias,NORTH,15.0026685063246,15
2024-08-26,Médias,NORTH,16.001252668733454,16
2024-09-02,Médias,NORTH,16.00020039983002,16
2024-09-09,Médias,NORTH,12.999697233221557,13
2024-09-16,Médias,NORTH,9.999766589230958,10
2024-09-23,Médias,NORTH,18.000118669999736,18
2024-09-30,Médias,NORTH,19.000084368563613,19
2024-10-07,Médias,NORTH,12.000185853979016,12
2024-10-14,Médias,NORTH,13.000656110161573,13
2024-10-21,Médias,NORTH,19.000832122716027,19
2024-10-28,Médias,NORTH,14.00060676886303,14
2024-11-04,Médias,NORTH,14.000694575535093,14
2024-11-11,Médias,NORTH,15.000696822400943,15
2024-11-18,Médias,NORTH,13.00061032539182,13
2024-11-25,Médias,NORTH,10.000621678394223,10
2024-12-02,Médias,NORTH,18.000704826586674,18
2024-12-09,Médias,NORTH,15.000353157239527,15
2024-12-16,Médias,NORTH,17.000350325583014,17
2024-12-23,Médias,NORTH,11.000327920520752,11
2024-12-30,Médias,NORTH,8.000628369947956,12
2025-01-06,Médias,NORTH,0.3281247447805029,16
2025-01-13,Médias,NORTH,-3.336451494089202,11
2025-01-20,Médias,NORTH,-0.3670705842254609,9
2025-01-27,Médias,NORTH,4.182578412109395,13
2025-02-03,Médias,NORTH,0.8426642932233044,13
2025-02-10,Médias,NORTH,-0.014193520515680902,12
2025-02-17,Médias,NORTH,1.5683724737448959,13
2025-02-24,Médias,NORTH,1.0442293304675623,15
2025-03-03,Médias,NORTH,9.179338426039653,19
2025-03-10,Médias,NORTH,15.818173230682175,30
2025-03-17,Médias,NORTH,11.233163449346865,37
2025-03-24,Médias,NORTH,0.6722317520312231,41
2025-03-31,Médias,NORTH,5.847242851883365,44
2025-04-07,Médias,NORTH,-19.090739125366397,18
2025-04-14,Médias,NORTH,2.59394210011396,10
2025-04-21,Médias,NORTH,6.915996332694286,15
2025-04-28,Médias,NORTH,-2.193282635516713,15
2025-05-05,Médias,NORTH,-1.2391871548765536,12
2025-05-12,Médias,NORTH,-4.1232882661626356,10
2025-05-19,Médias,NORTH,6.827857163147666,16
2025-05-26,Médias,NORTH,-5.996560052409425,13
2025-06-02,Médias,NORTH,-3.344787821823969,12
2025-06-09,Médias,NORTH,9.687478126030008,28
2025-06-16,Médias,NORTH,-7.209665917243434,16
2025-06-23,Médias,NORTH,13.192420229454063,28
2025-06-30,Médias,NORTH,0.5520685462022552,16
2024-01-01,Médias,SOUTH,1.0,1
2024-01-08,Médias,SOUTH,6.0,6
2024-01-15,Médias,SOUTH,4.999958405140456,5
2024-01-22,Médias,SOUTH,7.999930677209981,8
2024-01-29,Médias,SOUTH,9.999889083574379,10
2024-02-05,Médias,SOUTH,7.999861354804372,8
2024-02-12,Médias,SOUTH,5.9998890845355115,6
2024-02-19,Médias,SOUTH,6.999916813497737,7
2024-02-26,Médias,SOUTH,7.9999029484399395,8
2024-03-04,Médias,SOUTH,7.99988908395883,8
2024-03-11,Médias,SOUTH,13.999889084151055,14
2024-03-18,Médias,SOUTH,14.999805896110985,15
2024-03-25,Médias,SOUTH,16.999792032591014,17
2024-04-01,Médias,SOUTH,30.99976430343654,31
2024-04-08,Médias,SOUTH,28.999570198394164,29
2024-04-15,Médias,SOUTH,15.999597930432058,16
2024-04-22,Médias,SOUTH,8.999778170801045,9
2024-04-29,Médias,SOUTH,7.999875221015485,8
2024-05-06,Médias,SOUTH,6.999889084343261,7
2024-05-13,Médias,SOUTH,6.999902948824396,7
2024-05-20,Médias,SOUTH,8.999902948632169,9
2024-05-27,Médias,SOUTH,5.999875219285482,6
2024-06-03,Médias,SOUTH,5.999916813689975,6
2024-06-10,Médias,SOUTH,7.999916813113282,8
2024-06-17,Médias,SOUTH,6.9998890837666,7
2024-06-24,Médias,SOUTH,8.999902948824403,9
2024-07-01,Médias,SOUTH,10.99987521928548,11
2024-07-08,Médias,SOUTH,12.999847490323251,13
2024-07-15,Médias,SOUTH,11.999819761361014,12
2024-07-22,Médias,SOUTH,10.99983362641881,11
2024-07-29,Médias,SOUTH,8.999847490899922,9
2024-08-05,Médias,SOUTH,10.999875220054385,11
2024-08-12,Médias,SOUTH,4.99984749032324,5
2024-08-19,Médias,SOUTH,12.999930678747772,13
2024-08-26,Médias,SOUTH,8.999819760207634,9
2024-09-02,Médias,SOUTH,7.999875220438862,8
2024-09-09,Médias,SOUTH,8.99988908434327,9
2024-09-16,Médias,SOUTH,14.999875219477707,15
2024-09-23,Médias,SOUTH,7.999792031629869,8
2024-09-30,Médias,SOUTH,8.999889085496655,9
2024-10-07,Médias,SOUTH,10.99987521947769,11
2024-10-14,Médias,SOUTH,7.999847490323248,8
2024-10-21,Médias,SOUTH,2.999889084727738,3
2024-10-28,Médias,SOUTH,7.999958407517769,8
2024-11-04,Médias,SOUTH,4.999889083189907,5
2024-11-11,Médias,SOUTH,9.9999306781711,10
2024-11-18,Médias,SOUTH,10.999861354227676,11
2024-11-25,Médias,SOUTH,11.999847490515485,12
2024-12-02,Médias,SOUTH,8.999833626034356,9
2024-12-09,Médias,SOUTH,12.999875220246617,13
2024-12-16,Médias,SOUTH,1.9998197609765473,2
2024-12-23,Médias,SOUTH,11.999972273152265,12
2024-12-30,Médias,SOUTH,6.999833624304285,8
2025-01-06,Médias,SOUTH,1.0291428782478427,10
2025-01-13,Médias,SOUTH,2.4672517172793578,8
2025-01-20,Médias,SOUTH,-2.341978467865747,7
2025-01-27,Médias,SOUTH,-3.7077056203808567,5
2025-02-03,Médias,SOUTH,1.0548315517426738,7
2025-02-10,Médias,SOUTH,3.4146246083052922,10
2025-02-17,Médias,SOUTH,-5.895714652155654,3
2025-02-24,Médias,SOUTH,4.273569101056143,9
2025-03-03,Médias,SOUTH,-5.372972801409514,5
2025-03-10,Médias,SOUTH,3.9834715784783548,15
2025-03-17,Médias,SOUTH,3.7880739711552565,21
2025-03-24,Médias,SOUTH,2.896571156819313,22
2025-03-31,Médias,SOUTH,-7.608398757762416,25
2025-04-07,Médias,SOUTH,-16.775232238155034,8
2025-04-14,Médias,SOUTH,0.3148985737166008,7
2025-04-21,Médias,SOUTH,2.8251441015001237,12
2025-04-28,Médias,SOUTH,-2.5687372159422726,7
2025-05-05,Médias,SOUTH,-2.573639599321269,3
2025-05-12,Médias,SOUTH,1.4290825812861563,7
2025-05-19,Médias,SOUTH,-5.793536525030621,4
2025-05-26,Médias,SOUTH,6.217016918438574,9
2025-06-02,Médias,SOUTH,-2.452165792418132,7
2025-06-09,Médias,SOUTH,-0.6383690157224358,6
2025-06-16,Médias,SOUTH,1.3544715589370009,8
2025-06-23,Médias,SOUTH,-4.752106748929345,5
2025-06-30,Médias,SOUTH,-0.3612649642437482,8
2024-01-01,Médias,WEST,1.0,1
2024-01-08,Médias,WEST,8.0,8
2024-01-15,Médias,WEST,8.0,8
2024-01-22,Médias,WEST,10.0,10
2024-01-29,Médias,WEST,8.0,8
2024-02-05,Médias,WEST,11.0,11
2024-02-12,Médias,WEST,2.0,2
2024-02-19,Médias,WEST,9.0,9
2024-02-26,Médias,WEST,8.0,8
2024-03-04,Médias,WEST,7.0,7
2024-03-11,Médias,WEST,14.0,14
2024-03-18,Médias,WEST,11.0,11
2024-03-25,Médias,WEST,18.0,18
2024-04-01,Médias,WEST,22.0,22
2024-04-08,Médias,WEST,30.0,30
2024-04-15,Médias,WEST,15.0,15
2024-04-22,Médias,WEST,11.0,11
2024-04-29,Médias,WEST,8.0,8
2024-05-06,Médias,WEST,12.0,12
2024-05-13,Médias,WEST,12.0,12
2024-05-20,Médias,WEST,12.0,12
2024-05-27,Médias,WEST,8.0,8
2024-06-03,Médias,WEST,9.0,9
2024-06-10,Médias,WEST,12.0,12
2024-06-17,Médias,WEST,17.0,17
2024-06-24,Médias,WEST,9.0,9
2024-07-01,Médias,WEST,10.0,10
2024-07-08,Médias,WEST,11.0,11
2024-07-15,Médias,WEST,6.0,6
2024-07-22,Médias,WEST,12.0,12
2024-07-29,Médias,WEST,14.0,14
2024-08-05,Médias,WEST,13.0,13
2024-08-12,Médias,WEST,11.0,11
2024-08-19,Médias,WEST,11.0,11
2024-08-26,Médias,WEST,5.0,5
2024-09-02,Médias,WEST,12.0,12
2024-09-09,Médias,WEST,14.0,14
2024-09-16,Médias,WEST,10.0,10
2024-09-23,Médias,WEST,8.0,8
2024-09-30,Médias,WEST,7.0,7
2024-10-07,Médias,WEST,10.0,10
2024-10-14,Médias,WEST,10.0,10
2024-10-21,Médias,WEST,6.0,6
2024-10-28,Médias,WEST,10.0,10
2024-11-04,Médias,WEST,9.0,9
2024-11-11,Médias,WEST,6.0,6
2024-11-18,Médias,WEST,11.0,11
2024-11-25,Médias,WEST,10.0,10
2024-12-02,Médias,WEST,16.0,16
2024-12-09,Médias,WEST,8.0,8
2024-12-16,Médias,WEST,6.0,6
2024-12-23,Médias,WEST,14.0,14
2024-12-30,Médias,WEST,7.0,8
2025-01-06,Médias,WEST,4.0,12
2025-01-13,Médias,WEST,1.0,9
2025-01-20,Médias,WEST,-6.0,4
2025-01-27,Médias,WEST,1.0,9
2025-02-03,Médias,WEST,-2.0,9
2025-02-10,Médias,WEST,9.0,11
2025-02-17,Médias,WEST,-3.0,6
2025-02-24,Médias,WEST,1.0,9
2025-03-03,Médias,WEST,6.0,13
2025-03-10,Médias,WEST,2.0,16
2025-03-17,Médias,WEST,10.0,21
2025-03-24,Médias,WEST,15.0,33
2025-03-31,Médias,WEST,-2.0,20
2025-04-07,Médias,WEST,-19.0,11
2025-04-14,Médias,WEST,-7.0,8
2025-04-21,Médias,WEST,2.0,13
2025-04-28,Médias,WEST,6.0,14
2025-05-05,Médias,WEST,-6.0,6
2025-05-12,Médias,WEST,-2.0,10
2025-05-19,Médias,WEST,0.0,12
2025-05-26,Médias,WEST,0.0,8
2025-06-02,Médias,WEST,3.0,12
2025-06-09,Médias,WEST,5.0,17
2025-06-16,Médias,WEST,-10.0,7
2025-06-23,Médias,WEST,-1.0,8
2025-06-30,Médias,WEST,1.0,11
2024-01-08,Non classé,EAST,3.0,3
2024-01-15,Non classé,EAST,2.0,2
2024-01-22,Non classé,EAST,3.0,3
2024-01-29,Non classé,EAST,0.0,0
2024-02-05,Non classé,EAST,1.0,1
2024-02-12,Non classé,EAST,2.0,2
2024-02-19,Non classé,EAST,2.0,2
2024-02-26,Non classé,EAST,1.0,1
2024-03-04,Non classé,EAST,0.0,0
2024-03-11,Non classé,EAST,0.0,0
2024-03-18,Non classé,EAST,1.0,1
2024-03-25,Non classé,EAST,6.0,6
2024-04-01,Non classé,EAST,3.0,3
2024-04-08,Non classé,EAST,3.0,3
2024-04-15,Non classé,EAST,5.0,5
2024-04-22,Non classé,EAST,4.0,4
2024-04-29,Non classé,EAST,3.0,3
2024-05-06,Non classé,EAST,2.0,2
2024-05-13,Non classé,EAST,1.0,1
2024-05-20,Non classé,EAST,1.0,1
2024-05-27,Non classé,EAST,1.0,1
2024-06-03,Non classé,EAST,1.0,1
2024-06-10,Non classé,EAST,3.0,3
2024-06-17,Non classé,EAST,1.0,1
2024-06-24,Non classé,EAST,3.0,3
2024-07-01,Non classé,EAST,1.0,1
2024-07-08,Non classé,EAST,1.0,1
2024-07-15,Non classé,EAST,3.0,3
2024-07-22,Non classé,EAST,4.0,4
2024-07-29,Non classé,EAST,1.0,1
2024-08-05,Non classé,EAST,3.0,3
2024-08-12,Non classé,EAST,2.0,2
2024-08-19,Non classé,EAST,6.0,6
2024-08-26,Non classé,EAST,0.0,0
2024-09-02,Non classé,EAST,2.0,2
2024-09-09,Non classé,EAST,0.0,0
2024-09-16,Non classé,EAST,4.0,4
2024-09-23,Non classé,EAST,2.0,2
2024-09-30,Non classé,EAST,1.0,1
2024-10-07,Non classé,EAST,0.0,0
2024-10-14,Non classé,EAST,2.0,2
2024-10-21,Non classé,EAST,2.0,2
2024-10-28,Non classé,EAST,1.0,1
2024-11-04,Non classé,EAST,2.0,2
2024-11-11,Non classé,EAST,0.0,0
2024-11-18,Non classé,EAST,2.0,2
2024-11-25,Non classé,EAST,2.0,2
2024-12-02,Non classé,EAST,3.0,3
2024-12-09,Non classé,EAST,1.0,1
2024-12-16,Non classé,EAST,2.0,2
2024-12-23,Non classé,EAST,1.0,1
2024-12-30,Non classé,EAST,1.0,1
2025-01-06,Non classé,EAST,-2.0,1
2025-01-13,Non classé,EAST,-2.0,0
2025-01-20,Non classé,EAST,1.0,4
2025-01-27,Non classé,EAST,0.0,0
2025-02-03,Non classé,EAST,0.0,1
2025-02-10,Non classé,EAST,0.0,2
2025-02-17,Non classé,EAST,-2.0,0
2025-02-24,Non classé,EAST,-1.0,0
2025-03-03,Non classé,EAST,0.0,0
2025-03-10,Non classé,EAST,8.0,8
2025-03-17,Non classé,EAST,3.0,4
2025-03-24,Non classé,EAST,1.0,7
2025-03-31,Non classé,EAST,5.0,8
2025-04-07,Non classé,EAST,1.0,4
2025-04-14,Non classé,EAST,-2.999999999999999,2
2025-04-21,Non classé,EAST,-2.0,2
2025-04-28,Non classé,EAST,0.0,3
2025-05-05,Non classé,EAST,0.0,2
2025-05-12,Non classé,EAST,1.0,2
2025-05-19,Non classé,EAST,0.0,1
2025-05-26,Non classé,EAST,1.0,2
2025-06-02,Non classé,EAST,-1.0,0
2025-06-09,Non classé,EAST,1.0,4
2025-06-16,Non classé,EAST,0.0,1
2025-06-23,Non classé,EAST,-1.0,2
2025-06-30,Non classé,EAST,-1.0,0
2024-01-01,Non classé,NORTH,1.0,1
2024-01-08,Non classé,NORTH,2.0,2
2024-01-15,Non classé,NORTH,2.0,2
2024-01-22,Non classé,NORTH,3.0,3
2024-01-29,Non classé,NORTH,3.0,3
2024-02-05,Non classé,NORTH,0.0,0
2024-02-12,Non classé,NORTH,1.0,1
2024-02-19,Non classé,NORTH,0.0,0
2024-02-26,Non classé,NORTH,0.0,0
2024-03-04,Non classé,NORTH,2.0,2
2024-03-11,Non classé,NORTH,3.0,3
2024-03-18,Non classé,NORTH,4.0,4
2024-03-25,Non classé,NORTH,8.0,8
2024-04-01,Non classé,NORTH,2.0,2
2024-04-08,Non classé,NORTH,5.0,5
2024-04-15,Non classé,NORTH,3.0,3
2024-04-22,Non classé,NORTH,3.0,3
2024-04-29,Non classé,NORTH,3.0,3
2024-05-06,Non classé,NORTH,1.0,1
2024-05-13,Non classé,NORTH,0.0,0
2024-05-20,Non classé,NORTH,4.0,4
2024-05-27,Non classé,NORTH,1.0,1
2024-06-03,Non classé,NORTH,1.0,1
2024-06-10,Non classé,NORTH,3.0,3
2024-06-17,Non classé,NORTH,3.0,3
2024-06-24,Non classé,NORTH,4.0,4
2024-07-01,Non classé,NORTH,2.0,2
2024-07-08,Non classé,NORTH,0.0,0
2024-07-15,Non classé,NORTH,4.0,4
2024-07-22,Non classé,NORTH,4.0,4
2024-07-29,Non classé,NORTH,0.0,0
2024-08-05,Non classé,NORTH,0.0,0
2024-08-12,Non classé,NORTH,3.0,3
2024-08-19,Non classé,NORTH,3.0,3
2024-08-26,Non classé,NORTH,3.0,3
2024-09-02,Non classé,NORTH,2.0,2
2024-09-09,Non classé,NORTH,2.0,2
2024-09-16,Non classé,NORTH,1.0,1
2024-09-23,Non classé,NORTH,0.0,0
2024-09-30,Non classé,NORTH,1.0,1
2024-10-07,Non classé,NORTH,2.0,2
2024-10-14,Non classé,NORTH,3.0,3
2024-10-21,Non classé,NORTH,0.0,0
2024-10-28,Non classé,NORTH,2.0,2
2024-11-04,Non classé,NORTH,1.0,1
2024-11-11,Non classé,NORTH,0.0,0
2024-11-18,Non classé,NORTH,1.0,1
2024-11-25,Non classé,NORTH,0.0,0
2024-12-02,Non classé,NORTH,3.0,3
2024-12-09,Non classé,NORTH,2.0,2
2024-12-16,Non classé,NORTH,1.0,1
2024-12-23,Non classé,NORTH,0.0,0
2024-12-30,Non classé,NORTH,1.0,2
2025-01-06,Non classé,NORTH,0.0,2
2025-01-13,Non classé,NORTH,-2.0,0
2025-01-20,Non classé,NORTH,-3.0,0
2025-01-27,Non classé,NORTH,-1.0,2
2025-02-03,Non classé,NORTH,0.0,0
2025-02-10,Non classé,NORTH,2.0,3
2025-02-17,Non classé,NORTH,1.0,1
2025-02-24,Non classé,NORTH,1.0,1
2025-03-03,Non classé,NORTH,-1.0,1
2025-03-10,Non classé,NORTH,-1.0,2
2025-03-17,Non classé,NORTH,1.0,5
2025-03-24,Non classé,NORTH,-1.0,7
2025-03-31,Non classé,NORTH,6.0,8
2025-04-07,Non classé,NORTH,-2.0,3
2025-04-14,Non classé,NORTH,-2.0,1
2025-04-21,Non classé,NORTH,-3.0,0
2025-04-28,Non classé,NORTH,2.0,5
2025-05-05,Non classé,NORTH,-1.0,0
2025-05-12,Non classé,NORTH,2.0,2
2025-05-19,Non classé,NORTH,-3.0,1
2025-05-26,Non classé,NORTH,0.0,1
2025-06-02,Non classé,NORTH,1.0,2
2025-06-09,Non classé,NORTH,-2.0,1
2025-06-16,Non classé,NORTH,0.0,3
2025-06-23,Non classé,NORTH,-2.0,2
2024-01-08,Non classé,SOUTH,1.0,1
2024-01-15,Non classé,SOUTH,-0.2463768115942029,0
2024-01-22,Non classé,SOUTH,-0.10825978360887518,0
2024-01-29,Non classé,SOUTH,0.9480210498725424,1
2024-02-05,Non classé,SOUTH,1.9714988439481724,2
2024-02-12,Non classé,SOUTH,1.9844977972840754,2
2024-02-19,Non classé,SOUTH,0.9920030550991115,1
2024-02-26,Non classé,SOUTH,0.9960150443980894,1
2024-03-04,Non classé,SOUTH,0.9980246001867988,1
2024-03-11,Non classé,SOUTH,0.9990227753503954,1
2024-03-18,Non classé,SOUTH,0.9995165661939254,1
2024-03-25,Non classé,SOUTH,1.9997603538161115,2
2024-04-01,Non classé,SOUTH,1.99987927655193,2
2024-04-08,Non classé,SOUTH,4.9999379316019805,5
2024-04-15,Non classé,SOUTH,2.9999629953088083,3
2024-04-22,Non classé,SOUTH,2.9999779185629594,3
2024-04-29,Non classé,SOUTH,-1.4726774789055172e-05,0
2024-05-06,Non classé,SOUTH,0.9999927433472435,1
2024-05-13,Non classé,SOUTH,1.9999951423557853,2
2024-05-20,Non classé,SOUTH,0.9999950425726745,1
2024-05-27,Non classé,SOUTH,-3.724688421112685e-06,0
2024-06-03,Non classé,SOUTH,-1.835348940057582e-06,0
2024-06-10,Non classé,SOUTH,0.9999990956275127,1
2024-06-17,Non classé,SOUTH,-1.7275357230405926e-06,0
2024-06-24,Non classé,SOUTH,0.9999991487527278,1
2024-07-01,Non classé,SOUTH,0.9999982986418571,1
2024-07-08,Non classé,SOUTH,0.9999978797477355,1
2024-07-15,Non classé,SOUTH,-2.32666332369374e-06,0
2024-07-22,Non classé,SOUTH,1.9999988535311999,2
2024-07-29,Non classé,SOUTH,0.9999968712667021,1
2024-08-05,Non classé,SOUTH,0.9999971764052861,1
2024-08-12,Non classé,SOUTH,0.9999973267630377,1
2024-08-19,Non classé,SOUTH,1.999997400852172,2
2024-08-26,Non classé,SOUTH,0.99999615545571,1
2024-09-02,Non classé,SOUTH,-3.176312256285662e-06,0
2024-09-09,Non classé,SOUTH,0.9999984348646991,1
2024-09-16,Non classé,SOUTH,-2.0531281401506125e-06,0
2024-09-23,Non classé,SOUTH,-1.0116836980159966e-06,0
2024-09-30,Non classé,SOUTH,-4.985095108365913e-07,0
2024-10-07,Non classé,SOUTH,0.9999997543582714,1
2024-10-14,Non classé,SOUTH,0.999998597055407,1
2024-10-21,Non classé,SOUTH,0.9999980267917109,1
2024-10-28,Non classé,SOUTH,0.9999977457929395,1
2024-11-04,Non classé,SOUTH,2.999997607330137,3
2024-11-11,Non classé,SOUTH,3.9999949752941544,4
2024-11-18,Non classé,SOUTH,0.9999923964482056,1
2024-11-25,Non classé,SOUTH,0.9999949714279951,1
2024-12-02,Non classé,SOUTH,0.9999962402553151,1
2024-12-09,Non classé,SOUTH,0.9999968654729476,1
2024-12-16,Non classé,SOUTH,1.9999971735503999,2
2024-12-23,Non classé,SOUTH,2.9999960434522297,3
2024-12-30,Non classé,SOUTH,-5.795310345792059e-06,0
2025-01-06,Non classé,SOUTH,1.9999971443472586,3
2025-01-13,Non classé,SOUTH,1.0144927536231885,2
2025-01-20,Non classé,SOUTH,0.014492753597338148,1
2025-01-27,Non classé,SOUTH,-1.4927536231887222,0
2025-02-03,Non classé,SOUTH,0.49275362316802895,2
2025-02-10,Non classé,SOUTH,-1.9999999999890694,0
2025-02-17,Non classé,SOUTH,-0.01449275363206115,0
2025-02-24,Non classé,SOUTH,-0.5072463768114439,0
2025-03-03,Non classé,SOUTH,1.4927536231967424,2
2025-03-10,Non classé,SOUTH,-1.4927536231627085,0
2025-03-17,Non classé,SOUTH,0.4927536231680324,1
2025-03-24,Non classé,SOUTH,0.9999999999929359,3
2025-03-31,Non classé,SOUTH,-1.4927536231915917,1
2025-04-07,Non classé,SOUTH,-4.507246376835722,0
2025-04-14,Non classé,SOUTH,-0.5362318840051845,0
2025-04-21,Non classé,SOUTH,-1.521739130440305,0
2025-04-28,Non classé,SOUTH,1.4782608696073039,0
2025-05-05,Non classé,SOUTH,1.548694505970616e-11,1
2025-05-12,Non classé,SOUTH,-1.0,1
2025-05-19,Non classé,SOUTH,0.4927536231816667,1
2025-05-26,Non classé,SOUTH,4.306151248942162e-12,0
2025-06-02,Non classé,SOUTH,2.0,2
2025-06-09,Non classé,SOUTH,-0.9855072463908701,1
2025-06-16,Non classé,SOUTH,1.0000000000119105,1
2025-06-23,Non classé,SOUTH,-0.49275362320049143,1
2025-06-30,Non classé,SOUTH,1.0000000000059552,2
2024-01-15,Non classé,WEST,1.0,1
2024-01-22,Non classé,WEST,2.0,2
2024-01-29,Non classé,WEST,2.0,2
2024-02-05,Non classé,WEST,0.0,0
2024-02-12,Non classé,WEST,4.0,4
2024-02-19,Non classé,WEST,0.0,0
2024-02-26,Non classé,WEST,2.0,2
2024-03-04,Non classé,WEST,4.0,4
2024-03-11,Non classé,WEST,3.0,3
2024-03-18,Non classé,WEST,1.0,1
2024-03-25,Non classé,WEST,3.0,3
2024-04-01,Non classé,WEST,2.0,2
2024-04-08,Non classé,WEST,4.0,4
2024-04-15,Non classé,WEST,2.0,2
2024-04-22,Non classé,WEST,0.0,0
2024-04-29,Non classé,WEST,0.0,0
2024-05-06,Non classé,WEST,2.0,2
2024-05-13,Non classé,WEST,2.0,2
2024-05-20,Non classé,WEST,1.0,1
2024-05-27,Non classé,WEST,0.0,0
2024-06-03,Non classé,WEST,2.0,2
2024-06-10,Non classé,WEST,3.0,3
2024-06-17,Non classé,WEST,0.0,0
2024-06-24,Non classé,WEST,2.0,2
2024-07-01,Non classé,WEST,2.0,2
2024-07-08,Non classé,WEST,3.0,3
2024-07-15,Non classé,WEST,1.0,1
2024-07-22,Non classé,WEST,2.0,2
2024-07-29,Non classé,WEST,1.0,1
2024-08-05,Non classé,WEST,1.0,1
2024-08-12,Non classé,WEST,4.0,4
2024-08-19,Non classé,WEST,1.0,1
2024-08-26,Non classé,WEST,4.0,4
2024-09-02,Non classé,WEST,0.0,0
2024-09-09,Non classé,WEST,1.0,1
2024-09-16,Non classé,WEST,3.0,3
2024-09-23,Non classé,WEST,2.0,2
2024-09-30,Non classé,WEST,2.0,2
2024-10-07,Non classé,WEST,1.0,1
2024-10-14,Non classé,WEST,0.0,0
2024-10-21,Non classé,WEST,0.0,0
2024-10-28,Non classé,WEST,1.0,1
2024-11-04,Non classé,WEST,1.0,1
2024-11-11,Non classé,WEST,2.0,2
2024-11-18,Non classé,WEST,1.0,1
2024-11-25,Non classé,WEST,2.0,2
2024-12-02,Non classé,WEST,2.0,2
2024-12-09,Non classé,WEST,2.0,2
2024-12-16,Non classé,WEST,0.0,0
2024-12-23,Non classé,WEST,0.0,0
2024-12-30,Non classé,WEST,0.0,0
2025-01-06,Non classé,WEST,1.0,1
2025-01-13,Non classé,WEST,-1.0,0
2025-01-20,Non classé,WEST,-1.0,1
2025-01-27,Non classé,WEST,-1.0,1
2025-02-03,Non classé,WEST,0.0,0
2025-02-10,Non classé,WEST,-3.0,1
2025-02-17,Non classé,WEST,1.0,1
2025-02-24,Non classé,WEST,-1.0,1
2025-03-03,Non classé,WEST,-3.0,1
2025-03-10,Non classé,WEST,0.0,3
2025-03-17,Non classé,WEST,1.0,2
2025-03-24,Non classé,WEST,3.0,6
2025-03-31,Non classé,WEST,1.0,3
2025-04-07,Non classé,WEST,-3.0,1
2025-04-14,Non classé,WEST,-2.0,0
2025-04-21,Non classé,WEST,1.0,1
2025-04-28,Non classé,WEST,0.0,0
2025-05-05,Non classé,WEST,0.0,2
2025-05-12,Non classé,WEST,-1.0,1
2025-05-19,Non classé,WEST,-1.0,0
2025-05-26,Non classé,WEST,2.0,2
2025-06-02,Non classé,WEST,0.0,2
2025-06-09,Non classé,WEST,0.0,3
2025-06-16,Non classé,WEST,0.0,0
2025-06-23,Non classé,WEST,0.0,2
2025-06-30,Non classé,WEST,2.0,4
2025-07-07,Non classé,WEST,-2.0,1
2024-01-01,Offices religieux et cérémonies,EAST,1.0,1
2024-01-08,Offices religieux et cérémonies,EAST,8.0,8
2024-01-15,Offices religieux et cérémonies,EAST,15.0,15
2024-01-22,Offices religieux et cérémonies,EAST,2.0,2
2024-01-29,Offices religieux et cérémonies,EAST,7.0,7
2024-02-05,Offices religieux et cérémonies,EAST,8.0,8
2024-02-12,Offices religieux et cérémonies,EAST,6.0,6
2024-02-19,Offices religieux et cérémonies,EAST,10.0,10
2024-02-26,Offices religieux et cérémonies,EAST,4.0,4
2024-03-04,Offices religieux et cérémonies,EAST,5.0,5
2024-03-11,Offices religieux et cérémonies,EAST,3.0,3
2024-03-18,Offices religieux et cérémonies,EAST,18.0,18
2024-03-25,Offices religieux et cérémonies,EAST,6.0,6
2024-04-01,Offices religieux et cérémonies,EAST,16.0,16
2024-04-08,Offices religieux et cérémonies,EAST,23.0,23
2024-04-15,Offices religieux et cérémonies,EAST,13.0,13
2024-04-22,Offices religieux et cérémonies,EAST,8.0,8
2024-04-29,Offices religieux et cérémonies,EAST,7.0,7
2024-05-06,Offices religieux et cérémonies,EAST,12.0,12
2024-05-13,Offices religieux et cérémonies,EAST,11.0,11
2024-05-20,Offices religieux et cérémonies,EAST,8.0,8
2024-05-27,Offices religieux et cérémonies,EAST,6.0,6
2024-06-03,Offices religieux et cérémonies,EAST,7.0,7
2024-06-10,Offices religieux et cérémonies,EAST,8.0,8
2024-06-17,Offices religieux et cérémonies,EAST,9.0,9
2024-06-24,Offices religieux et cérémonies,EAST,10.0,10
2024-07-01,Offices religieux et cérémonies,EAST,11.0,11
2024-07-08,Offices religieux et cérémonies,EAST,16.0,16
2024-07-15,Offices religieux et cérémonies,EAST,8.0,8
2024-07-22,Offices religieux et cérémonies,EAST,13.0,13
2024-07-29,Offices religieux et cérémonies,EAST,11.0,11
2024-08-05,Offices religieux et cérémonies,EAST,17.0,17
2024-08-12,Offices religieux et cérémonies,EAST,6.0,6
2024-08-19,Offices religieux et cérémonies,EAST,17.0,17
2024-08-26,Offices religieux et cérémonies,EAST,11.0,11
2024-09-02,Offices religieux et cérémonies,EAST,11.0,11
2024-09-09,Offices religieux et cérémonies,EAST,17.0,17
2024-09-16,Offices religieux et cérémonies,EAST,8.0,8
2024-09-23,Offices religieux et cérémonies,EAST,11.0,11
2024-09-30,Offices religieux et cérémonies,EAST,13.0,13
2024-10-07,Offices religieux et cérémonies,EAST,7.0,7
2024-10-14,Offices religieux et cérémonies,EAST,4.0,4
2024-10-21,Offices religieux et cérémonies,EAST,5.0,5
2024-10-28,Offices religieux et cérémonies,EAST,9.0,9
2024-11-04,Offices religieux et cérémonies,EAST,9.0,9
2024-11-11,Offices religieux et cérémonies,EAST,5.0,5
2024-11-18,Offices religieux et cérémonies,EAST,10.0,10
2024-11-25,Offices religieux et cérémonies,EAST,7.0,7
2024-12-02,Offices religieux et cérémonies,EAST,8.0,8
2024-12-09,Offices religieux et cérémonies,EAST,6.0,6
2024-12-16,Offices religieux et cérémonies,EAST,10.0,10
2024-12-23,Offices religieux et cérémonies,EAST,12.0,12
2024-12-30,Offices religieux et cérémonies,EAST,3.0,4
2025-01-06,Offices religieux et cérémonies,EAST,-1.7763568394002505e-15,8
2025-01-13,Offices religieux et cérémonies,EAST,-8.0,7
2025-01-20,Offices religieux et cérémonies,EAST,3.9999999999999996,6
2025-01-27,Offices religieux et cérémonies,EAST,-3.0,4
2025-02-03,Offices religieux et cérémonies,EAST,-2.0000000000000018,6
2025-02-10,Offices religieux et cérémonies,EAST,1.9999999999999991,8
2025-02-17,Offices religieux et cérémonies,EAST,-4.000000000000002,6
2025-02-24,Offices religieux et cérémonies,EAST,0.9999999999999991,5
2025-03-03,Offices religieux et cérémonies,EAST,2.999999999999999,8
2025-03-10,Offices religieux et cérémonies,EAST,12.0,15
2025-03-17,Offices religieux et cérémonies,EAST,5.9999999999999964,24
2025-03-24,Offices religieux et cérémonies,EAST,18.0,24
2025-03-31,Offices religieux et cérémonies,EAST,6.9999999999999964,23
2025-04-07,Offices religieux et cérémonies,EAST,-15.0,8
2025-04-14,Offices religieux et cérémonies,EAST,1.9999999999999964,15
2025-04-21,Offices religieux et cérémonies,EAST,-2.0000000000000018,6
2025-04-28,Offices religieux et cérémonies,EAST,2.0,9
2025-05-05,Offices religieux et cérémonies,EAST,-10.000000000000002,2
2025-05-12,Offices religieux et cérémonies,EAST,-3.0,8
2025-05-19,Offices religieux et cérémonies,EAST,-1.0000000000000018,7
2025-05-26,Offices religieux et cérémonies,EAST,-1.0000000000000009,5
2025-06-02,Offices religieux et cérémonies,EAST,-3.0,4
2025-06-09,Offices religieux et cérémonies,EAST,3.9999999999999982,12
2025-06-16,Offices religieux et cérémonies,EAST,1.9999999999999982,11
2025-06-23,Offices religieux et cérémonies,EAST,-4.000000000000002,6
2024-01-08,Offices religieux et cérémonies,NORTH,6.0,6
2024-01-15,Offices religieux et cérémonies,NORTH,6.0,6
2024-01-22,Offices religieux et cérémonies,NORTH,3.999906592591822,4
2024-01-29,Offices religieux et cérémonies,NORTH,7.999875465244081,8
2024-02-05,Offices religieux et cérémonies,NORTH,8.999750928548988,9
2024-02-12,Offices religieux et cérémonies,NORTH,7.999719798010324,8
2024-02-19,Offices religieux et cérémonies,NORTH,5.999750933395596,6
2024-02-26,Offices religieux et cérémonies,NORTH,5.999813201258297,6
2024-03-04,Offices religieux et cérémonies,NORTH,5.999813199319623,6
2024-03-11,Offices religieux et cérémonies,NORTH,6.999813199319683,7
2024-03-18,Offices religieux et cérémonies,NORTH,11.999782064903643,12
2024-03-25,Offices religieux et cérémonies,NORTH,13.999626393792788,14
2024-04-01,Offices religieux et cérémonies,NORTH,15.999564129807435,16
2024-04-08,Offices religieux et cérémonies,NORTH,32.9995018629139,33
2024-04-15,Offices religieux et cérémonies,NORTH,12.998972579779851,13
2024-04-22,Offices religieux et cérémonies,NORTH,2.999595284579594,3
2024-04-29,Offices religieux et cérémonies,NORTH,8.999906609352456,9
2024-05-06,Offices religieux et cérémonies,NORTH,10.999719793163294,11
2024-05-13,Offices religieux et cérémonies,NORTH,3.999657530147624,4
2024-05-20,Offices religieux et cérémonies,NORTH,5.9998754729984345,6
2024-05-27,Offices religieux et cérémonies,NORTH,4.999813197380829,5
2024-06-03,Offices religieux et cérémonies,NORTH,7.999844333735785,8
2024-06-10,Offices religieux et cérémonies,NORTH,8.99975092951825,9
2024-06-17,Offices religieux et cérémonies,NORTH,8.999719798010293,9
2024-06-24,Offices religieux et cérémonies,NORTH,2.999719798979555,3
2024-07-01,Offices religieux et cérémonies,NORTH,4.999906605475772,5
2024-07-08,Offices religieux et cérémonies,NORTH,5.999844330827578,6
2024-07-15,Offices religieux et cérémonies,NORTH,10.999813198350422,11
2024-07-22,Offices religieux et cérémonies,NORTH,7.999657527239508,8
2024-07-29,Offices religieux et cérémonies,NORTH,12.99975093533436,13
2024-08-05,Offices religieux et cérémonies,NORTH,14.999595260345949,15
2024-08-12,Offices religieux et cérémonies,NORTH,8.999532996360715,9
2024-08-19,Offices religieux et cérémonies,NORTH,7.999719804795515,8
2024-08-26,Offices religieux et cérémonies,NORTH,13.999750933395385,14
2024-09-02,Offices religieux et cérémonies,NORTH,4.999564125929967,5
2024-09-09,Offices religieux et cérémonies,NORTH,11.99984434149048,12
2024-09-16,Offices religieux et cérémonies,NORTH,8.999626391853843,9
2024-09-23,Offices religieux et cérémonies,NORTH,11.999719801887702,12
2024-09-30,Offices religieux et cérémonies,NORTH,5.999626395731311,6
2024-10-07,Offices religieux et cérémonies,NORTH,9.999813205135704,10
2024-10-14,Offices religieux et cérémonies,NORTH,6.9996886616553375,7
2024-10-21,Offices religieux et cérémonies,NORTH,12.99978206878105,13
2024-10-28,Offices religieux et cérémonies,NORTH,6.999595259376627,7
2024-11-04,Offices religieux et cérémonies,NORTH,5.999782071689075,6
2024-11-11,Offices religieux et cérémonies,NORTH,6.999813200288824,7
2024-11-18,Offices religieux et cérémonies,NORTH,5.999782064903612,6
2024-11-25,Offices religieux et cérémonies,NORTH,7.999813200289036,8
2024-12-02,Offices religieux et cérémonies,NORTH,9.99975093048757,10
2024-12-09,Offices religieux et cérémonies,NORTH,8.999688663594222,9
2024-12-16,Offices religieux et cérémonies,NORTH,5.999719799948907,6
2024-12-23,Offices religieux et cérémonies,NORTH,12.999813202227617,13
2024-12-30,Offices religieux et cérémonies,NORTH,6.999595258407305,7
2025-01-06,Offices religieux et cérémonies,NORTH,-3.000217928310895,3
2025-01-13,Offices religieux et cérémonies,NORTH,3.3314664216755325,8
2025-01-20,Offices religieux et cérémonies,NORTH,4.158963005514979,10
2025-01-27,Offices religieux et cérémonies,NORTH,-6.445400132620021,4
2025-02-03,Offices religieux et cérémonies,NORTH,0.8702592705222534,6
2025-02-10,Offices religieux et cérémonies,NORTH,4.473489526850493,13
2025-02-17,Offices religieux et cérémonies,NORTH,-2.7139271235619447,6
2025-02-24,Offices religieux et cérémonies,NORTH,2.6481198286248917,7
2025-03-03,Offices religieux et cérémonies,NORTH,5.391244563526407,13
2025-03-10,Offices religieux et cérémonies,NORTH,7.724322540429203,18
2025-03-17,Offices religieux et cérémonies,NORTH,8.306524671791106,25
2025-03-24,Offices religieux et cérémonies,NORTH,8.95267075036547,28
2025-03-31,Offices religieux et cérémonies,NORTH,0.5600126013920388,22
2025-04-07,Offices religieux et cérémonies,NORTH,-25.340286084567182,8
2025-04-14,Offices religieux et cérémonies,NORTH,10.397787200424506,8
2025-04-21,Offices religieux et cérémonies,NORTH,1.6818799170792662,11
2025-04-28,Offices religieux et cérémonies,NORTH,-6.021979046364924,4
2025-05-05,Offices religieux et cérémonies,NORTH,-2.3407989876713327,5
2025-05-12,Offices religieux et cérémonies,NORTH,4.4223653236804275,7
2025-05-19,Offices religieux et cérémonies,NORTH,-2.6872102896867887,6
2025-05-26,Offices religieux et cérémonies,NORTH,4.632859031248966,8
2025-06-02,Offices religieux et cérémonies,NORTH,-1.8151148964357056,9
2025-06-09,Offices religieux et cérémonies,NORTH,1.1029381535024978,9
2025-06-16,Offices religieux et cérémonies,NORTH,-0.6701903956529538,9
2025-06-23,Offices religieux et cérémonies,NORTH,6.407235133737165,9
2025-06-30,Offices religieux et cérémonies,NORTH,3.106701508198194,12
2024-01-08,Offices religieux et cérémonies,SOUTH,1.0,1
2024-01-15,Offices religieux et cérémonies,SOUTH,5.0,5
2024-01-22,Offices religieux et cérémonies,SOUTH,3.0,3
2024-01-29,Offices religieux et cérémonies,SOUTH,6.0,6
2024-02-05,Offices religieux et cérémonies,SOUTH,3.0,3
2024-02-12,Offices religieux et cérémonies,SOUTH,7.0,7
2024-02-19,Offices religieux et cérémonies,SOUTH,4.0,4
2024-02-26,Offices religieux et cérémonies,SOUTH,4.0,4
2024-03-04,Offices religieux et cérémonies,SOUTH,4.0,4
2024-03-11,Offices religieux et cérémonies,SOUTH,5.0,5
2024-03-18,Offices religieux et cérémonies,SOUTH,6.0,6
2024-03-25,Offices religieux et cérémonies,SOUTH,12.0,12
2024-04-01,Offices religieux et cérémonies,SOUTH,17.0,17
2024-04-08,Offices religieux et cérémonies,SOUTH,15.0,15
2024-04-15,Offices religieux et cérémonies,SOUTH,8.0,8
2024-04-22,Offices religieux et cérémonies,SOUTH,5.0,5
2024-04-29,Offices religieux et cérémonies,SOUTH,8.0,8
2024-05-06,Offices religieux et cérémonies,SOUTH,3.0,3
2024-05-13,Offices religieux et cérémonies,SOUTH,6.0,6
2024-05-20,Offices religieux et cérémonies,SOUTH,4.0,4
2024-05-27,Offices religieux et cérémonies,SOUTH,6.0,6
2024-06-03,Offices religieux et cérémonies,SOUTH,6.0,6
2024-06-10,Offices religieux et cérémonies,SOUTH,9.0,9
2024-06-17,Offices religieux et cérémonies,SOUTH,5.0,5
2024-06-24,Offices religieux et cérémonies,SOUTH,5.0,5
2024-07-01,Offices religieux et cérémonies,SOUTH,3.0,3
2024-07-08,Offices religieux et cérémonies,SOUTH,3.0,3
2024-07-15,Offices religieux et cérémonies,SOUTH,7.0,7
2024-07-22,Offices religieux et cérémonies,SOUTH,5.0,5
2024-07-29,Offices religieux et cérémonies,SOUTH,6.0,6
2024-08-05,Offices religieux et cérémonies,SOUTH,5.0,5
2024-08-12,Offices religieux et cérémonies,SOUTH,3.0,3
2024-08-19,Offices religieux et cérémonies,SOUTH,5.0,5
2024-08-26,Offices religieux et cérémonies,SOUTH,7.0,7
2024-09-02,Offices religieux et cérémonies,SOUTH,3.0,3
2024-09-09,Offices religieux et cérémonies,SOUTH,10.0,10
2024-09-16,Offices religieux et cérémonies,SOUTH,5.0,5
2024-09-23,Offices religieux et cérémonies,SOUTH,6.0,6
2024-09-30,Offices religieux et cérémonies,SOUTH,8.0,8
2024-10-07,Offices religieux et cérémonies,SOUTH,10.0,10
2024-10-14,Offices religieux et cérémonies,SOUTH,4.0,4
2024-10-21,Offices religieux et cérémonies,SOUTH,4.0,4
2024-10-28,Offices religieux et cérémonies,SOUTH,2.0,2
2024-11-04,Offices religieux et cérémonies,SOUTH,3.0,3
2024-11-11,Offices religieux et cérémonies,SOUTH,3.0,3
2024-11-18,Offices religieux et cérémonies,SOUTH,3.0,3
2024-11-25,Offices religieux et cérémonies,SOUTH,4.0,4
2024-12-02,Offices religieux et cérémonies,SOUTH,9.0,9
2024-12-09,Offices religieux et cérémonies,SOUTH,5.0,5
2024-12-16,Offices religieux et cérémonies,SOUTH,3.0,3
2024-12-23,Offices religieux et cérémonies,SOUTH,5.0,5
2024-12-30,Offices religieux et cérémonies,SOUTH,4.0,4
2025-01-06,Offices religieux et cérémonies,SOUTH,7.0,8
2025-01-13,Offices religieux et cérémonies,SOUTH,0.9999999999999991,6
2025-01-20,Offices religieux et cérémonies,SOUTH,0.0,3
2025-01-27,Offices religieux et cérémonies,SOUTH,-2.0,4
2025-02-03,Offices religieux et cérémonies,SOUTH,-1.0,2
2025-02-10,Offices religieux et cérémonies,SOUTH,-1.0,6
2025-02-17,Offices religieux et cérémonies,SOUTH,0.0,4
2025-02-24,Offices religieux et cérémonies,SOUTH,-1.0,3
2025-03-03,Offices religieux et cérémonies,SOUTH,3.0,7
2025-03-10,Offices religieux et cérémonies,SOUTH,1.9999999999999991,7
2025-03-17,Offices religieux et cérémonies,SOUTH,10.0,16
2025-03-24,Offices religieux et cérémonies,SOUTH,2.0,14
2025-03-31,Offices religieux et cérémonies,SOUTH,-6.0,11
2025-04-07,Offices religieux et cérémonies,SOUTH,-12.0,3
2025-04-14,Offices religieux et cérémonies,SOUTH,-3.0,5
2025-04-21,Offices religieux et cérémonies,SOUTH,0.9999999999999991,6
2025-04-28,Offices religieux et cérémonies,SOUTH,-4.0,4
2025-05-05,Offices religieux et cérémonies,SOUTH,-2.0,1
2025-05-12,Offices religieux et cérémonies,SOUTH,0.0,6
2025-05-19,Offices religieux et cérémonies,SOUTH,-1.0,3
2025-05-26,Offices religieux et cérémonies,SOUTH,-3.0,3
2025-06-02,Offices religieux et cérémonies,SOUTH,8.0,14
2025-06-09,Offices religieux et cérémonies,SOUTH,-5.000000000000002,4
2025-06-16,Offices religieux et cérémonies,SOUTH,-8.881784197001252e-16,5
2025-06-23,Offices religieux et cérémonies,SOUTH,-1.0000000000000009,4
2025-06-30,Offices religieux et cérémonies,SOUTH,2.0,5
2024-01-01,Offices religieux et cérémonies,WEST,2.0,2
2024-01-08,Offices religieux et cérémonies,WEST,3.0,3
2024-01-15,Offices religieux et cérémonies,WEST,7.0,7
2024-01-22,Offices religieux et cérémonies,WEST,5.0,5
2024-01-29,Offices religieux et cérémonies,WEST,1.0,1
2024-02-05,Offices religieux et cérémonies,WEST,5.0,5
2024-02-12,Offices religieux et cérémonies,WEST,7.0,7
2024-02-19,Offices religieux et cérémonies,WEST,3.0,3
2024-02-26,Offices religieux et cérémonies,WEST,11.0,11
2024-03-04,Offices religieux et cérémonies,WEST,6.0,6
2024-03-11,Offices religieux et cérémonies,WEST,3.0,3
2024-03-18,Offices religieux et cérémonies,WEST,11.0,11
2024-03-25,Offices religieux et cérémonies,WEST,10.0,10
2024-04-01,Offices religieux et cérémonies,WEST,20.0,20
2024-04-08,Offices religieux et cérémonies,WEST,11.0,11
2024-04-15,Offices religieux et cérémonies,WEST,11.0,11
2024-04-22,Offices religieux et cérémonies,WEST,2.0,2
2024-04-29,Offices religieux et cérémonies,WEST,6.0,6
2024-05-06,Offices religieux et cérémonies,WEST,4.0,4
2024-05-13,Offices religieux et cérémonies,WEST,4.0,4
2024-05-20,Offices religieux et cérémonies,WEST,4.0,4
2024-05-27,Offices religieux et cérémonies,WEST,10.0,10
2024-06-03,Offices religieux et cérémonies,WEST,3.0,3
2024-06-10,Offices religieux et cérémonies,WEST,8.0,8
2024-06-17,Offices religieux et cérémonies,WEST,7.0,7
2024-06-24,Offices religieux et cérémonies,WEST,6.0,6
2024-07-01,Offices religieux et cérémonies,WEST,5.0,5
2024-07-08,Offices religieux et cérémonies,WEST,5.0,5
2024-07-15,Offices religieux et cérémonies,WEST,13.0,13
2024-07-22,Offices religieux et cérémonies,WEST,6.0,6
2024-07-29,Offices religieux et cérémonies,WEST,10.0,10
2024-08-05,Offices religieux et cérémonies,WEST,5.0,5
2024-08-12,Offices religieux et cérémonies,WEST,6.0,6
2024-08-19,Offices religieux et cérémonies,WEST,6.0,6
2024-08-26,Offices religieux et cérémonies,WEST,8.0,8
2024-09-02,Offices religieux et cérémonies,WEST,8.0,8
2024-09-09,Offices religieux et cérémonies,WEST,6.0,6
2024-09-16,Offices religieux et cérémonies,WEST,5.0,5
2024-09-23,Offices religieux et cérémonies,WEST,4.0,4
2024-09-30,Offices religieux et cérémonies,WEST,6.0,6
2024-10-07,Offices religieux et cérémonies,WEST,2.0,2
2024-10-14,Offices religieux et cérémonies,WEST,4.0,4
2024-10-21,Offices religieux et cérémonies,WEST,5.0,5
2024-10-28,Offices religieux et cérémonies,WEST,6.0,6
2024-11-04,Offices religieux et cérémonies,WEST,1.0,1
2024-11-11,Offices religieux et cérémonies,WEST,2.0,2
2024-11-18,Offices religieux et cérémonies,WEST,10.0,10
2024-11-25,Offices religieux et cérémonies,WEST,3.0,3
2024-12-02,Offices religieux et cérémonies,WEST,8.0,8
2024-12-09,Offices religieux et cérémonies,WEST,4.0,4
2024-12-16,Offices religieux et cérémonies,WEST,8.0,8
2024-12-23,Offices religieux et cérémonies,WEST,4.0,4
2024-12-30,Offices religieux et cérémonies,WEST,8.0,10
2025-01-06,Offices religieux et cérémonies,WEST,3.0000000000000004,6
2025-01-13,Offices religieux et cérémonies,WEST,-3.0,4
2025-01-20,Offices religieux et cérémonies,WEST,-1.9999999999999991,3
2025-01-27,Offices religieux et cérémonies,WEST,6.0,7
2025-02-03,Offices religieux et cérémonies,WEST,-2.999999999999999,2
2025-02-10,Offices religieux et cérémonies,WEST,-4.0,3
2025-02-17,Offices religieux et cérémonies,WEST,1.0000000000000004,4
2025-02-24,Offices religieux et cérémonies,WEST,-3.9999999999999982,7
2025-03-03,Offices religieux et cérémonies,WEST,3.000000000000001,9
2025-03-10,Offices religieux et cérémonies,WEST,10.0,13
2025-03-17,Offices religieux et cérémonies,WEST,6.000000000000002,17
2025-03-24,Offices religieux et cérémonies,WEST,11.000000000000002,21
2025-03-31,Offices religieux et cérémonies,WEST,-2.9999999999999964,17
2025-04-07,Offices religieux et cérémonies,WEST,-1.9999999999999982,9
2025-04-14,Offices religieux et cérémonies,WEST,-3.9999999999999982,7
2025-04-21,Offices religieux et cérémonies,WEST,0.0,2
2025-04-28,Offices religieux et cérémonies,WEST,-3.999999999999999,2
2025-05-05,Offices religieux et cérémonies,WEST,-1.0,3
2025-05-12,Offices religieux et cérémonies,WEST,1.0,5
2025-05-19,Offices religieux et cérémonies,WEST,1.0,5
2025-05-26,Offices religieux et cérémonies,WEST,-5.999999999999998,4
2025-06-02,Offices religieux et cérémonies,WEST,3.0000000000000004,6
2025-06-09,Offices religieux et cérémonies,WEST,-1.0,7
2025-06-16,Offices religieux et cérémonies,WEST,-2.0,5
2025-06-23,Offices religieux et cérémonies,WEST,6.000000000000001,12
2024-01-01,Quincaillerie,EAST,5.0,5
2024-01-08,Quincaillerie,EAST,21.59659195066549,24
2024-01-15,Quincaillerie,EAST,17.45210670547877,29
2024-01-22,Quincaillerie,EAST,10.25043620208606,17
2024-01-29,Quincaillerie,EAST,24.18537132910679,23
2024-02-05,Quincaillerie,EAST,24.431221853547093,20
2024-02-12,Quincaillerie,EAST,27.57296252082304,24
2024-02-19,Quincaillerie,EAST,26.430151970984586,25
2024-02-26,Quincaillerie,EAST,23.87022312292798,24
2024-03-04,Quincaillerie,EAST,18.25209246436314,19
2024-03-11,Quincaillerie,EAST,30.338003543264204,31
2024-03-18,Quincaillerie,EAST,44.70251203559142,45
2024-03-25,Quincaillerie,EAST,71.0200047266264,71
2024-04-01,Quincaillerie,EAST,94.14963418651696,94
2024-04-08,Quincaillerie,EAST,88.1233158907781,88
2024-04-15,Quincaillerie,EAST,58.04514210550368,58
2024-04-22,Quincaillerie,EAST,29.988367926058174,30
2024-04-29,Quincaillerie,EAST,32.97058504313216,33
2024-05-06,Quincaillerie,EAST,29.97437976359829,30
2024-05-13,Quincaillerie,EAST,15.98737792144374,16
2024-05-20,Quincaillerie,EAST,23.0007909413505,23
2024-05-27,Quincaillerie,EAST,32.00393356136329,32
2024-06-03,Quincaillerie,EAST,30.999859828337527,31
2024-06-10,Quincaillerie,EAST,50.996129311746124,51
2024-06-17,Quincaillerie,EAST,29.989793588656543,30
2024-06-24,Quincaillerie,EAST,40.9932403082803,41
2024-07-01,Quincaillerie,EAST,35.99372842801176,36
2024-07-08,Quincaillerie,EAST,36.99544784793917,37
2024-07-15,Quincaillerie,EAST,39.99587071845602,40
2024-07-22,Quincaillerie,EAST,39.99497153337752,40
2024-07-29,Quincaillerie,EAST,50.99438156622557,51
2024-08-05,Quincaillerie,EAST,34.991770269853326,35
2024-08-12,Quincaillerie,EAST,37.994827038347395,38
2024-08-19,Quincaillerie,EAST,28.995795615618434,29
2024-08-26,Quincaillerie,EAST,37.99779961301854,38
2024-09-02,Quincaillerie,EAST,34.995861789257624,35
2024-09-09,Quincaillerie,EAST,46.99515402140891,47
2024-09-16,Quincaillerie,EAST,48.99221520011259,49
2024-09-23,Quincaillerie,EAST,39.99114523585159,40
2024-09-30,Quincaillerie,EAST,37.99379355082342,38
2024-10-07,Quincaillerie,EAST,20.995871590166935,21
2024-10-14,Quincaillerie,EAST,36.0001361488296,36
2024-10-21,Quincaillerie,EAST,42.997268969721816,43
2024-10-28,Quincaillerie,EAST,34.993330539878784,35
2024-11-04,Quincaillerie,EAST,33.993746986869795,34
2024-11-11,Quincaillerie,EAST,18.99493317769425,19
2024-11-18,Quincaillerie,EAST,41.99907731726885,42
2024-11-25,Quincaillerie,EAST,28.99502980824797,29
2024-12-02,Quincaillerie,EAST,27.995732292492693,28
2024-12-09,Quincaillerie,EAST,25.996462039280622,26
2024-12-16,Quincaillerie,EAST,28.997130678761827,29
2024-12-23,Quincaillerie,EAST,32.99645436559518,33
2024-12-30,Quincaillerie,EAST,24.995071602006284,30
2025-01-06,Quincaillerie,EAST,-16.452670217826622,24
2025-01-13,Quincaillerie,EAST,6.512183928606547,24
2025-01-20,Quincaillerie,EAST,11.806816098669012,24
2025-01-27,Quincaillerie,EAST,-2.031979323868825,30
2025-02-03,Quincaillerie,EAST,7.493868961879063,31
2025-02-10,Quincaillerie,EAST,-7.351583917061852,24
2025-02-17,Quincaillerie,EAST,9.06536092859577,29
2025-02-24,Quincaillerie,EAST,-3.845452878939895,24
2025-03-03,Quincaillerie,EAST,24.841949428575024,42
2025-03-10,Quincaillerie,EAST,18.888645946114565,72
2025-03-17,Quincaillerie,EAST,-0.8246827947693021,73
2025-03-24,Quincaillerie,EAST,9.961811490369143,89
2025-03-31,Quincaillerie,EAST,-29.410891955170058,69
2025-04-07,Quincaillerie,EAST,-17.6771470780687,38
2025-04-14,Quincaillerie,EAST,1.5559770580874286,23
2025-04-21,Quincaillerie,EAST,4.623344833469087,24
2025-04-28,Quincaillerie,EAST,-15.348878181646732,28
2025-05-05,Quincaillerie,EAST,3.043891955821042,31
2025-05-12,Quincaillerie,EAST,9.736199994536378,29
2025-05-19,Quincaillerie,EAST,-6.037234499391801,29
2025-05-26,Quincaillerie,EAST,-6.78184367552883,25
2025-06-02,Quincaillerie,EAST,5.492466681005276,27
2025-06-09,Quincaillerie,EAST,-17.377958621079834,33
2025-06-16,Quincaillerie,EAST,14.462588526642719,29
2025-06-23,Quincaillerie,EAST,-9.327409208867238,39
2025-06-30,Quincaillerie,EAST,-8.537760917667732,26
2024-01-01,Quincaillerie,NORTH,4.0,4
2024-01-08,Quincaillerie,NORTH,17.673070974632488,20
2024-01-15,Quincaillerie,NORTH,9.932218483233203,22
2024-01-22,Quincaillerie,NORTH,12.491570713695255,21
2024-01-29,Quincaillerie,NORTH,26.995942942917665,28
2024-02-05,Quincaillerie,NORTH,33.652624699683436,29
2024-02-12,Quincaillerie,NORTH,35.7122287216516,30
2024-02-19,Quincaillerie,NORTH,36.62316260179936,33
2024-02-26,Quincaillerie,NORTH,27.245715758682167,26
2024-03-04,Quincaillerie,NORTH,25.716596965605913,26
2024-03-11,Quincaillerie,NORTH,29.971834461867974,31
2024-03-18,Quincaillerie,NORTH,50.93320194252111,52
2024-03-25,Quincaillerie,NORTH,53.36843498576121,54
2024-04-01,Quincaillerie,NORTH,87.98879272487623,88
2024-04-08,Quincaillerie,NORTH,96.38476533310126,96
2024-04-15,Quincaillerie,NORTH,57.44559812507954,57
2024-04-22,Quincaillerie,NORTH,31.309605503844235,31
2024-04-29,Quincaillerie,NORTH,21.110787821603775,21
2024-05-06,Quincaillerie,NORTH,21.94888997843029,22
2024-05-13,Quincaillerie,NORTH,28.874969596584684,29
2024-05-20,Quincaillerie,NORTH,26.885546531697084,27
2024-05-27,Quincaillerie,NORTH,26.944782429129578,27
2024-06-03,Quincaillerie,NORTH,25.006868733112224,25
2024-06-10,Quincaillerie,NORTH,37.04328944242141,37
2024-06-17,Quincaillerie,NORTH,31.046385159377852,31
2024-06-24,Quincaillerie,NORTH,39.0309941091808,39
2024-07-01,Quincaillerie,NORTH,47.009265657907605,47
2024-07-08,Quincaillerie,NORTH,29.993738125954835,30
2024-07-15,Quincaillerie,NORTH,34.99206650887986,35
2024-07-22,Quincaillerie,NORTH,33.99590574003745,34
2024-07-29,Quincaillerie,NORTH,40.002385141422685,40
2024-08-05,Quincaillerie,NORTH,29.00675435677645,29
2024-08-12,Quincaillerie,NORTH,38.010227960149784,38
2024-08-19,Quincaillerie,NORTH,26.008679016632506,26
2024-08-26,Quincaillerie,NORTH,29.007726959181362,29
2024-09-02,Quincaillerie,NORTH,36.00509368987183,36
2024-09-09,Quincaillerie,NORTH,39.00234598613401,39
2024-09-16,Quincaillerie,NORTH,29.00163517513756,29
2024-09-23,Quincaillerie,NORTH,26.004118901746672,26
2024-09-30,Quincaillerie,NORTH,34.00600678344046,34
2024-10-07,Quincaillerie,NORTH,27.005276556571296,27
2024-10-14,Quincaillerie,NORTH,30.005491067324698,30
2024-10-21,Quincaillerie,NORTH,30.004605921993807,30
2024-10-28,Quincaillerie,NORTH,30.003977154018425,30
2024-11-04,Quincaillerie,NORTH,24.003778895980066,24
2024-11-11,Quincaillerie,NORTH,34.004602040864164,34
2024-11-18,Quincaillerie,NORTH,18.003493692703927,18
2024-11-25,Quincaillerie,NORTH,21.00527573234644,21
2024-12-02,Quincaillerie,NORTH,29.00485141610248,29
2024-12-09,Quincaillerie,NORTH,31.00291442070139,31
2024-12-16,Quincaillerie,NORTH,35.00210543829849,35
2024-12-23,Quincaillerie,NORTH,33.0022346251728,33
2024-12-30,Quincaillerie,NORTH,27.00380417091324,31
2025-01-06,Quincaillerie,NORTH,-7.349833144646816,23
2025-01-13,Quincaillerie,NORTH,12.050492176410277,26
2025-01-20,Quincaillerie,NORTH,15.0307604441877,30
2025-01-27,Quincaillerie,NORTH,-3.1722956343700766,21
2025-02-03,Quincaillerie,NORTH,-3.05415845080001,15
2025-02-10,Quincaillerie,NORTH,3.4699747054930263,24
2025-02-17,Quincaillerie,NORTH,-7.436862084282836,24
2025-02-24,Quincaillerie,NORTH,1.2802646263808555,27
2025-03-03,Quincaillerie,NORTH,6.559596044841992,38
2025-03-10,Quincaillerie,NORTH,16.574507143790093,55
2025-03-17,Quincaillerie,NORTH,10.425221209813955,68
2025-03-24,Quincaillerie,NORTH,34.42113779724043,83
2025-03-31,Quincaillerie,NORTH,13.697043139274257,94
2025-04-07,Quincaillerie,NORTH,-36.7903462200603,36
2025-04-14,Quincaillerie,NORTH,13.123975159796963,31
2025-04-21,Quincaillerie,NORTH,5.375475336864714,30
2025-04-28,Quincaillerie,NORTH,0.5425973142701359,31
2025-05-05,Quincaillerie,NORTH,-3.726385702003242,30
2025-05-12,Quincaillerie,NORTH,-3.7990702961116227,32
2025-05-19,Quincaillerie,NORTH,-6.2636441130690415,23
2025-05-26,Quincaillerie,NORTH,5.524137353538375,32
2025-06-02,Quincaillerie,NORTH,9.01832409436959,37
2025-06-09,Quincaillerie,NORTH,-0.37030699961901803,39
2025-06-16,Quincaillerie,NORTH,19.551404335902625,46
2025-06-23,Quincaillerie,NORTH,-2.5966855962292215,34
2025-06-30,Quincaillerie,NORTH,-3.6238208070784026,31
2024-01-01,Quincaillerie,SOUTH,2.0,2
2024-01-08,Quincaillerie,SOUTH,11.0,11
2024-01-15,Quincaillerie,SOUTH,16.0,16
2024-01-22,Quincaillerie,SOUTH,11.0,11
2024-01-29,Quincaillerie,SOUTH,14.0,14
2024-02-05,Quincaillerie,SOUTH,18.0,18
2024-02-12,Quincaillerie,SOUTH,13.0,13
2024-02-19,Quincaillerie,SOUTH,15.0,15
2024-02-26,Quincaillerie,SOUTH,15.0,15
2024-03-04,Quincaillerie,SOUTH,17.0,17
2024-03-11,Quincaillerie,SOUTH,21.0,21
2024-03-18,Quincaillerie,SOUTH,28.0,28
2024-03-25,Quincaillerie,SOUTH,36.0,36
2024-04-01,Quincaillerie,SOUTH,42.0,42
2024-04-08,Quincaillerie,SOUTH,51.0,51
2024-04-15,Quincaillerie,SOUTH,26.0,26
2024-04-22,Quincaillerie,SOUTH,16.0,16
2024-04-29,Quincaillerie,SOUTH,14.0,14
2024-05-06,Quincaillerie,SOUTH,14.0,14
2024-05-13,Quincaillerie,SOUTH,21.0,21
2024-05-20,Quincaillerie,SOUTH,16.0,16
2024-05-27,Quincaillerie,SOUTH,16.0,16
2024-06-03,Quincaillerie,SOUTH,24.0,24
2024-06-10,Quincaillerie,SOUTH,26.0,26
2024-06-17,Quincaillerie,SOUTH,13.0,13
2024-06-24,Quincaillerie,SOUTH,26.0,26
2024-07-01,Quincaillerie,SOUTH,20.0,20
2024-07-08,Quincaillerie,SOUTH,14.0,14
2024-07-15,Quincaillerie,SOUTH,20.0,20
2024-07-22,Quincaillerie,SOUTH,23.0,23
2024-07-29,Quincaillerie,SOUTH,28.0,28
2024-08-05,Quincaillerie,SOUTH,20.0,20
2024-08-12,Quincaillerie,SOUTH,19.0,19
2024-08-19,Quincaillerie,SOUTH,18.0,18
2024-08-26,Quincaillerie,SOUTH,19.0,19
2024-09-02,Quincaillerie,SOUTH,18.0,18
2024-09-09,Quincaillerie,SOUTH,19.0,19
2024-09-16,Quincaillerie,SOUTH,25.0,25
2024-09-23,Quincaillerie,SOUTH,22.0,22
2024-09-30,Quincaillerie,SOUTH,22.0,22
2024-10-07,Quincaillerie,SOUTH,11.0,11
2024-10-14,Quincaillerie,SOUTH,10.0,10
2024-10-21,Quincaillerie,SOUTH,14.0,14
2024-10-28,Quincaillerie,SOUTH,15.0,15
2024-11-04,Quincaillerie,SOUTH,8.0,8
2024-11-11,Quincaillerie,SOUTH,21.0,21
2024-11-18,Quincaillerie,SOUTH,19.0,19
2024-11-25,Quincaillerie,SOUTH,17.0,17
2024-12-02,Quincaillerie,SOUTH,10.0,10
2024-12-09,Quincaillerie,SOUTH,22.0,22
2024-12-16,Quincaillerie,SOUTH,22.0,22
2024-12-23,Quincaillerie,SOUTH,12.0,12
2024-12-30,Quincaillerie,SOUTH,18.0,20
2025-01-06,Quincaillerie,SOUTH,4.0,15
2025-01-13,Quincaillerie,SOUTH,-7.0,9
2025-01-20,Quincaillerie,SOUTH,3.0,14
2025-01-27,Quincaillerie,SOUTH,3.0,17
2025-02-03,Quincaillerie,SOUTH,-2.0,16
2025-02-10,Quincaillerie,SOUTH,-1.0000000000000018,12
2025-02-17,Quincaillerie,SOUTH,-1.0000000000000018,14
2025-02-24,Quincaillerie,SOUTH,-3.0000000000000018,12
2025-03-03,Quincaillerie,SOUTH,-3.552713678800501e-15,17
2025-03-10,Quincaillerie,SOUTH,11.0,32
2025-03-17,Quincaillerie,SOUTH,11.0,39
2025-03-24,Quincaillerie,SOUTH,2.0,38
2025-03-31,Quincaillerie,SOUTH,-1.0,41
2025-04-07,Quincaillerie,SOUTH,-30.000000000000007,21
2025-04-14,Quincaillerie,SOUTH,-13.000000000000004,13
2025-04-21,Quincaillerie,SOUTH,-1.0,15
2025-04-28,Quincaillerie,SOUTH,0.0,14
2025-05-05,Quincaillerie,SOUTH,-2.0,12
2025-05-12,Quincaillerie,SOUTH,-5.0,16
2025-05-19,Quincaillerie,SOUTH,0.0,16
2025-05-26,Quincaillerie,SOUTH,-1.0,15
2025-06-02,Quincaillerie,SOUTH,-6.0,18
2025-06-09,Quincaillerie,SOUTH,-3.0000000000000036,23
2025-06-16,Quincaillerie,SOUTH,7.999999999999998,21
2025-06-23,Quincaillerie,SOUTH,-10.000000000000004,16
2025-06-30,Quincaillerie,SOUTH,4.0,24
2024-01-01,Quincaillerie,WEST,3.0,3
2024-01-08,Quincaillerie,WEST,22.0,22
2024-01-15,Quincaillerie,WEST,18.0,18
2024-01-22,Quincaillerie,WEST,20.0,20
2024-01-29,Quincaillerie,WEST,16.0,16
2024-02-05,Quincaillerie,WEST,12.0,12
2024-02-12,Quincaillerie,WEST,20.0,20
2024-02-19,Quincaillerie,WEST,12.0,12
2024-02-26,Quincaillerie,WEST,18.0,18
2024-03-04,Quincaillerie,WEST,18.0,18
2024-03-11,Quincaillerie,WEST,28.0,28
2024-03-18,Quincaillerie,WEST,39.0,39
2024-03-25,Quincaillerie,WEST,56.0,56
2024-04-01,Quincaillerie,WEST,54.0,54
2024-04-08,Quincaillerie,WEST,59.0,59
2024-04-15,Quincaillerie,WEST,37.0,37
2024-04-22,Quincaillerie,WEST,18.0,18
2024-04-29,Quincaillerie,WEST,11.0,11
2024-05-06,Quincaillerie,WEST,14.0,14
2024-05-13,Quincaillerie,WEST,24.0,24
2024-05-20,Quincaillerie,WEST,28.0,28
2024-05-27,Quincaillerie,WEST,23.0,23
2024-06-03,Quincaillerie,WEST,27.0,27
2024-06-10,Quincaillerie,WEST,23.0,23
2024-06-17,Quincaillerie,WEST,18.0,18
2024-06-24,Quincaillerie,WEST,15.0,15
2024-07-01,Quincaillerie,WEST,28.0,28
2024-07-08,Quincaillerie,WEST,24.0,24
2024-07-15,Quincaillerie,WEST,28.0,28
2024-07-22,Quincaillerie,WEST,30.0,30
2024-07-29,Quincaillerie,WEST,19.0,19
2024-08-05,Quincaillerie,WEST,28.0,28
2024-08-12,Quincaillerie,WEST,40.0,40
2024-08-19,Quincaillerie,WEST,21.0,21
2024-08-26,Quincaillerie,WEST,19.0,19
2024-09-02,Quincaillerie,WEST,28.0,28
2024-09-09,Quincaillerie,WEST,18.0,18
2024-09-16,Quincaillerie,WEST,23.0,23
2024-09-23,Quincaillerie,WEST,35.0,35
2024-09-30,Quincaillerie,WEST,28.0,28
2024-10-07,Quincaillerie,WEST,27.0,27
2024-10-14,Quincaillerie,WEST,19.0,19
2024-10-21,Quincaillerie,WEST,15.0,15
2024-10-28,Quincaillerie,WEST,22.0,22
2024-11-04,Quincaillerie,WEST,21.0,21
2024-11-11,Quincaillerie,WEST,16.0,16
2024-11-18,Quincaillerie,WEST,18.0,18
2024-11-25,Quincaillerie,WEST,13.0,13
2024-12-02,Quincaillerie,WEST,23.0,23
2024-12-09,Quincaillerie,WEST,31.0,31
2024-12-16,Quincaillerie,WEST,12.0,12
2024-12-23,Quincaillerie,WEST,25.0,25
2024-12-30,Quincaillerie,WEST,21.0,24
2025-01-06,Quincaillerie,WEST,-3.9999999999999964,18
2025-01-13,Quincaillerie,WEST,1.0,19
2025-01-20,Quincaillerie,WEST,-3.0,17
2025-01-27,Quincaillerie,WEST,-0.9999999999999982,15
2025-02-03,Quincaillerie,WEST,5.0,17
2025-02-10,Quincaillerie,WEST,-1.0,19
2025-02-17,Quincaillerie,WEST,4.0,16
2025-02-24,Quincaillerie,WEST,-1.0,17
2025-03-03,Quincaillerie,WEST,4.0,22
2025-03-10,Quincaillerie,WEST,14.000000000000004,42
2025-03-17,Quincaillerie,WEST,-1.999999999999993,37
2025-03-24,Quincaillerie,WEST,-3.999999999999993,52
2025-03-31,Quincaillerie,WEST,3.000000000000007,57
2025-04-07,Quincaillerie,WEST,-33.99999999999999,25
2025-04-14,Quincaillerie,WEST,-17.999999999999993,19
2025-04-21,Quincaillerie,WEST,-4.0,14
2025-04-28,Quincaillerie,WEST,18.0,29
2025-05-05,Quincaillerie,WEST,1.7763568394002505e-15,14
2025-05-12,Quincaillerie,WEST,-6.0,18
2025-05-19,Quincaillerie,WEST,-13.999999999999996,14
2025-05-26,Quincaillerie,WEST,7.0000000000000036,30
2025-06-02,Quincaillerie,WEST,3.552713678800501e-15,27
2025-06-09,Quincaillerie,WEST,6.0000000000000036,29
2025-06-16,Quincaillerie,WEST,3.0,21
2025-06-23,Quincaillerie,WEST,2.0000000000000036,17
2025-06-30,Quincaillerie,WEST,-1.9999999999999964,26
2024-01-01,Santé et beauté,EAST,4.0,4
2024-01-08,Santé et beauté,EAST,30.0,30
2024-01-15,Santé et beauté,EAST,44.998306914586564,45
2024-01-22,Santé et beauté,EAST,28.994921882804757,29
2024-01-29,Santé et beauté,EAST,26.996727885504566,27
2024-02-05,Santé et beauté,EAST,31.99695338428569,32
2024-02-12,Santé et beauté,EAST,35.996389102360695,36
2024-02-19,Santé et beauté,EAST,27.99593776085891,28
2024-02-26,Santé et beauté,EAST,26.996840622156846,27
2024-03-04,Santé et beauté,EAST,37.99695337156321,38
2024-03-11,Santé et beauté,EAST,36.99571199458954,37
2024-03-18,Santé et beauté,EAST,47.99582498597597,48
2024-03-25,Santé et beauté,EAST,77.99458360897499,78
2024-04-01,Santé et beauté,EAST,89.99119821020302,90
2024-04-08,Santé et beauté,EAST,91.98984437670447,92
2024-04-15,Santé et beauté,EAST,51.98961882689547,52
2024-04-22,Santé et beauté,EAST,34.99413290416636,35
2024-04-29,Santé et beauté,EAST,26.996050866769234,27
2024-05-06,Santé et beauté,EAST,38.996953460688125,39
2024-05-13,Santé et beauté,EAST,41.995599143284046,42
2024-05-20,Santé et beauté,EAST,33.99526074223422,34
2024-05-27,Santé et beauté,EAST,22.99616359078668,23
2024-06-03,Santé et beauté,EAST,37.99740485314881,38
2024-06-10,Santé et beauté,EAST,41.99571194363926,42
2024-06-17,Santé et beauté,EAST,37.99526072950456,38
2024-06-24,Santé et beauté,EAST,46.995712185606386,47
2024-07-01,Santé et beauté,EAST,31.99469647300009,32
2024-07-08,Santé et beauté,EAST,42.99638935705606,43
2024-07-15,Santé et beauté,EAST,40.995147801762144,41
2024-07-22,Santé et beauté,EAST,52.99537364446413,53
2024-07-29,Santé et beauté,EAST,35.994019403432304,36
2024-08-05,Santé et beauté,EAST,50.99593802828251,51
2024-08-12,Santé et beauté,EAST,55.99424504233172,56
2024-08-19,Santé et beauté,EAST,38.99368097691022,39
2024-08-26,Santé et beauté,EAST,42.99559951258808,43
2024-09-02,Santé et beauté,EAST,41.995147890897115,42
2024-09-09,Santé et beauté,EAST,48.99526079315864,49
2024-09-16,Santé et beauté,EAST,46.994470821349445,47
2024-09-23,Santé et beauté,EAST,40.99469661308966,41
2024-09-30,Santé et beauté,EAST,42.99537369538136,43
2024-10-07,Santé et beauté,EAST,28.99514791638088,29
2024-10-14,Santé et beauté,EAST,33.99672785999638,34
2024-10-21,Santé et beauté,EAST,42.99616342522054,43
2024-10-28,Santé et beauté,EAST,40.99514782725885,41
2024-11-04,Santé et beauté,EAST,50.99537364446125,51
2024-11-11,Santé et beauté,EAST,32.994245106023165,33
2024-11-18,Santé et beauté,EAST,31.996276556697975,32
2024-11-25,Santé et beauté,EAST,41.996389178741566,42
2024-12-02,Santé et beauté,EAST,38.9952606530777,39
2024-12-09,Santé et beauté,EAST,49.99559933431958,50
2024-12-16,Santé et beauté,EAST,33.99435793184921,34
2024-12-23,Santé et beauté,EAST,33.99616369267,34
2024-12-30,Santé et beauté,EAST,19.996163488887554,24
2025-01-06,Santé et beauté,EAST,-16.87275175301992,20
2025-01-13,Santé et beauté,EAST,-11.424220170079124,27
2025-01-20,Santé et beauté,EAST,-3.4663443578206348,21
2025-01-27,Santé et beauté,EAST,1.3795016152713409,27
2025-02-03,Santé et beauté,EAST,-2.549246208242373,30
2025-02-10,Santé et beauté,EAST,-2.9849499934576116,32
2025-02-17,Santé et beauté,EAST,-2.811449608160707,24
2025-02-24,Santé et beauté,EAST,-1.8805321704010325,24
2025-03-03,Santé et beauté,EAST,-4.251206261629314,33
2025-03-10,Santé et beauté,EAST,35.69275315891513,71
2025-03-17,Santé et beauté,EAST,32.787793541150904,95
2025-03-24,Santé et beauté,EAST,-0.05550428086034742,91
2025-03-31,Santé et beauté,EAST,7.022100797224994,97
2025-04-07,Santé et beauté,EAST,-61.796073085025185,33
2025-04-14,Santé et beauté,EAST,0.6060746923977192,28
2025-04-21,Santé et beauté,EAST,-5.241327942145965,30
2025-04-28,Santé et beauté,EAST,2.087001655499165,27
2025-05-05,Santé et beauté,EAST,-4.831006179756976,35
2025-05-12,Santé et beauté,EAST,0.9236189771311132,41
2025-05-19,Santé et beauté,EAST,-16.367768312839793,18
2025-05-26,Santé et beauté,EAST,11.517348264176235,28
2025-06-02,Santé et beauté,EAST,-2.5859990368118133,40
2025-06-09,Santé et beauté,EAST,2.0296978801016934,43
2025-06-16,Santé et beauté,EAST,0.1918111435322487,39
2025-06-23,Santé et beauté,EAST,-7.076375715947108,40
2025-06-30,Santé et beauté,EAST,12.817684372573158,42
2024-01-01,Santé et beauté,NORTH,3.0,3
2024-01-08,Santé et beauté,NORTH,30.0,30
2024-01-15,Santé et beauté,NORTH,35.0,35
2024-01-22,Santé et beauté,NORTH,29.0,29
2024-01-29,Santé et beauté,NORTH,24.0,24
2024-02-05,Santé et beauté,NORTH,29.0,29
2024-02-12,Santé et beauté,NORTH,25.0,25
2024-02-19,Santé et beauté,NORTH,26.0,26
2024-02-26,Santé et beauté,NORTH,29.0,29
2024-03-04,Santé et beauté,NORTH,42.0,42
2024-03-11,Santé et beauté,NORTH,41.0,41
2024-03-18,Santé et beauté,NORTH,81.0,81
2024-03-25,Santé et beauté,NORTH,73.0,73
2024-04-01,Santé et beauté,NORTH,101.0,101
2024-04-08,Santé et beauté,NORTH,115.0,115
2024-04-15,Santé et beauté,NORTH,53.0,53
2024-04-22,Santé et beauté,NORTH,40.0,40
2024-04-29,Santé et beauté,NORTH,35.0,35
2024-05-06,Santé et beauté,NORTH,33.0,33
2024-05-13,Santé et beauté,NORTH,17.0,17
2024-05-20,Santé et beauté,NORTH,22.0,22
2024-05-27,Santé et beauté,NORTH,36.0,36
2024-06-03,Santé et beauté,NORTH,49.0,49
2024-06-10,Santé et beauté,NORTH,47.0,47
2024-06-17,Santé et beauté,NORTH,43.0,43
2024-06-24,Santé et beauté,NORTH,50.0,50
2024-07-01,Santé et beauté,NORTH,47.0,47
2024-07-08,Santé et beauté,NORTH,48.0,48
2024-07-15,Santé et beauté,NORTH,38.0,38
2024-07-22,Santé et beauté,NORTH,38.0,38
2024-07-29,Santé et beauté,NORTH,54.0,54
2024-08-05,Santé et beauté,NORTH,49.0,49
2024-08-12,Santé et beauté,NORTH,53.0,53
2024-08-19,Santé et beauté,NORTH,51.0,51
2024-08-26,Santé et beauté,NORTH,44.0,44
2024-09-02,Santé et beauté,NORTH,41.0,41
2024-09-09,Santé et beauté,NORTH,38.0,38
2024-09-16,Santé et beauté,NORTH,38.0,38
2024-09-23,Santé et beauté,NORTH,36.0,36
2024-09-30,Santé et beauté,NORTH,55.0,55
2024-10-07,Santé et beauté,NORTH,36.0,36
2024-10-14,Santé et beauté,NORTH,30.0,30
2024-10-21,Santé et beauté,NORTH,34.0,34
2024-10-28,Santé et beauté,NORTH,27.0,27
2024-11-04,Santé et beauté,NORTH,32.0,32
2024-11-11,Santé et beauté,NORTH,33.0,33
2024-11-18,Santé et beauté,NORTH,48.0,48
2024-11-25,Santé et beauté,NORTH,33.0,33
2024-12-02,Santé et beauté,NORTH,33.0,33
2024-12-09,Santé et beauté,NORTH,39.0,39
2024-12-16,Santé et beauté,NORTH,37.0,37
2024-12-23,Santé et beauté,NORTH,44.0,44
2024-12-30,Santé et beauté,NORTH,29.0,32
2025-01-06,Santé et beauté,NORTH,0.0,30
2025-01-13,Santé et beauté,NORTH,-3.0,32
2025-01-20,Santé et beauté,NORTH,0.0,29
2025-01-27,Santé et beauté,NORTH,3.0000000000000036,27
2025-02-03,Santé et beauté,NORTH,-5.0,24
2025-02-10,Santé et beauté,NORTH,8.0,33
2025-02-17,Santé et beauté,NORTH,6.0,32
2025-02-24,Santé et beauté,NORTH,-7.0,22
2025-03-03,Santé et beauté,NORTH,-7.0,35
2025-03-10,Santé et beauté,NORTH,40.0,81
2025-03-17,Santé et beauté,NORTH,5.0,86
2025-03-24,Santé et beauté,NORTH,27.000000000000014,100
2025-03-31,Santé et beauté,NORTH,-6.0,95
2025-04-07,Santé et beauté,NORTH,-77.99999999999999,37
2025-04-14,Santé et beauté,NORTH,-6.999999999999993,46
2025-04-21,Santé et beauté,NORTH,5.000000000000007,45
2025-04-28,Santé et beauté,NORTH,15.0,50
2025-05-05,Santé et beauté,NORTH,-1.0,32
2025-05-12,Santé et beauté,NORTH,15.0,32
2025-05-19,Santé et beauté,NORTH,5.0,27
2025-05-26,Santé et beauté,NORTH,8.0,44
2025-06-02,Santé et beauté,NORTH,-17.0,32
2025-06-09,Santé et beauté,NORTH,-9.0,38
2025-06-16,Santé et beauté,NORTH,5.0,48
2025-06-23,Santé et beauté,NORTH,-9.0,41
2025-06-30,Santé et beauté,NORTH,9.0,56
2024-01-01,Santé et beauté,SOUTH,3.0,3
2024-01-08,Santé et beauté,SOUTH,22.0,22
2024-01-15,Santé et beauté,SOUTH,19.999740024547435,20
2024-01-22,Santé et beauté,SOUTH,17.999527340303906,18
2024-01-29,Santé et beauté,SOUTH,18.999574611914234,19
2024-02-05,Santé et beauté,SOUTH,18.999550977505034,19
2024-02-12,Santé et beauté,SOUTH,14.999550978063594,15
2024-02-19,Santé et beauté,SOUTH,15.999645511231641,16
2024-02-26,Santé et beauté,SOUTH,24.999621875705497,25
2024-03-04,Santé et beauté,SOUTH,25.999409176635947,26
2024-03-11,Santé et beauté,SOUTH,24.99938554837071,25
2024-03-18,Santé et beauté,SOUTH,37.999409182221136,38
2024-03-25,Santé et beauté,SOUTH,48.9991019488664,49
2024-04-01,Santé et beauté,SOUTH,54.998841989915164,55
2024-04-08,Santé et beauté,SOUTH,55.998700196306764,56
2024-04-15,Santé et beauté,SOUTH,35.998676566365795,36
2024-04-22,Santé et beauté,SOUTH,19.99914923276455,20
2024-04-29,Santé et beauté,SOUTH,9.99952735426613,10
2024-05-06,Santé et beauté,SOUTH,21.999763678250023,22
2024-05-13,Santé et beauté,SOUTH,17.99948007316073,18
2024-05-20,Santé et beauté,SOUTH,21.99957461303131,22
2024-05-27,Santé et beauté,SOUTH,22.999480077628963,23
2024-06-03,Santé et beauté,SOUTH,15.99945644657113,16
2024-06-10,Santé et beauté,SOUTH,32.99962188017371,33
2024-06-17,Santé et beauté,SOUTH,23.99922011029972,24
2024-06-24,Santé et beauté,SOUTH,23.999432819423,24
2024-07-01,Santé et beauté,SOUTH,30.999432814395984,31
2024-07-08,Santé et beauté,SOUTH,27.999267381351995,28
2024-07-15,Santé et beauté,SOUTH,23.999338285137767,24
2024-07-22,Santé et beauté,SOUTH,25.99943281663014,26
2024-07-29,Santé et beauté,SOUTH,26.999385547812018,27
2024-08-05,Santé et beauté,SOUTH,29.99936191563712,30
2024-08-12,Santé et beauté,SOUTH,30.99929101631958,31
2024-08-19,Santé et beauté,SOUTH,31.999267384703153,32
2024-08-26,Santé et beauté,SOUTH,24.99924375196963,25
2024-09-02,Santé et beauté,SOUTH,17.999409185572254,18
2024-09-09,Santé et beauté,SOUTH,27.999574614706617,28
2024-09-16,Santé et beauté,SOUTH,26.999338277876834,27
2024-09-23,Santé et beauté,SOUTH,22.999361916754264,23
2024-09-30,Santé et beauté,SOUTH,27.99945644936366,28
2024-10-07,Santé et beauté,SOUTH,25.99933828066947,26
2024-10-14,Santé et beauté,SOUTH,22.999385550046213,23
2024-10-21,Santé et beauté,SOUTH,21.99945644880513,22
2024-10-28,Santé et beauté,SOUTH,26.999480080421574,27
2024-11-04,Santé et beauté,SOUTH,19.999361913403003,20
2024-11-11,Santé et beauté,SOUTH,19.999527349239784,20
2024-11-18,Santé et beauté,SOUTH,25.99952734532999,26
2024-11-25,Santé et beauté,SOUTH,16.999385545577994,17
2024-12-02,Santé et beauté,SOUTH,14.999598248557325,15
2024-12-09,Santé et beauté,SOUTH,27.999645510114483,28
2024-12-16,Santé et beauté,SOUTH,20.999338276201343,21
2024-12-23,Santé et beauté,SOUTH,20.999503716506396,21
2024-12-30,Santé et beauté,SOUTH,12.999503712596496,16
2025-01-06,Santé et beauté,SOUTH,-13.175284038436928,14
2025-01-13,Santé et beauté,SOUTH,-0.7668768037000149,13
2025-01-20,Santé et beauté,SOUTH,-0.6238541317743191,17
2025-01-27,Santé et beauté,SOUTH,1.3086283604386857,20
2025-02-03,Santé et beauté,SOUTH,1.3512503991985554,21
2025-02-10,Santé et beauté,SOUTH,-2.6702234056497254,13
2025-02-17,Santé et beauté,SOUTH,-1.6753955803348433,13
2025-02-24,Santé et beauté,SOUTH,-8.16886903506828,16
2025-03-03,Santé et beauté,SOUTH,9.052447078978464,31
2025-03-10,Santé et beauté,SOUTH,4.509215338468991,34
2025-03-17,Santé et beauté,SOUTH,8.76304414927366,49
2025-03-24,Santé et beauté,SOUTH,13.652781328253106,67
2025-03-31,Santé et beauté,SOUTH,-10.772946314703084,51
2025-04-07,Santé et beauté,SOUTH,-16.655697927762702,34
2025-04-14,Santé et beauté,SOUTH,-1.7373503495838065,26
2025-04-21,Santé et beauté,SOUTH,1.8618742562996005,21
2025-04-28,Santé et beauté,SOUTH,11.076351243420108,22
2025-05-05,Santé et beauté,SOUTH,-7.4948168594474325,20
2025-05-12,Santé et beauté,SOUTH,7.718069708400321,22
2025-05-19,Santé et beauté,SOUTH,-7.8288222018331055,18
2025-05-26,Santé et beauté,SOUTH,2.8837649040611275,22
2025-06-02,Santé et beauté,SOUTH,1.569406146005793,19
2025-06-09,Santé et beauté,SOUTH,-4.7785595780483945,29
2025-06-16,Santé et beauté,SOUTH,-1.6294260486789511,20
2025-06-23,Santé et beauté,SOUTH,-0.1916654206119901,23
2025-06-30,Santé et beauté,SOUTH,-2.9049175706505856,28
2024-01-01,Santé et beauté,WEST,4.0,4
2024-01-08,Santé et beauté,WEST,33.0,33
2024-01-15,Santé et beauté,WEST,18.0,18
2024-01-22,Santé et beauté,WEST,11.0,11
2024-01-29,Santé et beauté,WEST,21.0,21
2024-02-05,Santé et beauté,WEST,18.0,18
2024-02-12,Santé et beauté,WEST,20.0,20
2024-02-19,Santé et beauté,WEST,17.0,17
2024-02-26,Santé et beauté,WEST,21.0,21
2024-03-04,Santé et beauté,WEST,24.0,24
2024-03-11,Santé et beauté,WEST,23.0,23
2024-03-18,Santé et beauté,WEST,42.0,42
2024-03-25,Santé et beauté,WEST,60.0,60
2024-04-01,Santé et beauté,WEST,58.0,58
2024-04-08,Santé et beauté,WEST,79.0,79
2024-04-15,Santé et beauté,WEST,39.0,39
2024-04-22,Santé et beauté,WEST,19.0,19
2024-04-29,Santé et beauté,WEST,25.0,25
2024-05-06,Santé et beauté,WEST,27.0,27
2024-05-13,Santé et beauté,WEST,27.0,27
2024-05-20,Santé et beauté,WEST,27.0,27
2024-05-27,Santé et beauté,WEST,30.0,30
2024-06-03,Santé et beauté,WEST,23.0,23
2024-06-10,Santé et beauté,WEST,24.0,24
2024-06-17,Santé et beauté,WEST,23.0,23
2024-06-24,Santé et beauté,WEST,30.0,30
2024-07-01,Santé et beauté,WEST,36.0,36
2024-07-08,Santé et beauté,WEST,26.0,26
2024-07-15,Santé et beauté,WEST,30.0,30
2024-07-22,Santé et beauté,WEST,31.0,31
2024-07-29,Santé et beauté,WEST,32.0,32
2024-08-05,Santé et beauté,WEST,30.0,30
2024-08-12,Santé et beauté,WEST,33.0,33
2024-08-19,Santé et beauté,WEST,28.0,28
2024-08-26,Santé et beauté,WEST,49.0,49
2024-09-02,Santé et beauté,WEST,29.0,29
2024-09-09,Santé et beauté,WEST,26.0,26
2024-09-16,Santé et beauté,WEST,38.0,38
2024-09-23,Santé et beauté,WEST,25.0,25
2024-09-30,Santé et beauté,WEST,26.0,26
2024-10-07,Santé et beauté,WEST,31.0,31
2024-10-14,Santé et beauté,WEST,22.0,22
2024-10-21,Santé et beauté,WEST,20.0,20
2024-10-28,Santé et beauté,WEST,17.0,17
2024-11-04,Santé et beauté,WEST,19.0,19
2024-11-11,Santé et beauté,WEST,23.0,23
2024-11-18,Santé et beauté,WEST,37.0,37
2024-11-25,Santé et beauté,WEST,28.0,28
2024-12-02,Santé et beauté,WEST,26.0,26
2024-12-09,Santé et beauté,WEST,27.0,27
2024-12-16,Santé et beauté,WEST,27.0,27
2024-12-23,Santé et beauté,WEST,21.0,21
2024-12-30,Santé et beauté,WEST,18.0,22
2025-01-06,Santé et beauté,WEST,-16.0,17
2025-01-13,Santé et beauté,WEST,5.9999999999999964,24
2025-01-20,Santé et beauté,WEST,14.999999999999998,26
2025-01-27,Santé et beauté,WEST,-2.0,19
2025-02-03,Santé et beauté,WEST,3.9999999999999964,22
2025-02-10,Santé et beauté,WEST,2.0,22
2025-02-17,Santé et beauté,WEST,7.0,24
2025-02-24,Santé et beauté,WEST,-4.0,17
2025-03-03,Santé et beauté,WEST,3.9999999999999964,28
2025-03-10,Santé et beauté,WEST,31.999999999999996,55
2025-03-17,Santé et beauté,WEST,15.0,57
2025-03-24,Santé et beauté,WEST,-5.000000000000007,55
2025-03-31,Santé et beauté,WEST,27.999999999999993,86
2025-04-07,Santé et beauté,WEST,-53.000000000000014,26
2025-04-14,Santé et beauté,WEST,-18.0,21
2025-04-21,Santé et beauté,WEST,6.0,25
2025-04-28,Santé et beauté,WEST,0.0,25
2025-05-05,Santé et beauté,WEST,-8.0,19
2025-05-12,Santé et beauté,WEST,-4.0,23
2025-05-19,Santé et beauté,WEST,-2.0,25
2025-05-26,Santé et beauté,WEST,-10.000000000000004,20
2025-06-02,Santé et beauté,WEST,9.999999999999996,33
2025-06-09,Santé et beauté,WEST,5.9999999999999964,30
2025-06-16,Santé et beauté,WEST,10.999999999999996,34
2025-06-23,Santé et beauté,WEST,5.9999999999999964,36
2025-06-30,Santé et beauté,WEST,-13.000000000000007,23
2024-01-01,Véhicules et accessoires,EAST,2.0,2
2024-01-08,Véhicules et accessoires,EAST,25.0,25
2024-01-15,Véhicules et accessoires,EAST,25.0,25
2024-01-22,Véhicules et accessoires,EAST,16.0,16
2024-01-29,Véhicules et accessoires,EAST,22.0,22
2024-02-05,Véhicules et accessoires,EAST,24.0,24
2024-02-12,Véhicules et accessoires,EAST,22.0,22
2024-02-19,Véhicules et accessoires,EAST,24.0,24
2024-02-26,Véhicules et accessoires,EAST,24.0,24
2024-03-04,Véhicules et accessoires,EAST,27.0,27
2024-03-11,Véhicules et accessoires,EAST,36.0,36
2024-03-18,Véhicules et accessoires,EAST,53.0,53
2024-03-25,Véhicules et accessoires,EAST,62.0,62
2024-04-01,Véhicules et accessoires,EAST,65.0,65
2024-04-08,Véhicules et accessoires,EAST,75.0,75
2024-04-15,Véhicules et accessoires,EAST,43.0,43
2024-04-22,Véhicules et accessoires,EAST,29.0,29
2024-04-29,Véhicules et accessoires,EAST,30.0,30
2024-05-06,Véhicules et accessoires,EAST,19.0,19
2024-05-13,Véhicules et accessoires,EAST,25.0,25
2024-05-20,Véhicules et accessoires,EAST,18.0,18
2024-05-27,Véhicules et accessoires,EAST,16.0,16
2024-06-03,Véhicules et accessoires,EAST,28.0,28
2024-06-10,Véhicules et accessoires,EAST,25.0,25
2024-06-17,Véhicules et accessoires,EAST,42.0,42
2024-06-24,Véhicules et accessoires,EAST,32.0,32
2024-07-01,Véhicules et accessoires,EAST,29.0,29
2024-07-08,Véhicules et accessoires,EAST,41.0,41
2024-07-15,Véhicules et accessoires,EAST,42.0,42
2024-07-22,Véhicules et accessoires,EAST,35.0,35
2024-07-29,Véhicules et accessoires,EAST,39.0,39
2024-08-05,Véhicules et accessoires,EAST,30.0,30
2024-08-12,Véhicules et accessoires,EAST,38.0,38
2024-08-19,Véhicules et accessoires,EAST,39.0,39
2024-08-26,Véhicules et accessoires,EAST,44.0,44
2024-09-02,Véhicules et accessoires,EAST,46.0,46
2024-09-09,Véhicules et accessoires,EAST,30.0,30
2024-09-16,Véhicules et accessoires,EAST,43.0,43
2024-09-23,Véhicules et accessoires,EAST,31.0,31
2024-09-30,Véhicules et accessoires,EAST,41.0,41
2024-10-07,Véhicules et accessoires,EAST,26.0,26
2024-10-14,Véhicules et accessoires,EAST,24.0,24
2024-10-21,Véhicules et accessoires,EAST,22.0,22
2024-10-28,Véhicules et accessoires,EAST,30.0,30
2024-11-04,Véhicules et accessoires,EAST,21.0,21
2024-11-11,Véhicules et accessoires,EAST,35.0,35
2024-11-18,Véhicules et accessoires,EAST,41.0,41
2024-11-25,Véhicules et accessoires,EAST,29.0,29
2024-12-02,Véhicules et accessoires,EAST,29.0,29
2024-12-09,Véhicules et accessoires,EAST,22.0,22
2024-12-16,Véhicules et accessoires,EAST,35.0,35
2024-12-23,Véhicules et accessoires,EAST,28.0,28
2024-12-30,Véhicules et accessoires,EAST,31.0,33
2025-01-06,Véhicules et accessoires,EAST,-4.0000000000000036,21
2025-01-13,Véhicules et accessoires,EAST,-6.0000000000000036,19
2025-01-20,Véhicules et accessoires,EAST,5.0,21
2025-01-27,Véhicules et accessoires,EAST,1.9999999999999964,24
2025-02-03,Véhicules et accessoires,EAST,0.9999999999999964,25
2025-02-10,Véhicules et accessoires,EAST,-2.0000000000000036,20
2025-02-17,Véhicules et accessoires,EAST,-3.0000000000000036,21
2025-02-24,Véhicules et accessoires,EAST,4.9999999999999964,29
2025-03-03,Véhicules et accessoires,EAST,4.0,31
2025-03-10,Véhicules et accessoires,EAST,21.0,57
2025-03-17,Véhicules et accessoires,EAST,24.999999999999993,78
2025-03-24,Véhicules et accessoires,EAST,12.999999999999993,75
2025-03-31,Véhicules et accessoires,EAST,8.0,73
2025-04-07,Véhicules et accessoires,EAST,-42.0,33
2025-04-14,Véhicules et accessoires,EAST,-8.000000000000007,35
2025-04-21,Véhicules et accessoires,EAST,1.9999999999999964,31
2025-04-28,Véhicules et accessoires,EAST,-1.0000000000000036,29
2025-05-05,Véhicules et accessoires,EAST,8.999999999999996,28
2025-05-12,Véhicules et accessoires,EAST,4.9999999999999964,30
2025-05-19,Véhicules et accessoires,EAST,9.0,27
2025-05-26,Véhicules et accessoires,EAST,8.0,24
2025-06-02,Véhicules et accessoires,EAST,1.9999999999999964,30
2025-06-09,Véhicules et accessoires,EAST,11.999999999999996,37
2025-06-16,Véhicules et accessoires,EAST,-8.000000000000007,34
2025-06-23,Véhicules et accessoires,EAST,5.0,37
2025-06-30,Véhicules et accessoires,EAST,2.9999999999999964,32
2024-01-01,Véhicules et accessoires,NORTH,5.0,5
2024-01-08,Véhicules et accessoires,NORTH,19.0,19
2024-01-15,Véhicules et accessoires,NORTH,25.998446488165495,26
2024-01-22,Véhicules et accessoires,NORTH,21.995749521209866,22
2024-01-29,Véhicules et accessoires,NORTH,23.996403920976405,24
2024-02-05,Véhicules et accessoires,NORTH,16.996076834540293,17
2024-02-12,Véhicules et accessoires,NORTH,29.99722131608522,30
2024-02-19,Véhicules et accessoires,NORTH,23.995095762559174,24
2024-02-26,Véhicules et accessoires,NORTH,20.996077048410754,21
2024-03-04,Véhicules et accessoires,NORTH,21.99656735715331,22
2024-03-11,Véhicules et accessoires,NORTH,40.99640378726863,41
2024-03-18,Véhicules et accessoires,NORTH,59.993297509250134,60
2024-03-25,Véhicules et accessoires,NORTH,60.99019171233418,61
2024-04-01,Véhicules et accessoires,NORTH,75.99002873037583,76
2024-04-08,Véhicules et accessoires,NORTH,96.98757641115816,97
2024-04-15,Véhicules et accessoires,NORTH,52.98414352787818,53
2024-04-22,Véhicules et accessoires,NORTH,28.991337636985723,29
2024-04-29,Véhicules et accessoires,NORTH,36.995260214204485,37
2024-05-06,Véhicules et accessoires,NORTH,20.993951655109523,21
2024-05-13,Véhicules et accessoires,NORTH,19.99656770463327,20
2024-05-20,Véhicules et accessoires,NORTH,35.99673076666029,36
2024-05-27,Véhicules et accessoires,NORTH,29.994114904413546,30
2024-06-03,Véhicules et accessoires,NORTH,26.995096270425563,27
2024-06-10,Véhicules et accessoires,NORTH,44.99558657915501,45
2024-06-17,Véhicules et accessoires,NORTH,35.99264368395832,36
2024-06-24,Véhicules et accessoires,NORTH,41.99411557260957,42
2024-07-01,Véhicules et accessoires,NORTH,28.993134393625482,29
2024-07-08,Véhicules et accessoires,NORTH,29.995259920453236,30
2024-07-15,Véhicules et accessoires,NORTH,32.9950960832272,33
2024-07-22,Véhicules et accessoires,NORTH,37.9946056408402,38
2024-07-29,Véhicules et accessoires,NORTH,34.993788272401304,35
2024-08-05,Véhicules et accessoires,NORTH,40.99427887520536,41
2024-08-12,Véhicules et accessoires,NORTH,40.993297856651424,41
2024-08-19,Véhicules et accessoires,NORTH,28.993298017037873,29
2024-08-26,Véhicules et accessoires,NORTH,30.99525989370249,31
2024-09-02,Véhicules et accessoires,NORTH,29.994932593507343,30
2024-09-09,Véhicules et accessoires,NORTH,36.9950961367418,37
2024-09-16,Véhicules et accessoires,NORTH,46.993951681934504,47
2024-09-23,Véhicules et accessoires,NORTH,33.99231697179874,34
2024-09-30,Véhicules et accessoires,NORTH,40.99444260547212,41
2024-10-07,Véhicules et accessoires,NORTH,25.993297829883204,26
2024-10-14,Véhicules et accessoires,NORTH,27.995750362905795,28
2024-10-21,Véhicules et accessoires,NORTH,28.995422982493377,29
2024-10-28,Véhicules et accessoires,NORTH,29.995259546292473,30
2024-11-04,Véhicules et accessoires,NORTH,22.995096083288377,23
2024-11-11,Véhicules et accessoires,NORTH,19.996240538082553,20
2024-11-18,Véhicules et accessoires,NORTH,19.996730820148663,20
2024-11-25,Véhicules et accessoires,NORTH,29.996730739992582,30
2024-12-02,Véhicules et accessoires,NORTH,18.995095842763323,19
2024-12-09,Véhicules et accessoires,NORTH,30.996894497018822,31
2024-12-16,Véhicules et accessoires,NORTH,29.994932326266497,30
2024-12-23,Véhicules et accessoires,NORTH,32.99509613678549,33
2024-12-30,Véhicules et accessoires,NORTH,28.99460564083144,34
2025-01-06,Véhicules et accessoires,NORTH,1.5287532387819311,34
2025-01-13,Véhicules et accessoires,NORTH,-4.905721705800147,22
2025-01-20,Véhicules et accessoires,NORTH,-0.8553841914497866,18
2025-01-27,Véhicules et accessoires,NORTH,5.565922512080416,29
2025-02-03,Véhicules et accessoires,NORTH,2.2667261518905875,23
2025-02-10,Véhicules et accessoires,NORTH,0.4702459775364147,32
2025-02-17,Véhicules et accessoires,NORTH,0.681754991047864,25
2025-02-24,Véhicules et accessoires,NORTH,-3.4619770718358325,18
2025-03-03,Véhicules et accessoires,NORTH,17.347314645715507,37
2025-03-10,Véhicules et accessoires,NORTH,7.234873559540482,60
2025-03-17,Véhicules et accessoires,NORTH,8.092625484712428,73
2025-03-24,Véhicules et accessoires,NORTH,19.510503603470653,86
2025-03-31,Véhicules et accessoires,NORTH,-2.23496980206869,87
2025-04-07,Véhicules et accessoires,NORTH,-66.48388764606227,29
2025-04-14,Véhicules et accessoires,NORTH,13.100208610489972,21
2025-04-21,Véhicules et accessoires,NORTH,-12.886719400053813,25
2025-04-28,Véhicules et accessoires,NORTH,-4.258093847737683,24
2025-05-05,Véhicules et accessoires,NORTH,11.888545628616296,30
2025-05-12,Véhicules et accessoires,NORTH,-4.064785865154221,24
2025-05-19,Véhicules et accessoires,NORTH,-8.242586908545192,25
2025-05-26,Véhicules et accessoires,NORTH,-1.4085078515446767,23
2025-06-02,Véhicules et accessoires,NORTH,-0.04451589387438659,26
2025-06-09,Véhicules et accessoires,NORTH,-7.9698019222993395,37
2025-06-16,Véhicules et accessoires,NORTH,-4.5935557392808875,26
2025-06-23,Véhicules et accessoires,NORTH,0.11611296791405579,39
2025-06-30,Véhicules et accessoires,NORTH,7.921232886680674,37
2024-01-01,Véhicules et accessoires,SOUTH,1.0,1
2024-01-08,Véhicules et accessoires,SOUTH,15.0,15
2024-01-15,Véhicules et accessoires,SOUTH,12.0,12
2024-01-22,Véhicules et accessoires,SOUTH,12.0,12
2024-01-29,Véhicules et accessoires,SOUTH,10.0,10
2024-02-05,Véhicules et accessoires,SOUTH,13.0,13
2024-02-12,Véhicules et accessoires,SOUTH,14.0,14
2024-02-19,Véhicules et accessoires,SOUTH,13.0,13
2024-02-26,Véhicules et accessoires,SOUTH,11.0,11
2024-03-04,Véhicules et accessoires,SOUTH,14.0,14
2024-03-11,Véhicules et accessoires,SOUTH,25.0,25
2024-03-18,Véhicules et accessoires,SOUTH,32.0,32
2024-03-25,Véhicules et accessoires,SOUTH,35.0,35
2024-04-01,Véhicules et accessoires,SOUTH,46.0,46
2024-04-08,Véhicules et accessoires,SOUTH,69.0,69
2024-04-15,Véhicules et accessoires,SOUTH,31.0,31
2024-04-22,Véhicules et accessoires,SOUTH,12.0,12
2024-04-29,Véhicules et accessoires,SOUTH,17.0,17
2024-05-06,Véhicules et accessoires,SOUTH,13.0,13
2024-05-13,Véhicules et accessoires,SOUTH,12.0,12
2024-05-20,Véhicules et accessoires,SOUTH,20.0,20
2024-05-27,Véhicules et accessoires,SOUTH,19.0,19
2024-06-03,Véhicules et accessoires,SOUTH,21.0,21
2024-06-10,Véhicules et accessoires,SOUTH,24.0,24
2024-06-17,Véhicules et accessoires,SOUTH,24.0,24
2024-06-24,Véhicules et accessoires,SOUTH,25.0,25
2024-07-01,Véhicules et accessoires,SOUTH,22.0,22
2024-07-08,Véhicules et accessoires,SOUTH,20.0,20
2024-07-15,Véhicules et accessoires,SOUTH,13.0,13
2024-07-22,Véhicules et accessoires,SOUTH,18.0,18
2024-07-29,Véhicules et accessoires,SOUTH,20.0,20
2024-08-05,Véhicules et accessoires,SOUTH,18.0,18
2024-08-12,Véhicules et accessoires,SOUTH,23.0,23
2024-08-19,Véhicules et accessoires,SOUTH,22.0,22
2024-08-26,Véhicules et accessoires,SOUTH,27.0,27
2024-09-02,Véhicules et accessoires,SOUTH,20.0,20
2024-09-09,Véhicules et accessoires,SOUTH,19.0,19
2024-09-16,Véhicules et accessoires,SOUTH,22.0,22
2024-09-23,Véhicules et accessoires,SOUTH,16.0,16
2024-09-30,Véhicules et accessoires,SOUTH,18.0,18
2024-10-07,Véhicules et accessoires,SOUTH,14.0,14
2024-10-14,Véhicules et accessoires,SOUTH,20.0,20
2024-10-21,Véhicules et accessoires,SOUTH,19.0,19
2024-10-28,Véhicules et accessoires,SOUTH,15.0,15
2024-11-04,Véhicules et accessoires,SOUTH,18.0,18
2024-11-11,Véhicules et accessoires,SOUTH,13.0,13
2024-11-18,Véhicules et accessoires,SOUTH,13.0,13
2024-11-25,Véhicules et accessoires,SOUTH,14.0,14
2024-12-02,Véhicules et accessoires,SOUTH,17.0,17
2024-12-09,Véhicules et accessoires,SOUTH,16.0,16
2024-12-16,Véhicules et accessoires,SOUTH,19.0,19
2024-12-23,Véhicules et accessoires,SOUTH,14.0,14
2024-12-30,Véhicules et accessoires,SOUTH,18.0,19
2025-01-06,Véhicules et accessoires,SOUTH,-1.0000000000000018,14
2025-01-13,Véhicules et accessoires,SOUTH,-1.0,11
2025-01-20,Véhicules et accessoires,SOUTH,3.0,15
2025-01-27,Véhicules et accessoires,SOUTH,6.0,16
2025-02-03,Véhicules et accessoires,SOUTH,3.0,16
2025-02-10,Véhicules et accessoires,SOUTH,-1.0,13
2025-02-17,Véhicules et accessoires,SOUTH,4.0,17
2025-02-24,Véhicules et accessoires,SOUTH,1.0,12
2025-03-03,Véhicules et accessoires,SOUTH,11.0,25
2025-03-10,Véhicules et accessoires,SOUTH,6.0,31
2025-03-17,Véhicules et accessoires,SOUTH,10.0,42
2025-03-24,Véhicules et accessoires,SOUTH,8.0,43
2025-03-31,Véhicules et accessoires,SOUTH,4.000000000000007,50
2025-04-07,Véhicules et accessoires,SOUTH,-45.999999999999986,23
2025-04-14,Véhicules et accessoires,SOUTH,-14.999999999999996,16
2025-04-21,Véhicules et accessoires,SOUTH,7.0,19
2025-04-28,Véhicules et accessoires,SOUTH,1.0000000000000036,18
2025-05-05,Véhicules et accessoires,SOUTH,-3.0,10
2025-05-12,Véhicules et accessoires,SOUTH,11.0,23
2025-05-19,Véhicules et accessoires,SOUTH,-1.0,19
2025-05-26,Véhicules et accessoires,SOUTH,-2.0,17
2025-06-02,Véhicules et accessoires,SOUTH,4.0,25
2025-06-09,Véhicules et accessoires,SOUTH,-5.0,19
2025-06-16,Véhicules et accessoires,SOUTH,1.0,25
2025-06-23,Véhicules et accessoires,SOUTH,8.0,33
2025-06-30,Véhicules et accessoires,SOUTH,-1.0,21
2024-01-01,Véhicules et accessoires,WEST,1.0,1
2024-01-08,Véhicules et accessoires,WEST,22.0,22
2024-01-15,Véhicules et accessoires,WEST,15.0,15
2024-01-22,Véhicules et accessoires,WEST,20.0,20
2024-01-29,Véhicules et accessoires,WEST,13.0,13
2024-02-05,Véhicules et accessoires,WEST,16.0,16
2024-02-12,Véhicules et accessoires,WEST,16.0,16
2024-02-19,Véhicules et accessoires,WEST,21.0,21
2024-02-26,Véhicules et accessoires,WEST,13.0,13
2024-03-04,Véhicules et accessoires,WEST,22.0,22
2024-03-11,Véhicules et accessoires,WEST,32.0,32
2024-03-18,Véhicules et accessoires,WEST,35.0,35
2024-03-25,Véhicules et accessoires,WEST,46.0,46
2024-04-01,Véhicules et accessoires,WEST,57.0,57
2024-04-08,Véhicules et accessoires,WEST,50.0,50
2024-04-15,Véhicules et accessoires,WEST,43.0,43
2024-04-22,Véhicules et accessoires,WEST,24.0,24
2024-04-29,Véhicules et accessoires,WEST,13.0,13
2024-05-06,Véhicules et accessoires,WEST,20.0,20
2024-05-13,Véhicules et accessoires,WEST,13.0,13
2024-05-20,Véhicules et accessoires,WEST,23.0,23
2024-05-27,Véhicules et accessoires,WEST,16.0,16
2024-06-03,Véhicules et accessoires,WEST,24.0,24
2024-06-10,Véhicules et accessoires,WEST,28.0,28
2024-06-17,Véhicules et accessoires,WEST,25.0,25
2024-06-24,Véhicules et accessoires,WEST,30.0,30
2024-07-01,Véhicules et accessoires,WEST,27.0,27
2024-07-08,Véhicules et accessoires,WEST,22.0,22
2024-07-15,Véhicules et accessoires,WEST,31.0,31
2024-07-22,Véhicules et accessoires,WEST,24.0,24
2024-07-29,Véhicules et accessoires,WEST,17.0,17
2024-08-05,Véhicules et accessoires,WEST,21.0,21
2024-08-12,Véhicules et accessoires,WEST,19.0,19
2024-08-19,Véhicules et accessoires,WEST,29.0,29
2024-08-26,Véhicules et accessoires,WEST,21.0,21
2024-09-02,Véhicules et accessoires,WEST,31.0,31
2024-09-09,Véhicules et accessoires,WEST,34.0,34
2024-09-16,Véhicules et accessoires,WEST,25.0,25
2024-09-23,Véhicules et accessoires,WEST,25.0,25
2024-09-30,Véhicules et accessoires,WEST,30.0,30
2024-10-07,Véhicules et accessoires,WEST,17.0,17
2024-10-14,Véhicules et accessoires,WEST,11.0,11
2024-10-21,Véhicules et accessoires,WEST,12.0,12
2024-10-28,Véhicules et accessoires,WEST,26.0,26
2024-11-04,Véhicules et accessoires,WEST,18.0,18
2024-11-11,Véhicules et accessoires,WEST,28.0,28
2024-11-18,Véhicules et accessoires,WEST,16.0,16
2024-11-25,Véhicules et accessoires,WEST,20.0,20
2024-12-02,Véhicules et accessoires,WEST,18.0,18
2024-12-09,Véhicules et accessoires,WEST,21.0,21
2024-12-16,Véhicules et accessoires,WEST,13.0,13
2024-12-23,Véhicules et accessoires,WEST,21.0,21
2024-12-30,Véhicules et accessoires,WEST,27.0,28
2025-01-06,Véhicules et accessoires,WEST,0.0,22
2025-01-13,Véhicules et accessoires,WEST,2.0000000000000018,17
2025-01-20,Véhicules et accessoires,WEST,-4.0,16
2025-01-27,Véhicules et accessoires,WEST,3.0,16
2025-02-03,Véhicules et accessoires,WEST,-1.9999999999999982,14
2025-02-10,Véhicules et accessoires,WEST,-1.9999999999999982,14
2025-02-17,Véhicules et accessoires,WEST,-8.0,13
2025-02-24,Véhicules et accessoires,WEST,-2.0,11
2025-03-03,Véhicules et accessoires,WEST,0.0,22
2025-03-10,Véhicules et accessoires,WEST,13.000000000000004,45
2025-03-17,Véhicules et accessoires,WEST,8.000000000000007,43
2025-03-24,Véhicules et accessoires,WEST,21.0,67
2025-03-31,Véhicules et accessoires,WEST,-7.0,50
2025-04-07,Véhicules et accessoires,WEST,-26.999999999999993,23
2025-04-14,Véhicules et accessoires,WEST,-20.0,23
2025-04-21,Véhicules et accessoires,WEST,-9.0,15
2025-04-28,Véhicules et accessoires,WEST,12.0,25
2025-05-05,Véhicules et accessoires,WEST,1.0,21
2025-05-12,Véhicules et accessoires,WEST,2.0,15
2025-05-19,Véhicules et accessoires,WEST,0.0,23
2025-05-26,Véhicules et accessoires,WEST,5.000000000000002,21
2025-06-02,Véhicules et accessoires,WEST,-12.0,12
2025-06-09,Véhicules et accessoires,WEST,-7.0,21
2025-06-16,Véhicules et accessoires,WEST,7.0000000000000036,32
2025-06-23,Véhicules et accessoires,WEST,-9.999999999999996,20
2025-06-30,Véhicules et accessoires,WEST,-2.9999999999999964,24
2024-01-01,Vêtements et accessoires,EAST,9.0,9
2024-01-08,Vêtements et accessoires,EAST,62.0,62
2024-01-15,Vêtements et accessoires,EAST,57.99036689299918,58
2024-01-22,Vêtements et accessoires,EAST,47.9819883394407,48
2024-01-29,Vêtements et accessoires,EAST,42.98509691566201,43
2024-02-05,Vêtements et accessoires,EAST,48.98664893751216,49
2024-02-12,Vêtements et accessoires,EAST,40.98478487061882,41
2024-02-19,Vêtements et accessoires,EAST,54.987270229378986,55
2024-02-26,Vêtements et accessoires,EAST,48.98292109280785,49
2024-03-04,Vêtements et accessoires,EAST,58.98478602847796,59
2024-03-11,Vêtements et accessoires,EAST,60.98167947450152,61
2024-03-18,Vêtements et accessoires,EAST,116.9810592444429,117
2024-03-25,Vêtements et accessoires,EAST,123.96366597858484,124
2024-04-01,Vêtements et accessoires,EAST,164.96149719857678,165
2024-04-08,Vêtements et accessoires,EAST,184.94876337579262,185
2024-04-15,Vêtements et accessoires,EAST,101.94255538142153,102
2024-04-22,Vêtements et accessoires,EAST,43.96833689988561,44
2024-04-29,Vêtements et accessoires,EAST,41.9863435456575,42
2024-05-06,Vêtements et accessoires,EAST,55.98695914778525,56
2024-05-13,Vêtements et accessoires,EAST,40.98261059195579,41
2024-05-20,Vêtements et accessoires,EAST,48.987270904704445,49
2024-05-27,Vêtements et accessoires,EAST,40.984784677437375,41
2024-06-03,Vêtements et accessoires,EAST,73.98727022943899,74
2024-06-10,Vêtements et accessoires,EAST,67.97701974081677,68
2024-06-17,Vêtements et accessoires,EAST,69.97888650943192,70
2024-06-24,Vêtements et accessoires,EAST,71.97826473467188,72
2024-07-01,Vêtements et accessoires,EAST,90.97764373284713,91
2024-07-08,Vêtements et accessoires,EAST,68.97174257373767,69
2024-07-15,Vêtements et accessoires,EAST,83.97857755103347,84
2024-07-22,Vêtements et accessoires,EAST,68.97391646600859,69
2024-07-29,Vêtements et accessoires,EAST,66.97857687582803,67
2024-08-05,Vêtements et accessoires,EAST,59.979196623262936,60
2024-08-12,Vêtements et accessoires,EAST,82.98137061308344,83
2024-08-19,Vêtements et accessoires,EAST,70.9742261959638,71
2024-08-26,Vêtements et accessoires,EAST,59.97795558468025,60
2024-09-02,Vêtements et accessoires,EAST,64.9813709985469,65
2024-09-09,Vêtements et accessoires,EAST,62.97981695036191,63
2024-09-16,Vêtements et accessoires,EAST,69.98043862799177,70
2024-09-23,Vêtements et accessoires,EAST,61.97826425258778,62
2024-09-30,Vêtements et accessoires,EAST,59.98074970772899,60
2024-10-07,Vêtements et accessoires,EAST,56.98137013069933,57
2024-10-14,Vêtements et accessoires,EAST,57.98230173041716,58
2024-10-21,Vêtements et accessoires,EAST,45.98199084359143,46
2024-10-28,Vêtements et accessoires,EAST,56.98571810983066,57
2024-11-04,Vêtements et accessoires,EAST,49.98230037994583,50
2024-11-11,Vêtements et accessoires,EAST,69.9844756237966,70
2024-11-18,Vêtements et accessoires,EAST,60.97826299870708,61
2024-11-25,Vêtements et accessoires,EAST,55.981060305591654,56
2024-12-02,Vêtements et accessoires,EAST,53.98261242412127,54
2024-12-09,Vêtements et accessoires,EAST,43.98323313698361,44
2024-12-16,Vêtements et accessoires,EAST,60.98633891892389,61
2024-12-23,Vêtements et accessoires,EAST,54.981057797231244,55
2024-12-30,Vêtements et accessoires,EAST,45.982923022373576,55
2025-01-06,Vêtements et accessoires,EAST,-32.72282181186303,47
2025-01-13,Vêtements et accessoires,EAST,10.810401313026475,54
2025-01-20,Vêtements et accessoires,EAST,-8.0462391667375,45
2025-01-27,Vêtements et accessoires,EAST,8.78099291440784,48
2025-02-03,Vêtements et accessoires,EAST,-10.1323050456256,43
2025-02-10,Vêtements et accessoires,EAST,-2.2302267628623085,34
2025-02-17,Vêtements et accessoires,EAST,-4.950047428391535,49
2025-02-24,Vêtements et accessoires,EAST,-5.669565346708609,41
2025-03-03,Vêtements et accessoires,EAST,21.669186173472944,78
2025-03-10,Vêtements et accessoires,EAST,17.798311898191102,89
2025-03-17,Vêtements et accessoires,EAST,24.620688625242266,150
2025-03-24,Vêtements et accessoires,EAST,30.408764530312766,166
2025-03-31,Vêtements et accessoires,EAST,-24.316218298300754,155
2025-04-07,Vêtements et accessoires,EAST,-102.55210675667615,71
2025-04-14,Vêtements et accessoires,EAST,11.280762909640622,65
2025-04-21,Vêtements et accessoires,EAST,6.689101406536913,56
2025-04-28,Vêtements et accessoires,EAST,4.850821213352624,50
2025-05-05,Vêtements et accessoires,EAST,0.7162697446849648,59
2025-05-12,Vêtements et accessoires,EAST,15.662785574862504,57
2025-05-19,Vêtements et accessoires,EAST,-16.373922007556203,40
2025-05-26,Vêtements et accessoires,EAST,22.70871970789829,56
2025-06-02,Vêtements et accessoires,EAST,-27.691094966290294,57
2025-06-09,Vêtements et accessoires,EAST,6.036759879607146,61
2025-06-16,Vêtements et accessoires,EAST,-4.842061287106546,68
2025-06-23,Vêtements et accessoires,EAST,-0.7203938522765583,69
2025-06-30,Vêtements et accessoires,EAST,-24.660843975931343,66
2024-01-01,Vêtements et accessoires,NORTH,13.0,13
2024-01-08,Vêtements et accessoires,NORTH,52.0,52
2024-01-15,Vêtements et accessoires,NORTH,44.987757249886364,45
2024-01-22,Vêtements et accessoires,NORTH,43.97883082724149,44
2024-01-29,Vêtements et accessoires,NORTH,60.97930557939733,61
2024-02-05,Vêtements et accessoires,NORTH,38.97130593574267,39
2024-02-12,Vêtements et accessoires,NORTH,45.981661890930255,46
2024-02-19,Vêtements et accessoires,NORTH,54.978363138962955,55
2024-02-26,Vêtements et accessoires,NORTH,56.97412970400888,57
2024-03-04,Vêtements et accessoires,NORTH,57.973190587803536,58
2024-03-11,Vêtements et accessoires,NORTH,59.97272047557572,60
2024-03-18,Vêtements et accessoires,NORTH,106.97177958852332,107
2024-03-25,Vêtements et accessoires,NORTH,146.9496639870187,147
2024-04-01,Vêtements et accessoires,NORTH,152.9308522282933,153
2024-04-08,Vêtements et accessoires,NORTH,175.92803775544718,176
2024-04-15,Vêtements et accessoires,NORTH,85.91721633475397,86
2024-04-22,Vêtements et accessoires,NORTH,58.95957129877266,59
2024-04-29,Vêtements et accessoires,NORTH,67.97225633005563,68
2024-05-06,Vêtements et accessoires,NORTH,55.968015373866294,56
2024-05-13,Vêtements et accessoires,NORTH,46.97366401905968,47
2024-05-20,Vêtements et accessoires,NORTH,64.9778963482618,65
2024-05-27,Vêtements et accessoires,NORTH,49.9694243823309,50
2024-06-03,Vêtements et accessoires,NORTH,63.97648668084189,64
2024-06-10,Vêtements et accessoires,NORTH,71.96989559978856,72
2024-06-17,Vêtements et accessoires,NORTH,70.96613426818637,71
2024-06-24,Vêtements et accessoires,NORTH,64.96660659222933,65
2024-07-01,Vêtements et accessoires,NORTH,58.96942969477226,59
2024-07-08,Vêtements et accessoires,NORTH,78.97225169114665,79
2024-07-15,Vêtements et accessoires,NORTH,72.96283928058804,73
2024-07-22,Vêtements et accessoires,NORTH,76.96566703443371,77
2024-07-29,Vêtements et accessoires,NORTH,84.96378348729114,85
2024-08-05,Vêtements et accessoires,NORTH,66.96001994053941,67
2024-08-12,Vêtements et accessoires,NORTH,61.968491685882775,62
2024-08-19,Vêtements et accessoires,NORTH,64.97084047013213,65
2024-08-26,Vêtements et accessoires,NORTH,63.96942770250351,64
2024-09-02,Vêtements et accessoires,NORTH,65.96989892141998,66
2024-09-09,Vêtements et accessoires,NORTH,65.96895759142032,66
2024-09-16,Vêtements et accessoires,NORTH,71.96895803436705,72
2024-09-23,Vêtements et accessoires,NORTH,68.96613470936165,69
2024-09-30,Vêtements et accessoires,NORTH,87.96754770028738,88
2024-10-07,Vêtements et accessoires,NORTH,59.95860650687494,60
2024-10-14,Vêtements et accessoires,NORTH,56.97178622990962,57
2024-10-21,Vêtements et accessoires,NORTH,47.97319169053496,48
2024-10-28,Vêtements et accessoires,NORTH,46.9774260163851,47
2024-11-04,Vêtements et accessoires,NORTH,59.9778945780384,60
2024-11-11,Vêtements et accessoires,NORTH,61.97177715382802,62
2024-11-18,Vêtements et accessoires,NORTH,48.97083892414161,49
2024-11-25,Vêtements et accessoires,NORTH,56.976956569356226,57
2024-12-02,Vêtements et accessoires,NORTH,65.97318925761036,66
2024-12-09,Vêtements et accessoires,NORTH,56.96895604313903,57
2024-12-16,Vêtements et accessoires,NORTH,54.97319302229104,55
2024-12-23,Vêtements et accessoires,NORTH,59.97413213682864,60
2024-12-30,Vêtements et accessoires,NORTH,43.97177892426028,57
2025-01-06,Vêtements et accessoires,NORTH,-27.876740923546222,43
2025-01-13,Vêtements et accessoires,NORTH,17.66738194298104,48
2025-01-20,Vêtements et accessoires,NORTH,-9.794887100802477,44
2025-01-27,Vêtements et accessoires,NORTH,-10.48324947876938,45
2025-02-03,Vêtements et accessoires,NORTH,19.933941231508413,53
2025-02-10,Vêtements et accessoires,NORTH,-14.3014060854019,43
2025-02-17,Vêtements et accessoires,NORTH,1.1122317036258664,48
2025-02-24,Vêtements et accessoires,NORTH,1.369001405164802,59
2025-03-03,Vêtements et accessoires,NORTH,26.223287969771036,85
2025-03-10,Vêtements et accessoires,NORTH,65.12178978066068,140
2025-03-17,Vêtements et accessoires,NORTH,4.051887320151877,148
2025-03-24,Vêtements et accessoires,NORTH,34.70107894121949,184
2025-03-31,Vêtements et accessoires,NORTH,-15.68837734914112,157
2025-04-07,Vêtements et accessoires,NORTH,-102.09887187229094,65
2025-04-14,Vêtements et accessoires,NORTH,23.927928019172754,52
2025-04-21,Vêtements et accessoires,NORTH,-16.5760101246492,56
2025-04-28,Vêtements et accessoires,NORTH,-17.59525411171026,41
2025-05-05,Vêtements et accessoires,NORTH,2.9830352926696264,49
2025-05-12,Vêtements et accessoires,NORTH,0.3075125578870015,49
2025-05-19,Vêtements et accessoires,NORTH,-17.17447367917532,48
2025-05-26,Vêtements et accessoires,NORTH,18.74429672560899,59
2025-06-02,Vêtements et accessoires,NORTH,-7.634968653072775,67
2025-06-09,Vêtements et accessoires,NORTH,21.331859097292238,89
2025-06-16,Vêtements et accessoires,NORTH,-15.103076265516009,68
2025-06-23,Vêtements et accessoires,NORTH,15.569046094476441,72
2025-06-30,Vêtements et accessoires,NORTH,5.1665761805620605,73
2024-01-01,Vêtements et accessoires,SOUTH,1.0,1
2024-01-08,Vêtements et accessoires,SOUTH,24.0,24
2024-01-15,Vêtements et accessoires,SOUTH,21.0,21
2024-01-22,Vêtements et accessoires,SOUTH,30.0,30
2024-01-29,Vêtements et accessoires,SOUTH,27.0,27
2024-02-05,Vêtements et accessoires,SOUTH,31.0,31
2024-02-12,Vêtements et accessoires,SOUTH,29.0,29
2024-02-19,Vêtements et accessoires,SOUTH,33.0,33
2024-02-26,Vêtements et accessoires,SOUTH,32.0,32
2024-03-04,Vêtements et accessoires,SOUTH,38.0,38
2024-03-11,Vêtements et accessoires,SOUTH,42.0,42
2024-03-18,Vêtements et accessoires,SOUTH,73.0,73
2024-03-25,Vêtements et accessoires,SOUTH,91.0,91
2024-04-01,Vêtements et accessoires,SOUTH,78.0,78
2024-04-08,Vêtements et accessoires,SOUTH,92.0,92
2024-04-15,Vêtements et accessoires,SOUTH,55.0,55
2024-04-22,Vêtements et accessoires,SOUTH,33.0,33
2024-04-29,Vêtements et accessoires,SOUTH,19.0,19
2024-05-06,Vêtements et accessoires,SOUTH,33.0,33
2024-05-13,Vêtements et accessoires,SOUTH,30.0,30
2024-05-20,Vêtements et accessoires,SOUTH,35.0,35
2024-05-27,Vêtements et accessoires,SOUTH,43.0,43
2024-06-03,Vêtements et accessoires,SOUTH,34.0,34
2024-06-10,Vêtements et accessoires,SOUTH,43.0,43
2024-06-17,Vêtements et accessoires,SOUTH,45.0,45
2024-06-24,Vêtements et accessoires,SOUTH,43.0,43
2024-07-01,Vêtements et accessoires,SOUTH,41.0,41
2024-07-08,Vêtements et accessoires,SOUTH,36.0,36
2024-07-15,Vêtements et accessoires,SOUTH,43.0,43
2024-07-22,Vêtements et accessoires,SOUTH,52.0,52
2024-07-29,Vêtements et accessoires,SOUTH,38.0,38
2024-08-05,Vêtements et accessoires,SOUTH,45.0,45
2024-08-12,Vêtements et accessoires,SOUTH,42.0,42
2024-08-19,Vêtements et accessoires,SOUTH,30.0,30
2024-08-26,Vêtements et accessoires,SOUTH,43.0,43
2024-09-02,Vêtements et accessoires,SOUTH,30.0,30
2024-09-09,Vêtements et accessoires,SOUTH,40.0,40
2024-09-16,Vêtements et accessoires,SOUTH,46.0,46
2024-09-23,Vêtements et accessoires,SOUTH,41.0,41
2024-09-30,Vêtements et accessoires,SOUTH,36.0,36
2024-10-07,Vêtements et accessoires,SOUTH,40.0,40
2024-10-14,Vêtements et accessoires,SOUTH,30.0,30
2024-10-21,Vêtements et accessoires,SOUTH,26.0,26
2024-10-28,Vêtements et accessoires,SOUTH,22.0,22
2024-11-04,Vêtements et accessoires,SOUTH,35.0,35
2024-11-11,Vêtements et accessoires,SOUTH,35.0,35
2024-11-18,Vêtements et accessoires,SOUTH,29.0,29
2024-11-25,Vêtements et accessoires,SOUTH,37.0,37
2024-12-02,Vêtements et accessoires,SOUTH,36.0,36
2024-12-09,Vêtements et accessoires,SOUTH,39.0,39
2024-12-16,Vêtements et accessoires,SOUTH,45.0,45
2024-12-23,Vêtements et accessoires,SOUTH,40.0,40
2024-12-30,Vêtements et accessoires,SOUTH,39.0,40
2025-01-06,Vêtements et accessoires,SOUTH,6.0,30
2025-01-13,Vêtements et accessoires,SOUTH,5.0000000000000036,26
2025-01-20,Vêtements et accessoires,SOUTH,4.0000000000000036,34
2025-01-27,Vêtements et accessoires,SOUTH,10.000000000000004,37
2025-02-03,Vêtements et accessoires,SOUTH,-5.9999999999999964,25
2025-02-10,Vêtements et accessoires,SOUTH,-6.0,23
2025-02-17,Vêtements et accessoires,SOUTH,-5.0,28
2025-02-24,Vêtements et accessoires,SOUTH,-6.9999999999999964,25
2025-03-03,Vêtements et accessoires,SOUTH,6.000000000000007,44
2025-03-10,Vêtements et accessoires,SOUTH,26.000000000000007,68
2025-03-17,Vêtements et accessoires,SOUTH,10.0,83
2025-03-24,Vêtements et accessoires,SOUTH,-4.0,87
2025-03-31,Vêtements et accessoires,SOUTH,6.0,84
2025-04-07,Vêtements et accessoires,SOUTH,-47.999999999999986,44
2025-04-14,Vêtements et accessoires,SOUTH,-20.999999999999993,34
2025-04-21,Vêtements et accessoires,SOUTH,-12.0,21
2025-04-28,Vêtements et accessoires,SOUTH,9.000000000000004,28
2025-05-05,Vêtements et accessoires,SOUTH,9.0,42
2025-05-12,Vêtements et accessoires,SOUTH,-1.9999999999999964,28
2025-05-19,Vêtements et accessoires,SOUTH,-9.0,26
2025-05-26,Vêtements et accessoires,SOUTH,-13.999999999999993,29
2025-06-02,Vêtements et accessoires,SOUTH,-1.0,33
2025-06-09,Vêtements et accessoires,SOUTH,-19.999999999999993,23
2025-06-16,Vêtements et accessoires,SOUTH,-4.999999999999993,40
2025-06-23,Vêtements et accessoires,SOUTH,4.000000000000007,47
2025-06-30,Vêtements et accessoires,SOUTH,-5.0,36
2024-01-01,Vêtements et accessoires,WEST,8.0,8
2024-01-08,Vêtements et accessoires,WEST,32.0,32
2024-01-15,Vêtements et accessoires,WEST,40.99642356935362,41
2024-01-22,Vêtements et accessoires,WEST,37.990839125646325,38
2024-01-29,Vêtements et accessoires,WEST,41.99151073966444,42
2024-02-05,Vêtements et accessoires,WEST,45.990616767758844,46
2024-02-12,Vêtements et accessoires,WEST,38.98972314569197,39
2024-02-19,Vêtements et accessoires,WEST,25.99128753357881,26
2024-02-26,Vêtements et accessoires,WEST,37.99419210495459,38
2024-03-04,Vêtements et accessoires,WEST,25.99150999042292,26
2024-03-11,Vêtements et accessoires,WEST,43.99419205524539,44
2024-03-18,Vêtements et accessoires,WEST,77.99016925768936,78
2024-03-25,Vêtements et accessoires,WEST,80.98257267105228,81
2024-04-01,Vêtements et accessoires,WEST,97.98190400217868,98
2024-04-08,Vêtements et accessoires,WEST,106.97810540881983,107
2024-04-15,Vêtements et accessoires,WEST,52.97609515851923,53
2024-04-22,Vêtements et accessoires,WEST,35.988162202422686,36
2024-04-29,Vêtements et accessoires,WEST,47.99195824875244,48
2024-05-06,Vêtements et accessoires,WEST,43.989275935015826,44
2024-05-13,Vêtements et accessoires,WEST,32.99017035622325,33
2024-05-20,Vêtements et accessoires,WEST,23.99262816639185,24
2024-05-27,Vêtements et accessoires,WEST,50.994638716297764,51
2024-06-03,Vêtements et accessoires,WEST,47.988604969678384,48
2024-06-10,Vêtements et accessoires,WEST,50.98927668432434,51
2024-06-17,Vêtements et accessoires,WEST,45.988606167853696,46
2024-06-24,Vêtements et accessoires,WEST,32.98972359497149,33
2024-07-01,Vêtements et accessoires,WEST,33.992628266223086,34
2024-07-08,Vêtements et accessoires,WEST,54.992404161701,55
2024-07-15,Vêtements et accessoires,WEST,42.98771164717203,43
2024-07-22,Vêtements et accessoires,WEST,45.990394161229354,46
2024-07-29,Vêtements et accessoires,WEST,50.98972319543461,51
2024-08-05,Vêtements et accessoires,WEST,44.98860606807835,45
2024-08-12,Vêtements et accessoires,WEST,53.98994705045123,54
2024-08-19,Vêtements et accessoires,WEST,56.98793565168439,57
2024-08-26,Vêtements et accessoires,WEST,37.987265734770084,38
2024-09-02,Vêtements et accessoires,WEST,43.991511538158136,44
2024-09-09,Vêtements et accessoires,WEST,46.990169856665524,47
2024-09-16,Vêtements et accessoires,WEST,50.989499790099245,51
2024-09-23,Vêtements et accessoires,WEST,33.988606117999495,34
2024-09-30,Vêtements et accessoires,WEST,57.992405060471974,58
2024-10-07,Vêtements et accessoires,WEST,29.987041280598856,30
2024-10-14,Vêtements et accessoires,WEST,33.99329923197321,34
2024-10-21,Vêtements et accessoires,WEST,27.99240401177004,28
2024-10-28,Vêtements et accessoires,WEST,32.99374494455655,33
2024-11-04,Vêtements et accessoires,WEST,30.99262736763058,31
2024-11-11,Vêtements et accessoires,WEST,37.99307452827413,38
2024-11-18,Vêtements et accessoires,WEST,30.991510240151527,31
2024-11-25,Vêtements et accessoires,WEST,40.993074777902365,41
2024-12-02,Vêtements et accessoires,WEST,50.99083987372341,51
2024-12-09,Vêtements et accessoires,WEST,48.9886058185505,49
2024-12-16,Vêtements et accessoires,WEST,44.98905322867721,45
2024-12-23,Vêtements et accessoires,WEST,36.98994695053075,37
2024-12-30,Vêtements et accessoires,WEST,40.99173439448329,49
2025-01-06,Vêtements et accessoires,WEST,-18.17907093971435,32
2025-01-13,Vêtements et accessoires,WEST,8.034658973900903,39
2025-01-20,Vêtements et accessoires,WEST,-15.717612033298707,27
2025-01-27,Vêtements et accessoires,WEST,-4.5766991136569715,28
2025-02-03,Vêtements et accessoires,WEST,-9.235578098930304,34
2025-02-10,Vêtements et accessoires,WEST,-6.406370583748448,27
2025-02-17,Vêtements et accessoires,WEST,-0.11605312781377819,22
2025-02-24,Vêtements et accessoires,WEST,-9.929615558840403,28
2025-03-03,Vêtements et accessoires,WEST,43.02296832206707,63
2025-03-10,Vêtements et accessoires,WEST,15.902435806931976,86
2025-03-17,Vêtements et accessoires,WEST,16.353469298081322,104
2025-03-24,Vêtements et accessoires,WEST,17.079802806350997,108
2025-03-31,Vêtements et accessoires,WEST,-5.360824721376787,103
2025-04-07,Vêtements et accessoires,WEST,-63.74805287593304,40
2025-04-14,Vêtements et accessoires,WEST,8.670424252672206,23
2025-04-21,Vêtements et accessoires,WEST,1.7404036624846313,43
2025-04-28,Vêtements et accessoires,WEST,-12.05575239174388,37
2025-05-05,Vêtements et accessoires,WEST,0.31318251485190274,37
2025-05-12,Vêtements et accessoires,WEST,-4.1899807520217465,29
2025-05-19,Vêtements et accessoires,WEST,24.541699035760303,46
2025-05-26,Vêtements et accessoires,WEST,-16.88732682044892,49
2025-06-02,Vêtements et accessoires,WEST,11.244081031634849,49
2025-06-09,Vêtements et accessoires,WEST,4.179188248564792,62
2025-06-16,Vêtements et accessoires,WEST,1.4648478396547517,50
2025-06-23,Vêtements et accessoires,WEST,25.11140347252615,59
2025-06-30,Vêtements et accessoires,WEST,-0.2329172503439949,49
2024-01-01,Équipements sportifs,EAST,4.0,4
2024-01-08,Équipements sportifs,EAST,21.0,21
2024-01-15,Équipements sportifs,EAST,30.99847859026482,31
2024-01-22,Équipements sportifs,EAST,28.995509362016602,29
2024-01-29,Équipements sportifs,EAST,25.995799524912943,26
2024-02-05,Équipements sportifs,EAST,21.996234082081155,22
2024-02-12,Équipements sportifs,EAST,21.996813484732506,22
2024-02-19,Équipements sportifs,EAST,24.99681340079653,25
2024-02-26,Équipements sportifs,EAST,19.996378801605626,20
2024-03-04,Équipements sportifs,EAST,31.99710319656955,32
2024-03-11,Équipements sportifs,EAST,27.995364694816804,28
2024-03-18,Équipements sportifs,EAST,53.995944412271385,54
2024-03-25,Équipements sportifs,EAST,63.99217780186325,64
2024-04-01,Équipements sportifs,EAST,89.99072968350833,90
2024-04-08,Équipements sportifs,EAST,94.98696336686547,95
2024-04-15,Équipements sportifs,EAST,54.9862395804731,55
2024-04-22,Équipements sportifs,EAST,23.99203434136628,24
2024-04-29,Équipements sportifs,EAST,33.99652436033178,34
2024-05-06,Équipements sportifs,EAST,24.995075045868685,25
2024-05-13,Équipements sportifs,EAST,27.996379053434847,28
2024-05-20,Équipements sportifs,EAST,33.9959442653249,34
2024-05-27,Équipements sportifs,EAST,24.99507512990496,25
2024-06-03,Équipements sportifs,EAST,29.99637905342267,30
2024-06-10,Équipements sportifs,EAST,34.995654532522856,35
2024-06-17,Équipements sportifs,EAST,35.99493030547649,36
2024-06-24,Équipements sportifs,EAST,33.99478554399163,34
2024-07-01,Équipements sportifs,EAST,28.99507529776475,29
2024-07-08,Équipements sportifs,EAST,35.995799587794274,36
2024-07-15,Équipements sportifs,EAST,30.99478541806183,31
2024-07-22,Équipements sportifs,EAST,34.99550989698606,35
2024-07-29,Équipements sportifs,EAST,40.99493032642932,41
2024-08-05,Équipements sportifs,EAST,34.99406121198349,35
2024-08-12,Équipements sportifs,EAST,43.9949305362951,44
2024-08-19,Équipements sportifs,EAST,30.993626612750024,31
2024-08-26,Équipements sportifs,EAST,38.99551006485801,39
2024-09-02,Équipements sportifs,EAST,31.994350860800914,32
2024-09-09,Équipements sportifs,EAST,39.995365093537785,40
2024-09-16,Équipements sportifs,EAST,34.99420601540137,35
2024-09-23,Équipements sportifs,EAST,34.994930515317954,35
2024-09-30,Équipements sportifs,EAST,32.99493041036226,33
2024-10-07,Équipements sportifs,EAST,29.995220143179502,30
2024-10-14,Équipements sportifs,EAST,15.995654700410016,16
2024-10-21,Équipements sportifs,EAST,26.997682767071574,27
2024-10-28,Équipements sportifs,EAST,33.99608894286162,34
2024-11-04,Équipements sportifs,EAST,30.995075108946047,31
2024-11-11,Équipements sportifs,EAST,34.995509855019584,35
2024-11-18,Équipements sportifs,EAST,22.994930326435398,23
2024-11-25,Équipements sportifs,EAST,27.996668807201875,28
2024-12-02,Équipements sportifs,EAST,27.995944223349316,28
2024-12-09,Équipements sportifs,EAST,31.99594432831717,32
2024-12-16,Équipements sportifs,EAST,15.995364862697878,16
2024-12-23,Équipements sportifs,EAST,26.997682809059317,27
2024-12-30,Équipements sportifs,EAST,27.996088942855536,32
2025-01-06,Équipements sportifs,EAST,-11.844187319254445,22
2025-01-13,Équipements sportifs,EAST,-7.117964770748124,17
2025-01-20,Équipements sportifs,EAST,1.4521580390676476,26
2025-01-27,Équipements sportifs,EAST,-3.9342644845917256,23
2025-02-03,Équipements sportifs,EAST,11.560616615442324,31
2025-02-10,Équipements sportifs,EAST,-11.561075120275849,18
2025-02-17,Équipements sportifs,EAST,12.577170019123223,30
2025-02-24,Équipements sportifs,EAST,-2.25050999223237,26
2025-03-03,Équipements sportifs,EAST,7.476883317578935,38
2025-03-10,Équipements sportifs,EAST,27.09252702895168,60
2025-03-17,Équipements sportifs,EAST,-4.78352608393206,67
2025-03-24,Équipements sportifs,EAST,31.140001708806693,92
2025-03-31,Équipements sportifs,EAST,-29.441188068667415,81
2025-04-07,Équipements sportifs,EAST,-42.67385128664279,33
2025-04-14,Équipements sportifs,EAST,1.0125661555279635,28
2025-04-21,Équipements sportifs,EAST,-5.6646835399833435,19
2025-04-28,Équipements sportifs,EAST,-0.28150357335491805,30
2025-05-05,Équipements sportifs,EAST,6.184788828997892,31
2025-05-12,Équipements sportifs,EAST,-8.059912877087726,24
2025-05-19,Équipements sportifs,EAST,5.290810435184401,34
2025-05-26,Équipements sportifs,EAST,3.5269257956579274,32
2025-06-02,Équipements sportifs,EAST,7.684801745430576,40
2025-06-09,Équipements sportifs,EAST,-7.04457441711795,33
2025-06-16,Équipements sportifs,EAST,5.62430666478323,37
2025-06-23,Équipements sportifs,EAST,-10.69199291098247,27
2025-06-30,Équipements sportifs,EAST,11.018600583792189,33
2024-01-01,Équipements sportifs,NORTH,2.0,2
2024-01-08,Équipements sportifs,NORTH,28.0,28
2024-01-15,Équipements sportifs,NORTH,34.0,34
2024-01-22,Équipements sportifs,NORTH,18.0,18
2024-01-29,Équipements sportifs,NORTH,25.0,25
2024-02-05,Équipements sportifs,NORTH,23.0,23
2024-02-12,Équipements sportifs,NORTH,28.0,28
2024-02-19,Équipements sportifs,NORTH,23.0,23
2024-02-26,Équipements sportifs,NORTH,26.0,26
2024-03-04,Équipements sportifs,NORTH,27.0,27
2024-03-11,Équipements sportifs,NORTH,26.0,26
2024-03-18,Équipements sportifs,NORTH,55.0,55
2024-03-25,Équipements sportifs,NORTH,83.0,83
2024-04-01,Équipements sportifs,NORTH,79.0,79
2024-04-08,Équipements sportifs,NORTH,99.0,99
2024-04-15,Équipements sportifs,NORTH,38.0,38
2024-04-22,Équipements sportifs,NORTH,23.0,23
2024-04-29,Équipements sportifs,NORTH,25.0,25
2024-05-06,Équipements sportifs,NORTH,33.0,33
2024-05-13,Équipements sportifs,NORTH,28.0,28
2024-05-20,Équipements sportifs,NORTH,41.0,41
2024-05-27,Équipements sportifs,NORTH,29.0,29
2024-06-03,Équipements sportifs,NORTH,31.0,31
2024-06-10,Équipements sportifs,NORTH,39.0,39
2024-06-17,Équipements sportifs,NORTH,43.0,43
2024-06-24,Équipements sportifs,NORTH,38.0,38
2024-07-01,Équipements sportifs,NORTH,31.0,31
2024-07-08,Équipements sportifs,NORTH,36.0,36
2024-07-15,Équipements sportifs,NORTH,44.0,44
2024-07-22,Équipements sportifs,NORTH,31.0,31
2024-07-29,Équipements sportifs,NORTH,30.0,30
2024-08-05,Équipements sportifs,NORTH,28.0,28
2024-08-12,Équipements sportifs,NORTH,40.0,40
2024-08-19,Équipements sportifs,NORTH,34.0,34
2024-08-26,Équipements sportifs,NORTH,29.0,29
2024-09-02,Équipements sportifs,NORTH,42.0,42
2024-09-09,Équipements sportifs,NORTH,39.0,39
2024-09-16,Équipements sportifs,NORTH,32.0,32
2024-09-23,Équipements sportifs,NORTH,36.0,36
2024-09-30,Équipements sportifs,NORTH,37.0,37
2024-10-07,Équipements sportifs,NORTH,36.0,36
2024-10-14,Équipements sportifs,NORTH,25.0,25
2024-10-21,Équipements sportifs,NORTH,20.0,20
2024-10-28,Équipements sportifs,NORTH,36.0,36
2024-11-04,Équipements sportifs,NORTH,29.0,29
2024-11-11,Équipements sportifs,NORTH,32.0,32
2024-11-18,Équipements sportifs,NORTH,35.0,35
2024-11-25,Équipements sportifs,NORTH,29.0,29
2024-12-02,Équipements sportifs,NORTH,30.0,30
2024-12-09,Équipements sportifs,NORTH,24.0,24
2024-12-16,Équipements sportifs,NORTH,27.0,27
2024-12-23,Équipements sportifs,NORTH,27.0,27
2024-12-30,Équipements sportifs,NORTH,26.0,28
2025-01-06,Équipements sportifs,NORTH,-1.0,27
2025-01-13,Équipements sportifs,NORTH,-9.0,25
2025-01-20,Équipements sportifs,NORTH,4.0,22
2025-01-27,Équipements sportifs,NORTH,12.0,37
2025-02-03,Équipements sportifs,NORTH,4.0000000000000036,27
2025-02-10,Équipements sportifs,NORTH,-13.0,15
2025-02-17,Équipements sportifs,NORTH,2.0000000000000036,25
2025-02-24,Équipements sportifs,NORTH,6.0000000000000036,32
2025-03-03,Équipements sportifs,NORTH,15.0,42
2025-03-10,Équipements sportifs,NORTH,29.000000000000004,55
2025-03-17,Équipements sportifs,NORTH,12.0,67
2025-03-24,Équipements sportifs,NORTH,11.0,94
2025-03-31,Équipements sportifs,NORTH,-10.0,69
2025-04-07,Équipements sportifs,NORTH,-67.0,32
2025-04-14,Équipements sportifs,NORTH,-12.0,26
2025-04-21,Équipements sportifs,NORTH,-8.999999999999996,14
2025-04-28,Équipements sportifs,NORTH,-4.0,21
2025-05-05,Équipements sportifs,NORTH,-8.999999999999993,24
2025-05-12,Équipements sportifs,NORTH,3.0,31
2025-05-19,Équipements sportifs,NORTH,-18.0,23
2025-05-26,Équipements sportifs,NORTH,-2.0,27
2025-06-02,Équipements sportifs,NORTH,-7.0000000000000036,24
2025-06-09,Équipements sportifs,NORTH,-3.0,36
2025-06-16,Équipements sportifs,NORTH,4.0,47
2025-06-23,Équipements sportifs,NORTH,-1.0,37
2025-06-30,Équipements sportifs,NORTH,1.9999999999999964,33
2024-01-01,Équipements sportifs,SOUTH,3.0,3
2024-01-08,Équipements sportifs,SOUTH,10.0,10
2024-01-15,Équipements sportifs,SOUTH,19.99971087762492,20
2024-01-22,Équipements sportifs,SOUTH,15.998843632137481,16
2024-01-29,Équipements sportifs,SOUTH,23.99907495919527,24
2024-02-05,Équipements sportifs,SOUTH,17.998612391987603,18
2024-02-12,Équipements sportifs,SOUTH,12.99895933410727,13
2024-02-19,Équipements sportifs,SOUTH,15.999248410192664,16
2024-02-26,Équipements sportifs,SOUTH,13.999074935791315,14
2024-03-04,Équipements sportifs,SOUTH,13.9991905842796,14
2024-03-11,Équipements sportifs,SOUTH,11.999190577592893,12
2024-03-18,Équipements sportifs,SOUTH,22.99930621605141,23
2024-03-25,Équipements sportifs,SOUTH,41.99867019784558,42
2024-04-01,Équipements sportifs,SOUTH,52.99757166926744,53
2024-04-08,Équipements sportifs,SOUTH,62.9969357212638,63
2024-04-15,Équipements sportifs,SOUTH,26.996357565743185,27
2024-04-22,Équipements sportifs,SOUTH,14.998439091418005,15
2024-04-29,Équipements sportifs,SOUTH,22.999132801814568,23
2024-05-06,Équipements sportifs,SOUTH,18.99867020787225,19
2024-05-13,Équipements sportifs,SOUTH,12.998901511535335,13
2024-05-20,Équipements sportifs,SOUTH,17.99924841353592,18
2024-05-27,Équipements sportifs,SOUTH,11.998959297332993,12
2024-06-03,Équipements sportifs,SOUTH,19.999306229423855,20
2024-06-10,Équipements sportifs,SOUTH,17.998843655531996,18
2024-06-17,Équipements sportifs,SOUTH,17.99895932073579,18
2024-06-24,Équipements sportifs,SOUTH,25.998959314048115,26
2024-07-01,Équipements sportifs,SOUTH,24.99849676021599,25
2024-07-08,Équipements sportifs,SOUTH,26.998554606189558,27
2024-07-15,Équipements sportifs,SOUTH,26.99843896438682,27
2024-07-22,Équipements sportifs,SOUTH,20.99843897107314,21
2024-07-29,Équipements sportifs,SOUTH,17.998785886447138,18
2024-08-05,Équipements sportifs,SOUTH,19.99895932407595,20
2024-08-12,Équipements sportifs,SOUTH,24.998843675589793,25
2024-08-19,Équipements sportifs,SOUTH,21.998554586131178,22
2024-08-26,Équipements sportifs,SOUTH,14.9987280605333,15
2024-09-02,Équipements sportifs,SOUTH,20.999132785106596,21
2024-09-09,Équipements sportifs,SOUTH,20.998785846331348,21
2024-09-16,Équipements sportifs,SOUTH,23.998785866391078,24
2024-09-23,Équipements sportifs,SOUTH,19.998612408702726,20
2024-09-30,Équipements sportifs,SOUTH,25.998843695648173,26
2024-10-07,Équipements sportifs,SOUTH,15.998496766900955,16
2024-10-14,Équipements sportifs,SOUTH,12.99907497925075,13
2024-10-21,Équipements sportifs,SOUTH,14.99924840350615,15
2024-10-28,Équipements sportifs,SOUTH,13.999132755020765,14
2024-11-04,Équipements sportifs,SOUTH,18.999190580936535,19
2024-11-11,Équipements sportifs,SOUTH,20.998901481447763,21
2024-11-18,Équipements sportifs,SOUTH,13.998785859705146,14
2024-11-25,Équipements sportifs,SOUTH,14.999190600993757,15
2024-12-02,Équipements sportifs,SOUTH,21.99913275836286,22
2024-12-09,Équipements sportifs,SOUTH,7.998728027103829,8
2024-12-16,Équipements sportifs,SOUTH,12.999537519711978,13
2024-12-23,Équipements sportifs,SOUTH,24.999248376762417,25
2024-12-30,Équipements sportifs,SOUTH,15.99855456273167,19
2025-01-06,Équipements sportifs,SOUTH,-3.939630317061223,12
2025-01-13,Équipements sportifs,SOUTH,-0.30358309900391944,18
2025-01-20,Équipements sportifs,SOUTH,-3.865848188866236,12
2025-01-27,Équipements sportifs,SOUTH,-7.28313476606554,15
2025-02-03,Équipements sportifs,SOUTH,-3.7622942105775685,11
2025-02-10,Équipements sportifs,SOUTH,-2.3271528330889772,9
2025-02-17,Équipements sportifs,SOUTH,1.0347730669146618,16
2025-02-24,Équipements sportifs,SOUTH,-0.4601173696668912,14
2025-03-03,Équipements sportifs,SOUTH,7.204593952880911,21
2025-03-10,Équipements sportifs,SOUTH,25.796433060409313,41
2025-03-17,Équipements sportifs,SOUTH,8.52945696755809,43
2025-03-24,Équipements sportifs,SOUTH,-7.792675681065276,38
2025-03-31,Équipements sportifs,SOUTH,-1.5349386571371468,48
2025-04-07,Équipements sportifs,SOUTH,-41.31748005119079,21
2025-04-14,Équipements sportifs,SOUTH,3.372072552132643,12
2025-04-21,Équipements sportifs,SOUTH,0.5005871243071951,17
2025-04-28,Équipements sportifs,SOUTH,-12.222589154886414,11
2025-05-05,Équipements sportifs,SOUTH,2.4348497162712732,16
2025-05-12,Équipements sportifs,SOUTH,2.9173290436298647,17
2025-05-19,Équipements sportifs,SOUTH,-3.2972083675661317,16
2025-05-26,Équipements sportifs,SOUTH,8.466124053903094,19
2025-06-02,Équipements sportifs,SOUTH,-7.764514320918469,16
2025-06-09,Équipements sportifs,SOUTH,12.452539222195606,27
2025-06-16,Équipements sportifs,SOUTH,-9.537098433154004,14
2025-06-23,Équipements sportifs,SOUTH,-4.759270310353493,17
2025-06-30,Équipements sportifs,SOUTH,-3.883761078106584,19
2024-01-01,Équipements sportifs,WEST,1.0,1
2024-01-08,Équipements sportifs,WEST,15.0,15
2024-01-15,Équipements sportifs,WEST,15.0,15
2024-01-22,Équipements sportifs,WEST,14.0,14
2024-01-29,Équipements sportifs,WEST,16.0,16
2024-02-05,Équipements sportifs,WEST,19.0,19
2024-02-12,Équipements sportifs,WEST,12.0,12
2024-02-19,Équipements sportifs,WEST,22.0,22
2024-02-26,Équipements sportifs,WEST,14.0,14
2024-03-04,Équipements sportifs,WEST,16.0,16
2024-03-11,Équipements sportifs,WEST,26.0,26
2024-03-18,Équipements sportifs,WEST,47.0,47
2024-03-25,Équipements sportifs,WEST,50.0,50
2024-04-01,Équipements sportifs,WEST,49.0,49
2024-04-08,Équipements sportifs,WEST,66.0,66
2024-04-15,Équipements sportifs,WEST,34.0,34
2024-04-22,Équipements sportifs,WEST,10.0,10
2024-04-29,Équipements sportifs,WEST,20.0,20
2024-05-06,Équipements sportifs,WEST,23.0,23
2024-05-13,Équipements sportifs,WEST,15.0,15
2024-05-20,Équipements sportifs,WEST,30.0,30
2024-05-27,Équipements sportifs,WEST,21.0,21
2024-06-03,Équipements sportifs,WEST,24.0,24
2024-06-10,Équipements sportifs,WEST,32.0,32
2024-06-17,Équipements sportifs,WEST,28.0,28
2024-06-24,Équipements sportifs,WEST,27.0,27
2024-07-01,Équipements sportifs,WEST,23.0,23
2024-07-08,Équipements sportifs,WEST,30.0,30
2024-07-15,Équipements sportifs,WEST,25.0,25
2024-07-22,Équipements sportifs,WEST,29.0,29
2024-07-29,Équipements sportifs,WEST,21.0,21
2024-08-05,Équipements sportifs,WEST,20.0,20
2024-08-12,Équipements sportifs,WEST,28.0,28
2024-08-19,Équipements sportifs,WEST,26.0,26
2024-08-26,Équipements sportifs,WEST,22.0,22
2024-09-02,Équipements sportifs,WEST,25.0,25
2024-09-09,Équipements sportifs,WEST,22.0,22
2024-09-16,Équipements sportifs,WEST,27.0,27
2024-09-23,Équipements sportifs,WEST,29.0,29
2024-09-30,Équipements sportifs,WEST,30.0,30
2024-10-07,Équipements sportifs,WEST,21.0,21
2024-10-14,Équipements sportifs,WEST,14.0,14
2024-10-21,Équipements sportifs,WEST,15.0,15
2024-10-28,Équipements sportifs,WEST,19.0,19
2024-11-04,Équipements sportifs,WEST,20.0,20
2024-11-11,Équipements sportifs,WEST,22.0,22
2024-11-18,Équipements sportifs,WEST,13.0,13
2024-11-25,Équipements sportifs,WEST,14.0,14
2024-12-02,Équipements sportifs,WEST,19.0,19
2024-12-09,Équipements sportifs,WEST,27.0,27
2024-12-16,Équipements sportifs,WEST,18.0,18
2024-12-23,Équipements sportifs,WEST,22.0,22
2024-12-30,Équipements sportifs,WEST,21.0,22
2025-01-06,Équipements sportifs,WEST,-6.999999999999998,8
2025-01-13,Équipements sportifs,WEST,4.000000000000002,19
2025-01-20,Équipements sportifs,WEST,2.0000000000000018,16
2025-01-27,Équipements sportifs,WEST,-2.9999999999999982,13
2025-02-03,Équipements sportifs,WEST,-3.9999999999999964,15
2025-02-10,Équipements sportifs,WEST,2.0000000000000018,14
2025-02-17,Équipements sportifs,WEST,-6.9999999999999964,15
2025-02-24,Équipements sportifs,WEST,1.7763568394002505e-15,14
2025-03-03,Équipements sportifs,WEST,13.000000000000002,29
2025-03-10,Équipements sportifs,WEST,5.0,31
2025-03-17,Équipements sportifs,WEST,3.000000000000007,50
2025-03-24,Équipements sportifs,WEST,-9.999999999999993,40
2025-03-31,Équipements sportifs,WEST,10.000000000000007,59
2025-04-07,Équipements sportifs,WEST,-37.0,29
2025-04-14,Équipements sportifs,WEST,-20.999999999999993,13
2025-04-21,Équipements sportifs,WEST,5.0,15
2025-04-28,Équipements sportifs,WEST,-1.0,19
2025-05-05,Équipements sportifs,WEST,-1.0,22
2025-05-12,Équipements sportifs,WEST,6.000000000000002,21
2025-05-19,Équipements sportifs,WEST,-12.999999999999996,17
2025-05-26,Équipements sportifs,WEST,-8.0,13
2025-06-02,Équipements sportifs,WEST,-3.9999999999999964,20
2025-06-09,Équipements sportifs,WEST,-9.999999999999996,22
2025-06-16,Équipements sportifs,WEST,-5.9999999999999964,22
2025-06-23,Équipements sportifs,WEST,-1.9999999999999964,25
2025-06-30,Équipements sportifs,WEST,8.0,31
