date expédition,Categorie,region,demand
2024-01-01,Animaux et articles pour animaux de compagnie,EAST,2
2024-01-01,Animaux et articles pour animaux de compagnie,NORTH,4
2024-01-01,Animaux et articles pour animaux de compagnie,SOUTH,3
2024-01-01,Animaux et articles pour animaux de compagnie,WEST,5
2024-01-01,"Appareils photo, caméras et instruments d'optique",EAST,2
2024-01-01,"Appareils photo, caméras et instruments d'optique",WEST,1
2024-01-01,Appareils électroniques,EAST,5
2024-01-01,Appareils électroniques,NORTH,9
2024-01-01,Appareils électroniques,SOUTH,6
2024-01-01,Appareils électroniques,WEST,3
2024-01-01,Arts et loisirs,EAST,5
2024-01-01,Arts et loisirs,NORTH,5
2024-01-01,Arts et loisirs,SOUTH,4
2024-01-01,Arts et loisirs,WEST,1
2024-01-01,Bagages et maroquinerie,NORTH,2
2024-01-01,Bagages et maroquinerie,SOUTH,1
2024-01-01,Bagages et maroquinerie,WEST,4
2024-01-01,Bébés et tout-petits,EAST,4
2024-01-01,Bébés et tout-petits,NORTH,4
2024-01-01,Bébés et tout-petits,SOUTH,2
2024-01-01,Bébés et tout-petits,WEST,1
2024-01-01,Entreprise et industrie,EAST,1
2024-01-01,Entreprise et industrie,NORTH,2
2024-01-01,Entreprise et industrie,SOUTH,1
2024-01-01,Entreprise et industrie,WEST,1
2024-01-01,Fournitures de bureau,EAST,4
2024-01-01,Fournitures de bureau,NORTH,1
2024-01-01,Fournitures de bureau,SOUTH,3
2024-01-01,Fournitures de bureau,WEST,1
2024-01-01,Jeux et jouets,EAST,2
2024-01-01,Jeux et jouets,NORTH,1
2024-01-01,Jeux et jouets,SOUTH,1
2024-01-01,Jeux et jouets,WEST,1
2024-01-01,Logiciels,EAST,2
2024-01-01,Lots,NORTH,1
2024-01-01,Lots,SOUTH,1
2024-01-01,Lots,WEST,1
2024-01-01,Maison et jardin,EAST,12
2024-01-01,Maison et jardin,NORTH,9
2024-01-01,Maison et jardin,SOUTH,8
2024-01-01,Maison et jardin,WEST,4
2024-01-01,Meubles,EAST,1
2024-01-01,Meubles,NORTH,4
2024-01-01,Meubles,SOUTH,1
2024-01-01,Meubles,WEST,2
2024-01-01,Modules complémentaires du produit,NORTH,2
2024-01-01,Modules complémentaires du produit,SOUTH,1
2024-01-01,Médias,EAST,4
2024-01-01,Médias,NORTH,4
2024-01-01,Médias,SOUTH,1
2024-01-01,Médias,WEST,1
2024-01-01,Non classé,NORTH,1
2024-01-01,Offices religieux et cérémonies,EAST,1
2024-01-01,Offices religieux et cérémonies,WEST,2
2024-01-01,Quincaillerie,EAST,5
2024-01-01,Quincaillerie,NORTH,4
2024-01-01,Quincaillerie,SOUTH,2
2024-01-01,Quincaillerie,WEST,3
2024-01-01,Santé et beauté,EAST,4
2024-01-01,Santé et beauté,NORTH,3
2024-01-01,Santé et beauté,SOUTH,3
2024-01-01,Santé et beauté,WEST,4
2024-01-01,Véhicules et accessoires,EAST,2
2024-01-01,Véhicules et accessoires,NORTH,5
2024-01-01,Véhicules et accessoires,SOUTH,1
2024-01-01,Véhicules et accessoires,WEST,1
2024-01-01,Vêtements et accessoires,EAST,9
2024-01-01,Vêtements et accessoires,NORTH,13
2024-01-01,Vêtements et accessoires,SOUTH,1
2024-01-01,Vêtements et accessoires,WEST,8
2024-01-01,Équipements sportifs,EAST,4
2024-01-01,Équipements sportifs,NORTH,2
2024-01-01,Équipements sportifs,SOUTH,3
2024-01-01,Équipements sportifs,WEST,1
2024-01-08,Animaux et articles pour animaux de compagnie,EAST,17
2024-01-08,Animaux et articles pour animaux de compagnie,NORTH,21
2024-01-08,Animaux et articles pour animaux de compagnie,SOUTH,11
2024-01-08,Animaux et articles pour animaux de compagnie,WEST,16
2024-01-08,"Appareils photo, caméras et instruments d'optique",EAST,5
2024-01-08,"Appareils photo, caméras et instruments d'optique",NORTH,4
2024-01-08,"Appareils photo, caméras et instruments d'optique",SOUTH,5
2024-01-08,"Appareils photo, caméras et instruments d'optique",WEST,2
2024-01-08,Appareils électroniques,EAST,21
2024-01-08,Appareils électroniques,NORTH,41
2024-01-08,Appareils électroniques,SOUTH,18
2024-01-08,Appareils électroniques,WEST,21
2024-01-08,Arts et loisirs,EAST,19
2024-01-08,Arts et loisirs,NORTH,31
2024-01-08,Arts et loisirs,SOUTH,13
2024-01-08,Arts et loisirs,WEST,20
2024-01-08,Bagages et maroquinerie,EAST,21
2024-01-08,Bagages et maroquinerie,NORTH,26
2024-01-08,Bagages et maroquinerie,SOUTH,9
2024-01-08,Bagages et maroquinerie,WEST,16
2024-01-08,Bébés et tout-petits,EAST,27
2024-01-08,Bébés et tout-petits,NORTH,27
2024-01-08,Bébés et tout-petits,SOUTH,12
2024-01-08,Bébés et tout-petits,WEST,21
2024-01-08,Entreprise et industrie,EAST,10
2024-01-08,Entreprise et industrie,NORTH,9
2024-01-08,Entreprise et industrie,SOUTH,9
2024-01-08,Entreprise et industrie,WEST,5
2024-01-08,Fournitures de bureau,EAST,23
2024-01-08,Fournitures de bureau,NORTH,26
2024-01-08,Fournitures de bureau,SOUTH,10
2024-01-08,Fournitures de bureau,WEST,19
2024-01-08,Jeux et jouets,EAST,15
2024-01-08,Jeux et jouets,NORTH,8
2024-01-08,Jeux et jouets,SOUTH,13
2024-01-08,Jeux et jouets,WEST,6
2024-01-08,Logiciels,NORTH,3
2024-01-08,Logiciels,SOUTH,2
2024-01-08,Logiciels,WEST,4
2024-01-08,Lots,EAST,3
2024-01-08,Lots,NORTH,6
2024-01-08,Lots,SOUTH,1
2024-01-08,Lots,WEST,4
2024-01-08,Maison et jardin,EAST,74
2024-01-08,Maison et jardin,NORTH,65
2024-01-08,Maison et jardin,SOUTH,46
2024-01-08,Maison et jardin,WEST,42
2024-01-08,Meubles,EAST,27
2024-01-08,Meubles,NORTH,34
2024-01-08,Meubles,SOUTH,20
2024-01-08,Meubles,WEST,11
2024-01-08,Modules complémentaires du produit,EAST,4
2024-01-08,Modules complémentaires du produit,NORTH,1
2024-01-08,Modules complémentaires du produit,SOUTH,1
2024-01-08,Modules complémentaires du produit,WEST,2
2024-01-08,Médias,EAST,7
2024-01-08,Médias,NORTH,12
2024-01-08,Médias,SOUTH,6
2024-01-08,Médias,WEST,8
2024-01-08,Non classé,EAST,3
2024-01-08,Non classé,NORTH,2
2024-01-08,Non classé,SOUTH,1
2024-01-08,Offices religieux et cérémonies,EAST,8
2024-01-08,Offices religieux et cérémonies,NORTH,6
2024-01-08,Offices religieux et cérémonies,SOUTH,1
2024-01-08,Offices religieux et cérémonies,WEST,3
2024-01-08,Quincaillerie,EAST,24
2024-01-08,Quincaillerie,NORTH,20
2024-01-08,Quincaillerie,SOUTH,11
2024-01-08,Quincaillerie,WEST,22
2024-01-08,Santé et beauté,EAST,30
2024-01-08,Santé et beauté,NORTH,30
2024-01-08,Santé et beauté,SOUTH,22
2024-01-08,Santé et beauté,WEST,33
2024-01-08,Véhicules et accessoires,EAST,25
2024-01-08,Véhicules et accessoires,NORTH,19
2024-01-08,Véhicules et accessoires,SOUTH,15
2024-01-08,Véhicules et accessoires,WEST,22
2024-01-08,Vêtements et accessoires,EAST,62
2024-01-08,Vêtements et accessoires,NORTH,52
2024-01-08,Vêtements et accessoires,SOUTH,24
2024-01-08,Vêtements et accessoires,WEST,32
2024-01-08,Équipements sportifs,EAST,21
2024-01-08,Équipements sportifs,NORTH,28
2024-01-08,Équipements sportifs,SOUTH,10
2024-01-08,Équipements sportifs,WEST,15
2024-01-15,Animaux et articles pour animaux de compagnie,EAST,30
2024-01-15,Animaux et articles pour animaux de compagnie,NORTH,24
2024-01-15,Animaux et articles pour animaux de compagnie,SOUTH,13
2024-01-15,Animaux et articles pour animaux de compagnie,WEST,22
2024-01-15,"Appareils photo, caméras et instruments d'optique",EAST,3
2024-01-15,"Appareils photo, caméras et instruments d'optique",NORTH,3
2024-01-15,"Appareils photo, caméras et instruments d'optique",SOUTH,3
2024-01-15,"Appareils photo, caméras et instruments d'optique",WEST,7
2024-01-15,Appareils électroniques,EAST,29
2024-01-15,Appareils électroniques,NORTH,35
2024-01-15,Appareils électroniques,SOUTH,16
2024-01-15,Appareils électroniques,WEST,23
2024-01-15,Arts et loisirs,EAST,27
2024-01-15,Arts et loisirs,NORTH,22
2024-01-15,Arts et loisirs,SOUTH,13
2024-01-15,Arts et loisirs,WEST,16
2024-01-15,Bagages et maroquinerie,EAST,26
2024-01-15,Bagages et maroquinerie,NORTH,31
2024-01-15,Bagages et maroquinerie,SOUTH,14
2024-01-15,Bagages et maroquinerie,WEST,22
2024-01-15,Bébés et tout-petits,EAST,29
2024-01-15,Bébés et tout-petits,NORTH,31
2024-01-15,Bébés et tout-petits,SOUTH,14
2024-01-15,Bébés et tout-petits,WEST,15
2024-01-15,Entreprise et industrie,EAST,17
2024-01-15,Entreprise et industrie,NORTH,9
2024-01-15,Entreprise et industrie,SOUTH,1
2024-01-15,Entreprise et industrie,WEST,11
2024-01-15,Fournitures de bureau,EAST,24
2024-01-15,Fournitures de bureau,NORTH,31
2024-01-15,Fournitures de bureau,SOUTH,17
2024-01-15,Fournitures de bureau,WEST,11
2024-01-15,Jeux et jouets,EAST,15
2024-01-15,Jeux et jouets,NORTH,5
2024-01-15,Jeux et jouets,SOUTH,6
2024-01-15,Jeux et jouets,WEST,8
2024-01-15,Logiciels,EAST,1
2024-01-15,Logiciels,NORTH,2
2024-01-15,Logiciels,SOUTH,2
2024-01-15,Lots,EAST,5
2024-01-15,Lots,NORTH,2
2024-01-15,Lots,SOUTH,3
2024-01-15,Lots,WEST,2
2024-01-15,Maison et jardin,EAST,83
2024-01-15,Maison et jardin,NORTH,74
2024-01-15,Maison et jardin,SOUTH,47
2024-01-15,Maison et jardin,WEST,52
2024-01-15,Meubles,EAST,32
2024-01-15,Meubles,NORTH,22
2024-01-15,Meubles,SOUTH,16
2024-01-15,Meubles,WEST,22
2024-01-15,Modules complémentaires du produit,EAST,2
2024-01-15,Modules complémentaires du produit,NORTH,3
2024-01-15,Modules complémentaires du produit,SOUTH,2
2024-01-15,Modules complémentaires du produit,WEST,2
2024-01-15,Médias,EAST,13
2024-01-15,Médias,NORTH,14
2024-01-15,Médias,SOUTH,5
2024-01-15,Médias,WEST,8
2024-01-15,Non classé,EAST,2
2024-01-15,Non classé,NORTH,2
2024-01-15,Non classé,WEST,1
2024-01-15,Offices religieux et cérémonies,EAST,15
2024-01-15,Offices religieux et cérémonies,NORTH,6
2024-01-15,Offices religieux et cérémonies,SOUTH,5
2024-01-15,Offices religieux et cérémonies,WEST,7
2024-01-15,Quincaillerie,EAST,29
2024-01-15,Quincaillerie,NORTH,22
2024-01-15,Quincaillerie,SOUTH,16
2024-01-15,Quincaillerie,WEST,18
2024-01-15,Santé et beauté,EAST,45
2024-01-15,Santé et beauté,NORTH,35
2024-01-15,Santé et beauté,SOUTH,20
2024-01-15,Santé et beauté,WEST,18
2024-01-15,Véhicules et accessoires,EAST,25
2024-01-15,Véhicules et accessoires,NORTH,26
2024-01-15,Véhicules et accessoires,SOUTH,12
2024-01-15,Véhicules et accessoires,WEST,15
2024-01-15,Vêtements et accessoires,EAST,58
2024-01-15,Vêtements et accessoires,NORTH,45
2024-01-15,Vêtements et accessoires,SOUTH,21
2024-01-15,Vêtements et accessoires,WEST,41
2024-01-15,Équipements sportifs,EAST,31
2024-01-15,Équipements sportifs,NORTH,34
2024-01-15,Équipements sportifs,SOUTH,20
2024-01-15,Équipements sportifs,WEST,15
2024-01-22,Animaux et articles pour animaux de compagnie,EAST,27
2024-01-22,Animaux et articles pour animaux de compagnie,NORTH,27
2024-01-22,Animaux et articles pour animaux de compagnie,SOUTH,20
2024-01-22,Animaux et articles pour animaux de compagnie,WEST,21
2024-01-22,"Appareils photo, caméras et instruments d'optique",EAST,2
2024-01-22,"Appareils photo, caméras et instruments d'optique",NORTH,5
2024-01-22,"Appareils photo, caméras et instruments d'optique",SOUTH,1
2024-01-22,"Appareils photo, caméras et instruments d'optique",WEST,4
2024-01-22,Appareils électroniques,EAST,29
2024-01-22,Appareils électroniques,NORTH,27
2024-01-22,Appareils électroniques,SOUTH,18
2024-01-22,Appareils électroniques,WEST,21
2024-01-22,Arts et loisirs,EAST,27
2024-01-22,Arts et loisirs,NORTH,28
2024-01-22,Arts et loisirs,SOUTH,14
2024-01-22,Arts et loisirs,WEST,19
2024-01-22,Bagages et maroquinerie,EAST,24
2024-01-22,Bagages et maroquinerie,NORTH,23
2024-01-22,Bagages et maroquinerie,SOUTH,20
2024-01-22,Bagages et maroquinerie,WEST,16
2024-01-22,Bébés et tout-petits,EAST,25
2024-01-22,Bébés et tout-petits,NORTH,19
2024-01-22,Bébés et tout-petits,SOUTH,16
2024-01-22,Bébés et tout-petits,WEST,14
2024-01-22,Entreprise et industrie,EAST,10
2024-01-22,Entreprise et industrie,NORTH,5
2024-01-22,Entreprise et industrie,SOUTH,8
2024-01-22,Entreprise et industrie,WEST,3
2024-01-22,Fournitures de bureau,EAST,22
2024-01-22,Fournitures de bureau,NORTH,26
2024-01-22,Fournitures de bureau,SOUTH,11
2024-01-22,Fournitures de bureau,WEST,13
2024-01-22,Jeux et jouets,EAST,7
2024-01-22,Jeux et jouets,NORTH,15
2024-01-22,Jeux et jouets,SOUTH,9
2024-01-22,Jeux et jouets,WEST,8
2024-01-22,Logiciels,EAST,4
2024-01-22,Logiciels,NORTH,4
2024-01-22,Logiciels,SOUTH,1
2024-01-22,Logiciels,WEST,2
2024-01-22,Lots,EAST,7
2024-01-22,Lots,NORTH,4
2024-01-22,Lots,SOUTH,3
2024-01-22,Lots,WEST,2
2024-01-22,Maison et jardin,EAST,83
2024-01-22,Maison et jardin,NORTH,76
2024-01-22,Maison et jardin,SOUTH,42
2024-01-22,Maison et jardin,WEST,39
2024-01-22,Meubles,EAST,20
2024-01-22,Meubles,NORTH,24
2024-01-22,Meubles,SOUTH,14
2024-01-22,Meubles,WEST,20
2024-01-22,Modules complémentaires du produit,EAST,5
2024-01-22,Modules complémentaires du produit,NORTH,2
2024-01-22,Modules complémentaires du produit,SOUTH,1
2024-01-22,Médias,EAST,7
2024-01-22,Médias,NORTH,13
2024-01-22,Médias,SOUTH,8
2024-01-22,Médias,WEST,10
2024-01-22,Non classé,EAST,3
2024-01-22,Non classé,NORTH,3
2024-01-22,Non classé,WEST,2
2024-01-22,Offices religieux et cérémonies,EAST,2
2024-01-22,Offices religieux et cérémonies,NORTH,4
2024-01-22,Offices religieux et cérémonies,SOUTH,3
2024-01-22,Offices religieux et cérémonies,WEST,5
2024-01-22,Quincaillerie,EAST,17
2024-01-22,Quincaillerie,NORTH,21
2024-01-22,Quincaillerie,SOUTH,11
2024-01-22,Quincaillerie,WEST,20
2024-01-22,Santé et beauté,EAST,29
2024-01-22,Santé et beauté,NORTH,29
2024-01-22,Santé et beauté,SOUTH,18
2024-01-22,Santé et beauté,WEST,11
2024-01-22,Véhicules et accessoires,EAST,16
2024-01-22,Véhicules et accessoires,NORTH,22
2024-01-22,Véhicules et accessoires,SOUTH,12
2024-01-22,Véhicules et accessoires,WEST,20
2024-01-22,Vêtements et accessoires,EAST,48
2024-01-22,Vêtements et accessoires,NORTH,44
2024-01-22,Vêtements et accessoires,SOUTH,30
2024-01-22,Vêtements et accessoires,WEST,38
2024-01-22,Équipements sportifs,EAST,29
2024-01-22,Équipements sportifs,NORTH,18
2024-01-22,Équipements sportifs,SOUTH,16
2024-01-22,Équipements sportifs,WEST,14
2024-01-29,Animaux et articles pour animaux de compagnie,EAST,23
2024-01-29,Animaux et articles pour animaux de compagnie,NORTH,24
2024-01-29,Animaux et articles pour animaux de compagnie,SOUTH,11
2024-01-29,Animaux et articles pour animaux de compagnie,WEST,18
2024-01-29,"Appareils photo, caméras et instruments d'optique",EAST,7
2024-01-29,"Appareils photo, caméras et instruments d'optique",NORTH,3
2024-01-29,"Appareils photo, caméras et instruments d'optique",SOUTH,3
2024-01-29,"Appareils photo, caméras et instruments d'optique",WEST,3
2024-01-29,Appareils électroniques,EAST,32
2024-01-29,Appareils électroniques,NORTH,46
2024-01-29,Appareils électroniques,SOUTH,15
2024-01-29,Appareils électroniques,WEST,17
2024-01-29,Arts et loisirs,EAST,27
2024-01-29,Arts et loisirs,NORTH,20
2024-01-29,Arts et loisirs,SOUTH,14
2024-01-29,Arts et loisirs,WEST,19
2024-01-29,Bagages et maroquinerie,EAST,36
2024-01-29,Bagages et maroquinerie,NORTH,14
2024-01-29,Bagages et maroquinerie,SOUTH,11
2024-01-29,Bagages et maroquinerie,WEST,12
2024-01-29,Bébés et tout-petits,EAST,11
2024-01-29,Bébés et tout-petits,NORTH,25
2024-01-29,Bébés et tout-petits,SOUTH,19
2024-01-29,Bébés et tout-petits,WEST,26
2024-01-29,Entreprise et industrie,EAST,8
2024-01-29,Entreprise et industrie,NORTH,10
2024-01-29,Entreprise et industrie,SOUTH,5
2024-01-29,Entreprise et industrie,WEST,7
2024-01-29,Fournitures de bureau,EAST,24
2024-01-29,Fournitures de bureau,NORTH,23
2024-01-29,Fournitures de bureau,SOUTH,15
2024-01-29,Fournitures de bureau,WEST,17
2024-01-29,Jeux et jouets,EAST,9
2024-01-29,Jeux et jouets,NORTH,10
2024-01-29,Jeux et jouets,SOUTH,6
2024-01-29,Jeux et jouets,WEST,13
2024-01-29,Logiciels,EAST,1
2024-01-29,Logiciels,NORTH,2
2024-01-29,Lots,EAST,5
2024-01-29,Lots,NORTH,2
2024-01-29,Lots,SOUTH,6
2024-01-29,Lots,WEST,1
2024-01-29,Maison et jardin,EAST,73
2024-01-29,Maison et jardin,NORTH,69
2024-01-29,Maison et jardin,SOUTH,38
2024-01-29,Maison et jardin,WEST,60
2024-01-29,Meubles,EAST,32
2024-01-29,Meubles,NORTH,33
2024-01-29,Meubles,SOUTH,11
2024-01-29,Meubles,WEST,27
2024-01-29,Modules complémentaires du produit,EAST,4
2024-01-29,Modules complémentaires du produit,NORTH,4
2024-01-29,Modules complémentaires du produit,SOUTH,3
2024-01-29,Médias,EAST,15
2024-01-29,Médias,NORTH,12
2024-01-29,Médias,SOUTH,10
2024-01-29,Médias,WEST,8
2024-01-29,Non classé,NORTH,3
2024-01-29,Non classé,SOUTH,1
2024-01-29,Non classé,WEST,2
2024-01-29,Offices religieux et cérémonies,EAST,7
2024-01-29,Offices religieux et cérémonies,NORTH,8
2024-01-29,Offices religieux et cérémonies,SOUTH,6
2024-01-29,Offices religieux et cérémonies,WEST,1
2024-01-29,Quincaillerie,EAST,23
2024-01-29,Quincaillerie,NORTH,28
2024-01-29,Quincaillerie,SOUTH,14
2024-01-29,Quincaillerie,WEST,16
2024-01-29,Santé et beauté,EAST,27
2024-01-29,Santé et beauté,NORTH,24
2024-01-29,Santé et beauté,SOUTH,19
2024-01-29,Santé et beauté,WEST,21
2024-01-29,Véhicules et accessoires,EAST,22
2024-01-29,Véhicules et accessoires,NORTH,24
2024-01-29,Véhicules et accessoires,SOUTH,10
2024-01-29,Véhicules et accessoires,WEST,13
2024-01-29,Vêtements et accessoires,EAST,43
2024-01-29,Vêtements et accessoires,NORTH,61
2024-01-29,Vêtements et accessoires,SOUTH,27
2024-01-29,Vêtements et accessoires,WEST,42
2024-01-29,Équipements sportifs,EAST,26
2024-01-29,Équipements sportifs,NORTH,25
2024-01-29,Équipements sportifs,SOUTH,24
2024-01-29,Équipements sportifs,WEST,16
2024-02-05,Animaux et articles pour animaux de compagnie,EAST,32
2024-02-05,Animaux et articles pour animaux de compagnie,NORTH,22
2024-02-05,Animaux et articles pour animaux de compagnie,SOUTH,15
2024-02-05,Animaux et articles pour animaux de compagnie,WEST,23
2024-02-05,"Appareils photo, caméras et instruments d'optique",EAST,3
2024-02-05,"Appareils photo, caméras et instruments d'optique",NORTH,2
2024-02-05,"Appareils photo, caméras et instruments d'optique",SOUTH,3
2024-02-05,"Appareils photo, caméras et instruments d'optique",WEST,8
2024-02-05,Appareils électroniques,EAST,31
2024-02-05,Appareils électroniques,NORTH,35
2024-02-05,Appareils électroniques,SOUTH,12
2024-02-05,Appareils électroniques,WEST,19
2024-02-05,Arts et loisirs,EAST,26
2024-02-05,Arts et loisirs,NORTH,34
2024-02-05,Arts et loisirs,SOUTH,12
2024-02-05,Arts et loisirs,WEST,14
2024-02-05,Bagages et maroquinerie,EAST,26
2024-02-05,Bagages et maroquinerie,NORTH,29
2024-02-05,Bagages et maroquinerie,SOUTH,20
2024-02-05,Bagages et maroquinerie,WEST,19
2024-02-05,Bébés et tout-petits,EAST,14
2024-02-05,Bébés et tout-petits,NORTH,19
2024-02-05,Bébés et tout-petits,SOUTH,12
2024-02-05,Bébés et tout-petits,WEST,20
2024-02-05,Entreprise et industrie,EAST,7
2024-02-05,Entreprise et industrie,NORTH,11
2024-02-05,Entreprise et industrie,SOUTH,4
2024-02-05,Entreprise et industrie,WEST,6
2024-02-05,Fournitures de bureau,EAST,16
2024-02-05,Fournitures de bureau,NORTH,24
2024-02-05,Fournitures de bureau,SOUTH,18
2024-02-05,Fournitures de bureau,WEST,14
2024-02-05,Jeux et jouets,EAST,10
2024-02-05,Jeux et jouets,NORTH,12
2024-02-05,Jeux et jouets,SOUTH,7
2024-02-05,Jeux et jouets,WEST,5
2024-02-05,Logiciels,EAST,2
2024-02-05,Logiciels,NORTH,2
2024-02-05,Logiciels,SOUTH,2
2024-02-05,Logiciels,WEST,1
2024-02-05,Lots,EAST,4
2024-02-05,Lots,NORTH,5
2024-02-05,Lots,SOUTH,1
2024-02-05,Lots,WEST,1
2024-02-05,Maison et jardin,EAST,83
2024-02-05,Maison et jardin,NORTH,79
2024-02-05,Maison et jardin,SOUTH,31
2024-02-05,Maison et jardin,WEST,57
2024-02-05,Meubles,EAST,36
2024-02-05,Meubles,NORTH,42
2024-02-05,Meubles,SOUTH,12
2024-02-05,Meubles,WEST,26
2024-02-05,Modules complémentaires du produit,EAST,5
2024-02-05,Modules complémentaires du produit,NORTH,4
2024-02-05,Modules complémentaires du produit,SOUTH,1
2024-02-05,Modules complémentaires du produit,WEST,3
2024-02-05,Médias,EAST,15
2024-02-05,Médias,NORTH,12
2024-02-05,Médias,SOUTH,8
2024-02-05,Médias,WEST,11
2024-02-05,Non classé,EAST,1
2024-02-05,Non classé,SOUTH,2
2024-02-05,Offices religieux et cérémonies,EAST,8
2024-02-05,Offices religieux et cérémonies,NORTH,9
2024-02-05,Offices religieux et cérémonies,SOUTH,3
2024-02-05,Offices religieux et cérémonies,WEST,5
2024-02-05,Quincaillerie,EAST,20
2024-02-05,Quincaillerie,NORTH,29
2024-02-05,Quincaillerie,SOUTH,18
2024-02-05,Quincaillerie,WEST,12
2024-02-05,Santé et beauté,EAST,32
2024-02-05,Santé et beauté,NORTH,29
2024-02-05,Santé et beauté,SOUTH,19
2024-02-05,Santé et beauté,WEST,18
2024-02-05,Véhicules et accessoires,EAST,24
2024-02-05,Véhicules et accessoires,NORTH,17
2024-02-05,Véhicules et accessoires,SOUTH,13
2024-02-05,Véhicules et accessoires,WEST,16
2024-02-05,Vêtements et accessoires,EAST,49
2024-02-05,Vêtements et accessoires,NORTH,39
2024-02-05,Vêtements et accessoires,SOUTH,31
2024-02-05,Vêtements et accessoires,WEST,46
2024-02-05,Équipements sportifs,EAST,22
2024-02-05,Équipements sportifs,NORTH,23
2024-02-05,Équipements sportifs,SOUTH,18
2024-02-05,Équipements sportifs,WEST,19
2024-02-12,Animaux et articles pour animaux de compagnie,EAST,34
2024-02-12,Animaux et articles pour animaux de compagnie,NORTH,35
2024-02-12,Animaux et articles pour animaux de compagnie,SOUTH,10
2024-02-12,Animaux et articles pour animaux de compagnie,WEST,13
2024-02-12,"Appareils photo, caméras et instruments d'optique",EAST,4
2024-02-12,"Appareils photo, caméras et instruments d'optique",NORTH,8
2024-02-12,"Appareils photo, caméras et instruments d'optique",WEST,3
2024-02-12,Appareils électroniques,EAST,20
2024-02-12,Appareils électroniques,NORTH,37
2024-02-12,Appareils électroniques,SOUTH,11
2024-02-12,Appareils électroniques,WEST,18
2024-02-12,Arts et loisirs,EAST,23
2024-02-12,Arts et loisirs,NORTH,36
2024-02-12,Arts et loisirs,SOUTH,20
2024-02-12,Arts et loisirs,WEST,19
2024-02-12,Bagages et maroquinerie,EAST,27
2024-02-12,Bagages et maroquinerie,NORTH,20
2024-02-12,Bagages et maroquinerie,SOUTH,12
2024-02-12,Bagages et maroquinerie,WEST,17
2024-02-12,Bébés et tout-petits,EAST,14
2024-02-12,Bébés et tout-petits,NORTH,30
2024-02-12,Bébés et tout-petits,SOUTH,5
2024-02-12,Bébés et tout-petits,WEST,17
2024-02-12,Entreprise et industrie,EAST,9
2024-02-12,Entreprise et industrie,NORTH,9
2024-02-12,Entreprise et industrie,SOUTH,4
2024-02-12,Entreprise et industrie,WEST,9
2024-02-12,Fournitures de bureau,EAST,22
2024-02-12,Fournitures de bureau,NORTH,21
2024-02-12,Fournitures de bureau,SOUTH,17
2024-02-12,Fournitures de bureau,WEST,18
2024-02-12,Jeux et jouets,EAST,14
2024-02-12,Jeux et jouets,NORTH,10
2024-02-12,Jeux et jouets,SOUTH,7
2024-02-12,Jeux et jouets,WEST,3
2024-02-12,Logiciels,NORTH,1
2024-02-12,Logiciels,WEST,2
2024-02-12,Lots,EAST,2
2024-02-12,Lots,NORTH,5
2024-02-12,Lots,SOUTH,4
2024-02-12,Lots,WEST,2
2024-02-12,Maison et jardin,EAST,72
2024-02-12,Maison et jardin,NORTH,69
2024-02-12,Maison et jardin,SOUTH,49
2024-02-12,Maison et jardin,WEST,57
2024-02-12,Meubles,EAST,27
2024-02-12,Meubles,NORTH,28
2024-02-12,Meubles,SOUTH,14
2024-02-12,Meubles,WEST,17
2024-02-12,Modules complémentaires du produit,EAST,1
2024-02-12,Modules complémentaires du produit,NORTH,5
2024-02-12,Modules complémentaires du produit,SOUTH,1
2024-02-12,Modules complémentaires du produit,WEST,3
2024-02-12,Médias,EAST,13
2024-02-12,Médias,NORTH,12
2024-02-12,Médias,SOUTH,6
2024-02-12,Médias,WEST,2
2024-02-12,Non classé,EAST,2
2024-02-12,Non classé,NORTH,1
2024-02-12,Non classé,SOUTH,2
2024-02-12,Non classé,WEST,4
2024-02-12,Offices religieux et cérémonies,EAST,6
2024-02-12,Offices religieux et cérémonies,NORTH,8
2024-02-12,Offices religieux et cérémonies,SOUTH,7
2024-02-12,Offices religieux et cérémonies,WEST,7
2024-02-12,Quincaillerie,EAST,24
2024-02-12,Quincaillerie,NORTH,30
2024-02-12,Quincaillerie,SOUTH,13
2024-02-12,Quincaillerie,WEST,20
2024-02-12,Santé et beauté,EAST,36
2024-02-12,Santé et beauté,NORTH,25
2024-02-12,Santé et beauté,SOUTH,15
2024-02-12,Santé et beauté,WEST,20
2024-02-12,Véhicules et accessoires,EAST,22
2024-02-12,Véhicules et accessoires,NORTH,30
2024-02-12,Véhicules et accessoires,SOUTH,14
2024-02-12,Véhicules et accessoires,WEST,16
2024-02-12,Vêtements et accessoires,EAST,41
2024-02-12,Vêtements et accessoires,NORTH,46
2024-02-12,Vêtements et accessoires,SOUTH,29
2024-02-12,Vêtements et accessoires,WEST,39
2024-02-12,Équipements sportifs,EAST,22
2024-02-12,Équipements sportifs,NORTH,28
2024-02-12,Équipements sportifs,SOUTH,13
2024-02-12,Équipements sportifs,WEST,12
2024-02-19,Animaux et articles pour animaux de compagnie,EAST,19
2024-02-19,Animaux et articles pour animaux de compagnie,NORTH,26
2024-02-19,Animaux et articles pour animaux de compagnie,SOUTH,13
2024-02-19,Animaux et articles pour animaux de compagnie,WEST,11
2024-02-19,"Appareils photo, caméras et instruments d'optique",EAST,4
2024-02-19,"Appareils photo, caméras et instruments d'optique",NORTH,3
2024-02-19,"Appareils photo, caméras et instruments d'optique",SOUTH,4
2024-02-19,"Appareils photo, caméras et instruments d'optique",WEST,2
2024-02-19,Appareils électroniques,EAST,36
2024-02-19,Appareils électroniques,NORTH,30
2024-02-19,Appareils électroniques,SOUTH,12
2024-02-19,Appareils électroniques,WEST,19
2024-02-19,Arts et loisirs,EAST,26
2024-02-19,Arts et loisirs,NORTH,20
2024-02-19,Arts et loisirs,SOUTH,14
2024-02-19,Arts et loisirs,WEST,20
2024-02-19,Bagages et maroquinerie,EAST,18
2024-02-19,Bagages et maroquinerie,NORTH,23
2024-02-19,Bagages et maroquinerie,SOUTH,12
2024-02-19,Bagages et maroquinerie,WEST,14
2024-02-19,Bébés et tout-petits,EAST,25
2024-02-19,Bébés et tout-petits,NORTH,20
2024-02-19,Bébés et tout-petits,SOUTH,13
2024-02-19,Bébés et tout-petits,WEST,14
2024-02-19,Entreprise et industrie,EAST,18
2024-02-19,Entreprise et industrie,NORTH,11
2024-02-19,Entreprise et industrie,SOUTH,4
2024-02-19,Entreprise et industrie,WEST,3
2024-02-19,Fournitures de bureau,EAST,22
2024-02-19,Fournitures de bureau,NORTH,30
2024-02-19,Fournitures de bureau,SOUTH,17
2024-02-19,Fournitures de bureau,WEST,17
2024-02-19,Jeux et jouets,EAST,6
2024-02-19,Jeux et jouets,NORTH,17
2024-02-19,Jeux et jouets,SOUTH,4
2024-02-19,Jeux et jouets,WEST,12
2024-02-19,Logiciels,EAST,4
2024-02-19,Logiciels,NORTH,2
2024-02-19,Logiciels,SOUTH,1
2024-02-19,Lots,EAST,4
2024-02-19,Lots,NORTH,4
2024-02-19,Lots,SOUTH,4
2024-02-19,Lots,WEST,1
2024-02-19,Maison et jardin,EAST,85
2024-02-19,Maison et jardin,NORTH,83
2024-02-19,Maison et jardin,SOUTH,39
2024-02-19,Maison et jardin,WEST,43
2024-02-19,Meubles,EAST,29
2024-02-19,Meubles,NORTH,28
2024-02-19,Meubles,SOUTH,17
2024-02-19,Meubles,WEST,19
2024-02-19,Modules complémentaires du produit,EAST,4
2024-02-19,Modules complémentaires du produit,NORTH,1
2024-02-19,Modules complémentaires du produit,SOUTH,2
2024-02-19,Modules complémentaires du produit,WEST,1
2024-02-19,Médias,EAST,10
2024-02-19,Médias,NORTH,12
2024-02-19,Médias,SOUTH,7
2024-02-19,Médias,WEST,9
2024-02-19,Non classé,EAST,2
2024-02-19,Non classé,SOUTH,1
2024-02-19,Offices religieux et cérémonies,EAST,10
2024-02-19,Offices religieux et cérémonies,NORTH,6
2024-02-19,Offices religieux et cérémonies,SOUTH,4
2024-02-19,Offices religieux et cérémonies,WEST,3
2024-02-19,Quincaillerie,EAST,25
2024-02-19,Quincaillerie,NORTH,33
2024-02-19,Quincaillerie,SOUTH,15
2024-02-19,Quincaillerie,WEST,12
2024-02-19,Santé et beauté,EAST,28
2024-02-19,Santé et beauté,NORTH,26
2024-02-19,Santé et beauté,SOUTH,16
2024-02-19,Santé et beauté,WEST,17
2024-02-19,Véhicules et accessoires,EAST,24
2024-02-19,Véhicules et accessoires,NORTH,24
2024-02-19,Véhicules et accessoires,SOUTH,13
2024-02-19,Véhicules et accessoires,WEST,21
2024-02-19,Vêtements et accessoires,EAST,55
2024-02-19,Vêtements et accessoires,NORTH,55
2024-02-19,Vêtements et accessoires,SOUTH,33
2024-02-19,Vêtements et accessoires,WEST,26
2024-02-19,Équipements sportifs,EAST,25
2024-02-19,Équipements sportifs,NORTH,23
2024-02-19,Équipements sportifs,SOUTH,16
2024-02-19,Équipements sportifs,WEST,22
2024-02-26,Animaux et articles pour animaux de compagnie,EAST,22
2024-02-26,Animaux et articles pour animaux de compagnie,NORTH,17
2024-02-26,Animaux et articles pour animaux de compagnie,SOUTH,20
2024-02-26,Animaux et articles pour animaux de compagnie,WEST,18
2024-02-26,"Appareils photo, caméras et instruments d'optique",EAST,3
2024-02-26,"Appareils photo, caméras et instruments d'optique",NORTH,6
2024-02-26,"Appareils photo, caméras et instruments d'optique",SOUTH,3
2024-02-26,Appareils électroniques,EAST,23
2024-02-26,Appareils électroniques,NORTH,34
2024-02-26,Appareils électroniques,SOUTH,22
2024-02-26,Appareils électroniques,WEST,16
2024-02-26,Arts et loisirs,EAST,25
2024-02-26,Arts et loisirs,NORTH,33
2024-02-26,Arts et loisirs,SOUTH,18
2024-02-26,Arts et loisirs,WEST,17
2024-02-26,Bagages et maroquinerie,EAST,23
2024-02-26,Bagages et maroquinerie,NORTH,27
2024-02-26,Bagages et maroquinerie,SOUTH,15
2024-02-26,Bagages et maroquinerie,WEST,19
2024-02-26,Bébés et tout-petits,EAST,27
2024-02-26,Bébés et tout-petits,NORTH,26
2024-02-26,Bébés et tout-petits,SOUTH,23
2024-02-26,Bébés et tout-petits,WEST,22
2024-02-26,Entreprise et industrie,EAST,9
2024-02-26,Entreprise et industrie,NORTH,13
2024-02-26,Entreprise et industrie,SOUTH,7
2024-02-26,Entreprise et industrie,WEST,6
2024-02-26,Fournitures de bureau,EAST,23
2024-02-26,Fournitures de bureau,NORTH,29
2024-02-26,Fournitures de bureau,SOUTH,18
2024-02-26,Fournitures de bureau,WEST,20
2024-02-26,Jeux et jouets,EAST,9
2024-02-26,Jeux et jouets,NORTH,4
2024-02-26,Jeux et jouets,SOUTH,7
2024-02-26,Jeux et jouets,WEST,10
2024-02-26,Logiciels,EAST,2
2024-02-26,Logiciels,NORTH,3
2024-02-26,Logiciels,SOUTH,1
2024-02-26,Lots,EAST,3
2024-02-26,Lots,NORTH,3
2024-02-26,Lots,SOUTH,2
2024-02-26,Lots,WEST,4
2024-02-26,Maison et jardin,EAST,78
2024-02-26,Maison et jardin,NORTH,75
2024-02-26,Maison et jardin,SOUTH,50
2024-02-26,Maison et jardin,WEST,46
2024-02-26,Meubles,EAST,36
2024-02-26,Meubles,NORTH,30
2024-02-26,Meubles,SOUTH,20
2024-02-26,Meubles,WEST,23
2024-02-26,Modules complémentaires du produit,EAST,4
2024-02-26,Modules complémentaires du produit,NORTH,2
2024-02-26,Médias,EAST,10
2024-02-26,Médias,NORTH,14
2024-02-26,Médias,SOUTH,8
2024-02-26,Médias,WEST,8
2024-02-26,Non classé,EAST,1
2024-02-26,Non classé,SOUTH,1
2024-02-26,Non classé,WEST,2
2024-02-26,Offices religieux et cérémonies,EAST,4
2024-02-26,Offices religieux et cérémonies,NORTH,6
2024-02-26,Offices religieux et cérémonies,SOUTH,4
2024-02-26,Offices religieux et cérémonies,WEST,11
2024-02-26,Quincaillerie,EAST,24
2024-02-26,Quincaillerie,NORTH,26
2024-02-26,Quincaillerie,SOUTH,15
2024-02-26,Quincaillerie,WEST,18
2024-02-26,Santé et beauté,EAST,27
2024-02-26,Santé et beauté,NORTH,29
2024-02-26,Santé et beauté,SOUTH,25
2024-02-26,Santé et beauté,WEST,21
2024-02-26,Véhicules et accessoires,EAST,24
2024-02-26,Véhicules et accessoires,NORTH,21
2024-02-26,Véhicules et accessoires,SOUTH,11
2024-02-26,Véhicules et accessoires,WEST,13
2024-02-26,Vêtements et accessoires,EAST,49
2024-02-26,Vêtements et accessoires,NORTH,57
2024-02-26,Vêtements et accessoires,SOUTH,32
2024-02-26,Vêtements et accessoires,WEST,38
2024-02-26,Équipements sportifs,EAST,20
2024-02-26,Équipements sportifs,NORTH,26
2024-02-26,Équipements sportifs,SOUTH,14
2024-02-26,Équipements sportifs,WEST,14
2024-03-04,Animaux et articles pour animaux de compagnie,EAST,20
2024-03-04,Animaux et articles pour animaux de compagnie,NORTH,26
2024-03-04,Animaux et articles pour animaux de compagnie,SOUTH,23
2024-03-04,Animaux et articles pour animaux de compagnie,WEST,19
2024-03-04,"Appareils photo, caméras et instruments d'optique",EAST,8
2024-03-04,"Appareils photo, caméras et instruments d'optique",NORTH,2
2024-03-04,"Appareils photo, caméras et instruments d'optique",WEST,5
2024-03-04,Appareils électroniques,EAST,29
2024-03-04,Appareils électroniques,NORTH,31
2024-03-04,Appareils électroniques,SOUTH,18
2024-03-04,Appareils électroniques,WEST,23
2024-03-04,Arts et loisirs,EAST,29
2024-03-04,Arts et loisirs,NORTH,27
2024-03-04,Arts et loisirs,SOUTH,12
2024-03-04,Arts et loisirs,WEST,16
2024-03-04,Bagages et maroquinerie,EAST,20
2024-03-04,Bagages et maroquinerie,NORTH,27
2024-03-04,Bagages et maroquinerie,SOUTH,17
2024-03-04,Bagages et maroquinerie,WEST,16
2024-03-04,Bébés et tout-petits,EAST,25
2024-03-04,Bébés et tout-petits,NORTH,31
2024-03-04,Bébés et tout-petits,SOUTH,20
2024-03-04,Bébés et tout-petits,WEST,20
2024-03-04,Entreprise et industrie,EAST,10
2024-03-04,Entreprise et industrie,NORTH,8
2024-03-04,Entreprise et industrie,SOUTH,10
2024-03-04,Entreprise et industrie,WEST,7
2024-03-04,Fournitures de bureau,EAST,32
2024-03-04,Fournitures de bureau,NORTH,35
2024-03-04,Fournitures de bureau,SOUTH,20
2024-03-04,Fournitures de bureau,WEST,17
2024-03-04,Jeux et jouets,EAST,14
2024-03-04,Jeux et jouets,NORTH,15
2024-03-04,Jeux et jouets,SOUTH,6
2024-03-04,Jeux et jouets,WEST,6
2024-03-04,Logiciels,EAST,3
2024-03-04,Logiciels,NORTH,2
2024-03-04,Logiciels,SOUTH,1
2024-03-04,Lots,EAST,3
2024-03-04,Lots,NORTH,5
2024-03-04,Lots,SOUTH,3
2024-03-04,Maison et jardin,EAST,84
2024-03-04,Maison et jardin,NORTH,91
2024-03-04,Maison et jardin,SOUTH,45
2024-03-04,Maison et jardin,WEST,50
2024-03-04,Meubles,EAST,26
2024-03-04,Meubles,NORTH,36
2024-03-04,Meubles,SOUTH,24
2024-03-04,Meubles,WEST,19
2024-03-04,Modules complémentaires du produit,EAST,2
2024-03-04,Modules complémentaires du produit,NORTH,4
2024-03-04,Modules complémentaires du produit,SOUTH,3
2024-03-04,Modules complémentaires du produit,WEST,1
2024-03-04,Médias,EAST,16
2024-03-04,Médias,NORTH,10
2024-03-04,Médias,SOUTH,8
2024-03-04,Médias,WEST,7
2024-03-04,Non classé,NORTH,2
2024-03-04,Non classé,SOUTH,1
2024-03-04,Non classé,WEST,4
2024-03-04,Offices religieux et cérémonies,EAST,5
2024-03-04,Offices religieux et cérémonies,NORTH,6
2024-03-04,Offices religieux et cérémonies,SOUTH,4
2024-03-04,Offices religieux et cérémonies,WEST,6
2024-03-04,Quincaillerie,EAST,19
2024-03-04,Quincaillerie,NORTH,26
2024-03-04,Quincaillerie,SOUTH,17
2024-03-04,Quincaillerie,WEST,18
2024-03-04,Santé et beauté,EAST,38
2024-03-04,Santé et beauté,NORTH,42
2024-03-04,Santé et beauté,SOUTH,26
2024-03-04,Santé et beauté,WEST,24
2024-03-04,Véhicules et accessoires,EAST,27
2024-03-04,Véhicules et accessoires,NORTH,22
2024-03-04,Véhicules et accessoires,SOUTH,14
2024-03-04,Véhicules et accessoires,WEST,22
2024-03-04,Vêtements et accessoires,EAST,59
2024-03-04,Vêtements et accessoires,NORTH,58
2024-03-04,Vêtements et accessoires,SOUTH,38
2024-03-04,Vêtements et accessoires,WEST,26
2024-03-04,Équipements sportifs,EAST,32
2024-03-04,Équipements sportifs,NORTH,27
2024-03-04,Équipements sportifs,SOUTH,14
2024-03-04,Équipements sportifs,WEST,16
2024-03-11,Animaux et articles pour animaux de compagnie,EAST,43
2024-03-11,Animaux et articles pour animaux de compagnie,NORTH,36
2024-03-11,Animaux et articles pour animaux de compagnie,SOUTH,18
2024-03-11,Animaux et articles pour animaux de compagnie,WEST,29
2024-03-11,"Appareils photo, caméras et instruments d'optique",EAST,7
2024-03-11,"Appareils photo, caméras et instruments d'optique",NORTH,6
2024-03-11,"Appareils photo, caméras et instruments d'optique",SOUTH,7
2024-03-11,"Appareils photo, caméras et instruments d'optique",WEST,5
2024-03-11,Appareils électroniques,EAST,39
2024-03-11,Appareils électroniques,NORTH,39
2024-03-11,Appareils électroniques,SOUTH,26
2024-03-11,Appareils électroniques,WEST,23
2024-03-11,Arts et loisirs,EAST,20
2024-03-11,Arts et loisirs,NORTH,34
2024-03-11,Arts et loisirs,SOUTH,20
2024-03-11,Arts et loisirs,WEST,23
2024-03-11,Bagages et maroquinerie,EAST,30
2024-03-11,Bagages et maroquinerie,NORTH,46
2024-03-11,Bagages et maroquinerie,SOUTH,16
2024-03-11,Bagages et maroquinerie,WEST,14
2024-03-11,Bébés et tout-petits,EAST,25
2024-03-11,Bébés et tout-petits,NORTH,40
2024-03-11,Bébés et tout-petits,SOUTH,8
2024-03-11,Bébés et tout-petits,WEST,17
2024-03-11,Entreprise et industrie,EAST,16
2024-03-11,Entreprise et industrie,NORTH,10
2024-03-11,Entreprise et industrie,SOUTH,8
2024-03-11,Entreprise et industrie,WEST,13
2024-03-11,Fournitures de bureau,EAST,38
2024-03-11,Fournitures de bureau,NORTH,28
2024-03-11,Fournitures de bureau,SOUTH,25
2024-03-11,Fournitures de bureau,WEST,30
2024-03-11,Jeux et jouets,EAST,25
2024-03-11,Jeux et jouets,NORTH,16
2024-03-11,Jeux et jouets,SOUTH,15
2024-03-11,Jeux et jouets,WEST,7
2024-03-11,Logiciels,EAST,2
2024-03-11,Logiciels,NORTH,3
2024-03-11,Logiciels,SOUTH,3
2024-03-11,Logiciels,WEST,1
2024-03-11,Lots,EAST,5
2024-03-11,Lots,NORTH,7
2024-03-11,Lots,WEST,6
2024-03-11,Maison et jardin,EAST,128
2024-03-11,Maison et jardin,NORTH,89
2024-03-11,Maison et jardin,SOUTH,47
2024-03-11,Maison et jardin,WEST,70
2024-03-11,Meubles,EAST,38
2024-03-11,Meubles,NORTH,44
2024-03-11,Meubles,SOUTH,23
2024-03-11,Meubles,WEST,34
2024-03-11,Modules complémentaires du produit,EAST,5
2024-03-11,Modules complémentaires du produit,NORTH,4
2024-03-11,Modules complémentaires du produit,SOUTH,4
2024-03-11,Médias,EAST,21
2024-03-11,Médias,NORTH,11
2024-03-11,Médias,SOUTH,14
2024-03-11,Médias,WEST,14
2024-03-11,Non classé,NORTH,3
2024-03-11,Non classé,SOUTH,1
2024-03-11,Non classé,WEST,3
2024-03-11,Offices religieux et cérémonies,EAST,3
2024-03-11,Offices religieux et cérémonies,NORTH,7
2024-03-11,Offices religieux et cérémonies,SOUTH,5
2024-03-11,Offices religieux et cérémonies,WEST,3
2024-03-11,Quincaillerie,EAST,31
2024-03-11,Quincaillerie,NORTH,31
2024-03-11,Quincaillerie,SOUTH,21
2024-03-11,Quincaillerie,WEST,28
2024-03-11,Santé et beauté,EAST,37
2024-03-11,Santé et beauté,NORTH,41
2024-03-11,Santé et beauté,SOUTH,25
2024-03-11,Santé et beauté,WEST,23
2024-03-11,Véhicules et accessoires,EAST,36
2024-03-11,Véhicules et accessoires,NORTH,41
2024-03-11,Véhicules et accessoires,SOUTH,25
2024-03-11,Véhicules et accessoires,WEST,32
2024-03-11,Vêtements et accessoires,EAST,61
2024-03-11,Vêtements et accessoires,NORTH,60
2024-03-11,Vêtements et accessoires,SOUTH,42
2024-03-11,Vêtements et accessoires,WEST,44
2024-03-11,Équipements sportifs,EAST,28
2024-03-11,Équipements sportifs,NORTH,26
2024-03-11,Équipements sportifs,SOUTH,12
2024-03-11,Équipements sportifs,WEST,26
2024-03-18,Animaux et articles pour animaux de compagnie,EAST,46
2024-03-18,Animaux et articles pour animaux de compagnie,NORTH,54
2024-03-18,Animaux et articles pour animaux de compagnie,SOUTH,23
2024-03-18,Animaux et articles pour animaux de compagnie,WEST,36
2024-03-18,"Appareils photo, caméras et instruments d'optique",EAST,16
2024-03-18,"Appareils photo, caméras et instruments d'optique",NORTH,10
2024-03-18,"Appareils photo, caméras et instruments d'optique",SOUTH,15
2024-03-18,"Appareils photo, caméras et instruments d'optique",WEST,9
2024-03-18,Appareils électroniques,EAST,82
2024-03-18,Appareils électroniques,NORTH,70
2024-03-18,Appareils électroniques,SOUTH,47
2024-03-18,Appareils électroniques,WEST,47
2024-03-18,Arts et loisirs,EAST,61
2024-03-18,Arts et loisirs,NORTH,50
2024-03-18,Arts et loisirs,SOUTH,37
2024-03-18,Arts et loisirs,WEST,38
2024-03-18,Bagages et maroquinerie,EAST,57
2024-03-18,Bagages et maroquinerie,NORTH,67
2024-03-18,Bagages et maroquinerie,SOUTH,32
2024-03-18,Bagages et maroquinerie,WEST,43
2024-03-18,Bébés et tout-petits,EAST,53
2024-03-18,Bébés et tout-petits,NORTH,51
2024-03-18,Bébés et tout-petits,SOUTH,34
2024-03-18,Bébés et tout-petits,WEST,45
2024-03-18,Entreprise et industrie,EAST,16
2024-03-18,Entreprise et industrie,NORTH,29
2024-03-18,Entreprise et industrie,SOUTH,9
2024-03-18,Entreprise et industrie,WEST,13
2024-03-18,Fournitures de bureau,EAST,65
2024-03-18,Fournitures de bureau,NORTH,64
2024-03-18,Fournitures de bureau,SOUTH,34
2024-03-18,Fournitures de bureau,WEST,35
2024-03-18,Jeux et jouets,EAST,28
2024-03-18,Jeux et jouets,NORTH,19
2024-03-18,Jeux et jouets,SOUTH,11
2024-03-18,Jeux et jouets,WEST,20
2024-03-18,Logiciels,EAST,4
2024-03-18,Logiciels,NORTH,7
2024-03-18,Logiciels,SOUTH,3
2024-03-18,Logiciels,WEST,6
2024-03-18,Lots,EAST,12
2024-03-18,Lots,NORTH,14
2024-03-18,Lots,SOUTH,2
2024-03-18,Lots,WEST,12
2024-03-18,Maison et jardin,EAST,187
2024-03-18,Maison et jardin,NORTH,169
2024-03-18,Maison et jardin,SOUTH,99
2024-03-18,Maison et jardin,WEST,119
2024-03-18,Meubles,EAST,79
2024-03-18,Meubles,NORTH,76
2024-03-18,Meubles,SOUTH,37
2024-03-18,Meubles,WEST,48
2024-03-18,Modules complémentaires du produit,EAST,10
2024-03-18,Modules complémentaires du produit,NORTH,6
2024-03-18,Modules complémentaires du produit,SOUTH,3
2024-03-18,Modules complémentaires du produit,WEST,4
2024-03-18,Médias,EAST,27
2024-03-18,Médias,NORTH,20
2024-03-18,Médias,SOUTH,15
2024-03-18,Médias,WEST,11
2024-03-18,Non classé,EAST,1
2024-03-18,Non classé,NORTH,4
2024-03-18,Non classé,SOUTH,1
2024-03-18,Non classé,WEST,1
2024-03-18,Offices religieux et cérémonies,EAST,18
2024-03-18,Offices religieux et cérémonies,NORTH,12
2024-03-18,Offices religieux et cérémonies,SOUTH,6
2024-03-18,Offices religieux et cérémonies,WEST,11
2024-03-18,Quincaillerie,EAST,45
2024-03-18,Quincaillerie,NORTH,52
2024-03-18,Quincaillerie,SOUTH,28
2024-03-18,Quincaillerie,WEST,39
2024-03-18,Santé et beauté,EAST,48
2024-03-18,Santé et beauté,NORTH,81
2024-03-18,Santé et beauté,SOUTH,38
2024-03-18,Santé et beauté,WEST,42
2024-03-18,Véhicules et accessoires,EAST,53
2024-03-18,Véhicules et accessoires,NORTH,60
2024-03-18,Véhicules et accessoires,SOUTH,32
2024-03-18,Véhicules et accessoires,WEST,35
2024-03-18,Vêtements et accessoires,EAST,117
2024-03-18,Vêtements et accessoires,NORTH,107
2024-03-18,Vêtements et accessoires,SOUTH,73
2024-03-18,Vêtements et accessoires,WEST,78
2024-03-18,Équipements sportifs,EAST,54
2024-03-18,Équipements sportifs,NORTH,55
2024-03-18,Équipements sportifs,SOUTH,23
2024-03-18,Équipements sportifs,WEST,47
2024-03-25,Animaux et articles pour animaux de compagnie,EAST,56
2024-03-25,Animaux et articles pour animaux de compagnie,NORTH,68
2024-03-25,Animaux et articles pour animaux de compagnie,SOUTH,33
2024-03-25,Animaux et articles pour animaux de compagnie,WEST,44
2024-03-25,"Appareils photo, caméras et instruments d'optique",EAST,13
2024-03-25,"Appareils photo, caméras et instruments d'optique",NORTH,16
2024-03-25,"Appareils photo, caméras et instruments d'optique",SOUTH,5
2024-03-25,"Appareils photo, caméras et instruments d'optique",WEST,10
2024-03-25,Appareils électroniques,EAST,76
2024-03-25,Appareils électroniques,NORTH,83
2024-03-25,Appareils électroniques,SOUTH,50
2024-03-25,Appareils électroniques,WEST,55
2024-03-25,Arts et loisirs,EAST,62
2024-03-25,Arts et loisirs,NORTH,61
2024-03-25,Arts et loisirs,SOUTH,37
2024-03-25,Arts et loisirs,WEST,32
2024-03-25,Bagages et maroquinerie,EAST,64
2024-03-25,Bagages et maroquinerie,NORTH,68
2024-03-25,Bagages et maroquinerie,SOUTH,45
2024-03-25,Bagages et maroquinerie,WEST,43
2024-03-25,Bébés et tout-petits,EAST,69
2024-03-25,Bébés et tout-petits,NORTH,72
2024-03-25,Bébés et tout-petits,SOUTH,36
2024-03-25,Bébés et tout-petits,WEST,38
2024-03-25,Entreprise et industrie,EAST,31
2024-03-25,Entreprise et industrie,NORTH,34
2024-03-25,Entreprise et industrie,SOUTH,20
2024-03-25,Entreprise et industrie,WEST,23
2024-03-25,Fournitures de bureau,EAST,62
2024-03-25,Fournitures de bureau,NORTH,61
2024-03-25,Fournitures de bureau,SOUTH,40
2024-03-25,Fournitures de bureau,WEST,37
2024-03-25,Jeux et jouets,EAST,28
2024-03-25,Jeux et jouets,NORTH,28
2024-03-25,Jeux et jouets,SOUTH,21
2024-03-25,Jeux et jouets,WEST,16
2024-03-25,Logiciels,EAST,3
2024-03-25,Logiciels,NORTH,9
2024-03-25,Logiciels,SOUTH,3
2024-03-25,Logiciels,WEST,4
2024-03-25,Lots,EAST,12
2024-03-25,Lots,NORTH,12
2024-03-25,Lots,SOUTH,5
2024-03-25,Lots,WEST,8
2024-03-25,Maison et jardin,EAST,218
2024-03-25,Maison et jardin,NORTH,209
2024-03-25,Maison et jardin,SOUTH,109
2024-03-25,Maison et jardin,WEST,141
2024-03-25,Meubles,EAST,66
2024-03-25,Meubles,NORTH,90
2024-03-25,Meubles,SOUTH,48
2024-03-25,Meubles,WEST,53
2024-03-25,Modules complémentaires du produit,EAST,6
2024-03-25,Modules complémentaires du produit,NORTH,7
2024-03-25,Modules complémentaires du produit,SOUTH,5
2024-03-25,Modules complémentaires du produit,WEST,7
2024-03-25,Médias,EAST,30
2024-03-25,Médias,NORTH,39
2024-03-25,Médias,SOUTH,17
2024-03-25,Médias,WEST,18
2024-03-25,Non classé,EAST,6
2024-03-25,Non classé,NORTH,8
2024-03-25,Non classé,SOUTH,2
2024-03-25,Non classé,WEST,3
2024-03-25,Offices religieux et cérémonies,EAST,6
2024-03-25,Offices religieux et cérémonies,NORTH,14
2024-03-25,Offices religieux et cérémonies,SOUTH,12
2024-03-25,Offices religieux et cérémonies,WEST,10
2024-03-25,Quincaillerie,EAST,71
2024-03-25,Quincaillerie,NORTH,54
2024-03-25,Quincaillerie,SOUTH,36
2024-03-25,Quincaillerie,WEST,56
2024-03-25,Santé et beauté,EAST,78
2024-03-25,Santé et beauté,NORTH,73
2024-03-25,Santé et beauté,SOUTH,49
2024-03-25,Santé et beauté,WEST,60
2024-03-25,Véhicules et accessoires,EAST,62
2024-03-25,Véhicules et accessoires,NORTH,61
2024-03-25,Véhicules et accessoires,SOUTH,35
2024-03-25,Véhicules et accessoires,WEST,46
2024-03-25,Vêtements et accessoires,EAST,124
2024-03-25,Vêtements et accessoires,NORTH,147
2024-03-25,Vêtements et accessoires,SOUTH,91
2024-03-25,Vêtements et accessoires,WEST,81
2024-03-25,Équipements sportifs,EAST,64
2024-03-25,Équipements sportifs,NORTH,83
2024-03-25,Équipements sportifs,SOUTH,42
2024-03-25,Équipements sportifs,WEST,50
2024-04-01,Animaux et articles pour animaux de compagnie,EAST,69
2024-04-01,Animaux et articles pour animaux de compagnie,NORTH,92
2024-04-01,Animaux et articles pour animaux de compagnie,SOUTH,45
2024-04-01,Animaux et articles pour animaux de compagnie,WEST,57
2024-04-01,"Appareils photo, caméras et instruments d'optique",EAST,16
2024-04-01,"Appareils photo, caméras et instruments d'optique",NORTH,18
2024-04-01,"Appareils photo, caméras et instruments d'optique",SOUTH,14
2024-04-01,"Appareils photo, caméras et instruments d'optique",WEST,8
2024-04-01,Appareils électroniques,EAST,106
2024-04-01,Appareils électroniques,NORTH,97
2024-04-01,Appareils électroniques,SOUTH,76
2024-04-01,Appareils électroniques,WEST,70
2024-04-01,Arts et loisirs,EAST,74
2024-04-01,Arts et loisirs,NORTH,87
2024-04-01,Arts et loisirs,SOUTH,56
2024-04-01,Arts et loisirs,WEST,43
2024-04-01,Bagages et maroquinerie,EAST,72
2024-04-01,Bagages et maroquinerie,NORTH,68
2024-04-01,Bagages et maroquinerie,SOUTH,38
2024-04-01,Bagages et maroquinerie,WEST,58
2024-04-01,Bébés et tout-petits,EAST,70
2024-04-01,Bébés et tout-petits,NORTH,62
2024-04-01,Bébés et tout-petits,SOUTH,48
2024-04-01,Bébés et tout-petits,WEST,49
2024-04-01,Entreprise et industrie,EAST,23
2024-04-01,Entreprise et industrie,NORTH,19
2024-04-01,Entreprise et industrie,SOUTH,22
2024-04-01,Entreprise et industrie,WEST,16
2024-04-01,Fournitures de bureau,EAST,64
2024-04-01,Fournitures de bureau,NORTH,77
2024-04-01,Fournitures de bureau,SOUTH,33
2024-04-01,Fournitures de bureau,WEST,57
2024-04-01,Jeux et jouets,EAST,32
2024-04-01,Jeux et jouets,NORTH,41
2024-04-01,Jeux et jouets,SOUTH,25
2024-04-01,Jeux et jouets,WEST,26
2024-04-01,Logiciels,EAST,10
2024-04-01,Logiciels,NORTH,11
2024-04-01,Logiciels,SOUTH,3
2024-04-01,Logiciels,WEST,4
2024-04-01,Lots,EAST,14
2024-04-01,Lots,NORTH,21
2024-04-01,Lots,SOUTH,6
2024-04-01,Lots,WEST,8
2024-04-01,Maison et jardin,EAST,264
2024-04-01,Maison et jardin,NORTH,236
2024-04-01,Maison et jardin,SOUTH,143
2024-04-01,Maison et jardin,WEST,160
2024-04-01,Meubles,EAST,95
2024-04-01,Meubles,NORTH,98
2024-04-01,Meubles,SOUTH,75
2024-04-01,Meubles,WEST,78
2024-04-01,Modules complémentaires du produit,EAST,7
2024-04-01,Modules complémentaires du produit,NORTH,7
2024-04-01,Modules complémentaires du produit,SOUTH,4
2024-04-01,Modules complémentaires du produit,WEST,5
2024-04-01,Médias,EAST,24
2024-04-01,Médias,NORTH,46
2024-04-01,Médias,SOUTH,31
2024-04-01,Médias,WEST,22
2024-04-01,Non classé,EAST,3
2024-04-01,Non classé,NORTH,2
2024-04-01,Non classé,SOUTH,2
2024-04-01,Non classé,WEST,2
2024-04-01,Offices religieux et cérémonies,EAST,16
2024-04-01,Offices religieux et cérémonies,NORTH,16
2024-04-01,Offices religieux et cérémonies,SOUTH,17
2024-04-01,Offices religieux et cérémonies,WEST,20
2024-04-01,Quincaillerie,EAST,94
2024-04-01,Quincaillerie,NORTH,88
2024-04-01,Quincaillerie,SOUTH,42
2024-04-01,Quincaillerie,WEST,54
2024-04-01,Santé et beauté,EAST,90
2024-04-01,Santé et beauté,NORTH,101
2024-04-01,Santé et beauté,SOUTH,55
2024-04-01,Santé et beauté,WEST,58
2024-04-01,Véhicules et accessoires,EAST,65
2024-04-01,Véhicules et accessoires,NORTH,76
2024-04-01,Véhicules et accessoires,SOUTH,46
2024-04-01,Véhicules et accessoires,WEST,57
2024-04-01,Vêtements et accessoires,EAST,165
2024-04-01,Vêtements et accessoires,NORTH,153
2024-04-01,Vêtements et accessoires,SOUTH,78
2024-04-01,Vêtements et accessoires,WEST,98
2024-04-01,Équipements sportifs,EAST,90
2024-04-01,Équipements sportifs,NORTH,79
2024-04-01,Équipements sportifs,SOUTH,53
2024-04-01,Équipements sportifs,WEST,49
2024-04-08,Animaux et articles pour animaux de compagnie,EAST,100
2024-04-08,Animaux et articles pour animaux de compagnie,NORTH,101
2024-04-08,Animaux et articles pour animaux de compagnie,SOUTH,36
2024-04-08,Animaux et articles pour animaux de compagnie,WEST,58
2024-04-08,"Appareils photo, caméras et instruments d'optique",EAST,20
2024-04-08,"Appareils photo, caméras et instruments d'optique",NORTH,12
2024-04-08,"Appareils photo, caméras et instruments d'optique",SOUTH,14
2024-04-08,"Appareils photo, caméras et instruments d'optique",WEST,12
2024-04-08,Appareils électroniques,EAST,116
2024-04-08,Appareils électroniques,NORTH,108
2024-04-08,Appareils électroniques,SOUTH,61
2024-04-08,Appareils électroniques,WEST,89
2024-04-08,Arts et loisirs,EAST,86
2024-04-08,Arts et loisirs,NORTH,91
2024-04-08,Arts et loisirs,SOUTH,41
2024-04-08,Arts et loisirs,WEST,59
2024-04-08,Bagages et maroquinerie,EAST,84
2024-04-08,Bagages et maroquinerie,NORTH,114
2024-04-08,Bagages et maroquinerie,SOUTH,35
2024-04-08,Bagages et maroquinerie,WEST,55
2024-04-08,Bébés et tout-petits,EAST,77
2024-04-08,Bébés et tout-petits,NORTH,74
2024-04-08,Bébés et tout-petits,SOUTH,55
2024-04-08,Bébés et tout-petits,WEST,60
2024-04-08,Entreprise et industrie,EAST,40
2024-04-08,Entreprise et industrie,NORTH,36
2024-04-08,Entreprise et industrie,SOUTH,21
2024-04-08,Entreprise et industrie,WEST,15
2024-04-08,Fournitures de bureau,EAST,80
2024-04-08,Fournitures de bureau,NORTH,102
2024-04-08,Fournitures de bureau,SOUTH,61
2024-04-08,Fournitures de bureau,WEST,51
2024-04-08,Jeux et jouets,EAST,50
2024-04-08,Jeux et jouets,NORTH,43
2024-04-08,Jeux et jouets,SOUTH,22
2024-04-08,Jeux et jouets,WEST,29
2024-04-08,Logiciels,EAST,11
2024-04-08,Logiciels,NORTH,7
2024-04-08,Logiciels,SOUTH,2
2024-04-08,Logiciels,WEST,5
2024-04-08,Lots,EAST,9
2024-04-08,Lots,NORTH,22
2024-04-08,Lots,SOUTH,5
2024-04-08,Lots,WEST,7
2024-04-08,Maison et jardin,EAST,276
2024-04-08,Maison et jardin,NORTH,259
2024-04-08,Maison et jardin,SOUTH,162
2024-04-08,Maison et jardin,WEST,184
2024-04-08,Meubles,EAST,103
2024-04-08,Meubles,NORTH,107
2024-04-08,Meubles,SOUTH,63
2024-04-08,Meubles,WEST,86
2024-04-08,Modules complémentaires du produit,EAST,8
2024-04-08,Modules complémentaires du produit,NORTH,9
2024-04-08,Modules complémentaires du produit,SOUTH,3
2024-04-08,Modules complémentaires du produit,WEST,4
2024-04-08,Médias,EAST,46
2024-04-08,Médias,NORTH,46
2024-04-08,Médias,SOUTH,29
2024-04-08,Médias,WEST,30
2024-04-08,Non classé,EAST,3
2024-04-08,Non classé,NORTH,5
2024-04-08,Non classé,SOUTH,5
2024-04-08,Non classé,WEST,4
2024-04-08,Offices religieux et cérémonies,EAST,23
2024-04-08,Offices religieux et cérémonies,NORTH,33
2024-04-08,Offices religieux et cérémonies,SOUTH,15
2024-04-08,Offices religieux et cérémonies,WEST,11
2024-04-08,Quincaillerie,EAST,88
2024-04-08,Quincaillerie,NORTH,96
2024-04-08,Quincaillerie,SOUTH,51
2024-04-08,Quincaillerie,WEST,59
2024-04-08,Santé et beauté,EAST,92
2024-04-08,Santé et beauté,NORTH,115
2024-04-08,Santé et beauté,SOUTH,56
2024-04-08,Santé et beauté,WEST,79
2024-04-08,Véhicules et accessoires,EAST,75
2024-04-08,Véhicules et accessoires,NORTH,97
2024-04-08,Véhicules et accessoires,SOUTH,69
2024-04-08,Véhicules et accessoires,WEST,50
2024-04-08,Vêtements et accessoires,EAST,185
2024-04-08,Vêtements et accessoires,NORTH,176
2024-04-08,Vêtements et accessoires,SOUTH,92
2024-04-08,Vêtements et accessoires,WEST,107
2024-04-08,Équipements sportifs,EAST,95
2024-04-08,Équipements sportifs,NORTH,99
2024-04-08,Équipements sportifs,SOUTH,63
2024-04-08,Équipements sportifs,WEST,66
2024-04-15,Animaux et articles pour animaux de compagnie,EAST,40
2024-04-15,Animaux et articles pour animaux de compagnie,NORTH,51
2024-04-15,Animaux et articles pour animaux de compagnie,SOUTH,26
2024-04-15,Animaux et articles pour animaux de compagnie,WEST,40
2024-04-15,"Appareils photo, caméras et instruments d'optique",EAST,11
2024-04-15,"Appareils photo, caméras et instruments d'optique",NORTH,11
2024-04-15,"Appareils photo, caméras et instruments d'optique",SOUTH,6
2024-04-15,"Appareils photo, caméras et instruments d'optique",WEST,5
2024-04-15,Appareils électroniques,EAST,59
2024-04-15,Appareils électroniques,NORTH,60
2024-04-15,Appareils électroniques,SOUTH,38
2024-04-15,Appareils électroniques,WEST,36
2024-04-15,Arts et loisirs,EAST,45
2024-04-15,Arts et loisirs,NORTH,43
2024-04-15,Arts et loisirs,SOUTH,37
2024-04-15,Arts et loisirs,WEST,39
2024-04-15,Bagages et maroquinerie,EAST,53
2024-04-15,Bagages et maroquinerie,NORTH,55
2024-04-15,Bagages et maroquinerie,SOUTH,27
2024-04-15,Bagages et maroquinerie,WEST,30
2024-04-15,Bébés et tout-petits,EAST,47
2024-04-15,Bébés et tout-petits,NORTH,43
2024-04-15,Bébés et tout-petits,SOUTH,33
2024-04-15,Bébés et tout-petits,WEST,37
2024-04-15,Entreprise et industrie,EAST,10
2024-04-15,Entreprise et industrie,NORTH,14
2024-04-15,Entreprise et industrie,SOUTH,18
2024-04-15,Entreprise et industrie,WEST,12
2024-04-15,Fournitures de bureau,EAST,38
2024-04-15,Fournitures de bureau,NORTH,38
2024-04-15,Fournitures de bureau,SOUTH,34
2024-04-15,Fournitures de bureau,WEST,31
2024-04-15,Jeux et jouets,EAST,26
2024-04-15,Jeux et jouets,NORTH,24
2024-04-15,Jeux et jouets,SOUTH,9
2024-04-15,Jeux et jouets,WEST,15
2024-04-15,Logiciels,EAST,4
2024-04-15,Logiciels,SOUTH,2
2024-04-15,Logiciels,WEST,2
2024-04-15,Lots,EAST,13
2024-04-15,Lots,NORTH,15
2024-04-15,Lots,SOUTH,12
2024-04-15,Lots,WEST,5
2024-04-15,Maison et jardin,EAST,155
2024-04-15,Maison et jardin,NORTH,157
2024-04-15,Maison et jardin,SOUTH,86
2024-04-15,Maison et jardin,WEST,121
2024-04-15,Meubles,EAST,50
2024-04-15,Meubles,NORTH,80
2024-04-15,Meubles,SOUTH,31
2024-04-15,Meubles,WEST,40
2024-04-15,Modules complémentaires du produit,EAST,3
2024-04-15,Modules complémentaires du produit,NORTH,4
2024-04-15,Modules complémentaires du produit,SOUTH,2
2024-04-15,Modules complémentaires du produit,WEST,2
2024-04-15,Médias,EAST,30
2024-04-15,Médias,NORTH,26
2024-04-15,Médias,SOUTH,16
2024-04-15,Médias,WEST,15
2024-04-15,Non classé,EAST,5
2024-04-15,Non classé,NORTH,3
2024-04-15,Non classé,SOUTH,3
2024-04-15,Non classé,WEST,2
2024-04-15,Offices religieux et cérémonies,EAST,13
2024-04-15,Offices religieux et cérémonies,NORTH,13
2024-04-15,Offices religieux et cérémonies,SOUTH,8
2024-04-15,Offices religieux et cérémonies,WEST,11
2024-04-15,Quincaillerie,EAST,58
2024-04-15,Quincaillerie,NORTH,57
2024-04-15,Quincaillerie,SOUTH,26
2024-04-15,Quincaillerie,WEST,37
2024-04-15,Santé et beauté,EAST,52
2024-04-15,Santé et beauté,NORTH,53
2024-04-15,Santé et beauté,SOUTH,36
2024-04-15,Santé et beauté,WEST,39
2024-04-15,Véhicules et accessoires,EAST,43
2024-04-15,Véhicules et accessoires,NORTH,53
2024-04-15,Véhicules et accessoires,SOUTH,31
2024-04-15,Véhicules et accessoires,WEST,43
2024-04-15,Vêtements et accessoires,EAST,102
2024-04-15,Vêtements et accessoires,NORTH,86
2024-04-15,Vêtements et accessoires,SOUTH,55
2024-04-15,Vêtements et accessoires,WEST,53
2024-04-15,Équipements sportifs,EAST,55
2024-04-15,Équipements sportifs,NORTH,38
2024-04-15,Équipements sportifs,SOUTH,27
2024-04-15,Équipements sportifs,WEST,34
2024-04-22,Animaux et articles pour animaux de compagnie,EAST,29
2024-04-22,Animaux et articles pour animaux de compagnie,NORTH,21
2024-04-22,Animaux et articles pour animaux de compagnie,SOUTH,20
2024-04-22,Animaux et articles pour animaux de compagnie,WEST,13
2024-04-22,"Appareils photo, caméras et instruments d'optique",EAST,3
2024-04-22,"Appareils photo, caméras et instruments d'optique",NORTH,9
2024-04-22,"Appareils photo, caméras et instruments d'optique",SOUTH,1
2024-04-22,"Appareils photo, caméras et instruments d'optique",WEST,5
2024-04-22,Appareils électroniques,EAST,34
2024-04-22,Appareils électroniques,NORTH,34
2024-04-22,Appareils électroniques,SOUTH,19
2024-04-22,Appareils électroniques,WEST,27
2024-04-22,Arts et loisirs,EAST,26
2024-04-22,Arts et loisirs,NORTH,31
2024-04-22,Arts et loisirs,SOUTH,15
2024-04-22,Arts et loisirs,WEST,12
2024-04-22,Bagages et maroquinerie,EAST,29
2024-04-22,Bagages et maroquinerie,NORTH,30
2024-04-22,Bagages et maroquinerie,SOUTH,20
2024-04-22,Bagages et maroquinerie,WEST,30
2024-04-22,Bébés et tout-petits,EAST,28
2024-04-22,Bébés et tout-petits,NORTH,30
2024-04-22,Bébés et tout-petits,SOUTH,13
2024-04-22,Bébés et tout-petits,WEST,16
2024-04-22,Entreprise et industrie,EAST,12
2024-04-22,Entreprise et industrie,NORTH,8
2024-04-22,Entreprise et industrie,SOUTH,3
2024-04-22,Entreprise et industrie,WEST,3
2024-04-22,Fournitures de bureau,EAST,26
2024-04-22,Fournitures de bureau,NORTH,22
2024-04-22,Fournitures de bureau,SOUTH,23
2024-04-22,Fournitures de bureau,WEST,17
2024-04-22,Jeux et jouets,EAST,16
2024-04-22,Jeux et jouets,NORTH,16
2024-04-22,Jeux et jouets,SOUTH,5
2024-04-22,Jeux et jouets,WEST,9
2024-04-22,Logiciels,EAST,2
2024-04-22,Logiciels,NORTH,3
2024-04-22,Logiciels,SOUTH,1
2024-04-22,Logiciels,WEST,1
2024-04-22,Lots,EAST,5
2024-04-22,Lots,NORTH,6
2024-04-22,Lots,SOUTH,8
2024-04-22,Lots,WEST,2
2024-04-22,Maison et jardin,EAST,82
2024-04-22,Maison et jardin,NORTH,94
2024-04-22,Maison et jardin,SOUTH,48
2024-04-22,Maison et jardin,WEST,53
2024-04-22,Meubles,EAST,29
2024-04-22,Meubles,NORTH,37
2024-04-22,Meubles,SOUTH,21
2024-04-22,Meubles,WEST,30
2024-04-22,Modules complémentaires du produit,EAST,4
2024-04-22,Modules complémentaires du produit,NORTH,5
2024-04-22,Modules complémentaires du produit,SOUTH,2
2024-04-22,Modules complémentaires du produit,WEST,4
2024-04-22,Médias,EAST,9
2024-04-22,Médias,NORTH,15
2024-04-22,Médias,SOUTH,9
2024-04-22,Médias,WEST,11
2024-04-22,Non classé,EAST,4
2024-04-22,Non classé,NORTH,3
2024-04-22,Non classé,SOUTH,3
2024-04-22,Offices religieux et cérémonies,EAST,8
2024-04-22,Offices religieux et cérémonies,NORTH,3
2024-04-22,Offices religieux et cérémonies,SOUTH,5
2024-04-22,Offices religieux et cérémonies,WEST,2
2024-04-22,Quincaillerie,EAST,30
2024-04-22,Quincaillerie,NORTH,31
2024-04-22,Quincaillerie,SOUTH,16
2024-04-22,Quincaillerie,WEST,18
2024-04-22,Santé et beauté,EAST,35
2024-04-22,Santé et beauté,NORTH,40
2024-04-22,Santé et beauté,SOUTH,20
2024-04-22,Santé et beauté,WEST,19
2024-04-22,Véhicules et accessoires,EAST,29
2024-04-22,Véhicules et accessoires,NORTH,29
2024-04-22,Véhicules et accessoires,SOUTH,12
2024-04-22,Véhicules et accessoires,WEST,24
2024-04-22,Vêtements et accessoires,EAST,44
2024-04-22,Vêtements et accessoires,NORTH,59
2024-04-22,Vêtements et accessoires,SOUTH,33
2024-04-22,Vêtements et accessoires,WEST,36
2024-04-22,Équipements sportifs,EAST,24
2024-04-22,Équipements sportifs,NORTH,23
2024-04-22,Équipements sportifs,SOUTH,15
2024-04-22,Équipements sportifs,WEST,10
2024-04-29,Animaux et articles pour animaux de compagnie,EAST,22
2024-04-29,Animaux et articles pour animaux de compagnie,NORTH,20
2024-04-29,Animaux et articles pour animaux de compagnie,SOUTH,14
2024-04-29,Animaux et articles pour animaux de compagnie,WEST,21
2024-04-29,"Appareils photo, caméras et instruments d'optique",EAST,3
2024-04-29,"Appareils photo, caméras et instruments d'optique",NORTH,8
2024-04-29,"Appareils photo, caméras et instruments d'optique",SOUTH,5
2024-04-29,"Appareils photo, caméras et instruments d'optique",WEST,2
2024-04-29,Appareils électroniques,EAST,33
2024-04-29,Appareils électroniques,NORTH,37
2024-04-29,Appareils électroniques,SOUTH,18
2024-04-29,Appareils électroniques,WEST,18
2024-04-29,Arts et loisirs,EAST,13
2024-04-29,Arts et loisirs,NORTH,31
2024-04-29,Arts et loisirs,SOUTH,21
2024-04-29,Arts et loisirs,WEST,15
2024-04-29,Bagages et maroquinerie,EAST,19
2024-04-29,Bagages et maroquinerie,NORTH,28
2024-04-29,Bagages et maroquinerie,SOUTH,14
2024-04-29,Bagages et maroquinerie,WEST,15
2024-04-29,Bébés et tout-petits,EAST,26
2024-04-29,Bébés et tout-petits,NORTH,23
2024-04-29,Bébés et tout-petits,SOUTH,16
2024-04-29,Bébés et tout-petits,WEST,14
2024-04-29,Entreprise et industrie,EAST,8
2024-04-29,Entreprise et industrie,NORTH,5
2024-04-29,Entreprise et industrie,SOUTH,7
2024-04-29,Entreprise et industrie,WEST,3
2024-04-29,Fournitures de bureau,EAST,30
2024-04-29,Fournitures de bureau,NORTH,24
2024-04-29,Fournitures de bureau,SOUTH,10
2024-04-29,Fournitures de bureau,WEST,17
2024-04-29,Jeux et jouets,EAST,8
2024-04-29,Jeux et jouets,NORTH,10
2024-04-29,Jeux et jouets,SOUTH,13
2024-04-29,Jeux et jouets,WEST,10
2024-04-29,Logiciels,EAST,2
2024-04-29,Logiciels,NORTH,4
2024-04-29,Logiciels,SOUTH,3
2024-04-29,Logiciels,WEST,4
2024-04-29,Lots,EAST,4
2024-04-29,Lots,NORTH,5
2024-04-29,Lots,SOUTH,4
2024-04-29,Lots,WEST,1
2024-04-29,Maison et jardin,EAST,92
2024-04-29,Maison et jardin,NORTH,81
2024-04-29,Maison et jardin,SOUTH,58
2024-04-29,Maison et jardin,WEST,50
2024-04-29,Meubles,EAST,31
2024-04-29,Meubles,NORTH,32
2024-04-29,Meubles,SOUTH,16
2024-04-29,Meubles,WEST,13
2024-04-29,Modules complémentaires du produit,EAST,5
2024-04-29,Modules complémentaires du produit,NORTH,2
2024-04-29,Médias,EAST,14
2024-04-29,Médias,NORTH,14
2024-04-29,Médias,SOUTH,8
2024-04-29,Médias,WEST,8
2024-04-29,Non classé,EAST,3
2024-04-29,Non classé,NORTH,3
2024-04-29,Offices religieux et cérémonies,EAST,7
2024-04-29,Offices religieux et cérémonies,NORTH,9
2024-04-29,Offices religieux et cérémonies,SOUTH,8
2024-04-29,Offices religieux et cérémonies,WEST,6
2024-04-29,Quincaillerie,EAST,33
2024-04-29,Quincaillerie,NORTH,21
2024-04-29,Quincaillerie,SOUTH,14
2024-04-29,Quincaillerie,WEST,11
2024-04-29,Santé et beauté,EAST,27
2024-04-29,Santé et beauté,NORTH,35
2024-04-29,Santé et beauté,SOUTH,10
2024-04-29,Santé et beauté,WEST,25
2024-04-29,Véhicules et accessoires,EAST,30
2024-04-29,Véhicules et accessoires,NORTH,37
2024-04-29,Véhicules et accessoires,SOUTH,17
2024-04-29,Véhicules et accessoires,WEST,13
2024-04-29,Vêtements et accessoires,EAST,42
2024-04-29,Vêtements et accessoires,NORTH,68
2024-04-29,Vêtements et accessoires,SOUTH,19
2024-04-29,Vêtements et accessoires,WEST,48
2024-04-29,Équipements sportifs,EAST,34
2024-04-29,Équipements sportifs,NORTH,25
2024-04-29,Équipements sportifs,SOUTH,23
2024-04-29,Équipements sportifs,WEST,20
2024-05-06,Animaux et articles pour animaux de compagnie,EAST,28
2024-05-06,Animaux et articles pour animaux de compagnie,NORTH,33
2024-05-06,Animaux et articles pour animaux de compagnie,SOUTH,11
2024-05-06,Animaux et articles pour animaux de compagnie,WEST,13
2024-05-06,"Appareils photo, caméras et instruments d'optique",EAST,3
2024-05-06,"Appareils photo, caméras et instruments d'optique",NORTH,4
2024-05-06,"Appareils photo, caméras et instruments d'optique",SOUTH,1
2024-05-06,"Appareils photo, caméras et instruments d'optique",WEST,5
2024-05-06,Appareils électroniques,EAST,35
2024-05-06,Appareils électroniques,NORTH,28
2024-05-06,Appareils électroniques,SOUTH,20
2024-05-06,Appareils électroniques,WEST,24
2024-05-06,Arts et loisirs,EAST,29
2024-05-06,Arts et loisirs,NORTH,27
2024-05-06,Arts et loisirs,SOUTH,12
2024-05-06,Arts et loisirs,WEST,22
2024-05-06,Bagages et maroquinerie,EAST,27
2024-05-06,Bagages et maroquinerie,NORTH,27
2024-05-06,Bagages et maroquinerie,SOUTH,15
2024-05-06,Bagages et maroquinerie,WEST,17
2024-05-06,Bébés et tout-petits,EAST,16
2024-05-06,Bébés et tout-petits,NORTH,26
2024-05-06,Bébés et tout-petits,SOUTH,14
2024-05-06,Bébés et tout-petits,WEST,20
2024-05-06,Entreprise et industrie,EAST,5
2024-05-06,Entreprise et industrie,NORTH,9
2024-05-06,Entreprise et industrie,SOUTH,5
2024-05-06,Entreprise et industrie,WEST,8
2024-05-06,Fournitures de bureau,EAST,24
2024-05-06,Fournitures de bureau,NORTH,31
2024-05-06,Fournitures de bureau,SOUTH,16
2024-05-06,Fournitures de bureau,WEST,19
2024-05-06,Jeux et jouets,EAST,15
2024-05-06,Jeux et jouets,NORTH,17
2024-05-06,Jeux et jouets,SOUTH,8
2024-05-06,Jeux et jouets,WEST,7
2024-05-06,Logiciels,EAST,2
2024-05-06,Logiciels,NORTH,1
2024-05-06,Logiciels,SOUTH,1
2024-05-06,Logiciels,WEST,4
2024-05-06,Lots,EAST,7
2024-05-06,Lots,NORTH,4
2024-05-06,Lots,SOUTH,3
2024-05-06,Maison et jardin,EAST,73
2024-05-06,Maison et jardin,NORTH,81
2024-05-06,Maison et jardin,SOUTH,52
2024-05-06,Maison et jardin,WEST,51
2024-05-06,Meubles,EAST,38
2024-05-06,Meubles,NORTH,33
2024-05-06,Meubles,SOUTH,13
2024-05-06,Meubles,WEST,31
2024-05-06,Modules complémentaires du produit,EAST,4
2024-05-06,Modules complémentaires du produit,NORTH,3
2024-05-06,Modules complémentaires du produit,SOUTH,1
2024-05-06,Modules complémentaires du produit,WEST,3
2024-05-06,Médias,EAST,13
2024-05-06,Médias,NORTH,10
2024-05-06,Médias,SOUTH,7
2024-05-06,Médias,WEST,12
2024-05-06,Non classé,EAST,2
2024-05-06,Non classé,NORTH,1
2024-05-06,Non classé,SOUTH,1
2024-05-06,Non classé,WEST,2
2024-05-06,Offices religieux et cérémonies,EAST,12
2024-05-06,Offices religieux et cérémonies,NORTH,11
2024-05-06,Offices religieux et cérémonies,SOUTH,3
2024-05-06,Offices religieux et cérémonies,WEST,4
2024-05-06,Quincaillerie,EAST,30
2024-05-06,Quincaillerie,NORTH,22
2024-05-06,Quincaillerie,SOUTH,14
2024-05-06,Quincaillerie,WEST,14
2024-05-06,Santé et beauté,EAST,39
2024-05-06,Santé et beauté,NORTH,33
2024-05-06,Santé et beauté,SOUTH,22
2024-05-06,Santé et beauté,WEST,27
2024-05-06,Véhicules et accessoires,EAST,19
2024-05-06,Véhicules et accessoires,NORTH,21
2024-05-06,Véhicules et accessoires,SOUTH,13
2024-05-06,Véhicules et accessoires,WEST,20
2024-05-06,Vêtements et accessoires,EAST,56
2024-05-06,Vêtements et accessoires,NORTH,56
2024-05-06,Vêtements et accessoires,SOUTH,33
2024-05-06,Vêtements et accessoires,WEST,44
2024-05-06,Équipements sportifs,EAST,25
2024-05-06,Équipements sportifs,NORTH,33
2024-05-06,Équipements sportifs,SOUTH,19
2024-05-06,Équipements sportifs,WEST,23
2024-05-13,Animaux et articles pour animaux de compagnie,EAST,23
2024-05-13,Animaux et articles pour animaux de compagnie,NORTH,29
2024-05-13,Animaux et articles pour animaux de compagnie,SOUTH,14
2024-05-13,Animaux et articles pour animaux de compagnie,WEST,14
2024-05-13,"Appareils photo, caméras et instruments d'optique",EAST,6
2024-05-13,"Appareils photo, caméras et instruments d'optique",NORTH,7
2024-05-13,"Appareils photo, caméras et instruments d'optique",SOUTH,6
2024-05-13,"Appareils photo, caméras et instruments d'optique",WEST,2
2024-05-13,Appareils électroniques,EAST,30
2024-05-13,Appareils électroniques,NORTH,34
2024-05-13,Appareils électroniques,SOUTH,27
2024-05-13,Appareils électroniques,WEST,17
2024-05-13,Arts et loisirs,EAST,22
2024-05-13,Arts et loisirs,NORTH,38
2024-05-13,Arts et loisirs,SOUTH,9
2024-05-13,Arts et loisirs,WEST,17
2024-05-13,Bagages et maroquinerie,EAST,22
2024-05-13,Bagages et maroquinerie,NORTH,31
2024-05-13,Bagages et maroquinerie,SOUTH,21
2024-05-13,Bagages et maroquinerie,WEST,23
2024-05-13,Bébés et tout-petits,EAST,21
2024-05-13,Bébés et tout-petits,NORTH,28
2024-05-13,Bébés et tout-petits,SOUTH,24
2024-05-13,Bébés et tout-petits,WEST,13
2024-05-13,Entreprise et industrie,EAST,16
2024-05-13,Entreprise et industrie,NORTH,12
2024-05-13,Entreprise et industrie,SOUTH,5
2024-05-13,Entreprise et industrie,WEST,5
2024-05-13,Fournitures de bureau,EAST,20
2024-05-13,Fournitures de bureau,NORTH,17
2024-05-13,Fournitures de bureau,SOUTH,22
2024-05-13,Fournitures de bureau,WEST,13
2024-05-13,Jeux et jouets,EAST,11
2024-05-13,Jeux et jouets,NORTH,13
2024-05-13,Jeux et jouets,SOUTH,4
2024-05-13,Jeux et jouets,WEST,6
2024-05-13,Logiciels,EAST,3
2024-05-13,Logiciels,NORTH,2
2024-05-13,Logiciels,SOUTH,3
2024-05-13,Logiciels,WEST,2
2024-05-13,Lots,EAST,3
2024-05-13,Lots,NORTH,3
2024-05-13,Lots,SOUTH,2
2024-05-13,Lots,WEST,5
2024-05-13,Maison et jardin,EAST,79
2024-05-13,Maison et jardin,NORTH,86
2024-05-13,Maison et jardin,SOUTH,49
2024-05-13,Maison et jardin,WEST,54
2024-05-13,Meubles,EAST,23
2024-05-13,Meubles,NORTH,41
2024-05-13,Meubles,SOUTH,25
2024-05-13,Meubles,WEST,20
2024-05-13,Modules complémentaires du produit,EAST,1
2024-05-13,Modules complémentaires du produit,SOUTH,1
2024-05-13,Modules complémentaires du produit,WEST,4
2024-05-13,Médias,EAST,10
2024-05-13,Médias,NORTH,11
2024-05-13,Médias,SOUTH,7
2024-05-13,Médias,WEST,12
2024-05-13,Non classé,EAST,1
2024-05-13,Non classé,SOUTH,2
2024-05-13,Non classé,WEST,2
2024-05-13,Offices religieux et cérémonies,EAST,11
2024-05-13,Offices religieux et cérémonies,NORTH,4
2024-05-13,Offices religieux et cérémonies,SOUTH,6
2024-05-13,Offices religieux et cérémonies,WEST,4
2024-05-13,Quincaillerie,EAST,16
2024-05-13,Quincaillerie,NORTH,29
2024-05-13,Quincaillerie,SOUTH,21
2024-05-13,Quincaillerie,WEST,24
2024-05-13,Santé et beauté,EAST,42
2024-05-13,Santé et beauté,NORTH,17
2024-05-13,Santé et beauté,SOUTH,18
2024-05-13,Santé et beauté,WEST,27
2024-05-13,Véhicules et accessoires,EAST,25
2024-05-13,Véhicules et accessoires,NORTH,20
2024-05-13,Véhicules et accessoires,SOUTH,12
2024-05-13,Véhicules et accessoires,WEST,13
2024-05-13,Vêtements et accessoires,EAST,41
2024-05-13,Vêtements et accessoires,NORTH,47
2024-05-13,Vêtements et accessoires,SOUTH,30
2024-05-13,Vêtements et accessoires,WEST,33
2024-05-13,Équipements sportifs,EAST,28
2024-05-13,Équipements sportifs,NORTH,28
2024-05-13,Équipements sportifs,SOUTH,13
2024-05-13,Équipements sportifs,WEST,15
2024-05-20,Animaux et articles pour animaux de compagnie,EAST,26
2024-05-20,Animaux et articles pour animaux de compagnie,NORTH,28
2024-05-20,Animaux et articles pour animaux de compagnie,SOUTH,15
2024-05-20,Animaux et articles pour animaux de compagnie,WEST,17
2024-05-20,"Appareils photo, caméras et instruments d'optique",EAST,1
2024-05-20,"Appareils photo, caméras et instruments d'optique",NORTH,6
2024-05-20,"Appareils photo, caméras et instruments d'optique",SOUTH,2
2024-05-20,"Appareils photo, caméras et instruments d'optique",WEST,3
2024-05-20,Appareils électroniques,EAST,30
2024-05-20,Appareils électroniques,NORTH,36
2024-05-20,Appareils électroniques,SOUTH,23
2024-05-20,Appareils électroniques,WEST,25
2024-05-20,Arts et loisirs,EAST,34
2024-05-20,Arts et loisirs,NORTH,29
2024-05-20,Arts et loisirs,SOUTH,18
2024-05-20,Arts et loisirs,WEST,15
2024-05-20,Bagages et maroquinerie,EAST,28
2024-05-20,Bagages et maroquinerie,NORTH,37
2024-05-20,Bagages et maroquinerie,SOUTH,10
2024-05-20,Bagages et maroquinerie,WEST,19
2024-05-20,Bébés et tout-petits,EAST,27
2024-05-20,Bébés et tout-petits,NORTH,33
2024-05-20,Bébés et tout-petits,SOUTH,12
2024-05-20,Bébés et tout-petits,WEST,23
2024-05-20,Entreprise et industrie,EAST,15
2024-05-20,Entreprise et industrie,NORTH,10
2024-05-20,Entreprise et industrie,SOUTH,9
2024-05-20,Entreprise et industrie,WEST,12
2024-05-20,Fournitures de bureau,EAST,30
2024-05-20,Fournitures de bureau,NORTH,31
2024-05-20,Fournitures de bureau,SOUTH,19
2024-05-20,Fournitures de bureau,WEST,19
2024-05-20,Jeux et jouets,EAST,16
2024-05-20,Jeux et jouets,NORTH,15
2024-05-20,Jeux et jouets,SOUTH,11
2024-05-20,Jeux et jouets,WEST,11
2024-05-20,Logiciels,EAST,3
2024-05-20,Logiciels,NORTH,2
2024-05-20,Logiciels,SOUTH,1
2024-05-20,Logiciels,WEST,2
2024-05-20,Lots,EAST,11
2024-05-20,Lots,NORTH,6
2024-05-20,Lots,SOUTH,2
2024-05-20,Lots,WEST,5
2024-05-20,Maison et jardin,EAST,103
2024-05-20,Maison et jardin,NORTH,89
2024-05-20,Maison et jardin,SOUTH,49
2024-05-20,Maison et jardin,WEST,60
2024-05-20,Meubles,EAST,37
2024-05-20,Meubles,NORTH,38
2024-05-20,Meubles,SOUTH,14
2024-05-20,Meubles,WEST,26
2024-05-20,Modules complémentaires du produit,EAST,5
2024-05-20,Modules complémentaires du produit,NORTH,4
2024-05-20,Modules complémentaires du produit,SOUTH,3
2024-05-20,Modules complémentaires du produit,WEST,1
2024-05-20,Médias,EAST,12
2024-05-20,Médias,NORTH,8
2024-05-20,Médias,SOUTH,9
2024-05-20,Médias,WEST,12
2024-05-20,Non classé,EAST,1
2024-05-20,Non classé,NORTH,4
2024-05-20,Non classé,SOUTH,1
2024-05-20,Non classé,WEST,1
2024-05-20,Offices religieux et cérémonies,EAST,8
2024-05-20,Offices religieux et cérémonies,NORTH,6
2024-05-20,Offices religieux et cérémonies,SOUTH,4
2024-05-20,Offices religieux et cérémonies,WEST,4
2024-05-20,Quincaillerie,EAST,23
2024-05-20,Quincaillerie,NORTH,27
2024-05-20,Quincaillerie,SOUTH,16
2024-05-20,Quincaillerie,WEST,28
2024-05-20,Santé et beauté,EAST,34
2024-05-20,Santé et beauté,NORTH,22
2024-05-20,Santé et beauté,SOUTH,22
2024-05-20,Santé et beauté,WEST,27
2024-05-20,Véhicules et accessoires,EAST,18
2024-05-20,Véhicules et accessoires,NORTH,36
2024-05-20,Véhicules et accessoires,SOUTH,20
2024-05-20,Véhicules et accessoires,WEST,23
2024-05-20,Vêtements et accessoires,EAST,49
2024-05-20,Vêtements et accessoires,NORTH,65
2024-05-20,Vêtements et accessoires,SOUTH,35
2024-05-20,Vêtements et accessoires,WEST,24
2024-05-20,Équipements sportifs,EAST,34
2024-05-20,Équipements sportifs,NORTH,41
2024-05-20,Équipements sportifs,SOUTH,18
2024-05-20,Équipements sportifs,WEST,30
2024-05-27,Animaux et articles pour animaux de compagnie,EAST,27
2024-05-27,Animaux et articles pour animaux de compagnie,NORTH,38
2024-05-27,Animaux et articles pour animaux de compagnie,SOUTH,19
2024-05-27,Animaux et articles pour animaux de compagnie,WEST,20
2024-05-27,"Appareils photo, caméras et instruments d'optique",EAST,2
2024-05-27,"Appareils photo, caméras et instruments d'optique",NORTH,6
2024-05-27,"Appareils photo, caméras et instruments d'optique",SOUTH,2
2024-05-27,"Appareils photo, caméras et instruments d'optique",WEST,2
2024-05-27,Appareils électroniques,EAST,37
2024-05-27,Appareils électroniques,NORTH,31
2024-05-27,Appareils électroniques,SOUTH,17
2024-05-27,Appareils électroniques,WEST,26
2024-05-27,Arts et loisirs,EAST,25
2024-05-27,Arts et loisirs,NORTH,21
2024-05-27,Arts et loisirs,SOUTH,11
2024-05-27,Arts et loisirs,WEST,13
2024-05-27,Bagages et maroquinerie,EAST,31
2024-05-27,Bagages et maroquinerie,NORTH,26
2024-05-27,Bagages et maroquinerie,SOUTH,12
2024-05-27,Bagages et maroquinerie,WEST,21
2024-05-27,Bébés et tout-petits,EAST,27
2024-05-27,Bébés et tout-petits,NORTH,22
2024-05-27,Bébés et tout-petits,SOUTH,13
2024-05-27,Bébés et tout-petits,WEST,18
2024-05-27,Entreprise et industrie,EAST,14
2024-05-27,Entreprise et industrie,NORTH,7
2024-05-27,Entreprise et industrie,SOUTH,3
2024-05-27,Entreprise et industrie,WEST,8
2024-05-27,Fournitures de bureau,EAST,33
2024-05-27,Fournitures de bureau,NORTH,21
2024-05-27,Fournitures de bureau,SOUTH,11
2024-05-27,Fournitures de bureau,WEST,18
2024-05-27,Jeux et jouets,EAST,15
2024-05-27,Jeux et jouets,NORTH,20
2024-05-27,Jeux et jouets,SOUTH,11
2024-05-27,Jeux et jouets,WEST,6
2024-05-27,Logiciels,EAST,4
2024-05-27,Logiciels,NORTH,2
2024-05-27,Logiciels,SOUTH,3
2024-05-27,Logiciels,WEST,1
2024-05-27,Lots,EAST,4
2024-05-27,Lots,NORTH,7
2024-05-27,Lots,SOUTH,2
2024-05-27,Lots,WEST,4
2024-05-27,Maison et jardin,EAST,81
2024-05-27,Maison et jardin,NORTH,74
2024-05-27,Maison et jardin,SOUTH,46
2024-05-27,Maison et jardin,WEST,49
2024-05-27,Meubles,EAST,31
2024-05-27,Meubles,NORTH,31
2024-05-27,Meubles,SOUTH,23
2024-05-27,Meubles,WEST,13
2024-05-27,Modules complémentaires du produit,EAST,4
2024-05-27,Modules complémentaires du produit,SOUTH,1
2024-05-27,Modules complémentaires du produit,WEST,5
2024-05-27,Médias,EAST,18
2024-05-27,Médias,NORTH,14
2024-05-27,Médias,SOUTH,6
2024-05-27,Médias,WEST,8
2024-05-27,Non classé,EAST,1
2024-05-27,Non classé,NORTH,1
2024-05-27,Offices religieux et cérémonies,EAST,6
2024-05-27,Offices religieux et cérémonies,NORTH,5
2024-05-27,Offices religieux et cérémonies,SOUTH,6
2024-05-27,Offices religieux et cérémonies,WEST,10
2024-05-27,Quincaillerie,EAST,32
2024-05-27,Quincaillerie,NORTH,27
2024-05-27,Quincaillerie,SOUTH,16
2024-05-27,Quincaillerie,WEST,23
2024-05-27,Santé et beauté,EAST,23
2024-05-27,Santé et beauté,NORTH,36
2024-05-27,Santé et beauté,SOUTH,23
2024-05-27,Santé et beauté,WEST,30
2024-05-27,Véhicules et accessoires,EAST,16
2024-05-27,Véhicules et accessoires,NORTH,30
2024-05-27,Véhicules et accessoires,SOUTH,19
2024-05-27,Véhicules et accessoires,WEST,16
2024-05-27,Vêtements et accessoires,EAST,41
2024-05-27,Vêtements et accessoires,NORTH,50
2024-05-27,Vêtements et accessoires,SOUTH,43
2024-05-27,Vêtements et accessoires,WEST,51
2024-05-27,Équipements sportifs,EAST,25
2024-05-27,Équipements sportifs,NORTH,29
2024-05-27,Équipements sportifs,SOUTH,12
2024-05-27,Équipements sportifs,WEST,21
2024-06-03,Animaux et articles pour animaux de compagnie,EAST,31
2024-06-03,Animaux et articles pour animaux de compagnie,NORTH,37
2024-06-03,Animaux et articles pour animaux de compagnie,SOUTH,15
2024-06-03,Animaux et articles pour animaux de compagnie,WEST,22
2024-06-03,"Appareils photo, caméras et instruments d'optique",EAST,2
2024-06-03,"Appareils photo, caméras et instruments d'optique",NORTH,3
2024-06-03,"Appareils photo, caméras et instruments d'optique",SOUTH,2
2024-06-03,"Appareils photo, caméras et instruments d'optique",WEST,4
2024-06-03,Appareils électroniques,EAST,51
2024-06-03,Appareils électroniques,NORTH,46
2024-06-03,Appareils électroniques,SOUTH,27
2024-06-03,Appareils électroniques,WEST,23
2024-06-03,Arts et loisirs,EAST,24
2024-06-03,Arts et loisirs,NORTH,44
2024-06-03,Arts et loisirs,SOUTH,19
2024-06-03,Arts et loisirs,WEST,22
2024-06-03,Bagages et maroquinerie,EAST,46
2024-06-03,Bagages et maroquinerie,NORTH,27
2024-06-03,Bagages et maroquinerie,SOUTH,18
2024-06-03,Bagages et maroquinerie,WEST,18
2024-06-03,Bébés et tout-petits,EAST,28
2024-06-03,Bébés et tout-petits,NORTH,23
2024-06-03,Bébés et tout-petits,SOUTH,32
2024-06-03,Bébés et tout-petits,WEST,15
2024-06-03,Entreprise et industrie,EAST,8
2024-06-03,Entreprise et industrie,NORTH,13
2024-06-03,Entreprise et industrie,SOUTH,8
2024-06-03,Entreprise et industrie,WEST,10
2024-06-03,Fournitures de bureau,EAST,27
2024-06-03,Fournitures de bureau,NORTH,35
2024-06-03,Fournitures de bureau,SOUTH,21
2024-06-03,Fournitures de bureau,WEST,21
2024-06-03,Jeux et jouets,EAST,13
2024-06-03,Jeux et jouets,NORTH,16
2024-06-03,Jeux et jouets,SOUTH,8
2024-06-03,Jeux et jouets,WEST,16
2024-06-03,Logiciels,EAST,4
2024-06-03,Logiciels,NORTH,5
2024-06-03,Logiciels,SOUTH,3
2024-06-03,Logiciels,WEST,4
2024-06-03,Lots,EAST,5
2024-06-03,Lots,NORTH,4
2024-06-03,Lots,SOUTH,5
2024-06-03,Lots,WEST,3
2024-06-03,Maison et jardin,EAST,101
2024-06-03,Maison et jardin,NORTH,94
2024-06-03,Maison et jardin,SOUTH,63
2024-06-03,Maison et jardin,WEST,62
2024-06-03,Meubles,EAST,36
2024-06-03,Meubles,NORTH,35
2024-06-03,Meubles,SOUTH,19
2024-06-03,Meubles,WEST,26
2024-06-03,Modules complémentaires du produit,EAST,3
2024-06-03,Modules complémentaires du produit,NORTH,4
2024-06-03,Modules complémentaires du produit,SOUTH,4
2024-06-03,Modules complémentaires du produit,WEST,1
2024-06-03,Médias,EAST,11
2024-06-03,Médias,NORTH,16
2024-06-03,Médias,SOUTH,6
2024-06-03,Médias,WEST,9
2024-06-03,Non classé,EAST,1
2024-06-03,Non classé,NORTH,1
2024-06-03,Non classé,WEST,2
2024-06-03,Offices religieux et cérémonies,EAST,7
2024-06-03,Offices religieux et cérémonies,NORTH,8
2024-06-03,Offices religieux et cérémonies,SOUTH,6
2024-06-03,Offices religieux et cérémonies,WEST,3
2024-06-03,Quincaillerie,EAST,31
2024-06-03,Quincaillerie,NORTH,25
2024-06-03,Quincaillerie,SOUTH,24
2024-06-03,Quincaillerie,WEST,27
2024-06-03,Santé et beauté,EAST,38
2024-06-03,Santé et beauté,NORTH,49
2024-06-03,Santé et beauté,SOUTH,16
2024-06-03,Santé et beauté,WEST,23
2024-06-03,Véhicules et accessoires,EAST,28
2024-06-03,Véhicules et accessoires,NORTH,27
2024-06-03,Véhicules et accessoires,SOUTH,21
2024-06-03,Véhicules et accessoires,WEST,24
2024-06-03,Vêtements et accessoires,EAST,74
2024-06-03,Vêtements et accessoires,NORTH,64
2024-06-03,Vêtements et accessoires,SOUTH,34
2024-06-03,Vêtements et accessoires,WEST,48
2024-06-03,Équipements sportifs,EAST,30
2024-06-03,Équipements sportifs,NORTH,31
2024-06-03,Équipements sportifs,SOUTH,20
2024-06-03,Équipements sportifs,WEST,24
2024-06-10,Animaux et articles pour animaux de compagnie,EAST,38
2024-06-10,Animaux et articles pour animaux de compagnie,NORTH,43
2024-06-10,Animaux et articles pour animaux de compagnie,SOUTH,25
2024-06-10,Animaux et articles pour animaux de compagnie,WEST,36
2024-06-10,"Appareils photo, caméras et instruments d'optique",EAST,8
2024-06-10,"Appareils photo, caméras et instruments d'optique",NORTH,13
2024-06-10,"Appareils photo, caméras et instruments d'optique",SOUTH,4
2024-06-10,"Appareils photo, caméras et instruments d'optique",WEST,4
2024-06-10,Appareils électroniques,EAST,46
2024-06-10,Appareils électroniques,NORTH,44
2024-06-10,Appareils électroniques,SOUTH,22
2024-06-10,Appareils électroniques,WEST,28
2024-06-10,Arts et loisirs,EAST,35
2024-06-10,Arts et loisirs,NORTH,31
2024-06-10,Arts et loisirs,SOUTH,20
2024-06-10,Arts et loisirs,WEST,20
2024-06-10,Bagages et maroquinerie,EAST,24
2024-06-10,Bagages et maroquinerie,NORTH,16
2024-06-10,Bagages et maroquinerie,SOUTH,16
2024-06-10,Bagages et maroquinerie,WEST,25
2024-06-10,Bébés et tout-petits,EAST,29
2024-06-10,Bébés et tout-petits,NORTH,30
2024-06-10,Bébés et tout-petits,SOUTH,21
2024-06-10,Bébés et tout-petits,WEST,25
2024-06-10,Entreprise et industrie,EAST,16
2024-06-10,Entreprise et industrie,NORTH,11
2024-06-10,Entreprise et industrie,SOUTH,6
2024-06-10,Entreprise et industrie,WEST,11
2024-06-10,Fournitures de bureau,EAST,44
2024-06-10,Fournitures de bureau,NORTH,25
2024-06-10,Fournitures de bureau,SOUTH,20
2024-06-10,Fournitures de bureau,WEST,34
2024-06-10,Jeux et jouets,EAST,28
2024-06-10,Jeux et jouets,NORTH,8
2024-06-10,Jeux et jouets,SOUTH,11
2024-06-10,Jeux et jouets,WEST,16
2024-06-10,Logiciels,EAST,2
2024-06-10,Logiciels,NORTH,2
2024-06-10,Logiciels,SOUTH,4
2024-06-10,Logiciels,WEST,4
2024-06-10,Lots,EAST,4
2024-06-10,Lots,NORTH,7
2024-06-10,Lots,SOUTH,6
2024-06-10,Lots,WEST,4
2024-06-10,Maison et jardin,EAST,106
2024-06-10,Maison et jardin,NORTH,117
2024-06-10,Maison et jardin,SOUTH,77
2024-06-10,Maison et jardin,WEST,68
2024-06-10,Meubles,EAST,57
2024-06-10,Meubles,NORTH,49
2024-06-10,Meubles,SOUTH,33
2024-06-10,Meubles,WEST,29
2024-06-10,Modules complémentaires du produit,EAST,1
2024-06-10,Modules complémentaires du produit,NORTH,6
2024-06-10,Modules complémentaires du produit,SOUTH,1
2024-06-10,Modules complémentaires du produit,WEST,1
2024-06-10,Médias,EAST,12
2024-06-10,Médias,NORTH,20
2024-06-10,Médias,SOUTH,8
2024-06-10,Médias,WEST,12
2024-06-10,Non classé,EAST,3
2024-06-10,Non classé,NORTH,3
2024-06-10,Non classé,SOUTH,1
2024-06-10,Non classé,WEST,3
2024-06-10,Offices religieux et cérémonies,EAST,8
2024-06-10,Offices religieux et cérémonies,NORTH,9
2024-06-10,Offices religieux et cérémonies,SOUTH,9
2024-06-10,Offices religieux et cérémonies,WEST,8
2024-06-10,Quincaillerie,EAST,51
2024-06-10,Quincaillerie,NORTH,37
2024-06-10,Quincaillerie,SOUTH,26
2024-06-10,Quincaillerie,WEST,23
2024-06-10,Santé et beauté,EAST,42
2024-06-10,Santé et beauté,NORTH,47
2024-06-10,Santé et beauté,SOUTH,33
2024-06-10,Santé et beauté,WEST,24
2024-06-10,Véhicules et accessoires,EAST,25
2024-06-10,Véhicules et accessoires,NORTH,45
2024-06-10,Véhicules et accessoires,SOUTH,24
2024-06-10,Véhicules et accessoires,WEST,28
2024-06-10,Vêtements et accessoires,EAST,68
2024-06-10,Vêtements et accessoires,NORTH,72
2024-06-10,Vêtements et accessoires,SOUTH,43
2024-06-10,Vêtements et accessoires,WEST,51
2024-06-10,Équipements sportifs,EAST,35
2024-06-10,Équipements sportifs,NORTH,39
2024-06-10,Équipements sportifs,SOUTH,18
2024-06-10,Équipements sportifs,WEST,32
2024-06-17,Animaux et articles pour animaux de compagnie,EAST,33
2024-06-17,Animaux et articles pour animaux de compagnie,NORTH,44
2024-06-17,Animaux et articles pour animaux de compagnie,SOUTH,19
2024-06-17,Animaux et articles pour animaux de compagnie,WEST,32
2024-06-17,"Appareils photo, caméras et instruments d'optique",EAST,8
2024-06-17,"Appareils photo, caméras et instruments d'optique",NORTH,7
2024-06-17,"Appareils photo, caméras et instruments d'optique",SOUTH,6
2024-06-17,"Appareils photo, caméras et instruments d'optique",WEST,5
2024-06-17,Appareils électroniques,EAST,48
2024-06-17,Appareils électroniques,NORTH,47
2024-06-17,Appareils électroniques,SOUTH,27
2024-06-17,Appareils électroniques,WEST,28
2024-06-17,Arts et loisirs,EAST,31
2024-06-17,Arts et loisirs,NORTH,32
2024-06-17,Arts et loisirs,SOUTH,20
2024-06-17,Arts et loisirs,WEST,29
2024-06-17,Bagages et maroquinerie,EAST,27
2024-06-17,Bagages et maroquinerie,NORTH,39
2024-06-17,Bagages et maroquinerie,SOUTH,27
2024-06-17,Bagages et maroquinerie,WEST,25
2024-06-17,Bébés et tout-petits,EAST,34
2024-06-17,Bébés et tout-petits,NORTH,35
2024-06-17,Bébés et tout-petits,SOUTH,24
2024-06-17,Bébés et tout-petits,WEST,26
2024-06-17,Entreprise et industrie,EAST,10
2024-06-17,Entreprise et industrie,NORTH,15
2024-06-17,Entreprise et industrie,SOUTH,14
2024-06-17,Entreprise et industrie,WEST,10
2024-06-17,Fournitures de bureau,EAST,46
2024-06-17,Fournitures de bureau,NORTH,33
2024-06-17,Fournitures de bureau,SOUTH,17
2024-06-17,Fournitures de bureau,WEST,25
2024-06-17,Jeux et jouets,EAST,18
2024-06-17,Jeux et jouets,NORTH,19
2024-06-17,Jeux et jouets,SOUTH,5
2024-06-17,Jeux et jouets,WEST,14
2024-06-17,Logiciels,EAST,5
2024-06-17,Logiciels,SOUTH,2
2024-06-17,Logiciels,WEST,3
2024-06-17,Lots,EAST,8
2024-06-17,Lots,NORTH,4
2024-06-17,Lots,SOUTH,4
2024-06-17,Lots,WEST,3
2024-06-17,Maison et jardin,EAST,112
2024-06-17,Maison et jardin,NORTH,118
2024-06-17,Maison et jardin,SOUTH,77
2024-06-17,Maison et jardin,WEST,78
2024-06-17,Meubles,EAST,49
2024-06-17,Meubles,NORTH,45
2024-06-17,Meubles,SOUTH,18
2024-06-17,Meubles,WEST,23
2024-06-17,Modules complémentaires du produit,EAST,3
2024-06-17,Modules complémentaires du produit,NORTH,2
2024-06-17,Modules complémentaires du produit,SOUTH,6
2024-06-17,Modules complémentaires du produit,WEST,3
2024-06-17,Médias,EAST,14
2024-06-17,Médias,NORTH,19
2024-06-17,Médias,SOUTH,7
2024-06-17,Médias,WEST,17
2024-06-17,Non classé,EAST,1
2024-06-17,Non classé,NORTH,3
2024-06-17,Offices religieux et cérémonies,EAST,9
2024-06-17,Offices religieux et cérémonies,NORTH,9
2024-06-17,Offices religieux et cérémonies,SOUTH,5
2024-06-17,Offices religieux et cérémonies,WEST,7
2024-06-17,Quincaillerie,EAST,30
2024-06-17,Quincaillerie,NORTH,31
2024-06-17,Quincaillerie,SOUTH,13
2024-06-17,Quincaillerie,WEST,18
2024-06-17,Santé et beauté,EAST,38
2024-06-17,Santé et beauté,NORTH,43
2024-06-17,Santé et beauté,SOUTH,24
2024-06-17,Santé et beauté,WEST,23
2024-06-17,Véhicules et accessoires,EAST,42
2024-06-17,Véhicules et accessoires,NORTH,36
2024-06-17,Véhicules et accessoires,SOUTH,24
2024-06-17,Véhicules et accessoires,WEST,25
2024-06-17,Vêtements et accessoires,EAST,70
2024-06-17,Vêtements et accessoires,NORTH,71
2024-06-17,Vêtements et accessoires,SOUTH,45
2024-06-17,Vêtements et accessoires,WEST,46
2024-06-17,Équipements sportifs,EAST,36
2024-06-17,Équipements sportifs,NORTH,43
2024-06-17,Équipements sportifs,SOUTH,18
2024-06-17,Équipements sportifs,WEST,28
2024-06-24,Animaux et articles pour animaux de compagnie,EAST,30
2024-06-24,Animaux et articles pour animaux de compagnie,NORTH,38
2024-06-24,Animaux et articles pour animaux de compagnie,SOUTH,25
2024-06-24,Animaux et articles pour animaux de compagnie,WEST,30
2024-06-24,"Appareils photo, caméras et instruments d'optique",EAST,4
2024-06-24,"Appareils photo, caméras et instruments d'optique",NORTH,3
2024-06-24,"Appareils photo, caméras et instruments d'optique",SOUTH,5
2024-06-24,"Appareils photo, caméras et instruments d'optique",WEST,2
2024-06-24,Appareils électroniques,EAST,43
2024-06-24,Appareils électroniques,NORTH,44
2024-06-24,Appareils électroniques,SOUTH,21
2024-06-24,Appareils électroniques,WEST,23
2024-06-24,Arts et loisirs,EAST,24
2024-06-24,Arts et loisirs,NORTH,38
2024-06-24,Arts et loisirs,SOUTH,31
2024-06-24,Arts et loisirs,WEST,30
2024-06-24,Bagages et maroquinerie,EAST,25
2024-06-24,Bagages et maroquinerie,NORTH,33
2024-06-24,Bagages et maroquinerie,SOUTH,19
2024-06-24,Bagages et maroquinerie,WEST,28
2024-06-24,Bébés et tout-petits,EAST,34
2024-06-24,Bébés et tout-petits,NORTH,35
2024-06-24,Bébés et tout-petits,SOUTH,25
2024-06-24,Bébés et tout-petits,WEST,18
2024-06-24,Entreprise et industrie,EAST,15
2024-06-24,Entreprise et industrie,NORTH,22
2024-06-24,Entreprise et industrie,SOUTH,8
2024-06-24,Entreprise et industrie,WEST,10
2024-06-24,Fournitures de bureau,EAST,38
2024-06-24,Fournitures de bureau,NORTH,36
2024-06-24,Fournitures de bureau,SOUTH,21
2024-06-24,Fournitures de bureau,WEST,30
2024-06-24,Jeux et jouets,EAST,15
2024-06-24,Jeux et jouets,NORTH,20
2024-06-24,Jeux et jouets,SOUTH,12
2024-06-24,Jeux et jouets,WEST,9
2024-06-24,Logiciels,EAST,1
2024-06-24,Logiciels,NORTH,7
2024-06-24,Logiciels,SOUTH,3
2024-06-24,Logiciels,WEST,2
2024-06-24,Lots,EAST,7
2024-06-24,Lots,NORTH,7
2024-06-24,Lots,SOUTH,1
2024-06-24,Lots,WEST,5
2024-06-24,Maison et jardin,EAST,101
2024-06-24,Maison et jardin,NORTH,125
2024-06-24,Maison et jardin,SOUTH,63
2024-06-24,Maison et jardin,WEST,70
2024-06-24,Meubles,EAST,34
2024-06-24,Meubles,NORTH,39
2024-06-24,Meubles,SOUTH,26
2024-06-24,Meubles,WEST,32
2024-06-24,Modules complémentaires du produit,EAST,4
2024-06-24,Modules complémentaires du produit,NORTH,7
2024-06-24,Modules complémentaires du produit,SOUTH,3
2024-06-24,Modules complémentaires du produit,WEST,3
2024-06-24,Médias,EAST,25
2024-06-24,Médias,NORTH,17
2024-06-24,Médias,SOUTH,9
2024-06-24,Médias,WEST,9
2024-06-24,Non classé,EAST,3
2024-06-24,Non classé,NORTH,4
2024-06-24,Non classé,SOUTH,1
2024-06-24,Non classé,WEST,2
2024-06-24,Offices religieux et cérémonies,EAST,10
2024-06-24,Offices religieux et cérémonies,NORTH,3
2024-06-24,Offices religieux et cérémonies,SOUTH,5
2024-06-24,Offices religieux et cérémonies,WEST,6
2024-06-24,Quincaillerie,EAST,41
2024-06-24,Quincaillerie,NORTH,39
2024-06-24,Quincaillerie,SOUTH,26
2024-06-24,Quincaillerie,WEST,15
2024-06-24,Santé et beauté,EAST,47
2024-06-24,Santé et beauté,NORTH,50
2024-06-24,Santé et beauté,SOUTH,24
2024-06-24,Santé et beauté,WEST,30
2024-06-24,Véhicules et accessoires,EAST,32
2024-06-24,Véhicules et accessoires,NORTH,42
2024-06-24,Véhicules et accessoires,SOUTH,25
2024-06-24,Véhicules et accessoires,WEST,30
2024-06-24,Vêtements et accessoires,EAST,72
2024-06-24,Vêtements et accessoires,NORTH,65
2024-06-24,Vêtements et accessoires,SOUTH,43
2024-06-24,Vêtements et accessoires,WEST,33
2024-06-24,Équipements sportifs,EAST,34
2024-06-24,Équipements sportifs,NORTH,38
2024-06-24,Équipements sportifs,SOUTH,26
2024-06-24,Équipements sportifs,WEST,27
2024-07-01,Animaux et articles pour animaux de compagnie,EAST,35
2024-07-01,Animaux et articles pour animaux de compagnie,NORTH,39
2024-07-01,Animaux et articles pour animaux de compagnie,SOUTH,17
2024-07-01,Animaux et articles pour animaux de compagnie,WEST,30
2024-07-01,"Appareils photo, caméras et instruments d'optique",EAST,7
2024-07-01,"Appareils photo, caméras et instruments d'optique",NORTH,7
2024-07-01,"Appareils photo, caméras et instruments d'optique",SOUTH,4
2024-07-01,"Appareils photo, caméras et instruments d'optique",WEST,8
2024-07-01,Appareils électroniques,EAST,46
2024-07-01,Appareils électroniques,NORTH,41
2024-07-01,Appareils électroniques,SOUTH,18
2024-07-01,Appareils électroniques,WEST,25
2024-07-01,Arts et loisirs,EAST,40
2024-07-01,Arts et loisirs,NORTH,46
2024-07-01,Arts et loisirs,SOUTH,19
2024-07-01,Arts et loisirs,WEST,31
2024-07-01,Bagages et maroquinerie,EAST,36
2024-07-01,Bagages et maroquinerie,NORTH,30
2024-07-01,Bagages et maroquinerie,SOUTH,20
2024-07-01,Bagages et maroquinerie,WEST,25
2024-07-01,Bébés et tout-petits,EAST,38
2024-07-01,Bébés et tout-petits,NORTH,36
2024-07-01,Bébés et tout-petits,SOUTH,12
2024-07-01,Bébés et tout-petits,WEST,22
2024-07-01,Entreprise et industrie,EAST,13
2024-07-01,Entreprise et industrie,NORTH,20
2024-07-01,Entreprise et industrie,SOUTH,14
2024-07-01,Entreprise et industrie,WEST,8
2024-07-01,Fournitures de bureau,EAST,30
2024-07-01,Fournitures de bureau,NORTH,35
2024-07-01,Fournitures de bureau,SOUTH,22
2024-07-01,Fournitures de bureau,WEST,27
2024-07-01,Jeux et jouets,EAST,8
2024-07-01,Jeux et jouets,NORTH,16
2024-07-01,Jeux et jouets,SOUTH,13
2024-07-01,Jeux et jouets,WEST,8
2024-07-01,Logiciels,EAST,4
2024-07-01,Logiciels,NORTH,3
2024-07-01,Logiciels,SOUTH,2
2024-07-01,Logiciels,WEST,6
2024-07-01,Lots,EAST,8
2024-07-01,Lots,NORTH,12
2024-07-01,Lots,SOUTH,3
2024-07-01,Lots,WEST,3
2024-07-01,Maison et jardin,EAST,103
2024-07-01,Maison et jardin,NORTH,152
2024-07-01,Maison et jardin,SOUTH,55
2024-07-01,Maison et jardin,WEST,93
2024-07-01,Meubles,EAST,48
2024-07-01,Meubles,NORTH,41
2024-07-01,Meubles,SOUTH,25
2024-07-01,Meubles,WEST,32
2024-07-01,Modules complémentaires du produit,EAST,2
2024-07-01,Modules complémentaires du produit,NORTH,3
2024-07-01,Modules complémentaires du produit,WEST,3
2024-07-01,Médias,EAST,17
2024-07-01,Médias,NORTH,11
2024-07-01,Médias,SOUTH,11
2024-07-01,Médias,WEST,10
2024-07-01,Non classé,EAST,1
2024-07-01,Non classé,NORTH,2
2024-07-01,Non classé,SOUTH,1
2024-07-01,Non classé,WEST,2
2024-07-01,Offices religieux et cérémonies,EAST,11
2024-07-01,Offices religieux et cérémonies,NORTH,5
2024-07-01,Offices religieux et cérémonies,SOUTH,3
2024-07-01,Offices religieux et cérémonies,WEST,5
2024-07-01,Quincaillerie,EAST,36
2024-07-01,Quincaillerie,NORTH,47
2024-07-01,Quincaillerie,SOUTH,20
2024-07-01,Quincaillerie,WEST,28
2024-07-01,Santé et beauté,EAST,32
2024-07-01,Santé et beauté,NORTH,47
2024-07-01,Santé et beauté,SOUTH,31
2024-07-01,Santé et beauté,WEST,36
2024-07-01,Véhicules et accessoires,EAST,29
2024-07-01,Véhicules et accessoires,NORTH,29
2024-07-01,Véhicules et accessoires,SOUTH,22
2024-07-01,Véhicules et accessoires,WEST,27
2024-07-01,Vêtements et accessoires,EAST,91
2024-07-01,Vêtements et accessoires,NORTH,59
2024-07-01,Vêtements et accessoires,SOUTH,41
2024-07-01,Vêtements et accessoires,WEST,34
2024-07-01,Équipements sportifs,EAST,29
2024-07-01,Équipements sportifs,NORTH,31
2024-07-01,Équipements sportifs,SOUTH,25
2024-07-01,Équipements sportifs,WEST,23
2024-07-08,Animaux et articles pour animaux de compagnie,EAST,28
2024-07-08,Animaux et articles pour animaux de compagnie,NORTH,32
2024-07-08,Animaux et articles pour animaux de compagnie,SOUTH,19
2024-07-08,Animaux et articles pour animaux de compagnie,WEST,25
2024-07-08,"Appareils photo, caméras et instruments d'optique",EAST,14
2024-07-08,"Appareils photo, caméras et instruments d'optique",NORTH,11
2024-07-08,"Appareils photo, caméras et instruments d'optique",SOUTH,2
2024-07-08,"Appareils photo, caméras et instruments d'optique",WEST,3
2024-07-08,Appareils électroniques,EAST,40
2024-07-08,Appareils électroniques,NORTH,45
2024-07-08,Appareils électroniques,SOUTH,24
2024-07-08,Appareils électroniques,WEST,28
2024-07-08,Arts et loisirs,EAST,40
2024-07-08,Arts et loisirs,NORTH,33
2024-07-08,Arts et loisirs,SOUTH,25
2024-07-08,Arts et loisirs,WEST,28
2024-07-08,Bagages et maroquinerie,EAST,25
2024-07-08,Bagages et maroquinerie,NORTH,24
2024-07-08,Bagages et maroquinerie,SOUTH,28
2024-07-08,Bagages et maroquinerie,WEST,24
2024-07-08,Bébés et tout-petits,EAST,27
2024-07-08,Bébés et tout-petits,NORTH,37
2024-07-08,Bébés et tout-petits,SOUTH,21
2024-07-08,Bébés et tout-petits,WEST,19
2024-07-08,Entreprise et industrie,EAST,15
2024-07-08,Entreprise et industrie,NORTH,13
2024-07-08,Entreprise et industrie,SOUTH,6
2024-07-08,Entreprise et industrie,WEST,5
2024-07-08,Fournitures de bureau,EAST,45
2024-07-08,Fournitures de bureau,NORTH,39
2024-07-08,Fournitures de bureau,SOUTH,23
2024-07-08,Fournitures de bureau,WEST,27
2024-07-08,Jeux et jouets,EAST,20
2024-07-08,Jeux et jouets,NORTH,14
2024-07-08,Jeux et jouets,SOUTH,18
2024-07-08,Jeux et jouets,WEST,16
2024-07-08,Logiciels,EAST,4
2024-07-08,Logiciels,NORTH,1
2024-07-08,Logiciels,SOUTH,5
2024-07-08,Logiciels,WEST,1
2024-07-08,Lots,EAST,3
2024-07-08,Lots,NORTH,6
2024-07-08,Lots,SOUTH,3
2024-07-08,Lots,WEST,2
2024-07-08,Maison et jardin,EAST,116
2024-07-08,Maison et jardin,NORTH,121
2024-07-08,Maison et jardin,SOUTH,57
2024-07-08,Maison et jardin,WEST,85
2024-07-08,Meubles,EAST,44
2024-07-08,Meubles,NORTH,41
2024-07-08,Meubles,SOUTH,27
2024-07-08,Meubles,WEST,27
2024-07-08,Modules complémentaires du produit,EAST,3
2024-07-08,Modules complémentaires du produit,NORTH,4
2024-07-08,Modules complémentaires du produit,SOUTH,2
2024-07-08,Modules complémentaires du produit,WEST,5
2024-07-08,Médias,EAST,22
2024-07-08,Médias,NORTH,17
2024-07-08,Médias,SOUTH,13
2024-07-08,Médias,WEST,11
2024-07-08,Non classé,EAST,1
2024-07-08,Non classé,SOUTH,1
2024-07-08,Non classé,WEST,3
2024-07-08,Offices religieux et cérémonies,EAST,16
2024-07-08,Offices religieux et cérémonies,NORTH,6
2024-07-08,Offices religieux et cérémonies,SOUTH,3
2024-07-08,Offices religieux et cérémonies,WEST,5
2024-07-08,Quincaillerie,EAST,37
2024-07-08,Quincaillerie,NORTH,30
2024-07-08,Quincaillerie,SOUTH,14
2024-07-08,Quincaillerie,WEST,24
2024-07-08,Santé et beauté,EAST,43
2024-07-08,Santé et beauté,NORTH,48
2024-07-08,Santé et beauté,SOUTH,28
2024-07-08,Santé et beauté,WEST,26
2024-07-08,Véhicules et accessoires,EAST,41
2024-07-08,Véhicules et accessoires,NORTH,30
2024-07-08,Véhicules et accessoires,SOUTH,20
2024-07-08,Véhicules et accessoires,WEST,22
2024-07-08,Vêtements et accessoires,EAST,69
2024-07-08,Vêtements et accessoires,NORTH,79
2024-07-08,Vêtements et accessoires,SOUTH,36
2024-07-08,Vêtements et accessoires,WEST,55
2024-07-08,Équipements sportifs,EAST,36
2024-07-08,Équipements sportifs,NORTH,36
2024-07-08,Équipements sportifs,SOUTH,27
2024-07-08,Équipements sportifs,WEST,30
2024-07-15,Animaux et articles pour animaux de compagnie,EAST,36
2024-07-15,Animaux et articles pour animaux de compagnie,NORTH,39
2024-07-15,Animaux et articles pour animaux de compagnie,SOUTH,20
2024-07-15,Animaux et articles pour animaux de compagnie,WEST,33
2024-07-15,"Appareils photo, caméras et instruments d'optique",EAST,2
2024-07-15,"Appareils photo, caméras et instruments d'optique",NORTH,8
2024-07-15,"Appareils photo, caméras et instruments d'optique",SOUTH,5
2024-07-15,"Appareils photo, caméras et instruments d'optique",WEST,1
2024-07-15,Appareils électroniques,EAST,51
2024-07-15,Appareils électroniques,NORTH,45
2024-07-15,Appareils électroniques,SOUTH,22
2024-07-15,Appareils électroniques,WEST,22
2024-07-15,Arts et loisirs,EAST,26
2024-07-15,Arts et loisirs,NORTH,39
2024-07-15,Arts et loisirs,SOUTH,28
2024-07-15,Arts et loisirs,WEST,20
2024-07-15,Bagages et maroquinerie,EAST,37
2024-07-15,Bagages et maroquinerie,NORTH,34
2024-07-15,Bagages et maroquinerie,SOUTH,24
2024-07-15,Bagages et maroquinerie,WEST,25
2024-07-15,Bébés et tout-petits,EAST,43
2024-07-15,Bébés et tout-petits,NORTH,35
2024-07-15,Bébés et tout-petits,SOUTH,18
2024-07-15,Bébés et tout-petits,WEST,31
2024-07-15,Entreprise et industrie,EAST,17
2024-07-15,Entreprise et industrie,NORTH,10
2024-07-15,Entreprise et industrie,SOUTH,8
2024-07-15,Entreprise et industrie,WEST,5
2024-07-15,Fournitures de bureau,EAST,40
2024-07-15,Fournitures de bureau,NORTH,29
2024-07-15,Fournitures de bureau,SOUTH,20
2024-07-15,Fournitures de bureau,WEST,23
2024-07-15,Jeux et jouets,EAST,16
2024-07-15,Jeux et jouets,NORTH,20
2024-07-15,Jeux et jouets,SOUTH,14
2024-07-15,Jeux et jouets,WEST,10
2024-07-15,Logiciels,EAST,4
2024-07-15,Logiciels,NORTH,2
2024-07-15,Logiciels,SOUTH,5
2024-07-15,Logiciels,WEST,7
2024-07-15,Lots,EAST,6
2024-07-15,Lots,NORTH,6
2024-07-15,Lots,SOUTH,4
2024-07-15,Lots,WEST,7
2024-07-15,Maison et jardin,EAST,105
2024-07-15,Maison et jardin,NORTH,96
2024-07-15,Maison et jardin,SOUTH,57
2024-07-15,Maison et jardin,WEST,69
2024-07-15,Meubles,EAST,34
2024-07-15,Meubles,NORTH,36
2024-07-15,Meubles,SOUTH,32
2024-07-15,Meubles,WEST,32
2024-07-15,Modules complémentaires du produit,EAST,6
2024-07-15,Modules complémentaires du produit,NORTH,3
2024-07-15,Modules complémentaires du produit,SOUTH,2
2024-07-15,Modules complémentaires du produit,WEST,3
2024-07-15,Médias,EAST,15
2024-07-15,Médias,NORTH,20
2024-07-15,Médias,SOUTH,12
2024-07-15,Médias,WEST,6
2024-07-15,Non classé,EAST,3
2024-07-15,Non classé,NORTH,4
2024-07-15,Non classé,WEST,1
2024-07-15,Offices religieux et cérémonies,EAST,8
2024-07-15,Offices religieux et cérémonies,NORTH,11
2024-07-15,Offices religieux et cérémonies,SOUTH,7
2024-07-15,Offices religieux et cérémonies,WEST,13
2024-07-15,Quincaillerie,EAST,40
2024-07-15,Quincaillerie,NORTH,35
2024-07-15,Quincaillerie,SOUTH,20
2024-07-15,Quincaillerie,WEST,28
2024-07-15,Santé et beauté,EAST,41
2024-07-15,Santé et beauté,NORTH,38
2024-07-15,Santé et beauté,SOUTH,24
2024-07-15,Santé et beauté,WEST,30
2024-07-15,Véhicules et accessoires,EAST,42
2024-07-15,Véhicules et accessoires,NORTH,33
2024-07-15,Véhicules et accessoires,SOUTH,13
2024-07-15,Véhicules et accessoires,WEST,31
2024-07-15,Vêtements et accessoires,EAST,84
2024-07-15,Vêtements et accessoires,NORTH,73
2024-07-15,Vêtements et accessoires,SOUTH,43
2024-07-15,Vêtements et accessoires,WEST,43
2024-07-15,Équipements sportifs,EAST,31
2024-07-15,Équipements sportifs,NORTH,44
2024-07-15,Équipements sportifs,SOUTH,27
2024-07-15,Équipements sportifs,WEST,25
2024-07-22,Animaux et articles pour animaux de compagnie,EAST,24
2024-07-22,Animaux et articles pour animaux de compagnie,NORTH,29
2024-07-22,Animaux et articles pour animaux de compagnie,SOUTH,19
2024-07-22,Animaux et articles pour animaux de compagnie,WEST,25
2024-07-22,"Appareils photo, caméras et instruments d'optique",EAST,5
2024-07-22,"Appareils photo, caméras et instruments d'optique",NORTH,7
2024-07-22,"Appareils photo, caméras et instruments d'optique",SOUTH,11
2024-07-22,"Appareils photo, caméras et instruments d'optique",WEST,2
2024-07-22,Appareils électroniques,EAST,43
2024-07-22,Appareils électroniques,NORTH,45
2024-07-22,Appareils électroniques,SOUTH,24
2024-07-22,Appareils électroniques,WEST,38
2024-07-22,Arts et loisirs,EAST,47
2024-07-22,Arts et loisirs,NORTH,33
2024-07-22,Arts et loisirs,SOUTH,15
2024-07-22,Arts et loisirs,WEST,24
2024-07-22,Bagages et maroquinerie,EAST,37
2024-07-22,Bagages et maroquinerie,NORTH,33
2024-07-22,Bagages et maroquinerie,SOUTH,21
2024-07-22,Bagages et maroquinerie,WEST,21
2024-07-22,Bébés et tout-petits,EAST,34
2024-07-22,Bébés et tout-petits,NORTH,34
2024-07-22,Bébés et tout-petits,SOUTH,19
2024-07-22,Bébés et tout-petits,WEST,22
2024-07-22,Entreprise et industrie,EAST,12
2024-07-22,Entreprise et industrie,NORTH,15
2024-07-22,Entreprise et industrie,SOUTH,7
2024-07-22,Entreprise et industrie,WEST,12
2024-07-22,Fournitures de bureau,EAST,34
2024-07-22,Fournitures de bureau,NORTH,31
2024-07-22,Fournitures de bureau,SOUTH,21
2024-07-22,Fournitures de bureau,WEST,29
2024-07-22,Jeux et jouets,EAST,17
2024-07-22,Jeux et jouets,NORTH,15
2024-07-22,Jeux et jouets,SOUTH,10
2024-07-22,Jeux et jouets,WEST,10
2024-07-22,Logiciels,EAST,3
2024-07-22,Logiciels,WEST,4
2024-07-22,Lots,EAST,9
2024-07-22,Lots,NORTH,5
2024-07-22,Lots,SOUTH,1
2024-07-22,Lots,WEST,4
2024-07-22,Maison et jardin,EAST,113
2024-07-22,Maison et jardin,NORTH,116
2024-07-22,Maison et jardin,SOUTH,62
2024-07-22,Maison et jardin,WEST,76
2024-07-22,Meubles,EAST,38
2024-07-22,Meubles,NORTH,45
2024-07-22,Meubles,SOUTH,33
2024-07-22,Meubles,WEST,32
2024-07-22,Modules complémentaires du produit,NORTH,5
2024-07-22,Modules complémentaires du produit,SOUTH,1
2024-07-22,Modules complémentaires du produit,WEST,1
2024-07-22,Médias,EAST,11
2024-07-22,Médias,NORTH,17
2024-07-22,Médias,SOUTH,11
2024-07-22,Médias,WEST,12
2024-07-22,Non classé,EAST,4
2024-07-22,Non classé,NORTH,4
2024-07-22,Non classé,SOUTH,2
2024-07-22,Non classé,WEST,2
2024-07-22,Offices religieux et cérémonies,EAST,13
2024-07-22,Offices religieux et cérémonies,NORTH,8
2024-07-22,Offices religieux et cérémonies,SOUTH,5
2024-07-22,Offices religieux et cérémonies,WEST,6
2024-07-22,Quincaillerie,EAST,40
2024-07-22,Quincaillerie,NORTH,34
2024-07-22,Quincaillerie,SOUTH,23
2024-07-22,Quincaillerie,WEST,30
2024-07-22,Santé et beauté,EAST,53
2024-07-22,Santé et beauté,NORTH,38
2024-07-22,Santé et beauté,SOUTH,26
2024-07-22,Santé et beauté,WEST,31
2024-07-22,Véhicules et accessoires,EAST,35
2024-07-22,Véhicules et accessoires,NORTH,38
2024-07-22,Véhicules et accessoires,SOUTH,18
2024-07-22,Véhicules et accessoires,WEST,24
2024-07-22,Vêtements et accessoires,EAST,69
2024-07-22,Vêtements et accessoires,NORTH,77
2024-07-22,Vêtements et accessoires,SOUTH,52
2024-07-22,Vêtements et accessoires,WEST,46
2024-07-22,Équipements sportifs,EAST,35
2024-07-22,Équipements sportifs,NORTH,31
2024-07-22,Équipements sportifs,SOUTH,21
2024-07-22,Équipements sportifs,WEST,29
2024-07-29,Animaux et articles pour animaux de compagnie,EAST,44
2024-07-29,Animaux et articles pour animaux de compagnie,NORTH,33
2024-07-29,Animaux et articles pour animaux de compagnie,SOUTH,20
2024-07-29,Animaux et articles pour animaux de compagnie,WEST,33
2024-07-29,"Appareils photo, caméras et instruments d'optique",EAST,6
2024-07-29,"Appareils photo, caméras et instruments d'optique",NORTH,14
2024-07-29,"Appareils photo, caméras et instruments d'optique",SOUTH,1
2024-07-29,"Appareils photo, caméras et instruments d'optique",WEST,3
2024-07-29,Appareils électroniques,EAST,36
2024-07-29,Appareils électroniques,NORTH,45
2024-07-29,Appareils électroniques,SOUTH,29
2024-07-29,Appareils électroniques,WEST,26
2024-07-29,Arts et loisirs,EAST,36
2024-07-29,Arts et loisirs,NORTH,39
2024-07-29,Arts et loisirs,SOUTH,23
2024-07-29,Arts et loisirs,WEST,20
2024-07-29,Bagages et maroquinerie,EAST,29
2024-07-29,Bagages et maroquinerie,NORTH,32
2024-07-29,Bagages et maroquinerie,SOUTH,14
2024-07-29,Bagages et maroquinerie,WEST,25
2024-07-29,Bébés et tout-petits,EAST,45
2024-07-29,Bébés et tout-petits,NORTH,36
2024-07-29,Bébés et tout-petits,SOUTH,28
2024-07-29,Bébés et tout-petits,WEST,32
2024-07-29,Entreprise et industrie,EAST,13
2024-07-29,Entreprise et industrie,NORTH,14
2024-07-29,Entreprise et industrie,SOUTH,4
2024-07-29,Entreprise et industrie,WEST,12
2024-07-29,Fournitures de bureau,EAST,27
2024-07-29,Fournitures de bureau,NORTH,44
2024-07-29,Fournitures de bureau,SOUTH,28
2024-07-29,Fournitures de bureau,WEST,28
2024-07-29,Jeux et jouets,EAST,14
2024-07-29,Jeux et jouets,NORTH,11
2024-07-29,Jeux et jouets,SOUTH,11
2024-07-29,Jeux et jouets,WEST,16
2024-07-29,Logiciels,EAST,3
2024-07-29,Logiciels,NORTH,3
2024-07-29,Logiciels,SOUTH,2
2024-07-29,Logiciels,WEST,3
2024-07-29,Lots,EAST,7
2024-07-29,Lots,NORTH,13
2024-07-29,Lots,SOUTH,9
2024-07-29,Lots,WEST,4
2024-07-29,Maison et jardin,EAST,119
2024-07-29,Maison et jardin,NORTH,114
2024-07-29,Maison et jardin,SOUTH,75
2024-07-29,Maison et jardin,WEST,79
2024-07-29,Meubles,EAST,64
2024-07-29,Meubles,NORTH,53
2024-07-29,Meubles,SOUTH,34
2024-07-29,Meubles,WEST,36
2024-07-29,Modules complémentaires du produit,EAST,5
2024-07-29,Modules complémentaires du produit,NORTH,3
2024-07-29,Modules complémentaires du produit,SOUTH,4
2024-07-29,Médias,EAST,16
2024-07-29,Médias,NORTH,17
2024-07-29,Médias,SOUTH,9
2024-07-29,Médias,WEST,14
2024-07-29,Non classé,EAST,1
2024-07-29,Non classé,SOUTH,1
2024-07-29,Non classé,WEST,1
2024-07-29,Offices religieux et cérémonies,EAST,11
2024-07-29,Offices religieux et cérémonies,NORTH,13
2024-07-29,Offices religieux et cérémonies,SOUTH,6
2024-07-29,Offices religieux et cérémonies,WEST,10
2024-07-29,Quincaillerie,EAST,51
2024-07-29,Quincaillerie,NORTH,40
2024-07-29,Quincaillerie,SOUTH,28
2024-07-29,Quincaillerie,WEST,19
2024-07-29,Santé et beauté,EAST,36
2024-07-29,Santé et beauté,NORTH,54
2024-07-29,Santé et beauté,SOUTH,27
2024-07-29,Santé et beauté,WEST,32
2024-07-29,Véhicules et accessoires,EAST,39
2024-07-29,Véhicules et accessoires,NORTH,35
2024-07-29,Véhicules et accessoires,SOUTH,20
2024-07-29,Véhicules et accessoires,WEST,17
2024-07-29,Vêtements et accessoires,EAST,67
2024-07-29,Vêtements et accessoires,NORTH,85
2024-07-29,Vêtements et accessoires,SOUTH,38
2024-07-29,Vêtements et accessoires,WEST,51
2024-07-29,Équipements sportifs,EAST,41
2024-07-29,Équipements sportifs,NORTH,30
2024-07-29,Équipements sportifs,SOUTH,18
2024-07-29,Équipements sportifs,WEST,21
2024-08-05,Animaux et articles pour animaux de compagnie,EAST,34
2024-08-05,Animaux et articles pour animaux de compagnie,NORTH,36
2024-08-05,Animaux et articles pour animaux de compagnie,SOUTH,20
2024-08-05,Animaux et articles pour animaux de compagnie,WEST,28
2024-08-05,"Appareils photo, caméras et instruments d'optique",EAST,7
2024-08-05,"Appareils photo, caméras et instruments d'optique",NORTH,4
2024-08-05,"Appareils photo, caméras et instruments d'optique",SOUTH,1
2024-08-05,"Appareils photo, caméras et instruments d'optique",WEST,3
2024-08-05,Appareils électroniques,EAST,56
2024-08-05,Appareils électroniques,NORTH,39
2024-08-05,Appareils électroniques,SOUTH,29
2024-08-05,Appareils électroniques,WEST,27
2024-08-05,Arts et loisirs,EAST,47
2024-08-05,Arts et loisirs,NORTH,42
2024-08-05,Arts et loisirs,SOUTH,17
2024-08-05,Arts et loisirs,WEST,26
2024-08-05,Bagages et maroquinerie,EAST,30
2024-08-05,Bagages et maroquinerie,NORTH,40
2024-08-05,Bagages et maroquinerie,SOUTH,20
2024-08-05,Bagages et maroquinerie,WEST,21
2024-08-05,Bébés et tout-petits,EAST,37
2024-08-05,Bébés et tout-petits,NORTH,33
2024-08-05,Bébés et tout-petits,SOUTH,22
2024-08-05,Bébés et tout-petits,WEST,27
2024-08-05,Entreprise et industrie,EAST,13
2024-08-05,Entreprise et industrie,NORTH,11
2024-08-05,Entreprise et industrie,SOUTH,8
2024-08-05,Entreprise et industrie,WEST,6
2024-08-05,Fournitures de bureau,EAST,34
2024-08-05,Fournitures de bureau,NORTH,37
2024-08-05,Fournitures de bureau,SOUTH,19
2024-08-05,Fournitures de bureau,WEST,26
2024-08-05,Jeux et jouets,EAST,14
2024-08-05,Jeux et jouets,NORTH,11
2024-08-05,Jeux et jouets,SOUTH,9
2024-08-05,Jeux et jouets,WEST,18
2024-08-05,Logiciels,EAST,4
2024-08-05,Logiciels,NORTH,3
2024-08-05,Logiciels,SOUTH,2
2024-08-05,Logiciels,WEST,5
2024-08-05,Lots,EAST,4
2024-08-05,Lots,NORTH,5
2024-08-05,Lots,SOUTH,3
2024-08-05,Lots,WEST,4
2024-08-05,Maison et jardin,EAST,116
2024-08-05,Maison et jardin,NORTH,120
2024-08-05,Maison et jardin,SOUTH,70
2024-08-05,Maison et jardin,WEST,90
2024-08-05,Meubles,EAST,53
2024-08-05,Meubles,NORTH,42
2024-08-05,Meubles,SOUTH,22
2024-08-05,Meubles,WEST,26
2024-08-05,Modules complémentaires du produit,EAST,7
2024-08-05,Modules complémentaires du produit,NORTH,1
2024-08-05,Modules complémentaires du produit,SOUTH,2
2024-08-05,Modules complémentaires du produit,WEST,3
2024-08-05,Médias,EAST,9
2024-08-05,Médias,NORTH,12
2024-08-05,Médias,SOUTH,11
2024-08-05,Médias,WEST,13
2024-08-05,Non classé,EAST,3
2024-08-05,Non classé,SOUTH,1
2024-08-05,Non classé,WEST,1
2024-08-05,Offices religieux et cérémonies,EAST,17
2024-08-05,Offices religieux et cérémonies,NORTH,15
2024-08-05,Offices religieux et cérémonies,SOUTH,5
2024-08-05,Offices religieux et cérémonies,WEST,5
2024-08-05,Quincaillerie,EAST,35
2024-08-05,Quincaillerie,NORTH,29
2024-08-05,Quincaillerie,SOUTH,20
2024-08-05,Quincaillerie,WEST,28
2024-08-05,Santé et beauté,EAST,51
2024-08-05,Santé et beauté,NORTH,49
2024-08-05,Santé et beauté,SOUTH,30
2024-08-05,Santé et beauté,WEST,30
2024-08-05,Véhicules et accessoires,EAST,30
2024-08-05,Véhicules et accessoires,NORTH,41
2024-08-05,Véhicules et accessoires,SOUTH,18
2024-08-05,Véhicules et accessoires,WEST,21
2024-08-05,Vêtements et accessoires,EAST,60
2024-08-05,Vêtements et accessoires,NORTH,67
2024-08-05,Vêtements et accessoires,SOUTH,45
2024-08-05,Vêtements et accessoires,WEST,45
2024-08-05,Équipements sportifs,EAST,35
2024-08-05,Équipements sportifs,NORTH,28
2024-08-05,Équipements sportifs,SOUTH,20
2024-08-05,Équipements sportifs,WEST,20
2024-08-12,Animaux et articles pour animaux de compagnie,EAST,33
2024-08-12,Animaux et articles pour animaux de compagnie,NORTH,29
2024-08-12,Animaux et articles pour animaux de compagnie,SOUTH,26
2024-08-12,Animaux et articles pour animaux de compagnie,WEST,21
2024-08-12,"Appareils photo, caméras et instruments d'optique",EAST,7
2024-08-12,"Appareils photo, caméras et instruments d'optique",NORTH,5
2024-08-12,"Appareils photo, caméras et instruments d'optique",SOUTH,5
2024-08-12,"Appareils photo, caméras et instruments d'optique",WEST,4
2024-08-12,Appareils électroniques,EAST,46
2024-08-12,Appareils électroniques,NORTH,45
2024-08-12,Appareils électroniques,SOUTH,26
2024-08-12,Appareils électroniques,WEST,34
2024-08-12,Arts et loisirs,EAST,32
2024-08-12,Arts et loisirs,NORTH,41
2024-08-12,Arts et loisirs,SOUTH,20
2024-08-12,Arts et loisirs,WEST,23
2024-08-12,Bagages et maroquinerie,EAST,36
2024-08-12,Bagages et maroquinerie,NORTH,31
2024-08-12,Bagages et maroquinerie,SOUTH,22
2024-08-12,Bagages et maroquinerie,WEST,22
2024-08-12,Bébés et tout-petits,EAST,42
2024-08-12,Bébés et tout-petits,NORTH,35
2024-08-12,Bébés et tout-petits,SOUTH,23
2024-08-12,Bébés et tout-petits,WEST,30
2024-08-12,Entreprise et industrie,EAST,7
2024-08-12,Entreprise et industrie,NORTH,15
2024-08-12,Entreprise et industrie,SOUTH,12
2024-08-12,Entreprise et industrie,WEST,7
2024-08-12,Fournitures de bureau,EAST,37
2024-08-12,Fournitures de bureau,NORTH,46
2024-08-12,Fournitures de bureau,SOUTH,23
2024-08-12,Fournitures de bureau,WEST,26
2024-08-12,Jeux et jouets,EAST,19
2024-08-12,Jeux et jouets,NORTH,19
2024-08-12,Jeux et jouets,SOUTH,8
2024-08-12,Jeux et jouets,WEST,11
2024-08-12,Logiciels,EAST,5
2024-08-12,Logiciels,NORTH,2
2024-08-12,Logiciels,SOUTH,3
2024-08-12,Logiciels,WEST,5
2024-08-12,Lots,EAST,9
2024-08-12,Lots,NORTH,9
2024-08-12,Lots,SOUTH,1
2024-08-12,Lots,WEST,1
2024-08-12,Maison et jardin,EAST,98
2024-08-12,Maison et jardin,NORTH,108
2024-08-12,Maison et jardin,SOUTH,70
2024-08-12,Maison et jardin,WEST,81
2024-08-12,Meubles,EAST,41
2024-08-12,Meubles,NORTH,39
2024-08-12,Meubles,SOUTH,30
2024-08-12,Meubles,WEST,33
2024-08-12,Modules complémentaires du produit,EAST,4
2024-08-12,Modules complémentaires du produit,NORTH,2
2024-08-12,Modules complémentaires du produit,SOUTH,3
2024-08-12,Modules complémentaires du produit,WEST,3
2024-08-12,Médias,EAST,19
2024-08-12,Médias,NORTH,21
2024-08-12,Médias,SOUTH,5
2024-08-12,Médias,WEST,11
2024-08-12,Non classé,EAST,2
2024-08-12,Non classé,NORTH,3
2024-08-12,Non classé,SOUTH,1
2024-08-12,Non classé,WEST,4
2024-08-12,Offices religieux et cérémonies,EAST,6
2024-08-12,Offices religieux et cérémonies,NORTH,9
2024-08-12,Offices religieux et cérémonies,SOUTH,3
2024-08-12,Offices religieux et cérémonies,WEST,6
2024-08-12,Quincaillerie,EAST,38
2024-08-12,Quincaillerie,NORTH,38
2024-08-12,Quincaillerie,SOUTH,19
2024-08-12,Quincaillerie,WEST,40
2024-08-12,Santé et beauté,EAST,56
2024-08-12,Santé et beauté,NORTH,53
2024-08-12,Santé et beauté,SOUTH,31
2024-08-12,Santé et beauté,WEST,33
2024-08-12,Véhicules et accessoires,EAST,38
2024-08-12,Véhicules et accessoires,NORTH,41
2024-08-12,Véhicules et accessoires,SOUTH,23
2024-08-12,Véhicules et accessoires,WEST,19
2024-08-12,Vêtements et accessoires,EAST,83
2024-08-12,Vêtements et accessoires,NORTH,62
2024-08-12,Vêtements et accessoires,SOUTH,42
2024-08-12,Vêtements et accessoires,WEST,54
2024-08-12,Équipements sportifs,EAST,44
2024-08-12,Équipements sportifs,NORTH,40
2024-08-12,Équipements sportifs,SOUTH,25
2024-08-12,Équipements sportifs,WEST,28
2024-08-19,Animaux et articles pour animaux de compagnie,EAST,35
2024-08-19,Animaux et articles pour animaux de compagnie,NORTH,34
2024-08-19,Animaux et articles pour animaux de compagnie,SOUTH,17
2024-08-19,Animaux et articles pour animaux de compagnie,WEST,15
2024-08-19,"Appareils photo, caméras et instruments d'optique",EAST,8
2024-08-19,"Appareils photo, caméras et instruments d'optique",NORTH,7
2024-08-19,"Appareils photo, caméras et instruments d'optique",SOUTH,6
2024-08-19,"Appareils photo, caméras et instruments d'optique",WEST,7
2024-08-19,Appareils électroniques,EAST,54
2024-08-19,Appareils électroniques,NORTH,44
2024-08-19,Appareils électroniques,SOUTH,27
2024-08-19,Appareils électroniques,WEST,26
2024-08-19,Arts et loisirs,EAST,29
2024-08-19,Arts et loisirs,NORTH,27
2024-08-19,Arts et loisirs,SOUTH,23
2024-08-19,Arts et loisirs,WEST,27
2024-08-19,Bagages et maroquinerie,EAST,42
2024-08-19,Bagages et maroquinerie,NORTH,25
2024-08-19,Bagages et maroquinerie,SOUTH,25
2024-08-19,Bagages et maroquinerie,WEST,27
2024-08-19,Bébés et tout-petits,EAST,34
2024-08-19,Bébés et tout-petits,NORTH,40
2024-08-19,Bébés et tout-petits,SOUTH,17
2024-08-19,Bébés et tout-petits,WEST,27
2024-08-19,Entreprise et industrie,EAST,13
2024-08-19,Entreprise et industrie,NORTH,11
2024-08-19,Entreprise et industrie,SOUTH,11
2024-08-19,Entreprise et industrie,WEST,14
2024-08-19,Fournitures de bureau,EAST,22
2024-08-19,Fournitures de bureau,NORTH,40
2024-08-19,Fournitures de bureau,SOUTH,26
2024-08-19,Fournitures de bureau,WEST,21
2024-08-19,Jeux et jouets,EAST,15
2024-08-19,Jeux et jouets,NORTH,11
2024-08-19,Jeux et jouets,SOUTH,9
2024-08-19,Jeux et jouets,WEST,8
2024-08-19,Logiciels,EAST,5
2024-08-19,Logiciels,NORTH,3
2024-08-19,Logiciels,SOUTH,2
2024-08-19,Logiciels,WEST,2
2024-08-19,Lots,EAST,5
2024-08-19,Lots,NORTH,10
2024-08-19,Lots,SOUTH,3
2024-08-19,Lots,WEST,1
2024-08-19,Maison et jardin,EAST,113
2024-08-19,Maison et jardin,NORTH,110
2024-08-19,Maison et jardin,SOUTH,59
2024-08-19,Maison et jardin,WEST,84
2024-08-19,Meubles,EAST,34
2024-08-19,Meubles,NORTH,41
2024-08-19,Meubles,SOUTH,21
2024-08-19,Meubles,WEST,35
2024-08-19,Modules complémentaires du produit,EAST,5
2024-08-19,Modules complémentaires du produit,NORTH,5
2024-08-19,Modules complémentaires du produit,SOUTH,2
2024-08-19,Modules complémentaires du produit,WEST,5
2024-08-19,Médias,EAST,17
2024-08-19,Médias,NORTH,15
2024-08-19,Médias,SOUTH,13
2024-08-19,Médias,WEST,11
2024-08-19,Non classé,EAST,6
2024-08-19,Non classé,NORTH,3
2024-08-19,Non classé,SOUTH,2
2024-08-19,Non classé,WEST,1
2024-08-19,Offices religieux et cérémonies,EAST,17
2024-08-19,Offices religieux et cérémonies,NORTH,8
2024-08-19,Offices religieux et cérémonies,SOUTH,5
2024-08-19,Offices religieux et cérémonies,WEST,6
2024-08-19,Quincaillerie,EAST,29
2024-08-19,Quincaillerie,NORTH,26
2024-08-19,Quincaillerie,SOUTH,18
2024-08-19,Quincaillerie,WEST,21
2024-08-19,Santé et beauté,EAST,39
2024-08-19,Santé et beauté,NORTH,51
2024-08-19,Santé et beauté,SOUTH,32
2024-08-19,Santé et beauté,WEST,28
2024-08-19,Véhicules et accessoires,EAST,39
2024-08-19,Véhicules et accessoires,NORTH,29
2024-08-19,Véhicules et accessoires,SOUTH,22
2024-08-19,Véhicules et accessoires,WEST,29
2024-08-19,Vêtements et accessoires,EAST,71
2024-08-19,Vêtements et accessoires,NORTH,65
2024-08-19,Vêtements et accessoires,SOUTH,30
2024-08-19,Vêtements et accessoires,WEST,57
2024-08-19,Équipements sportifs,EAST,31
2024-08-19,Équipements sportifs,NORTH,34
2024-08-19,Équipements sportifs,SOUTH,22
2024-08-19,Équipements sportifs,WEST,26
2024-08-26,Animaux et articles pour animaux de compagnie,EAST,30
2024-08-26,Animaux et articles pour animaux de compagnie,NORTH,39
2024-08-26,Animaux et articles pour animaux de compagnie,SOUTH,20
2024-08-26,Animaux et articles pour animaux de compagnie,WEST,28
2024-08-26,"Appareils photo, caméras et instruments d'optique",EAST,13
2024-08-26,"Appareils photo, caméras et instruments d'optique",NORTH,9
2024-08-26,"Appareils photo, caméras et instruments d'optique",SOUTH,4
2024-08-26,"Appareils photo, caméras et instruments d'optique",WEST,5
2024-08-26,Appareils électroniques,EAST,40
2024-08-26,Appareils électroniques,NORTH,49
2024-08-26,Appareils électroniques,SOUTH,25
2024-08-26,Appareils électroniques,WEST,30
2024-08-26,Arts et loisirs,EAST,39
2024-08-26,Arts et loisirs,NORTH,47
2024-08-26,Arts et loisirs,SOUTH,19
2024-08-26,Arts et loisirs,WEST,24
2024-08-26,Bagages et maroquinerie,EAST,32
2024-08-26,Bagages et maroquinerie,NORTH,33
2024-08-26,Bagages et maroquinerie,SOUTH,18
2024-08-26,Bagages et maroquinerie,WEST,26
2024-08-26,Bébés et tout-petits,EAST,30
2024-08-26,Bébés et tout-petits,NORTH,37
2024-08-26,Bébés et tout-petits,SOUTH,18
2024-08-26,Bébés et tout-petits,WEST,33
2024-08-26,Entreprise et industrie,EAST,14
2024-08-26,Entreprise et industrie,NORTH,15
2024-08-26,Entreprise et industrie,SOUTH,10
2024-08-26,Entreprise et industrie,WEST,8
2024-08-26,Fournitures de bureau,EAST,40
2024-08-26,Fournitures de bureau,NORTH,31
2024-08-26,Fournitures de bureau,SOUTH,19
2024-08-26,Fournitures de bureau,WEST,24
2024-08-26,Jeux et jouets,EAST,15
2024-08-26,Jeux et jouets,NORTH,19
2024-08-26,Jeux et jouets,SOUTH,10
2024-08-26,Jeux et jouets,WEST,13
2024-08-26,Logiciels,EAST,1
2024-08-26,Logiciels,NORTH,6
2024-08-26,Logiciels,SOUTH,2
2024-08-26,Lots,EAST,3
2024-08-26,Lots,NORTH,9
2024-08-26,Lots,SOUTH,6
2024-08-26,Lots,WEST,5
2024-08-26,Maison et jardin,EAST,123
2024-08-26,Maison et jardin,NORTH,111
2024-08-26,Maison et jardin,SOUTH,51
2024-08-26,Maison et jardin,WEST,81
2024-08-26,Meubles,EAST,47
2024-08-26,Meubles,NORTH,62
2024-08-26,Meubles,SOUTH,30
2024-08-26,Meubles,WEST,29
2024-08-26,Modules complémentaires du produit,EAST,4
2024-08-26,Modules complémentaires du produit,NORTH,4
2024-08-26,Modules complémentaires du produit,WEST,2
2024-08-26,Médias,EAST,18
2024-08-26,Médias,NORTH,16
2024-08-26,Médias,SOUTH,9
2024-08-26,Médias,WEST,5
2024-08-26,Non classé,NORTH,3
2024-08-26,Non classé,SOUTH,1
2024-08-26,Non classé,WEST,4
2024-08-26,Offices religieux et cérémonies,EAST,11
2024-08-26,Offices religieux et cérémonies,NORTH,14
2024-08-26,Offices religieux et cérémonies,SOUTH,7
2024-08-26,Offices religieux et cérémonies,WEST,8
2024-08-26,Quincaillerie,EAST,38
2024-08-26,Quincaillerie,NORTH,29
2024-08-26,Quincaillerie,SOUTH,19
2024-08-26,Quincaillerie,WEST,19
2024-08-26,Santé et beauté,EAST,43
2024-08-26,Santé et beauté,NORTH,44
2024-08-26,Santé et beauté,SOUTH,25
2024-08-26,Santé et beauté,WEST,49
2024-08-26,Véhicules et accessoires,EAST,44
2024-08-26,Véhicules et accessoires,NORTH,31
2024-08-26,Véhicules et accessoires,SOUTH,27
2024-08-26,Véhicules et accessoires,WEST,21
2024-08-26,Vêtements et accessoires,EAST,60
2024-08-26,Vêtements et accessoires,NORTH,64
2024-08-26,Vêtements et accessoires,SOUTH,43
2024-08-26,Vêtements et accessoires,WEST,38
2024-08-26,Équipements sportifs,EAST,39
2024-08-26,Équipements sportifs,NORTH,29
2024-08-26,Équipements sportifs,SOUTH,15
2024-08-26,Équipements sportifs,WEST,22
2024-09-02,Animaux et articles pour animaux de compagnie,EAST,34
2024-09-02,Animaux et articles pour animaux de compagnie,NORTH,36
2024-09-02,Animaux et articles pour animaux de compagnie,SOUTH,23
2024-09-02,Animaux et articles pour animaux de compagnie,WEST,29
2024-09-02,"Appareils photo, caméras et instruments d'optique",EAST,3
2024-09-02,"Appareils photo, caméras et instruments d'optique",NORTH,8
2024-09-02,"Appareils photo, caméras et instruments d'optique",SOUTH,2
2024-09-02,"Appareils photo, caméras et instruments d'optique",WEST,3
2024-09-02,Appareils électroniques,EAST,46
2024-09-02,Appareils électroniques,NORTH,51
2024-09-02,Appareils électroniques,SOUTH,22
2024-09-02,Appareils électroniques,WEST,43
2024-09-02,Arts et loisirs,EAST,37
2024-09-02,Arts et loisirs,NORTH,36
2024-09-02,Arts et loisirs,SOUTH,16
2024-09-02,Arts et loisirs,WEST,27
2024-09-02,Bagages et maroquinerie,EAST,32
2024-09-02,Bagages et maroquinerie,NORTH,35
2024-09-02,Bagages et maroquinerie,SOUTH,25
2024-09-02,Bagages et maroquinerie,WEST,30
2024-09-02,Bébés et tout-petits,EAST,39
2024-09-02,Bébés et tout-petits,NORTH,42
2024-09-02,Bébés et tout-petits,SOUTH,19
2024-09-02,Bébés et tout-petits,WEST,26
2024-09-02,Entreprise et industrie,EAST,22
2024-09-02,Entreprise et industrie,NORTH,13
2024-09-02,Entreprise et industrie,SOUTH,12
2024-09-02,Entreprise et industrie,WEST,7
2024-09-02,Fournitures de bureau,EAST,38
2024-09-02,Fournitures de bureau,NORTH,33
2024-09-02,Fournitures de bureau,SOUTH,23
2024-09-02,Fournitures de bureau,WEST,28
2024-09-02,Jeux et jouets,EAST,15
2024-09-02,Jeux et jouets,NORTH,14
2024-09-02,Jeux et jouets,SOUTH,9
2024-09-02,Jeux et jouets,WEST,2
2024-09-02,Logiciels,EAST,4
2024-09-02,Logiciels,NORTH,4
2024-09-02,Logiciels,SOUTH,1
2024-09-02,Logiciels,WEST,1
2024-09-02,Lots,EAST,4
2024-09-02,Lots,NORTH,6
2024-09-02,Lots,SOUTH,7
2024-09-02,Lots,WEST,3
2024-09-02,Maison et jardin,EAST,102
2024-09-02,Maison et jardin,NORTH,118
2024-09-02,Maison et jardin,SOUTH,78
2024-09-02,Maison et jardin,WEST,76
2024-09-02,Meubles,EAST,34
2024-09-02,Meubles,NORTH,46
2024-09-02,Meubles,SOUTH,29
2024-09-02,Meubles,WEST,36
2024-09-02,Modules complémentaires du produit,EAST,5
2024-09-02,Modules complémentaires du produit,NORTH,5
2024-09-02,Modules complémentaires du produit,SOUTH,2
2024-09-02,Modules complémentaires du produit,WEST,1
2024-09-02,Médias,EAST,11
2024-09-02,Médias,NORTH,16
2024-09-02,Médias,SOUTH,8
2024-09-02,Médias,WEST,12
2024-09-02,Non classé,EAST,2
2024-09-02,Non classé,NORTH,2
2024-09-02,Offices religieux et cérémonies,EAST,11
2024-09-02,Offices religieux et cérémonies,NORTH,5
2024-09-02,Offices religieux et cérémonies,SOUTH,3
2024-09-02,Offices religieux et cérémonies,WEST,8
2024-09-02,Quincaillerie,EAST,35
2024-09-02,Quincaillerie,NORTH,36
2024-09-02,Quincaillerie,SOUTH,18
2024-09-02,Quincaillerie,WEST,28
2024-09-02,Santé et beauté,EAST,42
2024-09-02,Santé et beauté,NORTH,41
2024-09-02,Santé et beauté,SOUTH,18
2024-09-02,Santé et beauté,WEST,29
2024-09-02,Véhicules et accessoires,EAST,46
2024-09-02,Véhicules et accessoires,NORTH,30
2024-09-02,Véhicules et accessoires,SOUTH,20
2024-09-02,Véhicules et accessoires,WEST,31
2024-09-02,Vêtements et accessoires,EAST,65
2024-09-02,Vêtements et accessoires,NORTH,66
2024-09-02,Vêtements et accessoires,SOUTH,30
2024-09-02,Vêtements et accessoires,WEST,44
2024-09-02,Équipements sportifs,EAST,32
2024-09-02,Équipements sportifs,NORTH,42
2024-09-02,Équipements sportifs,SOUTH,21
2024-09-02,Équipements sportifs,WEST,25
2024-09-09,Animaux et articles pour animaux de compagnie,EAST,24
2024-09-09,Animaux et articles pour animaux de compagnie,NORTH,34
2024-09-09,Animaux et articles pour animaux de compagnie,SOUTH,19
2024-09-09,Animaux et articles pour animaux de compagnie,WEST,20
2024-09-09,"Appareils photo, caméras et instruments d'optique",EAST,1
2024-09-09,"Appareils photo, caméras et instruments d'optique",NORTH,3
2024-09-09,"Appareils photo, caméras et instruments d'optique",SOUTH,7
2024-09-09,"Appareils photo, caméras et instruments d'optique",WEST,5
2024-09-09,Appareils électroniques,EAST,54
2024-09-09,Appareils électroniques,NORTH,47
2024-09-09,Appareils électroniques,SOUTH,28
2024-09-09,Appareils électroniques,WEST,39
2024-09-09,Arts et loisirs,EAST,30
2024-09-09,Arts et loisirs,NORTH,37
2024-09-09,Arts et loisirs,SOUTH,24
2024-09-09,Arts et loisirs,WEST,27
2024-09-09,Bagages et maroquinerie,EAST,39
2024-09-09,Bagages et maroquinerie,NORTH,30
2024-09-09,Bagages et maroquinerie,SOUTH,17
2024-09-09,Bagages et maroquinerie,WEST,23
2024-09-09,Bébés et tout-petits,EAST,29
2024-09-09,Bébés et tout-petits,NORTH,39
2024-09-09,Bébés et tout-petits,SOUTH,24
2024-09-09,Bébés et tout-petits,WEST,21
2024-09-09,Entreprise et industrie,EAST,10
2024-09-09,Entreprise et industrie,NORTH,14
2024-09-09,Entreprise et industrie,SOUTH,6
2024-09-09,Entreprise et industrie,WEST,16
2024-09-09,Fournitures de bureau,EAST,47
2024-09-09,Fournitures de bureau,NORTH,30
2024-09-09,Fournitures de bureau,SOUTH,21
2024-09-09,Fournitures de bureau,WEST,20
2024-09-09,Jeux et jouets,EAST,22
2024-09-09,Jeux et jouets,NORTH,25
2024-09-09,Jeux et jouets,SOUTH,15
2024-09-09,Jeux et jouets,WEST,9
2024-09-09,Logiciels,EAST,4
2024-09-09,Logiciels,NORTH,1
2024-09-09,Logiciels,SOUTH,2
2024-09-09,Logiciels,WEST,4
2024-09-09,Lots,EAST,5
2024-09-09,Lots,NORTH,5
2024-09-09,Lots,SOUTH,2
2024-09-09,Lots,WEST,5
2024-09-09,Maison et jardin,EAST,110
2024-09-09,Maison et jardin,NORTH,113
2024-09-09,Maison et jardin,SOUTH,67
2024-09-09,Maison et jardin,WEST,67
2024-09-09,Meubles,EAST,44
2024-09-09,Meubles,NORTH,43
2024-09-09,Meubles,SOUTH,34
2024-09-09,Meubles,WEST,31
2024-09-09,Modules complémentaires du produit,EAST,3
2024-09-09,Modules complémentaires du produit,NORTH,4
2024-09-09,Modules complémentaires du produit,SOUTH,3
2024-09-09,Modules complémentaires du produit,WEST,2
2024-09-09,Médias,EAST,17
2024-09-09,Médias,NORTH,13
2024-09-09,Médias,SOUTH,9
2024-09-09,Médias,WEST,14
2024-09-09,Non classé,NORTH,2
2024-09-09,Non classé,SOUTH,1
2024-09-09,Non classé,WEST,1
2024-09-09,Offices religieux et cérémonies,EAST,17
2024-09-09,Offices religieux et cérémonies,NORTH,12
2024-09-09,Offices religieux et cérémonies,SOUTH,10
2024-09-09,Offices religieux et cérémonies,WEST,6
2024-09-09,Quincaillerie,EAST,47
2024-09-09,Quincaillerie,NORTH,39
2024-09-09,Quincaillerie,SOUTH,19
2024-09-09,Quincaillerie,WEST,18
2024-09-09,Santé et beauté,EAST,49
2024-09-09,Santé et beauté,NORTH,38
2024-09-09,Santé et beauté,SOUTH,28
2024-09-09,Santé et beauté,WEST,26
2024-09-09,Véhicules et accessoires,EAST,30
2024-09-09,Véhicules et accessoires,NORTH,37
2024-09-09,Véhicules et accessoires,SOUTH,19
2024-09-09,Véhicules et accessoires,WEST,34
2024-09-09,Vêtements et accessoires,EAST,63
2024-09-09,Vêtements et accessoires,NORTH,66
2024-09-09,Vêtements et accessoires,SOUTH,40
2024-09-09,Vêtements et accessoires,WEST,47
2024-09-09,Équipements sportifs,EAST,40
2024-09-09,Équipements sportifs,NORTH,39
2024-09-09,Équipements sportifs,SOUTH,21
2024-09-09,Équipements sportifs,WEST,22
2024-09-16,Animaux et articles pour animaux de compagnie,EAST,32
2024-09-16,Animaux et articles pour animaux de compagnie,NORTH,31
2024-09-16,Animaux et articles pour animaux de compagnie,SOUTH,24
2024-09-16,Animaux et articles pour animaux de compagnie,WEST,22
2024-09-16,"Appareils photo, caméras et instruments d'optique",EAST,8
2024-09-16,"Appareils photo, caméras et instruments d'optique",NORTH,4
2024-09-16,"Appareils photo, caméras et instruments d'optique",SOUTH,8
2024-09-16,"Appareils photo, caméras et instruments d'optique",WEST,6
2024-09-16,Appareils électroniques,EAST,50
2024-09-16,Appareils électroniques,NORTH,36
2024-09-16,Appareils électroniques,SOUTH,26
2024-09-16,Appareils électroniques,WEST,29
2024-09-16,Arts et loisirs,EAST,33
2024-09-16,Arts et loisirs,NORTH,35
2024-09-16,Arts et loisirs,SOUTH,20
2024-09-16,Arts et loisirs,WEST,26
2024-09-16,Bagages et maroquinerie,EAST,26
2024-09-16,Bagages et maroquinerie,NORTH,33
2024-09-16,Bagages et maroquinerie,SOUTH,17
2024-09-16,Bagages et maroquinerie,WEST,18
2024-09-16,Bébés et tout-petits,EAST,34
2024-09-16,Bébés et tout-petits,NORTH,30
2024-09-16,Bébés et tout-petits,SOUTH,20
2024-09-16,Bébés et tout-petits,WEST,25
2024-09-16,Entreprise et industrie,EAST,11
2024-09-16,Entreprise et industrie,NORTH,12
2024-09-16,Entreprise et industrie,SOUTH,6
2024-09-16,Entreprise et industrie,WEST,4
2024-09-16,Fournitures de bureau,EAST,36
2024-09-16,Fournitures de bureau,NORTH,47
2024-09-16,Fournitures de bureau,SOUTH,21
2024-09-16,Fournitures de bureau,WEST,26
2024-09-16,Jeux et jouets,EAST,16
2024-09-16,Jeux et jouets,NORTH,16
2024-09-16,Jeux et jouets,SOUTH,10
2024-09-16,Jeux et jouets,WEST,10
2024-09-16,Logiciels,EAST,2
2024-09-16,Logiciels,NORTH,2
2024-09-16,Logiciels,WEST,1
2024-09-16,Lots,EAST,4
2024-09-16,Lots,SOUTH,2
2024-09-16,Lots,WEST,3
2024-09-16,Maison et jardin,EAST,114
2024-09-16,Maison et jardin,NORTH,116
2024-09-16,Maison et jardin,SOUTH,69
2024-09-16,Maison et jardin,WEST,85
2024-09-16,Meubles,EAST,43
2024-09-16,Meubles,NORTH,45
2024-09-16,Meubles,SOUTH,19
2024-09-16,Meubles,WEST,30
2024-09-16,Modules complémentaires du produit,EAST,2
2024-09-16,Modules complémentaires du produit,SOUTH,1
2024-09-16,Modules complémentaires du produit,WEST,1
2024-09-16,Médias,EAST,21
2024-09-16,Médias,NORTH,10
2024-09-16,Médias,SOUTH,15
2024-09-16,Médias,WEST,10
2024-09-16,Non classé,EAST,4
2024-09-16,Non classé,NORTH,1
2024-09-16,Non classé,WEST,3
2024-09-16,Offices religieux et cérémonies,EAST,8
2024-09-16,Offices religieux et cérémonies,NORTH,9
2024-09-16,Offices religieux et cérémonies,SOUTH,5
2024-09-16,Offices religieux et cérémonies,WEST,5
2024-09-16,Quincaillerie,EAST,49
2024-09-16,Quincaillerie,NORTH,29
2024-09-16,Quincaillerie,SOUTH,25
2024-09-16,Quincaillerie,WEST,23
2024-09-16,Santé et beauté,EAST,47
2024-09-16,Santé et beauté,NORTH,38
2024-09-16,Santé et beauté,SOUTH,27
2024-09-16,Santé et beauté,WEST,38
2024-09-16,Véhicules et accessoires,EAST,43
2024-09-16,Véhicules et accessoires,NORTH,47
2024-09-16,Véhicules et accessoires,SOUTH,22
2024-09-16,Véhicules et accessoires,WEST,25
2024-09-16,Vêtements et accessoires,EAST,70
2024-09-16,Vêtements et accessoires,NORTH,72
2024-09-16,Vêtements et accessoires,SOUTH,46
2024-09-16,Vêtements et accessoires,WEST,51
2024-09-16,Équipements sportifs,EAST,35
2024-09-16,Équipements sportifs,NORTH,32
2024-09-16,Équipements sportifs,SOUTH,24
2024-09-16,Équipements sportifs,WEST,27
2024-09-23,Animaux et articles pour animaux de compagnie,EAST,34
2024-09-23,Animaux et articles pour animaux de compagnie,NORTH,38
2024-09-23,Animaux et articles pour animaux de compagnie,SOUTH,25
2024-09-23,Animaux et articles pour animaux de compagnie,WEST,38
2024-09-23,"Appareils photo, caméras et instruments d'optique",EAST,6
2024-09-23,"Appareils photo, caméras et instruments d'optique",NORTH,7
2024-09-23,"Appareils photo, caméras et instruments d'optique",SOUTH,6
2024-09-23,"Appareils photo, caméras et instruments d'optique",WEST,4
2024-09-23,Appareils électroniques,EAST,49
2024-09-23,Appareils électroniques,NORTH,39
2024-09-23,Appareils électroniques,SOUTH,27
2024-09-23,Appareils électroniques,WEST,28
2024-09-23,Arts et loisirs,EAST,35
2024-09-23,Arts et loisirs,NORTH,30
2024-09-23,Arts et loisirs,SOUTH,20
2024-09-23,Arts et loisirs,WEST,26
2024-09-23,Bagages et maroquinerie,EAST,27
2024-09-23,Bagages et maroquinerie,NORTH,25
2024-09-23,Bagages et maroquinerie,SOUTH,26
2024-09-23,Bagages et maroquinerie,WEST,22
2024-09-23,Bébés et tout-petits,EAST,27
2024-09-23,Bébés et tout-petits,NORTH,40
2024-09-23,Bébés et tout-petits,SOUTH,13
2024-09-23,Bébés et tout-petits,WEST,23
2024-09-23,Entreprise et industrie,EAST,17
2024-09-23,Entreprise et industrie,NORTH,14
2024-09-23,Entreprise et industrie,SOUTH,11
2024-09-23,Entreprise et industrie,WEST,7
2024-09-23,Fournitures de bureau,EAST,43
2024-09-23,Fournitures de bureau,NORTH,29
2024-09-23,Fournitures de bureau,SOUTH,22
2024-09-23,Fournitures de bureau,WEST,22
2024-09-23,Jeux et jouets,EAST,19
2024-09-23,Jeux et jouets,NORTH,23
2024-09-23,Jeux et jouets,SOUTH,12
2024-09-23,Jeux et jouets,WEST,9
2024-09-23,Logiciels,EAST,3
2024-09-23,Logiciels,NORTH,4
2024-09-23,Logiciels,SOUTH,1
2024-09-23,Lots,EAST,7
2024-09-23,Lots,NORTH,4
2024-09-23,Lots,SOUTH,2
2024-09-23,Lots,WEST,8
2024-09-23,Maison et jardin,EAST,107
2024-09-23,Maison et jardin,NORTH,125
2024-09-23,Maison et jardin,SOUTH,75
2024-09-23,Maison et jardin,WEST,86
2024-09-23,Meubles,EAST,47
2024-09-23,Meubles,NORTH,39
2024-09-23,Meubles,SOUTH,23
2024-09-23,Meubles,WEST,26
2024-09-23,Modules complémentaires du produit,EAST,3
2024-09-23,Modules complémentaires du produit,NORTH,4
2024-09-23,Modules complémentaires du produit,SOUTH,3
2024-09-23,Modules complémentaires du produit,WEST,1
2024-09-23,Médias,EAST,17
2024-09-23,Médias,NORTH,18
2024-09-23,Médias,SOUTH,8
2024-09-23,Médias,WEST,8
2024-09-23,Non classé,EAST,2
2024-09-23,Non classé,WEST,2
2024-09-23,Offices religieux et cérémonies,EAST,11
2024-09-23,Offices religieux et cérémonies,NORTH,12
2024-09-23,Offices religieux et cérémonies,SOUTH,6
2024-09-23,Offices religieux et cérémonies,WEST,4
2024-09-23,Quincaillerie,EAST,40
2024-09-23,Quincaillerie,NORTH,26
2024-09-23,Quincaillerie,SOUTH,22
2024-09-23,Quincaillerie,WEST,35
2024-09-23,Santé et beauté,EAST,41
2024-09-23,Santé et beauté,NORTH,36
2024-09-23,Santé et beauté,SOUTH,23
2024-09-23,Santé et beauté,WEST,25
2024-09-23,Véhicules et accessoires,EAST,31
2024-09-23,Véhicules et accessoires,NORTH,34
2024-09-23,Véhicules et accessoires,SOUTH,16
2024-09-23,Véhicules et accessoires,WEST,25
2024-09-23,Vêtements et accessoires,EAST,62
2024-09-23,Vêtements et accessoires,NORTH,69
2024-09-23,Vêtements et accessoires,SOUTH,41
2024-09-23,Vêtements et accessoires,WEST,34
2024-09-23,Équipements sportifs,EAST,35
2024-09-23,Équipements sportifs,NORTH,36
2024-09-23,Équipements sportifs,SOUTH,20
2024-09-23,Équipements sportifs,WEST,29
2024-09-30,Animaux et articles pour animaux de compagnie,EAST,30
2024-09-30,Animaux et articles pour animaux de compagnie,NORTH,41
2024-09-30,Animaux et articles pour animaux de compagnie,SOUTH,22
2024-09-30,Animaux et articles pour animaux de compagnie,WEST,25
2024-09-30,"Appareils photo, caméras et instruments d'optique",EAST,8
2024-09-30,"Appareils photo, caméras et instruments d'optique",NORTH,9
2024-09-30,"Appareils photo, caméras et instruments d'optique",SOUTH,2
2024-09-30,"Appareils photo, caméras et instruments d'optique",WEST,2
2024-09-30,Appareils électroniques,EAST,42
2024-09-30,Appareils électroniques,NORTH,45
2024-09-30,Appareils électroniques,SOUTH,34
2024-09-30,Appareils électroniques,WEST,34
2024-09-30,Arts et loisirs,EAST,34
2024-09-30,Arts et loisirs,NORTH,32
2024-09-30,Arts et loisirs,SOUTH,21
2024-09-30,Arts et loisirs,WEST,32
2024-09-30,Bagages et maroquinerie,EAST,34
2024-09-30,Bagages et maroquinerie,NORTH,41
2024-09-30,Bagages et maroquinerie,SOUTH,29
2024-09-30,Bagages et maroquinerie,WEST,16
2024-09-30,Bébés et tout-petits,EAST,41
2024-09-30,Bébés et tout-petits,NORTH,30
2024-09-30,Bébés et tout-petits,SOUTH,21
2024-09-30,Bébés et tout-petits,WEST,23
2024-09-30,Entreprise et industrie,EAST,14
2024-09-30,Entreprise et industrie,NORTH,18
2024-09-30,Entreprise et industrie,SOUTH,8
2024-09-30,Entreprise et industrie,WEST,8
2024-09-30,Fournitures de bureau,EAST,32
2024-09-30,Fournitures de bureau,NORTH,32
2024-09-30,Fournitures de bureau,SOUTH,13
2024-09-30,Fournitures de bureau,WEST,16
2024-09-30,Jeux et jouets,EAST,11
2024-09-30,Jeux et jouets,NORTH,12
2024-09-30,Jeux et jouets,SOUTH,11
2024-09-30,Jeux et jouets,WEST,13
2024-09-30,Logiciels,EAST,9
2024-09-30,Logiciels,NORTH,3
2024-09-30,Logiciels,SOUTH,1
2024-09-30,Logiciels,WEST,3
2024-09-30,Lots,EAST,5
2024-09-30,Lots,NORTH,4
2024-09-30,Lots,SOUTH,8
2024-09-30,Lots,WEST,9
2024-09-30,Maison et jardin,EAST,100
2024-09-30,Maison et jardin,NORTH,128
2024-09-30,Maison et jardin,SOUTH,64
2024-09-30,Maison et jardin,WEST,74
2024-09-30,Meubles,EAST,49
2024-09-30,Meubles,NORTH,41
2024-09-30,Meubles,SOUTH,29
2024-09-30,Meubles,WEST,33
2024-09-30,Modules complémentaires du produit,EAST,1
2024-09-30,Modules complémentaires du produit,NORTH,3
2024-09-30,Modules complémentaires du produit,SOUTH,5
2024-09-30,Modules complémentaires du produit,WEST,3
2024-09-30,Médias,EAST,8
2024-09-30,Médias,NORTH,19
2024-09-30,Médias,SOUTH,9
2024-09-30,Médias,WEST,7
2024-09-30,Non classé,EAST,1
2024-09-30,Non classé,NORTH,1
2024-09-30,Non classé,WEST,2
2024-09-30,Offices religieux et cérémonies,EAST,13
2024-09-30,Offices religieux et cérémonies,NORTH,6
2024-09-30,Offices religieux et cérémonies,SOUTH,8
2024-09-30,Offices religieux et cérémonies,WEST,6
2024-09-30,Quincaillerie,EAST,38
2024-09-30,Quincaillerie,NORTH,34
2024-09-30,Quincaillerie,SOUTH,22
2024-09-30,Quincaillerie,WEST,28
2024-09-30,Santé et beauté,EAST,43
2024-09-30,Santé et beauté,NORTH,55
2024-09-30,Santé et beauté,SOUTH,28
2024-09-30,Santé et beauté,WEST,26
2024-09-30,Véhicules et accessoires,EAST,41
2024-09-30,Véhicules et accessoires,NORTH,41
2024-09-30,Véhicules et accessoires,SOUTH,18
2024-09-30,Véhicules et accessoires,WEST,30
2024-09-30,Vêtements et accessoires,EAST,60
2024-09-30,Vêtements et accessoires,NORTH,88
2024-09-30,Vêtements et accessoires,SOUTH,36
2024-09-30,Vêtements et accessoires,WEST,58
2024-09-30,Équipements sportifs,EAST,33
2024-09-30,Équipements sportifs,NORTH,37
2024-09-30,Équipements sportifs,SOUTH,26
2024-09-30,Équipements sportifs,WEST,30
2024-10-07,Animaux et articles pour animaux de compagnie,EAST,24
2024-10-07,Animaux et articles pour animaux de compagnie,NORTH,28
2024-10-07,Animaux et articles pour animaux de compagnie,SOUTH,12
2024-10-07,Animaux et articles pour animaux de compagnie,WEST,27
2024-10-07,"Appareils photo, caméras et instruments d'optique",EAST,4
2024-10-07,"Appareils photo, caméras et instruments d'optique",NORTH,7
2024-10-07,"Appareils photo, caméras et instruments d'optique",SOUTH,6
2024-10-07,"Appareils photo, caméras et instruments d'optique",WEST,4
2024-10-07,Appareils électroniques,EAST,30
2024-10-07,Appareils électroniques,NORTH,38
2024-10-07,Appareils électroniques,SOUTH,22
2024-10-07,Appareils électroniques,WEST,21
2024-10-07,Arts et loisirs,EAST,21
2024-10-07,Arts et loisirs,NORTH,27
2024-10-07,Arts et loisirs,SOUTH,22
2024-10-07,Arts et loisirs,WEST,17
2024-10-07,Bagages et maroquinerie,EAST,23
2024-10-07,Bagages et maroquinerie,NORTH,28
2024-10-07,Bagages et maroquinerie,SOUTH,14
2024-10-07,Bagages et maroquinerie,WEST,24
2024-10-07,Bébés et tout-petits,EAST,26
2024-10-07,Bébés et tout-petits,NORTH,24
2024-10-07,Bébés et tout-petits,SOUTH,14
2024-10-07,Bébés et tout-petits,WEST,17
2024-10-07,Entreprise et industrie,EAST,11
2024-10-07,Entreprise et industrie,NORTH,5
2024-10-07,Entreprise et industrie,SOUTH,5
2024-10-07,Entreprise et industrie,WEST,6
2024-10-07,Fournitures de bureau,EAST,18
2024-10-07,Fournitures de bureau,NORTH,28
2024-10-07,Fournitures de bureau,SOUTH,18
2024-10-07,Fournitures de bureau,WEST,18
2024-10-07,Jeux et jouets,EAST,14
2024-10-07,Jeux et jouets,NORTH,8
2024-10-07,Jeux et jouets,SOUTH,10
2024-10-07,Jeux et jouets,WEST,9
2024-10-07,Logiciels,EAST,1
2024-10-07,Logiciels,SOUTH,3
2024-10-07,Logiciels,WEST,2
2024-10-07,Lots,EAST,3
2024-10-07,Lots,NORTH,11
2024-10-07,Lots,SOUTH,7
2024-10-07,Lots,WEST,2
2024-10-07,Maison et jardin,EAST,76
2024-10-07,Maison et jardin,NORTH,74
2024-10-07,Maison et jardin,SOUTH,44
2024-10-07,Maison et jardin,WEST,59
2024-10-07,Meubles,EAST,25
2024-10-07,Meubles,NORTH,36
2024-10-07,Meubles,SOUTH,12
2024-10-07,Meubles,WEST,24
2024-10-07,Modules complémentaires du produit,EAST,5
2024-10-07,Modules complémentaires du produit,NORTH,2
2024-10-07,Modules complémentaires du produit,SOUTH,2
2024-10-07,Modules complémentaires du produit,WEST,2
2024-10-07,Médias,EAST,15
2024-10-07,Médias,NORTH,12
2024-10-07,Médias,SOUTH,11
2024-10-07,Médias,WEST,10
2024-10-07,Non classé,NORTH,2
2024-10-07,Non classé,SOUTH,1
2024-10-07,Non classé,WEST,1
2024-10-07,Offices religieux et cérémonies,EAST,7
2024-10-07,Offices religieux et cérémonies,NORTH,10
2024-10-07,Offices religieux et cérémonies,SOUTH,10
2024-10-07,Offices religieux et cérémonies,WEST,2
2024-10-07,Quincaillerie,EAST,21
2024-10-07,Quincaillerie,NORTH,27
2024-10-07,Quincaillerie,SOUTH,11
2024-10-07,Quincaillerie,WEST,27
2024-10-07,Santé et beauté,EAST,29
2024-10-07,Santé et beauté,NORTH,36
2024-10-07,Santé et beauté,SOUTH,26
2024-10-07,Santé et beauté,WEST,31
2024-10-07,Véhicules et accessoires,EAST,26
2024-10-07,Véhicules et accessoires,NORTH,26
2024-10-07,Véhicules et accessoires,SOUTH,14
2024-10-07,Véhicules et accessoires,WEST,17
2024-10-07,Vêtements et accessoires,EAST,57
2024-10-07,Vêtements et accessoires,NORTH,60
2024-10-07,Vêtements et accessoires,SOUTH,40
2024-10-07,Vêtements et accessoires,WEST,30
2024-10-07,Équipements sportifs,EAST,30
2024-10-07,Équipements sportifs,NORTH,36
2024-10-07,Équipements sportifs,SOUTH,16
2024-10-07,Équipements sportifs,WEST,21
2024-10-14,Animaux et articles pour animaux de compagnie,EAST,30
2024-10-14,Animaux et articles pour animaux de compagnie,NORTH,40
2024-10-14,Animaux et articles pour animaux de compagnie,SOUTH,16
2024-10-14,Animaux et articles pour animaux de compagnie,WEST,11
2024-10-14,"Appareils photo, caméras et instruments d'optique",EAST,3
2024-10-14,"Appareils photo, caméras et instruments d'optique",NORTH,3
2024-10-14,"Appareils photo, caméras et instruments d'optique",SOUTH,2
2024-10-14,"Appareils photo, caméras et instruments d'optique",WEST,1
2024-10-14,Appareils électroniques,EAST,33
2024-10-14,Appareils électroniques,NORTH,39
2024-10-14,Appareils électroniques,SOUTH,14
2024-10-14,Appareils électroniques,WEST,17
2024-10-14,Arts et loisirs,EAST,27
2024-10-14,Arts et loisirs,NORTH,22
2024-10-14,Arts et loisirs,SOUTH,12
2024-10-14,Arts et loisirs,WEST,17
2024-10-14,Bagages et maroquinerie,EAST,24
2024-10-14,Bagages et maroquinerie,NORTH,25
2024-10-14,Bagages et maroquinerie,SOUTH,11
2024-10-14,Bagages et maroquinerie,WEST,20
2024-10-14,Bébés et tout-petits,EAST,24
2024-10-14,Bébés et tout-petits,NORTH,22
2024-10-14,Bébés et tout-petits,SOUTH,24
2024-10-14,Bébés et tout-petits,WEST,19
2024-10-14,Entreprise et industrie,EAST,11
2024-10-14,Entreprise et industrie,NORTH,11
2024-10-14,Entreprise et industrie,SOUTH,5
2024-10-14,Entreprise et industrie,WEST,9
2024-10-14,Fournitures de bureau,EAST,20
2024-10-14,Fournitures de bureau,NORTH,33
2024-10-14,Fournitures de bureau,SOUTH,15
2024-10-14,Fournitures de bureau,WEST,22
2024-10-14,Jeux et jouets,EAST,9
2024-10-14,Jeux et jouets,NORTH,9
2024-10-14,Jeux et jouets,SOUTH,10
2024-10-14,Jeux et jouets,WEST,8
2024-10-14,Logiciels,EAST,4
2024-10-14,Logiciels,NORTH,3
2024-10-14,Logiciels,SOUTH,3
2024-10-14,Logiciels,WEST,1
2024-10-14,Lots,EAST,2
2024-10-14,Lots,NORTH,2
2024-10-14,Lots,SOUTH,3
2024-10-14,Lots,WEST,6
2024-10-14,Maison et jardin,EAST,75
2024-10-14,Maison et jardin,NORTH,102
2024-10-14,Maison et jardin,SOUTH,45
2024-10-14,Maison et jardin,WEST,47
2024-10-14,Meubles,EAST,36
2024-10-14,Meubles,NORTH,33
2024-10-14,Meubles,SOUTH,20
2024-10-14,Meubles,WEST,29
2024-10-14,Modules complémentaires du produit,EAST,1
2024-10-14,Modules complémentaires du produit,NORTH,4
2024-10-14,Modules complémentaires du produit,SOUTH,5
2024-10-14,Modules complémentaires du produit,WEST,2
2024-10-14,Médias,EAST,11
2024-10-14,Médias,NORTH,13
2024-10-14,Médias,SOUTH,8
2024-10-14,Médias,WEST,10
2024-10-14,Non classé,EAST,2
2024-10-14,Non classé,NORTH,3
2024-10-14,Non classé,SOUTH,1
2024-10-14,Offices religieux et cérémonies,EAST,4
2024-10-14,Offices religieux et cérémonies,NORTH,7
2024-10-14,Offices religieux et cérémonies,SOUTH,4
2024-10-14,Offices religieux et cérémonies,WEST,4
2024-10-14,Quincaillerie,EAST,36
2024-10-14,Quincaillerie,NORTH,30
2024-10-14,Quincaillerie,SOUTH,10
2024-10-14,Quincaillerie,WEST,19
2024-10-14,Santé et beauté,EAST,34
2024-10-14,Santé et beauté,NORTH,30
2024-10-14,Santé et beauté,SOUTH,23
2024-10-14,Santé et beauté,WEST,22
2024-10-14,Véhicules et accessoires,EAST,24
2024-10-14,Véhicules et accessoires,NORTH,28
2024-10-14,Véhicules et accessoires,SOUTH,20
2024-10-14,Véhicules et accessoires,WEST,11
2024-10-14,Vêtements et accessoires,EAST,58
2024-10-14,Vêtements et accessoires,NORTH,57
2024-10-14,Vêtements et accessoires,SOUTH,30
2024-10-14,Vêtements et accessoires,WEST,34
2024-10-14,Équipements sportifs,EAST,16
2024-10-14,Équipements sportifs,NORTH,25
2024-10-14,Équipements sportifs,SOUTH,13
2024-10-14,Équipements sportifs,WEST,14
2024-10-21,Animaux et articles pour animaux de compagnie,EAST,21
2024-10-21,Animaux et articles pour animaux de compagnie,NORTH,28
2024-10-21,Animaux et articles pour animaux de compagnie,SOUTH,11
2024-10-21,Animaux et articles pour animaux de compagnie,WEST,26
2024-10-21,"Appareils photo, caméras et instruments d'optique",EAST,5
2024-10-21,"Appareils photo, caméras et instruments d'optique",NORTH,10
2024-10-21,"Appareils photo, caméras et instruments d'optique",SOUTH,3
2024-10-21,"Appareils photo, caméras et instruments d'optique",WEST,5
2024-10-21,Appareils électroniques,EAST,28
2024-10-21,Appareils électroniques,NORTH,31
2024-10-21,Appareils électroniques,SOUTH,15
2024-10-21,Appareils électroniques,WEST,29
2024-10-21,Arts et loisirs,EAST,24
2024-10-21,Arts et loisirs,NORTH,18
2024-10-21,Arts et loisirs,SOUTH,16
2024-10-21,Arts et loisirs,WEST,17
2024-10-21,Bagages et maroquinerie,EAST,25
2024-10-21,Bagages et maroquinerie,NORTH,20
2024-10-21,Bagages et maroquinerie,SOUTH,11
2024-10-21,Bagages et maroquinerie,WEST,13
2024-10-21,Bébés et tout-petits,EAST,24
2024-10-21,Bébés et tout-petits,NORTH,23
2024-10-21,Bébés et tout-petits,SOUTH,13
2024-10-21,Bébés et tout-petits,WEST,22
2024-10-21,Entreprise et industrie,EAST,10
2024-10-21,Entreprise et industrie,NORTH,14
2024-10-21,Entreprise et industrie,SOUTH,5
2024-10-21,Entreprise et industrie,WEST,7
2024-10-21,Fournitures de bureau,EAST,31
2024-10-21,Fournitures de bureau,NORTH,26
2024-10-21,Fournitures de bureau,SOUTH,16
2024-10-21,Fournitures de bureau,WEST,20
2024-10-21,Jeux et jouets,EAST,12
2024-10-21,Jeux et jouets,NORTH,17
2024-10-21,Jeux et jouets,SOUTH,8
2024-10-21,Jeux et jouets,WEST,5
2024-10-21,Logiciels,NORTH,2
2024-10-21,Logiciels,SOUTH,2
2024-10-21,Logiciels,WEST,1
2024-10-21,Lots,EAST,4
2024-10-21,Lots,NORTH,9
2024-10-21,Lots,SOUTH,1
2024-10-21,Lots,WEST,2
2024-10-21,Maison et jardin,EAST,85
2024-10-21,Maison et jardin,NORTH,104
2024-10-21,Maison et jardin,SOUTH,40
2024-10-21,Maison et jardin,WEST,71
2024-10-21,Meubles,EAST,25
2024-10-21,Meubles,NORTH,31
2024-10-21,Meubles,SOUTH,18
2024-10-21,Meubles,WEST,21
2024-10-21,Modules complémentaires du produit,EAST,3
2024-10-21,Modules complémentaires du produit,NORTH,2
2024-10-21,Modules complémentaires du produit,SOUTH,1
2024-10-21,Modules complémentaires du produit,WEST,2
2024-10-21,Médias,EAST,16
2024-10-21,Médias,NORTH,19
2024-10-21,Médias,SOUTH,3
2024-10-21,Médias,WEST,6
2024-10-21,Non classé,EAST,2
2024-10-21,Non classé,SOUTH,1
2024-10-21,Offices religieux et cérémonies,EAST,5
2024-10-21,Offices religieux et cérémonies,NORTH,13
2024-10-21,Offices religieux et cérémonies,SOUTH,4
2024-10-21,Offices religieux et cérémonies,WEST,5
2024-10-21,Quincaillerie,EAST,43
2024-10-21,Quincaillerie,NORTH,30
2024-10-21,Quincaillerie,SOUTH,14
2024-10-21,Quincaillerie,WEST,15
2024-10-21,Santé et beauté,EAST,43
2024-10-21,Santé et beauté,NORTH,34
2024-10-21,Santé et beauté,SOUTH,22
2024-10-21,Santé et beauté,WEST,20
2024-10-21,Véhicules et accessoires,EAST,22
2024-10-21,Véhicules et accessoires,NORTH,29
2024-10-21,Véhicules et accessoires,SOUTH,19
2024-10-21,Véhicules et accessoires,WEST,12
2024-10-21,Vêtements et accessoires,EAST,46
2024-10-21,Vêtements et accessoires,NORTH,48
2024-10-21,Vêtements et accessoires,SOUTH,26
2024-10-21,Vêtements et accessoires,WEST,28
2024-10-21,Équipements sportifs,EAST,27
2024-10-21,Équipements sportifs,NORTH,20
2024-10-21,Équipements sportifs,SOUTH,15
2024-10-21,Équipements sportifs,WEST,15
2024-10-28,Animaux et articles pour animaux de compagnie,EAST,18
2024-10-28,Animaux et articles pour animaux de compagnie,NORTH,18
2024-10-28,Animaux et articles pour animaux de compagnie,SOUTH,16
2024-10-28,Animaux et articles pour animaux de compagnie,WEST,18
2024-10-28,"Appareils photo, caméras et instruments d'optique",EAST,1
2024-10-28,"Appareils photo, caméras et instruments d'optique",NORTH,3
2024-10-28,"Appareils photo, caméras et instruments d'optique",SOUTH,4
2024-10-28,"Appareils photo, caméras et instruments d'optique",WEST,2
2024-10-28,Appareils électroniques,EAST,28
2024-10-28,Appareils électroniques,NORTH,43
2024-10-28,Appareils électroniques,SOUTH,15
2024-10-28,Appareils électroniques,WEST,28
2024-10-28,Arts et loisirs,EAST,19
2024-10-28,Arts et loisirs,NORTH,30
2024-10-28,Arts et loisirs,SOUTH,16
2024-10-28,Arts et loisirs,WEST,21
2024-10-28,Bagages et maroquinerie,EAST,26
2024-10-28,Bagages et maroquinerie,NORTH,31
2024-10-28,Bagages et maroquinerie,SOUTH,24
2024-10-28,Bagages et maroquinerie,WEST,22
2024-10-28,Bébés et tout-petits,EAST,21
2024-10-28,Bébés et tout-petits,NORTH,29
2024-10-28,Bébés et tout-petits,SOUTH,13
2024-10-28,Bébés et tout-petits,WEST,19
2024-10-28,Entreprise et industrie,EAST,10
2024-10-28,Entreprise et industrie,NORTH,9
2024-10-28,Entreprise et industrie,SOUTH,4
2024-10-28,Entreprise et industrie,WEST,6
2024-10-28,Fournitures de bureau,EAST,24
2024-10-28,Fournitures de bureau,NORTH,28
2024-10-28,Fournitures de bureau,SOUTH,16
2024-10-28,Fournitures de bureau,WEST,20
2024-10-28,Jeux et jouets,EAST,10
2024-10-28,Jeux et jouets,NORTH,7
2024-10-28,Jeux et jouets,SOUTH,5
2024-10-28,Jeux et jouets,WEST,6
2024-10-28,Logiciels,EAST,4
2024-10-28,Logiciels,NORTH,6
2024-10-28,Logiciels,SOUTH,2
2024-10-28,Logiciels,WEST,1
2024-10-28,Lots,EAST,3
2024-10-28,Lots,NORTH,6
2024-10-28,Lots,SOUTH,5
2024-10-28,Lots,WEST,3
2024-10-28,Maison et jardin,EAST,97
2024-10-28,Maison et jardin,NORTH,79
2024-10-28,Maison et jardin,SOUTH,38
2024-10-28,Maison et jardin,WEST,66
2024-10-28,Meubles,EAST,37
2024-10-28,Meubles,NORTH,31
2024-10-28,Meubles,SOUTH,17
2024-10-28,Meubles,WEST,19
2024-10-28,Modules complémentaires du produit,EAST,4
2024-10-28,Modules complémentaires du produit,NORTH,3
2024-10-28,Modules complémentaires du produit,SOUTH,3
2024-10-28,Modules complémentaires du produit,WEST,2
2024-10-28,Médias,EAST,15
2024-10-28,Médias,NORTH,14
2024-10-28,Médias,SOUTH,8
2024-10-28,Médias,WEST,10
2024-10-28,Non classé,EAST,1
2024-10-28,Non classé,NORTH,2
2024-10-28,Non classé,SOUTH,1
2024-10-28,Non classé,WEST,1
2024-10-28,Offices religieux et cérémonies,EAST,9
2024-10-28,Offices religieux et cérémonies,NORTH,7
2024-10-28,Offices religieux et cérémonies,SOUTH,2
2024-10-28,Offices religieux et cérémonies,WEST,6
2024-10-28,Quincaillerie,EAST,35
2024-10-28,Quincaillerie,NORTH,30
2024-10-28,Quincaillerie,SOUTH,15
2024-10-28,Quincaillerie,WEST,22
2024-10-28,Santé et beauté,EAST,41
2024-10-28,Santé et beauté,NORTH,27
2024-10-28,Santé et beauté,SOUTH,27
2024-10-28,Santé et beauté,WEST,17
2024-10-28,Véhicules et accessoires,EAST,30
2024-10-28,Véhicules et accessoires,NORTH,30
2024-10-28,Véhicules et accessoires,SOUTH,15
2024-10-28,Véhicules et accessoires,WEST,26
2024-10-28,Vêtements et accessoires,EAST,57
2024-10-28,Vêtements et accessoires,NORTH,47
2024-10-28,Vêtements et accessoires,SOUTH,22
2024-10-28,Vêtements et accessoires,WEST,33
2024-10-28,Équipements sportifs,EAST,34
2024-10-28,Équipements sportifs,NORTH,36
2024-10-28,Équipements sportifs,SOUTH,14
2024-10-28,Équipements sportifs,WEST,19
2024-11-04,Animaux et articles pour animaux de compagnie,EAST,31
2024-11-04,Animaux et articles pour animaux de compagnie,NORTH,25
2024-11-04,Animaux et articles pour animaux de compagnie,SOUTH,13
2024-11-04,Animaux et articles pour animaux de compagnie,WEST,19
2024-11-04,"Appareils photo, caméras et instruments d'optique",EAST,4
2024-11-04,"Appareils photo, caméras et instruments d'optique",NORTH,7
2024-11-04,"Appareils photo, caméras et instruments d'optique",WEST,2
2024-11-04,Appareils électroniques,EAST,41
2024-11-04,Appareils électroniques,NORTH,43
2024-11-04,Appareils électroniques,SOUTH,20
2024-11-04,Appareils électroniques,WEST,31
2024-11-04,Arts et loisirs,EAST,28
2024-11-04,Arts et loisirs,NORTH,30
2024-11-04,Arts et loisirs,SOUTH,14
2024-11-04,Arts et loisirs,WEST,24
2024-11-04,Bagages et maroquinerie,EAST,22
2024-11-04,Bagages et maroquinerie,NORTH,25
2024-11-04,Bagages et maroquinerie,SOUTH,14
2024-11-04,Bagages et maroquinerie,WEST,18
2024-11-04,Bébés et tout-petits,EAST,24
2024-11-04,Bébés et tout-petits,NORTH,34
2024-11-04,Bébés et tout-petits,SOUTH,18
2024-11-04,Bébés et tout-petits,WEST,29
2024-11-04,Entreprise et industrie,EAST,8
2024-11-04,Entreprise et industrie,NORTH,11
2024-11-04,Entreprise et industrie,SOUTH,3
2024-11-04,Entreprise et industrie,WEST,11
2024-11-04,Fournitures de bureau,EAST,39
2024-11-04,Fournitures de bureau,NORTH,34
2024-11-04,Fournitures de bureau,SOUTH,14
2024-11-04,Fournitures de bureau,WEST,19
2024-11-04,Jeux et jouets,EAST,16
2024-11-04,Jeux et jouets,NORTH,15
2024-11-04,Jeux et jouets,SOUTH,4
2024-11-04,Jeux et jouets,WEST,12
2024-11-04,Logiciels,EAST,7
2024-11-04,Logiciels,NORTH,2
2024-11-04,Logiciels,WEST,1
2024-11-04,Lots,EAST,4
2024-11-04,Lots,NORTH,3
2024-11-04,Lots,SOUTH,3
2024-11-04,Lots,WEST,3
2024-11-04,Maison et jardin,EAST,88
2024-11-04,Maison et jardin,NORTH,96
2024-11-04,Maison et jardin,SOUTH,48
2024-11-04,Maison et jardin,WEST,57
2024-11-04,Meubles,EAST,35
2024-11-04,Meubles,NORTH,28
2024-11-04,Meubles,SOUTH,20
2024-11-04,Meubles,WEST,20
2024-11-04,Modules complémentaires du produit,EAST,1
2024-11-04,Modules complémentaires du produit,NORTH,7
2024-11-04,Modules complémentaires du produit,SOUTH,1
2024-11-04,Médias,EAST,8
2024-11-04,Médias,NORTH,14
2024-11-04,Médias,SOUTH,5
2024-11-04,Médias,WEST,9
2024-11-04,Non classé,EAST,2
2024-11-04,Non classé,NORTH,1
2024-11-04,Non classé,SOUTH,3
2024-11-04,Non classé,WEST,1
2024-11-04,Offices religieux et cérémonies,EAST,9
2024-11-04,Offices religieux et cérémonies,NORTH,6
2024-11-04,Offices religieux et cérémonies,SOUTH,3
2024-11-04,Offices religieux et cérémonies,WEST,1
2024-11-04,Quincaillerie,EAST,34
2024-11-04,Quincaillerie,NORTH,24
2024-11-04,Quincaillerie,SOUTH,8
2024-11-04,Quincaillerie,WEST,21
2024-11-04,Santé et beauté,EAST,51
2024-11-04,Santé et beauté,NORTH,32
2024-11-04,Santé et beauté,SOUTH,20
2024-11-04,Santé et beauté,WEST,19
2024-11-04,Véhicules et accessoires,EAST,21
2024-11-04,Véhicules et accessoires,NORTH,23
2024-11-04,Véhicules et accessoires,SOUTH,18
2024-11-04,Véhicules et accessoires,WEST,18
2024-11-04,Vêtements et accessoires,EAST,50
2024-11-04,Vêtements et accessoires,NORTH,60
2024-11-04,Vêtements et accessoires,SOUTH,35
2024-11-04,Vêtements et accessoires,WEST,31
2024-11-04,Équipements sportifs,EAST,31
2024-11-04,Équipements sportifs,NORTH,29
2024-11-04,Équipements sportifs,SOUTH,19
2024-11-04,Équipements sportifs,WEST,20
2024-11-11,Animaux et articles pour animaux de compagnie,EAST,27
2024-11-11,Animaux et articles pour animaux de compagnie,NORTH,42
2024-11-11,Animaux et articles pour animaux de compagnie,SOUTH,17
2024-11-11,Animaux et articles pour animaux de compagnie,WEST,15
2024-11-11,"Appareils photo, caméras et instruments d'optique",EAST,3
2024-11-11,"Appareils photo, caméras et instruments d'optique",NORTH,5
2024-11-11,"Appareils photo, caméras et instruments d'optique",SOUTH,4
2024-11-11,"Appareils photo, caméras et instruments d'optique",WEST,4
2024-11-11,Appareils électroniques,EAST,31
2024-11-11,Appareils électroniques,NORTH,38
2024-11-11,Appareils électroniques,SOUTH,11
2024-11-11,Appareils électroniques,WEST,26
2024-11-11,Arts et loisirs,EAST,30
2024-11-11,Arts et loisirs,NORTH,32
2024-11-11,Arts et loisirs,SOUTH,11
2024-11-11,Arts et loisirs,WEST,20
2024-11-11,Bagages et maroquinerie,EAST,22
2024-11-11,Bagages et maroquinerie,NORTH,25
2024-11-11,Bagages et maroquinerie,SOUTH,14
2024-11-11,Bagages et maroquinerie,WEST,16
2024-11-11,Bébés et tout-petits,EAST,22
2024-11-11,Bébés et tout-petits,NORTH,37
2024-11-11,Bébés et tout-petits,SOUTH,21
2024-11-11,Bébés et tout-petits,WEST,22
2024-11-11,Entreprise et industrie,EAST,10
2024-11-11,Entreprise et industrie,NORTH,10
2024-11-11,Entreprise et industrie,SOUTH,3
2024-11-11,Entreprise et industrie,WEST,7
2024-11-11,Fournitures de bureau,EAST,19
2024-11-11,Fournitures de bureau,NORTH,27
2024-11-11,Fournitures de bureau,SOUTH,19
2024-11-11,Fournitures de bureau,WEST,24
2024-11-11,Jeux et jouets,EAST,24
2024-11-11,Jeux et jouets,NORTH,15
2024-11-11,Jeux et jouets,SOUTH,5
2024-11-11,Jeux et jouets,WEST,9
2024-11-11,Logiciels,EAST,1
2024-11-11,Logiciels,NORTH,4
2024-11-11,Logiciels,SOUTH,3
2024-11-11,Logiciels,WEST,4
2024-11-11,Lots,EAST,7
2024-11-11,Lots,NORTH,3
2024-11-11,Lots,SOUTH,2
2024-11-11,Lots,WEST,8
2024-11-11,Maison et jardin,EAST,88
2024-11-11,Maison et jardin,NORTH,84
2024-11-11,Maison et jardin,SOUTH,67
2024-11-11,Maison et jardin,WEST,62
2024-11-11,Meubles,EAST,33
2024-11-11,Meubles,NORTH,33
2024-11-11,Meubles,SOUTH,19
2024-11-11,Meubles,WEST,15
2024-11-11,Modules complémentaires du produit,NORTH,3
2024-11-11,Modules complémentaires du produit,SOUTH,3
2024-11-11,Modules complémentaires du produit,WEST,2
2024-11-11,Médias,EAST,10
2024-11-11,Médias,NORTH,15
2024-11-11,Médias,SOUTH,10
2024-11-11,Médias,WEST,6
2024-11-11,Non classé,SOUTH,4
2024-11-11,Non classé,WEST,2
2024-11-11,Offices religieux et cérémonies,EAST,5
2024-11-11,Offices religieux et cérémonies,NORTH,7
2024-11-11,Offices religieux et cérémonies,SOUTH,3
2024-11-11,Offices religieux et cérémonies,WEST,2
2024-11-11,Quincaillerie,EAST,19
2024-11-11,Quincaillerie,NORTH,34
2024-11-11,Quincaillerie,SOUTH,21
2024-11-11,Quincaillerie,WEST,16
2024-11-11,Santé et beauté,EAST,33
2024-11-11,Santé et beauté,NORTH,33
2024-11-11,Santé et beauté,SOUTH,20
2024-11-11,Santé et beauté,WEST,23
2024-11-11,Véhicules et accessoires,EAST,35
2024-11-11,Véhicules et accessoires,NORTH,20
2024-11-11,Véhicules et accessoires,SOUTH,13
2024-11-11,Véhicules et accessoires,WEST,28
2024-11-11,Vêtements et accessoires,EAST,70
2024-11-11,Vêtements et accessoires,NORTH,62
2024-11-11,Vêtements et accessoires,SOUTH,35
2024-11-11,Vêtements et accessoires,WEST,38
2024-11-11,Équipements sportifs,EAST,35
2024-11-11,Équipements sportifs,NORTH,32
2024-11-11,Équipements sportifs,SOUTH,21
2024-11-11,Équipements sportifs,WEST,22
2024-11-18,Animaux et articles pour animaux de compagnie,EAST,31
2024-11-18,Animaux et articles pour animaux de compagnie,NORTH,34
2024-11-18,Animaux et articles pour animaux de compagnie,SOUTH,16
2024-11-18,Animaux et articles pour animaux de compagnie,WEST,24
2024-11-18,"Appareils photo, caméras et instruments d'optique",EAST,5
2024-11-18,"Appareils photo, caméras et instruments d'optique",NORTH,4
2024-11-18,"Appareils photo, caméras et instruments d'optique",SOUTH,3
2024-11-18,"Appareils photo, caméras et instruments d'optique",WEST,4
2024-11-18,Appareils électroniques,EAST,36
2024-11-18,Appareils électroniques,NORTH,33
2024-11-18,Appareils électroniques,SOUTH,20
2024-11-18,Appareils électroniques,WEST,25
2024-11-18,Arts et loisirs,EAST,23
2024-11-18,Arts et loisirs,NORTH,26
2024-11-18,Arts et loisirs,SOUTH,16
2024-11-18,Arts et loisirs,WEST,22
2024-11-18,Bagages et maroquinerie,EAST,28
2024-11-18,Bagages et maroquinerie,NORTH,26
2024-11-18,Bagages et maroquinerie,SOUTH,8
2024-11-18,Bagages et maroquinerie,WEST,21
2024-11-18,Bébés et tout-petits,EAST,19
2024-11-18,Bébés et tout-petits,NORTH,24
2024-11-18,Bébés et tout-petits,SOUTH,24
2024-11-18,Bébés et tout-petits,WEST,21
2024-11-18,Entreprise et industrie,EAST,6
2024-11-18,Entreprise et industrie,NORTH,10
2024-11-18,Entreprise et industrie,SOUTH,4
2024-11-18,Entreprise et industrie,WEST,8
2024-11-18,Fournitures de bureau,EAST,35
2024-11-18,Fournitures de bureau,NORTH,33
2024-11-18,Fournitures de bureau,SOUTH,12
2024-11-18,Fournitures de bureau,WEST,22
2024-11-18,Jeux et jouets,EAST,10
2024-11-18,Jeux et jouets,NORTH,14
2024-11-18,Jeux et jouets,SOUTH,10
2024-11-18,Jeux et jouets,WEST,10
2024-11-18,Logiciels,EAST,4
2024-11-18,Logiciels,SOUTH,2
2024-11-18,Logiciels,WEST,1
2024-11-18,Lots,EAST,4
2024-11-18,Lots,NORTH,3
2024-11-18,Lots,SOUTH,4
2024-11-18,Lots,WEST,1
2024-11-18,Maison et jardin,EAST,86
2024-11-18,Maison et jardin,NORTH,93
2024-11-18,Maison et jardin,SOUTH,55
2024-11-18,Maison et jardin,WEST,48
2024-11-18,Meubles,EAST,44
2024-11-18,Meubles,NORTH,25
2024-11-18,Meubles,SOUTH,22
2024-11-18,Meubles,WEST,30
2024-11-18,Modules complémentaires du produit,EAST,4
2024-11-18,Modules complémentaires du produit,SOUTH,3
2024-11-18,Médias,EAST,9
2024-11-18,Médias,NORTH,13
2024-11-18,Médias,SOUTH,11
2024-11-18,Médias,WEST,11
2024-11-18,Non classé,EAST,2
2024-11-18,Non classé,NORTH,1
2024-11-18,Non classé,SOUTH,1
2024-11-18,Non classé,WEST,1
2024-11-18,Offices religieux et cérémonies,EAST,10
2024-11-18,Offices religieux et cérémonies,NORTH,6
2024-11-18,Offices religieux et cérémonies,SOUTH,3
2024-11-18,Offices religieux et cérémonies,WEST,10
2024-11-18,Quincaillerie,EAST,42
2024-11-18,Quincaillerie,NORTH,18
2024-11-18,Quincaillerie,SOUTH,19
2024-11-18,Quincaillerie,WEST,18
2024-11-18,Santé et beauté,EAST,32
2024-11-18,Santé et beauté,NORTH,48
2024-11-18,Santé et beauté,SOUTH,26
2024-11-18,Santé et beauté,WEST,37
2024-11-18,Véhicules et accessoires,EAST,41
2024-11-18,Véhicules et accessoires,NORTH,20
2024-11-18,Véhicules et accessoires,SOUTH,13
2024-11-18,Véhicules et accessoires,WEST,16
2024-11-18,Vêtements et accessoires,EAST,61
2024-11-18,Vêtements et accessoires,NORTH,49
2024-11-18,Vêtements et accessoires,SOUTH,29
2024-11-18,Vêtements et accessoires,WEST,31
2024-11-18,Équipements sportifs,EAST,23
2024-11-18,Équipements sportifs,NORTH,35
2024-11-18,Équipements sportifs,SOUTH,14
2024-11-18,Équipements sportifs,WEST,13
2024-11-25,Animaux et articles pour animaux de compagnie,EAST,18
2024-11-25,Animaux et articles pour animaux de compagnie,NORTH,40
2024-11-25,Animaux et articles pour animaux de compagnie,SOUTH,22
2024-11-25,Animaux et articles pour animaux de compagnie,WEST,20
2024-11-25,"Appareils photo, caméras et instruments d'optique",EAST,6
2024-11-25,"Appareils photo, caméras et instruments d'optique",NORTH,6
2024-11-25,"Appareils photo, caméras et instruments d'optique",SOUTH,3
2024-11-25,"Appareils photo, caméras et instruments d'optique",WEST,4
2024-11-25,Appareils électroniques,EAST,34
2024-11-25,Appareils électroniques,NORTH,33
2024-11-25,Appareils électroniques,SOUTH,23
2024-11-25,Appareils électroniques,WEST,28
2024-11-25,Arts et loisirs,EAST,39
2024-11-25,Arts et loisirs,NORTH,28
2024-11-25,Arts et loisirs,SOUTH,22
2024-11-25,Arts et loisirs,WEST,20
2024-11-25,Bagages et maroquinerie,EAST,46
2024-11-25,Bagages et maroquinerie,NORTH,19
2024-11-25,Bagages et maroquinerie,SOUTH,18
2024-11-25,Bagages et maroquinerie,WEST,18
2024-11-25,Bébés et tout-petits,EAST,34
2024-11-25,Bébés et tout-petits,NORTH,36
2024-11-25,Bébés et tout-petits,SOUTH,19
2024-11-25,Bébés et tout-petits,WEST,14
2024-11-25,Entreprise et industrie,EAST,9
2024-11-25,Entreprise et industrie,NORTH,10
2024-11-25,Entreprise et industrie,SOUTH,6
2024-11-25,Entreprise et industrie,WEST,12
2024-11-25,Fournitures de bureau,EAST,25
2024-11-25,Fournitures de bureau,NORTH,28
2024-11-25,Fournitures de bureau,SOUTH,11
2024-11-25,Fournitures de bureau,WEST,22
2024-11-25,Jeux et jouets,EAST,18
2024-11-25,Jeux et jouets,NORTH,15
2024-11-25,Jeux et jouets,SOUTH,4
2024-11-25,Jeux et jouets,WEST,10
2024-11-25,Logiciels,EAST,4
2024-11-25,Logiciels,NORTH,4
2024-11-25,Logiciels,SOUTH,3
2024-11-25,Logiciels,WEST,3
2024-11-25,Lots,EAST,5
2024-11-25,Lots,NORTH,5
2024-11-25,Lots,SOUTH,3
2024-11-25,Lots,WEST,8
2024-11-25,Maison et jardin,EAST,100
2024-11-25,Maison et jardin,NORTH,80
2024-11-25,Maison et jardin,SOUTH,51
2024-11-25,Maison et jardin,WEST,76
2024-11-25,Meubles,EAST,42
2024-11-25,Meubles,NORTH,40
2024-11-25,Meubles,SOUTH,25
2024-11-25,Meubles,WEST,25
2024-11-25,Modules complémentaires du produit,EAST,6
2024-11-25,Modules complémentaires du produit,NORTH,6
2024-11-25,Modules complémentaires du produit,SOUTH,1
2024-11-25,Modules complémentaires du produit,WEST,2
2024-11-25,Médias,EAST,14
2024-11-25,Médias,NORTH,10
2024-11-25,Médias,SOUTH,12
2024-11-25,Médias,WEST,10
2024-11-25,Non classé,EAST,2
2024-11-25,Non classé,SOUTH,1
2024-11-25,Non classé,WEST,2
2024-11-25,Offices religieux et cérémonies,EAST,7
2024-11-25,Offices religieux et cérémonies,NORTH,8
2024-11-25,Offices religieux et cérémonies,SOUTH,4
2024-11-25,Offices religieux et cérémonies,WEST,3
2024-11-25,Quincaillerie,EAST,29
2024-11-25,Quincaillerie,NORTH,21
2024-11-25,Quincaillerie,SOUTH,17
2024-11-25,Quincaillerie,WEST,13
2024-11-25,Santé et beauté,EAST,42
2024-11-25,Santé et beauté,NORTH,33
2024-11-25,Santé et beauté,SOUTH,17
2024-11-25,Santé et beauté,WEST,28
2024-11-25,Véhicules et accessoires,EAST,29
2024-11-25,Véhicules et accessoires,NORTH,30
2024-11-25,Véhicules et accessoires,SOUTH,14
2024-11-25,Véhicules et accessoires,WEST,20
2024-11-25,Vêtements et accessoires,EAST,56
2024-11-25,Vêtements et accessoires,NORTH,57
2024-11-25,Vêtements et accessoires,SOUTH,37
2024-11-25,Vêtements et accessoires,WEST,41
2024-11-25,Équipements sportifs,EAST,28
2024-11-25,Équipements sportifs,NORTH,29
2024-11-25,Équipements sportifs,SOUTH,15
2024-11-25,Équipements sportifs,WEST,14
2024-12-02,Animaux et articles pour animaux de compagnie,EAST,28
2024-12-02,Animaux et articles pour animaux de compagnie,NORTH,28
2024-12-02,Animaux et articles pour animaux de compagnie,SOUTH,19
2024-12-02,Animaux et articles pour animaux de compagnie,WEST,30
2024-12-02,"Appareils photo, caméras et instruments d'optique",EAST,6
2024-12-02,"Appareils photo, caméras et instruments d'optique",NORTH,5
2024-12-02,"Appareils photo, caméras et instruments d'optique",SOUTH,4
2024-12-02,"Appareils photo, caméras et instruments d'optique",WEST,3
2024-12-02,Appareils électroniques,EAST,29
2024-12-02,Appareils électroniques,NORTH,32
2024-12-02,Appareils électroniques,SOUTH,16
2024-12-02,Appareils électroniques,WEST,20
2024-12-02,Arts et loisirs,EAST,31
2024-12-02,Arts et loisirs,NORTH,29
2024-12-02,Arts et loisirs,SOUTH,16
2024-12-02,Arts et loisirs,WEST,15
2024-12-02,Bagages et maroquinerie,EAST,28
2024-12-02,Bagages et maroquinerie,NORTH,45
2024-12-02,Bagages et maroquinerie,SOUTH,12
2024-12-02,Bagages et maroquinerie,WEST,27
2024-12-02,Bébés et tout-petits,EAST,33
2024-12-02,Bébés et tout-petits,NORTH,28
2024-12-02,Bébés et tout-petits,SOUTH,19
2024-12-02,Bébés et tout-petits,WEST,18
2024-12-02,Entreprise et industrie,EAST,13
2024-12-02,Entreprise et industrie,NORTH,13
2024-12-02,Entreprise et industrie,SOUTH,3
2024-12-02,Entreprise et industrie,WEST,5
2024-12-02,Fournitures de bureau,EAST,35
2024-12-02,Fournitures de bureau,NORTH,32
2024-12-02,Fournitures de bureau,SOUTH,18
2024-12-02,Fournitures de bureau,WEST,21
2024-12-02,Jeux et jouets,EAST,15
2024-12-02,Jeux et jouets,NORTH,9
2024-12-02,Jeux et jouets,SOUTH,11
2024-12-02,Jeux et jouets,WEST,12
2024-12-02,Logiciels,EAST,1
2024-12-02,Logiciels,NORTH,4
2024-12-02,Logiciels,WEST,3
2024-12-02,Lots,EAST,3
2024-12-02,Lots,NORTH,7
2024-12-02,Lots,SOUTH,3
2024-12-02,Lots,WEST,7
2024-12-02,Maison et jardin,EAST,110
2024-12-02,Maison et jardin,NORTH,94
2024-12-02,Maison et jardin,SOUTH,60
2024-12-02,Maison et jardin,WEST,49
2024-12-02,Meubles,EAST,34
2024-12-02,Meubles,NORTH,36
2024-12-02,Meubles,SOUTH,18
2024-12-02,Meubles,WEST,25
2024-12-02,Modules complémentaires du produit,EAST,2
2024-12-02,Modules complémentaires du produit,NORTH,3
2024-12-02,Modules complémentaires du produit,SOUTH,2
2024-12-02,Modules complémentaires du produit,WEST,2
2024-12-02,Médias,EAST,22
2024-12-02,Médias,NORTH,18
2024-12-02,Médias,SOUTH,9
2024-12-02,Médias,WEST,16
2024-12-02,Non classé,EAST,3
2024-12-02,Non classé,NORTH,3
2024-12-02,Non classé,SOUTH,1
2024-12-02,Non classé,WEST,2
2024-12-02,Offices religieux et cérémonies,EAST,8
2024-12-02,Offices religieux et cérémonies,NORTH,10
2024-12-02,Offices religieux et cérémonies,SOUTH,9
2024-12-02,Offices religieux et cérémonies,WEST,8
2024-12-02,Quincaillerie,EAST,28
2024-12-02,Quincaillerie,NORTH,29
2024-12-02,Quincaillerie,SOUTH,10
2024-12-02,Quincaillerie,WEST,23
2024-12-02,Santé et beauté,EAST,39
2024-12-02,Santé et beauté,NORTH,33
2024-12-02,Santé et beauté,SOUTH,15
2024-12-02,Santé et beauté,WEST,26
2024-12-02,Véhicules et accessoires,EAST,29
2024-12-02,Véhicules et accessoires,NORTH,19
2024-12-02,Véhicules et accessoires,SOUTH,17
2024-12-02,Véhicules et accessoires,WEST,18
2024-12-02,Vêtements et accessoires,EAST,54
2024-12-02,Vêtements et accessoires,NORTH,66
2024-12-02,Vêtements et accessoires,SOUTH,36
2024-12-02,Vêtements et accessoires,WEST,51
2024-12-02,Équipements sportifs,EAST,28
2024-12-02,Équipements sportifs,NORTH,30
2024-12-02,Équipements sportifs,SOUTH,22
2024-12-02,Équipements sportifs,WEST,19
2024-12-09,Animaux et articles pour animaux de compagnie,EAST,24
2024-12-09,Animaux et articles pour animaux de compagnie,NORTH,30
2024-12-09,Animaux et articles pour animaux de compagnie,SOUTH,14
2024-12-09,Animaux et articles pour animaux de compagnie,WEST,20
2024-12-09,"Appareils photo, caméras et instruments d'optique",EAST,2
2024-12-09,"Appareils photo, caméras et instruments d'optique",NORTH,3
2024-12-09,"Appareils photo, caméras et instruments d'optique",SOUTH,5
2024-12-09,"Appareils photo, caméras et instruments d'optique",WEST,4
2024-12-09,Appareils électroniques,EAST,33
2024-12-09,Appareils électroniques,NORTH,36
2024-12-09,Appareils électroniques,SOUTH,22
2024-12-09,Appareils électroniques,WEST,22
2024-12-09,Arts et loisirs,EAST,34
2024-12-09,Arts et loisirs,NORTH,37
2024-12-09,Arts et loisirs,SOUTH,18
2024-12-09,Arts et loisirs,WEST,16
2024-12-09,Bagages et maroquinerie,EAST,21
2024-12-09,Bagages et maroquinerie,NORTH,31
2024-12-09,Bagages et maroquinerie,SOUTH,21
2024-12-09,Bagages et maroquinerie,WEST,15
2024-12-09,Bébés et tout-petits,EAST,29
2024-12-09,Bébés et tout-petits,NORTH,41
2024-12-09,Bébés et tout-petits,SOUTH,20
2024-12-09,Bébés et tout-petits,WEST,19
2024-12-09,Entreprise et industrie,EAST,16
2024-12-09,Entreprise et industrie,NORTH,13
2024-12-09,Entreprise et industrie,SOUTH,2
2024-12-09,Entreprise et industrie,WEST,13
2024-12-09,Fournitures de bureau,EAST,27
2024-12-09,Fournitures de bureau,NORTH,32
2024-12-09,Fournitures de bureau,SOUTH,19
2024-12-09,Fournitures de bureau,WEST,13
2024-12-09,Jeux et jouets,EAST,13
2024-12-09,Jeux et jouets,NORTH,16
2024-12-09,Jeux et jouets,SOUTH,9
2024-12-09,Jeux et jouets,WEST,6
2024-12-09,Logiciels,EAST,2
2024-12-09,Logiciels,NORTH,1
2024-12-09,Logiciels,SOUTH,2
2024-12-09,Lots,EAST,8
2024-12-09,Lots,NORTH,7
2024-12-09,Lots,SOUTH,2
2024-12-09,Lots,WEST,2
2024-12-09,Maison et jardin,EAST,79
2024-12-09,Maison et jardin,NORTH,86
2024-12-09,Maison et jardin,SOUTH,48
2024-12-09,Maison et jardin,WEST,72
2024-12-09,Meubles,EAST,34
2024-12-09,Meubles,NORTH,38
2024-12-09,Meubles,SOUTH,29
2024-12-09,Meubles,WEST,27
2024-12-09,Modules complémentaires du produit,EAST,4
2024-12-09,Modules complémentaires du produit,NORTH,5
2024-12-09,Modules complémentaires du produit,SOUTH,2
2024-12-09,Médias,EAST,16
2024-12-09,Médias,NORTH,15
2024-12-09,Médias,SOUTH,13
2024-12-09,Médias,WEST,8
2024-12-09,Non classé,EAST,1
2024-12-09,Non classé,NORTH,2
2024-12-09,Non classé,SOUTH,1
2024-12-09,Non classé,WEST,2
2024-12-09,Offices religieux et cérémonies,EAST,6
2024-12-09,Offices religieux et cérémonies,NORTH,9
2024-12-09,Offices religieux et cérémonies,SOUTH,5
2024-12-09,Offices religieux et cérémonies,WEST,4
2024-12-09,Quincaillerie,EAST,26
2024-12-09,Quincaillerie,NORTH,31
2024-12-09,Quincaillerie,SOUTH,22
2024-12-09,Quincaillerie,WEST,31
2024-12-09,Santé et beauté,EAST,50
2024-12-09,Santé et beauté,NORTH,39
2024-12-09,Santé et beauté,SOUTH,28
2024-12-09,Santé et beauté,WEST,27
2024-12-09,Véhicules et accessoires,EAST,22
2024-12-09,Véhicules et accessoires,NORTH,31
2024-12-09,Véhicules et accessoires,SOUTH,16
2024-12-09,Véhicules et accessoires,WEST,21
2024-12-09,Vêtements et accessoires,EAST,44
2024-12-09,Vêtements et accessoires,NORTH,57
2024-12-09,Vêtements et accessoires,SOUTH,39
2024-12-09,Vêtements et accessoires,WEST,49
2024-12-09,Équipements sportifs,EAST,32
2024-12-09,Équipements sportifs,NORTH,24
2024-12-09,Équipements sportifs,SOUTH,8
2024-12-09,Équipements sportifs,WEST,27
2024-12-16,Animaux et articles pour animaux de compagnie,EAST,25
2024-12-16,Animaux et articles pour animaux de compagnie,NORTH,32
2024-12-16,Animaux et articles pour animaux de compagnie,SOUTH,11
2024-12-16,Animaux et articles pour animaux de compagnie,WEST,20
2024-12-16,"Appareils photo, caméras et instruments d'optique",EAST,5
2024-12-16,"Appareils photo, caméras et instruments d'optique",NORTH,7
2024-12-16,"Appareils photo, caméras et instruments d'optique",SOUTH,4
2024-12-16,"Appareils photo, caméras et instruments d'optique",WEST,6
2024-12-16,Appareils électroniques,EAST,39
2024-12-16,Appareils électroniques,NORTH,38
2024-12-16,Appareils électroniques,SOUTH,26
2024-12-16,Appareils électroniques,WEST,27
2024-12-16,Arts et loisirs,EAST,27
2024-12-16,Arts et loisirs,NORTH,31
2024-12-16,Arts et loisirs,SOUTH,13
2024-12-16,Arts et loisirs,WEST,13
2024-12-16,Bagages et maroquinerie,EAST,29
2024-12-16,Bagages et maroquinerie,NORTH,33
2024-12-16,Bagages et maroquinerie,SOUTH,18
2024-12-16,Bagages et maroquinerie,WEST,24
2024-12-16,Bébés et tout-petits,EAST,17
2024-12-16,Bébés et tout-petits,NORTH,29
2024-12-16,Bébés et tout-petits,SOUTH,19
2024-12-16,Bébés et tout-petits,WEST,16
2024-12-16,Entreprise et industrie,EAST,18
2024-12-16,Entreprise et industrie,NORTH,11
2024-12-16,Entreprise et industrie,SOUTH,7
2024-12-16,Entreprise et industrie,WEST,15
2024-12-16,Fournitures de bureau,EAST,27
2024-12-16,Fournitures de bureau,NORTH,26
2024-12-16,Fournitures de bureau,SOUTH,24
2024-12-16,Fournitures de bureau,WEST,20
2024-12-16,Jeux et jouets,EAST,13
2024-12-16,Jeux et jouets,NORTH,11
2024-12-16,Jeux et jouets,SOUTH,5
2024-12-16,Jeux et jouets,WEST,5
2024-12-16,Logiciels,EAST,4
2024-12-16,Logiciels,NORTH,3
2024-12-16,Logiciels,SOUTH,2
2024-12-16,Logiciels,WEST,8
2024-12-16,Lots,EAST,6
2024-12-16,Lots,NORTH,4
2024-12-16,Lots,SOUTH,5
2024-12-16,Lots,WEST,1
2024-12-16,Maison et jardin,EAST,101
2024-12-16,Maison et jardin,NORTH,106
2024-12-16,Maison et jardin,SOUTH,61
2024-12-16,Maison et jardin,WEST,52
2024-12-16,Meubles,EAST,38
2024-12-16,Meubles,NORTH,29
2024-12-16,Meubles,SOUTH,15
2024-12-16,Meubles,WEST,33
2024-12-16,Modules complémentaires du produit,EAST,5
2024-12-16,Modules complémentaires du produit,NORTH,3
2024-12-16,Modules complémentaires du produit,SOUTH,3
2024-12-16,Modules complémentaires du produit,WEST,3
2024-12-16,Médias,EAST,9
2024-12-16,Médias,NORTH,17
2024-12-16,Médias,SOUTH,2
2024-12-16,Médias,WEST,6
2024-12-16,Non classé,EAST,2
2024-12-16,Non classé,NORTH,1
2024-12-16,Non classé,SOUTH,2
2024-12-16,Offices religieux et cérémonies,EAST,10
2024-12-16,Offices religieux et cérémonies,NORTH,6
2024-12-16,Offices religieux et cérémonies,SOUTH,3
2024-12-16,Offices religieux et cérémonies,WEST,8
2024-12-16,Quincaillerie,EAST,29
2024-12-16,Quincaillerie,NORTH,35
2024-12-16,Quincaillerie,SOUTH,22
2024-12-16,Quincaillerie,WEST,12
2024-12-16,Santé et beauté,EAST,34
2024-12-16,Santé et beauté,NORTH,37
2024-12-16,Santé et beauté,SOUTH,21
2024-12-16,Santé et beauté,WEST,27
2024-12-16,Véhicules et accessoires,EAST,35
2024-12-16,Véhicules et accessoires,NORTH,30
2024-12-16,Véhicules et accessoires,SOUTH,19
2024-12-16,Véhicules et accessoires,WEST,13
2024-12-16,Vêtements et accessoires,EAST,61
2024-12-16,Vêtements et accessoires,NORTH,55
2024-12-16,Vêtements et accessoires,SOUTH,45
2024-12-16,Vêtements et accessoires,WEST,45
2024-12-16,Équipements sportifs,EAST,16
2024-12-16,Équipements sportifs,NORTH,27
2024-12-16,Équipements sportifs,SOUTH,13
2024-12-16,Équipements sportifs,WEST,18
2024-12-23,Animaux et articles pour animaux de compagnie,EAST,27
2024-12-23,Animaux et articles pour animaux de compagnie,NORTH,26
2024-12-23,Animaux et articles pour animaux de compagnie,SOUTH,19
2024-12-23,Animaux et articles pour animaux de compagnie,WEST,18
2024-12-23,"Appareils photo, caméras et instruments d'optique",EAST,6
2024-12-23,"Appareils photo, caméras et instruments d'optique",NORTH,9
2024-12-23,"Appareils photo, caméras et instruments d'optique",SOUTH,5
2024-12-23,"Appareils photo, caméras et instruments d'optique",WEST,4
2024-12-23,Appareils électroniques,EAST,27
2024-12-23,Appareils électroniques,NORTH,28
2024-12-23,Appareils électroniques,SOUTH,16
2024-12-23,Appareils électroniques,WEST,30
2024-12-23,Arts et loisirs,EAST,30
2024-12-23,Arts et loisirs,NORTH,22
2024-12-23,Arts et loisirs,SOUTH,24
2024-12-23,Arts et loisirs,WEST,18
2024-12-23,Bagages et maroquinerie,EAST,34
2024-12-23,Bagages et maroquinerie,NORTH,41
2024-12-23,Bagages et maroquinerie,SOUTH,18
2024-12-23,Bagages et maroquinerie,WEST,19
2024-12-23,Bébés et tout-petits,EAST,34
2024-12-23,Bébés et tout-petits,NORTH,34
2024-12-23,Bébés et tout-petits,SOUTH,15
2024-12-23,Bébés et tout-petits,WEST,14
2024-12-23,Entreprise et industrie,EAST,13
2024-12-23,Entreprise et industrie,NORTH,7
2024-12-23,Entreprise et industrie,SOUTH,8
2024-12-23,Entreprise et industrie,WEST,9
2024-12-23,Fournitures de bureau,EAST,31
2024-12-23,Fournitures de bureau,NORTH,23
2024-12-23,Fournitures de bureau,SOUTH,24
2024-12-23,Fournitures de bureau,WEST,14
2024-12-23,Jeux et jouets,EAST,13
2024-12-23,Jeux et jouets,NORTH,16
2024-12-23,Jeux et jouets,SOUTH,9
2024-12-23,Jeux et jouets,WEST,11
2024-12-23,Logiciels,EAST,1
2024-12-23,Logiciels,NORTH,4
2024-12-23,Logiciels,SOUTH,1
2024-12-23,Lots,EAST,6
2024-12-23,Lots,NORTH,5
2024-12-23,Lots,SOUTH,1
2024-12-23,Lots,WEST,4
2024-12-23,Maison et jardin,EAST,86
2024-12-23,Maison et jardin,NORTH,92
2024-12-23,Maison et jardin,SOUTH,61
2024-12-23,Maison et jardin,WEST,69
2024-12-23,Meubles,EAST,31
2024-12-23,Meubles,NORTH,42
2024-12-23,Meubles,SOUTH,16
2024-12-23,Meubles,WEST,28
2024-12-23,Modules complémentaires du produit,EAST,1
2024-12-23,Modules complémentaires du produit,NORTH,2
2024-12-23,Modules complémentaires du produit,SOUTH,3
2024-12-23,Médias,EAST,17
2024-12-23,Médias,NORTH,11
2024-12-23,Médias,SOUTH,12
2024-12-23,Médias,WEST,14
2024-12-23,Non classé,EAST,1
2024-12-23,Non classé,SOUTH,3
2024-12-23,Offices religieux et cérémonies,EAST,12
2024-12-23,Offices religieux et cérémonies,NORTH,13
2024-12-23,Offices religieux et cérémonies,SOUTH,5
2024-12-23,Offices religieux et cérémonies,WEST,4
2024-12-23,Quincaillerie,EAST,33
2024-12-23,Quincaillerie,NORTH,33
2024-12-23,Quincaillerie,SOUTH,12
2024-12-23,Quincaillerie,WEST,25
2024-12-23,Santé et beauté,EAST,34
2024-12-23,Santé et beauté,NORTH,44
2024-12-23,Santé et beauté,SOUTH,21
2024-12-23,Santé et beauté,WEST,21
2024-12-23,Véhicules et accessoires,EAST,28
2024-12-23,Véhicules et accessoires,NORTH,33
2024-12-23,Véhicules et accessoires,SOUTH,14
2024-12-23,Véhicules et accessoires,WEST,21
2024-12-23,Vêtements et accessoires,EAST,55
2024-12-23,Vêtements et accessoires,NORTH,60
2024-12-23,Vêtements et accessoires,SOUTH,40
2024-12-23,Vêtements et accessoires,WEST,37
2024-12-23,Équipements sportifs,EAST,27
2024-12-23,Équipements sportifs,NORTH,27
2024-12-23,Équipements sportifs,SOUTH,25
2024-12-23,Équipements sportifs,WEST,22
2024-12-30,Animaux et articles pour animaux de compagnie,EAST,46
2024-12-30,Animaux et articles pour animaux de compagnie,NORTH,28
2024-12-30,Animaux et articles pour animaux de compagnie,SOUTH,16
2024-12-30,Animaux et articles pour animaux de compagnie,WEST,26
2024-12-30,"Appareils photo, caméras et instruments d'optique",EAST,2
2024-12-30,"Appareils photo, caméras et instruments d'optique",NORTH,6
2024-12-30,"Appareils photo, caméras et instruments d'optique",SOUTH,5
2024-12-30,"Appareils photo, caméras et instruments d'optique",WEST,1
2024-12-30,Appareils électroniques,EAST,45
2024-12-30,Appareils électroniques,NORTH,43
2024-12-30,Appareils électroniques,SOUTH,17
2024-12-30,Appareils électroniques,WEST,28
2024-12-30,Arts et loisirs,EAST,28
2024-12-30,Arts et loisirs,NORTH,32
2024-12-30,Arts et loisirs,SOUTH,15
2024-12-30,Arts et loisirs,WEST,12
2024-12-30,Bagages et maroquinerie,EAST,32
2024-12-30,Bagages et maroquinerie,NORTH,27
2024-12-30,Bagages et maroquinerie,SOUTH,23
2024-12-30,Bagages et maroquinerie,WEST,23
2024-12-30,Bébés et tout-petits,EAST,27
2024-12-30,Bébés et tout-petits,NORTH,28
2024-12-30,Bébés et tout-petits,SOUTH,8
2024-12-30,Bébés et tout-petits,WEST,18
2024-12-30,Entreprise et industrie,EAST,12
2024-12-30,Entreprise et industrie,NORTH,8
2024-12-30,Entreprise et industrie,SOUTH,2
2024-12-30,Entreprise et industrie,WEST,7
2024-12-30,Fournitures de bureau,EAST,27
2024-12-30,Fournitures de bureau,NORTH,35
2024-12-30,Fournitures de bureau,SOUTH,12
2024-12-30,Fournitures de bureau,WEST,22
2024-12-30,Jeux et jouets,EAST,7
2024-12-30,Jeux et jouets,NORTH,10
2024-12-30,Jeux et jouets,SOUTH,4
2024-12-30,Jeux et jouets,WEST,12
2024-12-30,Logiciels,EAST,1
2024-12-30,Logiciels,NORTH,4
2024-12-30,Logiciels,SOUTH,1
2024-12-30,Logiciels,WEST,1
2024-12-30,Lots,EAST,11
2024-12-30,Lots,NORTH,9
2024-12-30,Lots,SOUTH,3
2024-12-30,Lots,WEST,3
2024-12-30,Maison et jardin,EAST,79
2024-12-30,Maison et jardin,NORTH,113
2024-12-30,Maison et jardin,SOUTH,51
2024-12-30,Maison et jardin,WEST,68
2024-12-30,Meubles,EAST,45
2024-12-30,Meubles,NORTH,39
2024-12-30,Meubles,SOUTH,23
2024-12-30,Meubles,WEST,27
2024-12-30,Modules complémentaires du produit,EAST,2
2024-12-30,Modules complémentaires du produit,NORTH,9
2024-12-30,Modules complémentaires du produit,SOUTH,1
2024-12-30,Modules complémentaires du produit,WEST,1
2024-12-30,Médias,EAST,21
2024-12-30,Médias,NORTH,12
2024-12-30,Médias,SOUTH,8
2024-12-30,Médias,WEST,8
2024-12-30,Non classé,EAST,1
2024-12-30,Non classé,NORTH,2
2024-12-30,Offices religieux et cérémonies,EAST,4
2024-12-30,Offices religieux et cérémonies,NORTH,7
2024-12-30,Offices religieux et cérémonies,SOUTH,4
2024-12-30,Offices religieux et cérémonies,WEST,10
2024-12-30,Quincaillerie,EAST,30
2024-12-30,Quincaillerie,NORTH,31
2024-12-30,Quincaillerie,SOUTH,20
2024-12-30,Quincaillerie,WEST,24
2024-12-30,Santé et beauté,EAST,24
2024-12-30,Santé et beauté,NORTH,32
2024-12-30,Santé et beauté,SOUTH,16
2024-12-30,Santé et beauté,WEST,22
2024-12-30,Véhicules et accessoires,EAST,33
2024-12-30,Véhicules et accessoires,NORTH,34
2024-12-30,Véhicules et accessoires,SOUTH,19
2024-12-30,Véhicules et accessoires,WEST,28
2024-12-30,Vêtements et accessoires,EAST,55
2024-12-30,Vêtements et accessoires,NORTH,57
2024-12-30,Vêtements et accessoires,SOUTH,40
2024-12-30,Vêtements et accessoires,WEST,49
2024-12-30,Équipements sportifs,EAST,32
2024-12-30,Équipements sportifs,NORTH,28
2024-12-30,Équipements sportifs,SOUTH,19
2024-12-30,Équipements sportifs,WEST,22
2025-01-06,Animaux et articles pour animaux de compagnie,EAST,25
2025-01-06,Animaux et articles pour animaux de compagnie,NORTH,23
2025-01-06,Animaux et articles pour animaux de compagnie,SOUTH,16
2025-01-06,Animaux et articles pour animaux de compagnie,WEST,26
2025-01-06,"Appareils photo, caméras et instruments d'optique",EAST,2
2025-01-06,"Appareils photo, caméras et instruments d'optique",NORTH,2
2025-01-06,"Appareils photo, caméras et instruments d'optique",SOUTH,2
2025-01-06,"Appareils photo, caméras et instruments d'optique",WEST,7
2025-01-06,Appareils électroniques,EAST,31
2025-01-06,Appareils électroniques,NORTH,36
2025-01-06,Appareils électroniques,SOUTH,18
2025-01-06,Appareils électroniques,WEST,11
2025-01-06,Arts et loisirs,EAST,30
2025-01-06,Arts et loisirs,NORTH,30
2025-01-06,Arts et loisirs,SOUTH,15
2025-01-06,Arts et loisirs,WEST,17
2025-01-06,Bagages et maroquinerie,EAST,23
2025-01-06,Bagages et maroquinerie,NORTH,18
2025-01-06,Bagages et maroquinerie,SOUTH,14
2025-01-06,Bagages et maroquinerie,WEST,11
2025-01-06,Bébés et tout-petits,EAST,32
2025-01-06,Bébés et tout-petits,NORTH,24
2025-01-06,Bébés et tout-petits,SOUTH,6
2025-01-06,Bébés et tout-petits,WEST,15
2025-01-06,Entreprise et industrie,EAST,5
2025-01-06,Entreprise et industrie,NORTH,11
2025-01-06,Entreprise et industrie,SOUTH,7
2025-01-06,Entreprise et industrie,WEST,2
2025-01-06,Fournitures de bureau,EAST,25
2025-01-06,Fournitures de bureau,NORTH,21
2025-01-06,Fournitures de bureau,SOUTH,9
2025-01-06,Fournitures de bureau,WEST,11
2025-01-06,Jeux et jouets,EAST,11
2025-01-06,Jeux et jouets,NORTH,14
2025-01-06,Jeux et jouets,SOUTH,8
2025-01-06,Jeux et jouets,WEST,7
2025-01-06,Logiciels,EAST,1
2025-01-06,Logiciels,NORTH,4
2025-01-06,Logiciels,SOUTH,1
2025-01-06,Logiciels,WEST,2
2025-01-06,Lots,EAST,9
2025-01-06,Lots,NORTH,3
2025-01-06,Lots,SOUTH,5
2025-01-06,Lots,WEST,2
2025-01-06,Maison et jardin,EAST,80
2025-01-06,Maison et jardin,NORTH,79
2025-01-06,Maison et jardin,SOUTH,43
2025-01-06,Maison et jardin,WEST,43
2025-01-06,Meubles,EAST,33
2025-01-06,Meubles,NORTH,33
2025-01-06,Meubles,SOUTH,14
2025-01-06,Meubles,WEST,20
2025-01-06,Modules complémentaires du produit,EAST,2
2025-01-06,Modules complémentaires du produit,NORTH,1
2025-01-06,Médias,EAST,13
2025-01-06,Médias,NORTH,16
2025-01-06,Médias,SOUTH,10
2025-01-06,Médias,WEST,12
2025-01-06,Non classé,EAST,1
2025-01-06,Non classé,NORTH,2
2025-01-06,Non classé,SOUTH,3
2025-01-06,Non classé,WEST,1
2025-01-06,Offices religieux et cérémonies,EAST,8
2025-01-06,Offices religieux et cérémonies,NORTH,3
2025-01-06,Offices religieux et cérémonies,SOUTH,8
2025-01-06,Offices religieux et cérémonies,WEST,6
2025-01-06,Quincaillerie,EAST,24
2025-01-06,Quincaillerie,NORTH,23
2025-01-06,Quincaillerie,SOUTH,15
2025-01-06,Quincaillerie,WEST,18
2025-01-06,Santé et beauté,EAST,20
2025-01-06,Santé et beauté,NORTH,30
2025-01-06,Santé et beauté,SOUTH,14
2025-01-06,Santé et beauté,WEST,17
2025-01-06,Véhicules et accessoires,EAST,21
2025-01-06,Véhicules et accessoires,NORTH,34
2025-01-06,Véhicules et accessoires,SOUTH,14
2025-01-06,Véhicules et accessoires,WEST,22
2025-01-06,Vêtements et accessoires,EAST,47
2025-01-06,Vêtements et accessoires,NORTH,43
2025-01-06,Vêtements et accessoires,SOUTH,30
2025-01-06,Vêtements et accessoires,WEST,32
2025-01-06,Équipements sportifs,EAST,22
2025-01-06,Équipements sportifs,NORTH,27
2025-01-06,Équipements sportifs,SOUTH,12
2025-01-06,Équipements sportifs,WEST,8
2025-01-13,Animaux et articles pour animaux de compagnie,EAST,20
2025-01-13,Animaux et articles pour animaux de compagnie,NORTH,26
2025-01-13,Animaux et articles pour animaux de compagnie,SOUTH,14
2025-01-13,Animaux et articles pour animaux de compagnie,WEST,17
2025-01-13,"Appareils photo, caméras et instruments d'optique",EAST,3
2025-01-13,"Appareils photo, caméras et instruments d'optique",NORTH,10
2025-01-13,"Appareils photo, caméras et instruments d'optique",SOUTH,1
2025-01-13,"Appareils photo, caméras et instruments d'optique",WEST,2
2025-01-13,Appareils électroniques,EAST,22
2025-01-13,Appareils électroniques,NORTH,38
2025-01-13,Appareils électroniques,SOUTH,15
2025-01-13,Appareils électroniques,WEST,20
2025-01-13,Arts et loisirs,EAST,20
2025-01-13,Arts et loisirs,NORTH,26
2025-01-13,Arts et loisirs,SOUTH,17
2025-01-13,Arts et loisirs,WEST,13
2025-01-13,Bagages et maroquinerie,EAST,29
2025-01-13,Bagages et maroquinerie,NORTH,30
2025-01-13,Bagages et maroquinerie,SOUTH,15
2025-01-13,Bagages et maroquinerie,WEST,8
2025-01-13,Bébés et tout-petits,EAST,26
2025-01-13,Bébés et tout-petits,NORTH,14
2025-01-13,Bébés et tout-petits,SOUTH,11
2025-01-13,Bébés et tout-petits,WEST,17
2025-01-13,Entreprise et industrie,EAST,7
2025-01-13,Entreprise et industrie,NORTH,7
2025-01-13,Entreprise et industrie,SOUTH,11
2025-01-13,Entreprise et industrie,WEST,8
2025-01-13,Fournitures de bureau,EAST,18
2025-01-13,Fournitures de bureau,NORTH,39
2025-01-13,Fournitures de bureau,SOUTH,15
2025-01-13,Fournitures de bureau,WEST,25
2025-01-13,Jeux et jouets,EAST,7
2025-01-13,Jeux et jouets,NORTH,7
2025-01-13,Jeux et jouets,SOUTH,5
2025-01-13,Jeux et jouets,WEST,12
2025-01-13,Logiciels,NORTH,1
2025-01-13,Logiciels,SOUTH,1
2025-01-13,Lots,EAST,1
2025-01-13,Lots,NORTH,6
2025-01-13,Lots,SOUTH,5
2025-01-13,Lots,WEST,4
2025-01-13,Maison et jardin,EAST,72
2025-01-13,Maison et jardin,NORTH,76
2025-01-13,Maison et jardin,SOUTH,50
2025-01-13,Maison et jardin,WEST,56
2025-01-13,Meubles,EAST,34
2025-01-13,Meubles,NORTH,27
2025-01-13,Meubles,SOUTH,25
2025-01-13,Meubles,WEST,26
2025-01-13,Modules complémentaires du produit,EAST,1
2025-01-13,Modules complémentaires du produit,NORTH,2
2025-01-13,Modules complémentaires du produit,WEST,3
2025-01-13,Médias,EAST,7
2025-01-13,Médias,NORTH,11
2025-01-13,Médias,SOUTH,8
2025-01-13,Médias,WEST,9
2025-01-13,Non classé,SOUTH,2
2025-01-13,Offices religieux et cérémonies,EAST,7
2025-01-13,Offices religieux et cérémonies,NORTH,8
2025-01-13,Offices religieux et cérémonies,SOUTH,6
2025-01-13,Offices religieux et cérémonies,WEST,4
2025-01-13,Quincaillerie,EAST,24
2025-01-13,Quincaillerie,NORTH,26
2025-01-13,Quincaillerie,SOUTH,9
2025-01-13,Quincaillerie,WEST,19
2025-01-13,Santé et beauté,EAST,27
2025-01-13,Santé et beauté,NORTH,32
2025-01-13,Santé et beauté,SOUTH,13
2025-01-13,Santé et beauté,WEST,24
2025-01-13,Véhicules et accessoires,EAST,19
2025-01-13,Véhicules et accessoires,NORTH,22
2025-01-13,Véhicules et accessoires,SOUTH,11
2025-01-13,Véhicules et accessoires,WEST,17
2025-01-13,Vêtements et accessoires,EAST,54
2025-01-13,Vêtements et accessoires,NORTH,48
2025-01-13,Vêtements et accessoires,SOUTH,26
2025-01-13,Vêtements et accessoires,WEST,39
2025-01-13,Équipements sportifs,EAST,17
2025-01-13,Équipements sportifs,NORTH,25
2025-01-13,Équipements sportifs,SOUTH,18
2025-01-13,Équipements sportifs,WEST,19
2025-01-20,Animaux et articles pour animaux de compagnie,EAST,23
2025-01-20,Animaux et articles pour animaux de compagnie,NORTH,23
2025-01-20,Animaux et articles pour animaux de compagnie,SOUTH,14
2025-01-20,Animaux et articles pour animaux de compagnie,WEST,27
2025-01-20,"Appareils photo, caméras et instruments d'optique",EAST,3
2025-01-20,"Appareils photo, caméras et instruments d'optique",SOUTH,2
2025-01-20,"Appareils photo, caméras et instruments d'optique",WEST,6
2025-01-20,Appareils électroniques,EAST,26
2025-01-20,Appareils électroniques,NORTH,39
2025-01-20,Appareils électroniques,SOUTH,21
2025-01-20,Appareils électroniques,WEST,30
2025-01-20,Arts et loisirs,EAST,19
2025-01-20,Arts et loisirs,NORTH,28
2025-01-20,Arts et loisirs,SOUTH,14
2025-01-20,Arts et loisirs,WEST,17
2025-01-20,Bagages et maroquinerie,EAST,21
2025-01-20,Bagages et maroquinerie,NORTH,17
2025-01-20,Bagages et maroquinerie,SOUTH,13
2025-01-20,Bagages et maroquinerie,WEST,19
2025-01-20,Bébés et tout-petits,EAST,27
2025-01-20,Bébés et tout-petits,NORTH,28
2025-01-20,Bébés et tout-petits,SOUTH,15
2025-01-20,Bébés et tout-petits,WEST,14
2025-01-20,Entreprise et industrie,EAST,9
2025-01-20,Entreprise et industrie,NORTH,12
2025-01-20,Entreprise et industrie,SOUTH,4
2025-01-20,Entreprise et industrie,WEST,10
2025-01-20,Fournitures de bureau,EAST,19
2025-01-20,Fournitures de bureau,NORTH,24
2025-01-20,Fournitures de bureau,SOUTH,13
2025-01-20,Fournitures de bureau,WEST,12
2025-01-20,Jeux et jouets,EAST,16
2025-01-20,Jeux et jouets,NORTH,8
2025-01-20,Jeux et jouets,SOUTH,6
2025-01-20,Jeux et jouets,WEST,10
2025-01-20,Logiciels,NORTH,4
2025-01-20,Logiciels,WEST,2
2025-01-20,Lots,EAST,4
2025-01-20,Lots,NORTH,4
2025-01-20,Lots,SOUTH,1
2025-01-20,Lots,WEST,4
2025-01-20,Maison et jardin,EAST,83
2025-01-20,Maison et jardin,NORTH,67
2025-01-20,Maison et jardin,SOUTH,44
2025-01-20,Maison et jardin,WEST,41
2025-01-20,Meubles,EAST,27
2025-01-20,Meubles,NORTH,35
2025-01-20,Meubles,SOUTH,15
2025-01-20,Meubles,WEST,18
2025-01-20,Modules complémentaires du produit,EAST,3
2025-01-20,Modules complémentaires du produit,NORTH,3
2025-01-20,Modules complémentaires du produit,SOUTH,1
2025-01-20,Modules complémentaires du produit,WEST,7
2025-01-20,Médias,EAST,9
2025-01-20,Médias,NORTH,9
2025-01-20,Médias,SOUTH,7
2025-01-20,Médias,WEST,4
2025-01-20,Non classé,EAST,4
2025-01-20,Non classé,SOUTH,1
2025-01-20,Non classé,WEST,1
2025-01-20,Offices religieux et cérémonies,EAST,6
2025-01-20,Offices religieux et cérémonies,NORTH,10
2025-01-20,Offices religieux et cérémonies,SOUTH,3
2025-01-20,Offices religieux et cérémonies,WEST,3
2025-01-20,Quincaillerie,EAST,24
2025-01-20,Quincaillerie,NORTH,30
2025-01-20,Quincaillerie,SOUTH,14
2025-01-20,Quincaillerie,WEST,17
2025-01-20,Santé et beauté,EAST,21
2025-01-20,Santé et beauté,NORTH,29
2025-01-20,Santé et beauté,SOUTH,17
2025-01-20,Santé et beauté,WEST,26
2025-01-20,Véhicules et accessoires,EAST,21
2025-01-20,Véhicules et accessoires,NORTH,18
2025-01-20,Véhicules et accessoires,SOUTH,15
2025-01-20,Véhicules et accessoires,WEST,16
2025-01-20,Vêtements et accessoires,EAST,45
2025-01-20,Vêtements et accessoires,NORTH,44
2025-01-20,Vêtements et accessoires,SOUTH,34
2025-01-20,Vêtements et accessoires,WEST,27
2025-01-20,Équipements sportifs,EAST,26
2025-01-20,Équipements sportifs,NORTH,22
2025-01-20,Équipements sportifs,SOUTH,12
2025-01-20,Équipements sportifs,WEST,16
2025-01-27,Animaux et articles pour animaux de compagnie,EAST,18
2025-01-27,Animaux et articles pour animaux de compagnie,NORTH,31
2025-01-27,Animaux et articles pour animaux de compagnie,SOUTH,17
2025-01-27,Animaux et articles pour animaux de compagnie,WEST,19
2025-01-27,"Appareils photo, caméras et instruments d'optique",EAST,3
2025-01-27,"Appareils photo, caméras et instruments d'optique",NORTH,3
2025-01-27,"Appareils photo, caméras et instruments d'optique",SOUTH,4
2025-01-27,"Appareils photo, caméras et instruments d'optique",WEST,4
2025-01-27,Appareils électroniques,EAST,21
2025-01-27,Appareils électroniques,NORTH,25
2025-01-27,Appareils électroniques,SOUTH,14
2025-01-27,Appareils électroniques,WEST,17
2025-01-27,Arts et loisirs,EAST,24
2025-01-27,Arts et loisirs,NORTH,20
2025-01-27,Arts et loisirs,SOUTH,14
2025-01-27,Arts et loisirs,WEST,20
2025-01-27,Bagages et maroquinerie,EAST,23
2025-01-27,Bagages et maroquinerie,NORTH,24
2025-01-27,Bagages et maroquinerie,SOUTH,18
2025-01-27,Bagages et maroquinerie,WEST,20
2025-01-27,Bébés et tout-petits,EAST,24
2025-01-27,Bébés et tout-petits,NORTH,16
2025-01-27,Bébés et tout-petits,SOUTH,12
2025-01-27,Bébés et tout-petits,WEST,20
2025-01-27,Entreprise et industrie,EAST,6
2025-01-27,Entreprise et industrie,NORTH,8
2025-01-27,Entreprise et industrie,SOUTH,4
2025-01-27,Entreprise et industrie,WEST,4
2025-01-27,Fournitures de bureau,EAST,29
2025-01-27,Fournitures de bureau,NORTH,18
2025-01-27,Fournitures de bureau,SOUTH,13
2025-01-27,Fournitures de bureau,WEST,22
2025-01-27,Jeux et jouets,EAST,16
2025-01-27,Jeux et jouets,NORTH,8
2025-01-27,Jeux et jouets,SOUTH,10
2025-01-27,Jeux et jouets,WEST,5
2025-01-27,Logiciels,EAST,5
2025-01-27,Logiciels,NORTH,3
2025-01-27,Logiciels,WEST,4
2025-01-27,Lots,EAST,1
2025-01-27,Lots,NORTH,4
2025-01-27,Lots,SOUTH,2
2025-01-27,Lots,WEST,3
2025-01-27,Maison et jardin,EAST,88
2025-01-27,Maison et jardin,NORTH,76
2025-01-27,Maison et jardin,SOUTH,49
2025-01-27,Maison et jardin,WEST,59
2025-01-27,Meubles,EAST,27
2025-01-27,Meubles,NORTH,28
2025-01-27,Meubles,SOUTH,23
2025-01-27,Meubles,WEST,21
2025-01-27,Modules complémentaires du produit,EAST,3
2025-01-27,Modules complémentaires du produit,NORTH,2
2025-01-27,Modules complémentaires du produit,SOUTH,2
2025-01-27,Modules complémentaires du produit,WEST,4
2025-01-27,Médias,EAST,17
2025-01-27,Médias,NORTH,13
2025-01-27,Médias,SOUTH,5
2025-01-27,Médias,WEST,9
2025-01-27,Non classé,NORTH,2
2025-01-27,Non classé,WEST,1
2025-01-27,Offices religieux et cérémonies,EAST,4
2025-01-27,Offices religieux et cérémonies,NORTH,4
2025-01-27,Offices religieux et cérémonies,SOUTH,4
2025-01-27,Offices religieux et cérémonies,WEST,7
2025-01-27,Quincaillerie,EAST,30
2025-01-27,Quincaillerie,NORTH,21
2025-01-27,Quincaillerie,SOUTH,17
2025-01-27,Quincaillerie,WEST,15
2025-01-27,Santé et beauté,EAST,27
2025-01-27,Santé et beauté,NORTH,27
2025-01-27,Santé et beauté,SOUTH,20
2025-01-27,Santé et beauté,WEST,19
2025-01-27,Véhicules et accessoires,EAST,24
2025-01-27,Véhicules et accessoires,NORTH,29
2025-01-27,Véhicules et accessoires,SOUTH,16
2025-01-27,Véhicules et accessoires,WEST,16
2025-01-27,Vêtements et accessoires,EAST,48
2025-01-27,Vêtements et accessoires,NORTH,45
2025-01-27,Vêtements et accessoires,SOUTH,37
2025-01-27,Vêtements et accessoires,WEST,28
2025-01-27,Équipements sportifs,EAST,23
2025-01-27,Équipements sportifs,NORTH,37
2025-01-27,Équipements sportifs,SOUTH,15
2025-01-27,Équipements sportifs,WEST,13
2025-02-03,Animaux et articles pour animaux de compagnie,EAST,24
2025-02-03,Animaux et articles pour animaux de compagnie,NORTH,21
2025-02-03,Animaux et articles pour animaux de compagnie,SOUTH,12
2025-02-03,Animaux et articles pour animaux de compagnie,WEST,18
2025-02-03,"Appareils photo, caméras et instruments d'optique",EAST,8
2025-02-03,"Appareils photo, caméras et instruments d'optique",NORTH,6
2025-02-03,"Appareils photo, caméras et instruments d'optique",WEST,1
2025-02-03,Appareils électroniques,EAST,37
2025-02-03,Appareils électroniques,NORTH,32
2025-02-03,Appareils électroniques,SOUTH,26
2025-02-03,Appareils électroniques,WEST,26
2025-02-03,Arts et loisirs,EAST,27
2025-02-03,Arts et loisirs,NORTH,27
2025-02-03,Arts et loisirs,SOUTH,14
2025-02-03,Arts et loisirs,WEST,24
2025-02-03,Bagages et maroquinerie,EAST,22
2025-02-03,Bagages et maroquinerie,NORTH,23
2025-02-03,Bagages et maroquinerie,SOUTH,12
2025-02-03,Bagages et maroquinerie,WEST,23
2025-02-03,Bébés et tout-petits,EAST,21
2025-02-03,Bébés et tout-petits,NORTH,26
2025-02-03,Bébés et tout-petits,SOUTH,12
2025-02-03,Bébés et tout-petits,WEST,13
2025-02-03,Entreprise et industrie,EAST,7
2025-02-03,Entreprise et industrie,NORTH,5
2025-02-03,Entreprise et industrie,SOUTH,6
2025-02-03,Entreprise et industrie,WEST,4
2025-02-03,Fournitures de bureau,EAST,19
2025-02-03,Fournitures de bureau,NORTH,22
2025-02-03,Fournitures de bureau,SOUTH,18
2025-02-03,Fournitures de bureau,WEST,19
2025-02-03,Jeux et jouets,EAST,14
2025-02-03,Jeux et jouets,NORTH,13
2025-02-03,Jeux et jouets,SOUTH,10
2025-02-03,Jeux et jouets,WEST,7
2025-02-03,Logiciels,EAST,2
2025-02-03,Logiciels,NORTH,6
2025-02-03,Logiciels,WEST,4
2025-02-03,Lots,EAST,6
2025-02-03,Lots,NORTH,5
2025-02-03,Lots,SOUTH,2
2025-02-03,Lots,WEST,6
2025-02-03,Maison et jardin,EAST,76
2025-02-03,Maison et jardin,NORTH,91
2025-02-03,Maison et jardin,SOUTH,57
2025-02-03,Maison et jardin,WEST,59
2025-02-03,Meubles,EAST,35
2025-02-03,Meubles,NORTH,33
2025-02-03,Meubles,SOUTH,18
2025-02-03,Meubles,WEST,18
2025-02-03,Modules complémentaires du produit,EAST,2
2025-02-03,Modules complémentaires du produit,NORTH,1
2025-02-03,Modules complémentaires du produit,SOUTH,2
2025-02-03,Modules complémentaires du produit,WEST,2
2025-02-03,Médias,EAST,12
2025-02-03,Médias,NORTH,13
2025-02-03,Médias,SOUTH,7
2025-02-03,Médias,WEST,9
2025-02-03,Non classé,EAST,1
2025-02-03,Non classé,SOUTH,2
2025-02-03,Offices religieux et cérémonies,EAST,6
2025-02-03,Offices religieux et cérémonies,NORTH,6
2025-02-03,Offices religieux et cérémonies,SOUTH,2
2025-02-03,Offices religieux et cérémonies,WEST,2
2025-02-03,Quincaillerie,EAST,31
2025-02-03,Quincaillerie,NORTH,15
2025-02-03,Quincaillerie,SOUTH,16
2025-02-03,Quincaillerie,WEST,17
2025-02-03,Santé et beauté,EAST,30
2025-02-03,Santé et beauté,NORTH,24
2025-02-03,Santé et beauté,SOUTH,21
2025-02-03,Santé et beauté,WEST,22
2025-02-03,Véhicules et accessoires,EAST,25
2025-02-03,Véhicules et accessoires,NORTH,23
2025-02-03,Véhicules et accessoires,SOUTH,16
2025-02-03,Véhicules et accessoires,WEST,14
2025-02-03,Vêtements et accessoires,EAST,43
2025-02-03,Vêtements et accessoires,NORTH,53
2025-02-03,Vêtements et accessoires,SOUTH,25
2025-02-03,Vêtements et accessoires,WEST,34
2025-02-03,Équipements sportifs,EAST,31
2025-02-03,Équipements sportifs,NORTH,27
2025-02-03,Équipements sportifs,SOUTH,11
2025-02-03,Équipements sportifs,WEST,15
2025-02-10,Animaux et articles pour animaux de compagnie,EAST,21
2025-02-10,Animaux et articles pour animaux de compagnie,NORTH,22
2025-02-10,Animaux et articles pour animaux de compagnie,SOUTH,19
2025-02-10,Animaux et articles pour animaux de compagnie,WEST,21
2025-02-10,"Appareils photo, caméras et instruments d'optique",EAST,6
2025-02-10,"Appareils photo, caméras et instruments d'optique",NORTH,5
2025-02-10,"Appareils photo, caméras et instruments d'optique",SOUTH,3
2025-02-10,"Appareils photo, caméras et instruments d'optique",WEST,3
2025-02-10,Appareils électroniques,EAST,35
2025-02-10,Appareils électroniques,NORTH,31
2025-02-10,Appareils électroniques,SOUTH,17
2025-02-10,Appareils électroniques,WEST,19
2025-02-10,Arts et loisirs,EAST,25
2025-02-10,Arts et loisirs,NORTH,23
2025-02-10,Arts et loisirs,SOUTH,17
2025-02-10,Arts et loisirs,WEST,16
2025-02-10,Bagages et maroquinerie,EAST,24
2025-02-10,Bagages et maroquinerie,NORTH,22
2025-02-10,Bagages et maroquinerie,SOUTH,13
2025-02-10,Bagages et maroquinerie,WEST,15
2025-02-10,Bébés et tout-petits,EAST,24
2025-02-10,Bébés et tout-petits,NORTH,22
2025-02-10,Bébés et tout-petits,SOUTH,21
2025-02-10,Bébés et tout-petits,WEST,15
2025-02-10,Entreprise et industrie,EAST,7
2025-02-10,Entreprise et industrie,NORTH,9
2025-02-10,Entreprise et industrie,SOUTH,8
2025-02-10,Entreprise et industrie,WEST,6
2025-02-10,Fournitures de bureau,EAST,31
2025-02-10,Fournitures de bureau,NORTH,34
2025-02-10,Fournitures de bureau,SOUTH,18
2025-02-10,Fournitures de bureau,WEST,20
2025-02-10,Jeux et jouets,EAST,12
2025-02-10,Jeux et jouets,NORTH,13
2025-02-10,Jeux et jouets,SOUTH,9
2025-02-10,Jeux et jouets,WEST,8
2025-02-10,Logiciels,EAST,3
2025-02-10,Logiciels,NORTH,1
2025-02-10,Logiciels,WEST,3
2025-02-10,Lots,EAST,2
2025-02-10,Lots,NORTH,2
2025-02-10,Lots,SOUTH,3
2025-02-10,Lots,WEST,4
2025-02-10,Maison et jardin,EAST,73
2025-02-10,Maison et jardin,NORTH,77
2025-02-10,Maison et jardin,SOUTH,50
2025-02-10,Maison et jardin,WEST,58
2025-02-10,Meubles,EAST,30
2025-02-10,Meubles,NORTH,27
2025-02-10,Meubles,SOUTH,19
2025-02-10,Meubles,WEST,22
2025-02-10,Modules complémentaires du produit,EAST,4
2025-02-10,Modules complémentaires du produit,NORTH,1
2025-02-10,Modules complémentaires du produit,WEST,3
2025-02-10,Médias,EAST,8
2025-02-10,Médias,NORTH,12
2025-02-10,Médias,SOUTH,10
2025-02-10,Médias,WEST,11
2025-02-10,Non classé,EAST,2
2025-02-10,Non classé,NORTH,3
2025-02-10,Non classé,WEST,1
2025-02-10,Offices religieux et cérémonies,EAST,8
2025-02-10,Offices religieux et cérémonies,NORTH,13
2025-02-10,Offices religieux et cérémonies,SOUTH,6
2025-02-10,Offices religieux et cérémonies,WEST,3
2025-02-10,Quincaillerie,EAST,24
2025-02-10,Quincaillerie,NORTH,24
2025-02-10,Quincaillerie,SOUTH,12
2025-02-10,Quincaillerie,WEST,19
2025-02-10,Santé et beauté,EAST,32
2025-02-10,Santé et beauté,NORTH,33
2025-02-10,Santé et beauté,SOUTH,13
2025-02-10,Santé et beauté,WEST,22
2025-02-10,Véhicules et accessoires,EAST,20
2025-02-10,Véhicules et accessoires,NORTH,32
2025-02-10,Véhicules et accessoires,SOUTH,13
2025-02-10,Véhicules et accessoires,WEST,14
2025-02-10,Vêtements et accessoires,EAST,34
2025-02-10,Vêtements et accessoires,NORTH,43
2025-02-10,Vêtements et accessoires,SOUTH,23
2025-02-10,Vêtements et accessoires,WEST,27
2025-02-10,Équipements sportifs,EAST,18
2025-02-10,Équipements sportifs,NORTH,15
2025-02-10,Équipements sportifs,SOUTH,9
2025-02-10,Équipements sportifs,WEST,14
2025-02-17,Animaux et articles pour animaux de compagnie,EAST,24
2025-02-17,Animaux et articles pour animaux de compagnie,NORTH,28
2025-02-17,Animaux et articles pour animaux de compagnie,SOUTH,8
2025-02-17,Animaux et articles pour animaux de compagnie,WEST,15
2025-02-17,"Appareils photo, caméras et instruments d'optique",EAST,1
2025-02-17,"Appareils photo, caméras et instruments d'optique",NORTH,3
2025-02-17,"Appareils photo, caméras et instruments d'optique",SOUTH,6
2025-02-17,"Appareils photo, caméras et instruments d'optique",WEST,2
2025-02-17,Appareils électroniques,EAST,32
2025-02-17,Appareils électroniques,NORTH,35
2025-02-17,Appareils électroniques,SOUTH,20
2025-02-17,Appareils électroniques,WEST,22
2025-02-17,Arts et loisirs,EAST,20
2025-02-17,Arts et loisirs,NORTH,28
2025-02-17,Arts et loisirs,SOUTH,14
2025-02-17,Arts et loisirs,WEST,21
2025-02-17,Bagages et maroquinerie,EAST,22
2025-02-17,Bagages et maroquinerie,NORTH,20
2025-02-17,Bagages et maroquinerie,SOUTH,11
2025-02-17,Bagages et maroquinerie,WEST,15
2025-02-17,Bébés et tout-petits,EAST,30
2025-02-17,Bébés et tout-petits,NORTH,26
2025-02-17,Bébés et tout-petits,SOUTH,15
2025-02-17,Bébés et tout-petits,WEST,21
2025-02-17,Entreprise et industrie,EAST,10
2025-02-17,Entreprise et industrie,NORTH,8
2025-02-17,Entreprise et industrie,SOUTH,11
2025-02-17,Entreprise et industrie,WEST,9
2025-02-17,Fournitures de bureau,EAST,25
2025-02-17,Fournitures de bureau,NORTH,30
2025-02-17,Fournitures de bureau,SOUTH,22
2025-02-17,Fournitures de bureau,WEST,19
2025-02-17,Jeux et jouets,EAST,8
2025-02-17,Jeux et jouets,NORTH,13
2025-02-17,Jeux et jouets,SOUTH,7
2025-02-17,Jeux et jouets,WEST,5
2025-02-17,Logiciels,EAST,4
2025-02-17,Logiciels,NORTH,3
2025-02-17,Logiciels,SOUTH,3
2025-02-17,Logiciels,WEST,1
2025-02-17,Lots,EAST,3
2025-02-17,Lots,NORTH,3
2025-02-17,Lots,SOUTH,2
2025-02-17,Lots,WEST,6
2025-02-17,Maison et jardin,EAST,69
2025-02-17,Maison et jardin,NORTH,91
2025-02-17,Maison et jardin,SOUTH,37
2025-02-17,Maison et jardin,WEST,49
2025-02-17,Meubles,EAST,40
2025-02-17,Meubles,NORTH,32
2025-02-17,Meubles,SOUTH,15
2025-02-17,Meubles,WEST,13
2025-02-17,Modules complémentaires du produit,EAST,3
2025-02-17,Modules complémentaires du produit,NORTH,1
2025-02-17,Modules complémentaires du produit,SOUTH,1
2025-02-17,Modules complémentaires du produit,WEST,1
2025-02-17,Médias,EAST,14
2025-02-17,Médias,NORTH,13
2025-02-17,Médias,SOUTH,3
2025-02-17,Médias,WEST,6
2025-02-17,Non classé,NORTH,1
2025-02-17,Non classé,WEST,1
2025-02-17,Offices religieux et cérémonies,EAST,6
2025-02-17,Offices religieux et cérémonies,NORTH,6
2025-02-17,Offices religieux et cérémonies,SOUTH,4
2025-02-17,Offices religieux et cérémonies,WEST,4
2025-02-17,Quincaillerie,EAST,29
2025-02-17,Quincaillerie,NORTH,24
2025-02-17,Quincaillerie,SOUTH,14
2025-02-17,Quincaillerie,WEST,16
2025-02-17,Santé et beauté,EAST,24
2025-02-17,Santé et beauté,NORTH,32
2025-02-17,Santé et beauté,SOUTH,13
2025-02-17,Santé et beauté,WEST,24
2025-02-17,Véhicules et accessoires,EAST,21
2025-02-17,Véhicules et accessoires,NORTH,25
2025-02-17,Véhicules et accessoires,SOUTH,17
2025-02-17,Véhicules et accessoires,WEST,13
2025-02-17,Vêtements et accessoires,EAST,49
2025-02-17,Vêtements et accessoires,NORTH,48
2025-02-17,Vêtements et accessoires,SOUTH,28
2025-02-17,Vêtements et accessoires,WEST,22
2025-02-17,Équipements sportifs,EAST,30
2025-02-17,Équipements sportifs,NORTH,25
2025-02-17,Équipements sportifs,SOUTH,16
2025-02-17,Équipements sportifs,WEST,15
2025-02-24,Animaux et articles pour animaux de compagnie,EAST,18
2025-02-24,Animaux et articles pour animaux de compagnie,NORTH,23
2025-02-24,Animaux et articles pour animaux de compagnie,SOUTH,8
2025-02-24,Animaux et articles pour animaux de compagnie,WEST,18
2025-02-24,"Appareils photo, caméras et instruments d'optique",EAST,4
2025-02-24,"Appareils photo, caméras et instruments d'optique",NORTH,3
2025-02-24,"Appareils photo, caméras et instruments d'optique",SOUTH,4
2025-02-24,"Appareils photo, caméras et instruments d'optique",WEST,2
2025-02-24,Appareils électroniques,EAST,31
2025-02-24,Appareils électroniques,NORTH,26
2025-02-24,Appareils électroniques,SOUTH,23
2025-02-24,Appareils électroniques,WEST,22
2025-02-24,Arts et loisirs,EAST,25
2025-02-24,Arts et loisirs,NORTH,29
2025-02-24,Arts et loisirs,SOUTH,18
2025-02-24,Arts et loisirs,WEST,17
2025-02-24,Bagages et maroquinerie,EAST,27
2025-02-24,Bagages et maroquinerie,NORTH,21
2025-02-24,Bagages et maroquinerie,SOUTH,18
2025-02-24,Bagages et maroquinerie,WEST,15
2025-02-24,Bébés et tout-petits,EAST,22
2025-02-24,Bébés et tout-petits,NORTH,24
2025-02-24,Bébés et tout-petits,SOUTH,21
2025-02-24,Bébés et tout-petits,WEST,20
2025-02-24,Entreprise et industrie,EAST,18
2025-02-24,Entreprise et industrie,NORTH,10
2025-02-24,Entreprise et industrie,SOUTH,3
2025-02-24,Entreprise et industrie,WEST,6
2025-02-24,Fournitures de bureau,EAST,31
2025-02-24,Fournitures de bureau,NORTH,16
2025-02-24,Fournitures de bureau,SOUTH,16
2025-02-24,Fournitures de bureau,WEST,20
2025-02-24,Jeux et jouets,EAST,12
2025-02-24,Jeux et jouets,NORTH,15
2025-02-24,Jeux et jouets,SOUTH,3
2025-02-24,Jeux et jouets,WEST,10
2025-02-24,Logiciels,EAST,2
2025-02-24,Logiciels,NORTH,1
2025-02-24,Lots,EAST,2
2025-02-24,Lots,NORTH,2
2025-02-24,Lots,SOUTH,2
2025-02-24,Lots,WEST,4
2025-02-24,Maison et jardin,EAST,97
2025-02-24,Maison et jardin,NORTH,79
2025-02-24,Maison et jardin,SOUTH,57
2025-02-24,Maison et jardin,WEST,62
2025-02-24,Meubles,EAST,26
2025-02-24,Meubles,NORTH,25
2025-02-24,Meubles,SOUTH,19
2025-02-24,Meubles,WEST,19
2025-02-24,Modules complémentaires du produit,EAST,1
2025-02-24,Modules complémentaires du produit,NORTH,5
2025-02-24,Modules complémentaires du produit,SOUTH,1
2025-02-24,Médias,EAST,11
2025-02-24,Médias,NORTH,15
2025-02-24,Médias,SOUTH,9
2025-02-24,Médias,WEST,9
2025-02-24,Non classé,NORTH,1
2025-02-24,Non classé,WEST,1
2025-02-24,Offices religieux et cérémonies,EAST,5
2025-02-24,Offices religieux et cérémonies,NORTH,7
2025-02-24,Offices religieux et cérémonies,SOUTH,3
2025-02-24,Offices religieux et cérémonies,WEST,7
2025-02-24,Quincaillerie,EAST,24
2025-02-24,Quincaillerie,NORTH,27
2025-02-24,Quincaillerie,SOUTH,12
2025-02-24,Quincaillerie,WEST,17
2025-02-24,Santé et beauté,EAST,24
2025-02-24,Santé et beauté,NORTH,22
2025-02-24,Santé et beauté,SOUTH,16
2025-02-24,Santé et beauté,WEST,17
2025-02-24,Véhicules et accessoires,EAST,29
2025-02-24,Véhicules et accessoires,NORTH,18
2025-02-24,Véhicules et accessoires,SOUTH,12
2025-02-24,Véhicules et accessoires,WEST,11
2025-02-24,Vêtements et accessoires,EAST,41
2025-02-24,Vêtements et accessoires,NORTH,59
2025-02-24,Vêtements et accessoires,SOUTH,25
2025-02-24,Vêtements et accessoires,WEST,28
2025-02-24,Équipements sportifs,EAST,26
2025-02-24,Équipements sportifs,NORTH,32
2025-02-24,Équipements sportifs,SOUTH,14
2025-02-24,Équipements sportifs,WEST,14
2025-03-03,Animaux et articles pour animaux de compagnie,EAST,39
2025-03-03,Animaux et articles pour animaux de compagnie,NORTH,44
2025-03-03,Animaux et articles pour animaux de compagnie,SOUTH,18
2025-03-03,Animaux et articles pour animaux de compagnie,WEST,27
2025-03-03,"Appareils photo, caméras et instruments d'optique",EAST,3
2025-03-03,"Appareils photo, caméras et instruments d'optique",NORTH,2
2025-03-03,"Appareils photo, caméras et instruments d'optique",SOUTH,2
2025-03-03,"Appareils photo, caméras et instruments d'optique",WEST,4
2025-03-03,Appareils électroniques,EAST,50
2025-03-03,Appareils électroniques,NORTH,34
2025-03-03,Appareils électroniques,SOUTH,26
2025-03-03,Appareils électroniques,WEST,40
2025-03-03,Arts et loisirs,EAST,34
2025-03-03,Arts et loisirs,NORTH,37
2025-03-03,Arts et loisirs,SOUTH,21
2025-03-03,Arts et loisirs,WEST,16
2025-03-03,Bagages et maroquinerie,EAST,34
2025-03-03,Bagages et maroquinerie,NORTH,30
2025-03-03,Bagages et maroquinerie,SOUTH,16
2025-03-03,Bagages et maroquinerie,WEST,26
2025-03-03,Bébés et tout-petits,EAST,22
2025-03-03,Bébés et tout-petits,NORTH,48
2025-03-03,Bébés et tout-petits,SOUTH,22
2025-03-03,Bébés et tout-petits,WEST,29
2025-03-03,Entreprise et industrie,EAST,13
2025-03-03,Entreprise et industrie,NORTH,12
2025-03-03,Entreprise et industrie,SOUTH,6
2025-03-03,Entreprise et industrie,WEST,15
2025-03-03,Fournitures de bureau,EAST,33
2025-03-03,Fournitures de bureau,NORTH,36
2025-03-03,Fournitures de bureau,SOUTH,17
2025-03-03,Fournitures de bureau,WEST,23
2025-03-03,Jeux et jouets,EAST,16
2025-03-03,Jeux et jouets,NORTH,18
2025-03-03,Jeux et jouets,SOUTH,13
2025-03-03,Jeux et jouets,WEST,9
2025-03-03,Logiciels,EAST,4
2025-03-03,Logiciels,NORTH,4
2025-03-03,Logiciels,SOUTH,3
2025-03-03,Logiciels,WEST,2
2025-03-03,Lots,EAST,7
2025-03-03,Lots,NORTH,3
2025-03-03,Lots,SOUTH,3
2025-03-03,Lots,WEST,4
2025-03-03,Maison et jardin,EAST,101
2025-03-03,Maison et jardin,NORTH,98
2025-03-03,Maison et jardin,SOUTH,48
2025-03-03,Maison et jardin,WEST,81
2025-03-03,Meubles,EAST,45
2025-03-03,Meubles,NORTH,41
2025-03-03,Meubles,SOUTH,22
2025-03-03,Meubles,WEST,35
2025-03-03,Modules complémentaires du produit,EAST,4
2025-03-03,Modules complémentaires du produit,NORTH,2
2025-03-03,Modules complémentaires du produit,SOUTH,3
2025-03-03,Médias,EAST,21
2025-03-03,Médias,NORTH,19
2025-03-03,Médias,SOUTH,5
2025-03-03,Médias,WEST,13
2025-03-03,Non classé,NORTH,1
2025-03-03,Non classé,SOUTH,2
2025-03-03,Non classé,WEST,1
2025-03-03,Offices religieux et cérémonies,EAST,8
2025-03-03,Offices religieux et cérémonies,NORTH,13
2025-03-03,Offices religieux et cérémonies,SOUTH,7
2025-03-03,Offices religieux et cérémonies,WEST,9
2025-03-03,Quincaillerie,EAST,42
2025-03-03,Quincaillerie,NORTH,38
2025-03-03,Quincaillerie,SOUTH,17
2025-03-03,Quincaillerie,WEST,22
2025-03-03,Santé et beauté,EAST,33
2025-03-03,Santé et beauté,NORTH,35
2025-03-03,Santé et beauté,SOUTH,31
2025-03-03,Santé et beauté,WEST,28
2025-03-03,Véhicules et accessoires,EAST,31
2025-03-03,Véhicules et accessoires,NORTH,37
2025-03-03,Véhicules et accessoires,SOUTH,25
2025-03-03,Véhicules et accessoires,WEST,22
2025-03-03,Vêtements et accessoires,EAST,78
2025-03-03,Vêtements et accessoires,NORTH,85
2025-03-03,Vêtements et accessoires,SOUTH,44
2025-03-03,Vêtements et accessoires,WEST,63
2025-03-03,Équipements sportifs,EAST,38
2025-03-03,Équipements sportifs,NORTH,42
2025-03-03,Équipements sportifs,SOUTH,21
2025-03-03,Équipements sportifs,WEST,29
2025-03-10,Animaux et articles pour animaux de compagnie,EAST,47
2025-03-10,Animaux et articles pour animaux de compagnie,NORTH,51
2025-03-10,Animaux et articles pour animaux de compagnie,SOUTH,34
2025-03-10,Animaux et articles pour animaux de compagnie,WEST,45
2025-03-10,"Appareils photo, caméras et instruments d'optique",EAST,15
2025-03-10,"Appareils photo, caméras et instruments d'optique",NORTH,7
2025-03-10,"Appareils photo, caméras et instruments d'optique",SOUTH,6
2025-03-10,"Appareils photo, caméras et instruments d'optique",WEST,11
2025-03-10,Appareils électroniques,EAST,85
2025-03-10,Appareils électroniques,NORTH,53
2025-03-10,Appareils électroniques,SOUTH,48
2025-03-10,Appareils électroniques,WEST,46
2025-03-10,Arts et loisirs,EAST,75
2025-03-10,Arts et loisirs,NORTH,49
2025-03-10,Arts et loisirs,SOUTH,33
2025-03-10,Arts et loisirs,WEST,51
2025-03-10,Bagages et maroquinerie,EAST,48
2025-03-10,Bagages et maroquinerie,NORTH,68
2025-03-10,Bagages et maroquinerie,SOUTH,28
2025-03-10,Bagages et maroquinerie,WEST,37
2025-03-10,Bébés et tout-petits,EAST,52
2025-03-10,Bébés et tout-petits,NORTH,53
2025-03-10,Bébés et tout-petits,SOUTH,32
2025-03-10,Bébés et tout-petits,WEST,43
2025-03-10,Entreprise et industrie,EAST,24
2025-03-10,Entreprise et industrie,NORTH,18
2025-03-10,Entreprise et industrie,SOUTH,10
2025-03-10,Entreprise et industrie,WEST,12
2025-03-10,Fournitures de bureau,EAST,52
2025-03-10,Fournitures de bureau,NORTH,71
2025-03-10,Fournitures de bureau,SOUTH,34
2025-03-10,Fournitures de bureau,WEST,42
2025-03-10,Jeux et jouets,EAST,25
2025-03-10,Jeux et jouets,NORTH,19
2025-03-10,Jeux et jouets,SOUTH,13
2025-03-10,Jeux et jouets,WEST,17
2025-03-10,Logiciels,EAST,3
2025-03-10,Logiciels,NORTH,9
2025-03-10,Logiciels,SOUTH,5
2025-03-10,Logiciels,WEST,2
2025-03-10,Lots,EAST,18
2025-03-10,Lots,NORTH,13
2025-03-10,Lots,SOUTH,3
2025-03-10,Lots,WEST,5
2025-03-10,Maison et jardin,EAST,184
2025-03-10,Maison et jardin,NORTH,212
2025-03-10,Maison et jardin,SOUTH,112
2025-03-10,Maison et jardin,WEST,121
2025-03-10,Meubles,EAST,74
2025-03-10,Meubles,NORTH,56
2025-03-10,Meubles,SOUTH,50
2025-03-10,Meubles,WEST,43
2025-03-10,Modules complémentaires du produit,EAST,4
2025-03-10,Modules complémentaires du produit,NORTH,5
2025-03-10,Modules complémentaires du produit,SOUTH,6
2025-03-10,Modules complémentaires du produit,WEST,6
2025-03-10,Médias,EAST,35
2025-03-10,Médias,NORTH,30
2025-03-10,Médias,SOUTH,15
2025-03-10,Médias,WEST,16
2025-03-10,Non classé,EAST,8
2025-03-10,Non classé,NORTH,2
2025-03-10,Non classé,WEST,3
2025-03-10,Offices religieux et cérémonies,EAST,15
2025-03-10,Offices religieux et cérémonies,NORTH,18
2025-03-10,Offices religieux et cérémonies,SOUTH,7
2025-03-10,Offices religieux et cérémonies,WEST,13
2025-03-10,Quincaillerie,EAST,72
2025-03-10,Quincaillerie,NORTH,55
2025-03-10,Quincaillerie,SOUTH,32
2025-03-10,Quincaillerie,WEST,42
2025-03-10,Santé et beauté,EAST,71
2025-03-10,Santé et beauté,NORTH,81
2025-03-10,Santé et beauté,SOUTH,34
2025-03-10,Santé et beauté,WEST,55
2025-03-10,Véhicules et accessoires,EAST,57
2025-03-10,Véhicules et accessoires,NORTH,60
2025-03-10,Véhicules et accessoires,SOUTH,31
2025-03-10,Véhicules et accessoires,WEST,45
2025-03-10,Vêtements et accessoires,EAST,89
2025-03-10,Vêtements et accessoires,NORTH,140
2025-03-10,Vêtements et accessoires,SOUTH,68
2025-03-10,Vêtements et accessoires,WEST,86
2025-03-10,Équipements sportifs,EAST,60
2025-03-10,Équipements sportifs,NORTH,55
2025-03-10,Équipements sportifs,SOUTH,41
2025-03-10,Équipements sportifs,WEST,31
2025-03-17,Animaux et articles pour animaux de compagnie,EAST,75
2025-03-17,Animaux et articles pour animaux de compagnie,NORTH,69
2025-03-17,Animaux et articles pour animaux de compagnie,SOUTH,30
2025-03-17,Animaux et articles pour animaux de compagnie,WEST,53
2025-03-17,"Appareils photo, caméras et instruments d'optique",EAST,12
2025-03-17,"Appareils photo, caméras et instruments d'optique",NORTH,13
2025-03-17,"Appareils photo, caméras et instruments d'optique",SOUTH,7
2025-03-17,"Appareils photo, caméras et instruments d'optique",WEST,8
2025-03-17,Appareils électroniques,EAST,77
2025-03-17,Appareils électroniques,NORTH,78
2025-03-17,Appareils électroniques,SOUTH,38
2025-03-17,Appareils électroniques,WEST,59
2025-03-17,Arts et loisirs,EAST,54
2025-03-17,Arts et loisirs,NORTH,61
2025-03-17,Arts et loisirs,SOUTH,41
2025-03-17,Arts et loisirs,WEST,38
2025-03-17,Bagages et maroquinerie,EAST,70
2025-03-17,Bagages et maroquinerie,NORTH,69
2025-03-17,Bagages et maroquinerie,SOUTH,35
2025-03-17,Bagages et maroquinerie,WEST,45
2025-03-17,Bébés et tout-petits,EAST,84
2025-03-17,Bébés et tout-petits,NORTH,71
2025-03-17,Bébés et tout-petits,SOUTH,49
2025-03-17,Bébés et tout-petits,WEST,57
2025-03-17,Entreprise et industrie,EAST,20
2025-03-17,Entreprise et industrie,NORTH,26
2025-03-17,Entreprise et industrie,SOUTH,17
2025-03-17,Entreprise et industrie,WEST,16
2025-03-17,Fournitures de bureau,EAST,65
2025-03-17,Fournitures de bureau,NORTH,59
2025-03-17,Fournitures de bureau,SOUTH,28
2025-03-17,Fournitures de bureau,WEST,46
2025-03-17,Jeux et jouets,EAST,26
2025-03-17,Jeux et jouets,NORTH,30
2025-03-17,Jeux et jouets,SOUTH,19
2025-03-17,Jeux et jouets,WEST,22
2025-03-17,Logiciels,EAST,5
2025-03-17,Logiciels,NORTH,5
2025-03-17,Logiciels,SOUTH,5
2025-03-17,Logiciels,WEST,4
2025-03-17,Lots,EAST,8
2025-03-17,Lots,NORTH,12
2025-03-17,Lots,SOUTH,11
2025-03-17,Lots,WEST,9
2025-03-17,Maison et jardin,EAST,210
2025-03-17,Maison et jardin,NORTH,222
2025-03-17,Maison et jardin,SOUTH,110
2025-03-17,Maison et jardin,WEST,158
2025-03-17,Meubles,EAST,107
2025-03-17,Meubles,NORTH,96
2025-03-17,Meubles,SOUTH,54
2025-03-17,Meubles,WEST,60
2025-03-17,Modules complémentaires du produit,EAST,2
2025-03-17,Modules complémentaires du produit,NORTH,4
2025-03-17,Modules complémentaires du produit,SOUTH,7
2025-03-17,Modules complémentaires du produit,WEST,8
2025-03-17,Médias,EAST,34
2025-03-17,Médias,NORTH,37
2025-03-17,Médias,SOUTH,21
2025-03-17,Médias,WEST,21
2025-03-17,Non classé,EAST,4
2025-03-17,Non classé,NORTH,5
2025-03-17,Non classé,SOUTH,1
2025-03-17,Non classé,WEST,2
2025-03-17,Offices religieux et cérémonies,EAST,24
2025-03-17,Offices religieux et cérémonies,NORTH,25
2025-03-17,Offices religieux et cérémonies,SOUTH,16
2025-03-17,Offices religieux et cérémonies,WEST,17
2025-03-17,Quincaillerie,EAST,73
2025-03-17,Quincaillerie,NORTH,68
2025-03-17,Quincaillerie,SOUTH,39
2025-03-17,Quincaillerie,WEST,37
2025-03-17,Santé et beauté,EAST,95
2025-03-17,Santé et beauté,NORTH,86
2025-03-17,Santé et beauté,SOUTH,49
2025-03-17,Santé et beauté,WEST,57
2025-03-17,Véhicules et accessoires,EAST,78
2025-03-17,Véhicules et accessoires,NORTH,73
2025-03-17,Véhicules et accessoires,SOUTH,42
2025-03-17,Véhicules et accessoires,WEST,43
2025-03-17,Vêtements et accessoires,EAST,150
2025-03-17,Vêtements et accessoires,NORTH,148
2025-03-17,Vêtements et accessoires,SOUTH,83
2025-03-17,Vêtements et accessoires,WEST,104
2025-03-17,Équipements sportifs,EAST,67
2025-03-17,Équipements sportifs,NORTH,67
2025-03-17,Équipements sportifs,SOUTH,43
2025-03-17,Équipements sportifs,WEST,50
2025-03-24,Animaux et articles pour animaux de compagnie,EAST,81
2025-03-24,Animaux et articles pour animaux de compagnie,NORTH,95
2025-03-24,Animaux et articles pour animaux de compagnie,SOUTH,51
2025-03-24,Animaux et articles pour animaux de compagnie,WEST,50
2025-03-24,"Appareils photo, caméras et instruments d'optique",EAST,16
2025-03-24,"Appareils photo, caméras et instruments d'optique",NORTH,17
2025-03-24,"Appareils photo, caméras et instruments d'optique",SOUTH,8
2025-03-24,"Appareils photo, caméras et instruments d'optique",WEST,12
2025-03-24,Appareils électroniques,EAST,115
2025-03-24,Appareils électroniques,NORTH,91
2025-03-24,Appareils électroniques,SOUTH,62
2025-03-24,Appareils électroniques,WEST,68
2025-03-24,Arts et loisirs,EAST,85
2025-03-24,Arts et loisirs,NORTH,80
2025-03-24,Arts et loisirs,SOUTH,41
2025-03-24,Arts et loisirs,WEST,45
2025-03-24,Bagages et maroquinerie,EAST,77
2025-03-24,Bagages et maroquinerie,NORTH,93
2025-03-24,Bagages et maroquinerie,SOUTH,58
2025-03-24,Bagages et maroquinerie,WEST,47
2025-03-24,Bébés et tout-petits,EAST,68
2025-03-24,Bébés et tout-petits,NORTH,82
2025-03-24,Bébés et tout-petits,SOUTH,49
2025-03-24,Bébés et tout-petits,WEST,52
2025-03-24,Entreprise et industrie,EAST,34
2025-03-24,Entreprise et industrie,NORTH,34
2025-03-24,Entreprise et industrie,SOUTH,19
2025-03-24,Entreprise et industrie,WEST,17
2025-03-24,Fournitures de bureau,EAST,87
2025-03-24,Fournitures de bureau,NORTH,86
2025-03-24,Fournitures de bureau,SOUTH,44
2025-03-24,Fournitures de bureau,WEST,61
2025-03-24,Jeux et jouets,EAST,33
2025-03-24,Jeux et jouets,NORTH,39
2025-03-24,Jeux et jouets,SOUTH,27
2025-03-24,Jeux et jouets,WEST,19
2025-03-24,Logiciels,EAST,6
2025-03-24,Logiciels,NORTH,9
2025-03-24,Logiciels,SOUTH,6
2025-03-24,Logiciels,WEST,5
2025-03-24,Lots,EAST,18
2025-03-24,Lots,NORTH,14
2025-03-24,Lots,SOUTH,6
2025-03-24,Lots,WEST,9
2025-03-24,Maison et jardin,EAST,265
2025-03-24,Maison et jardin,NORTH,265
2025-03-24,Maison et jardin,SOUTH,156
2025-03-24,Maison et jardin,WEST,173
2025-03-24,Meubles,EAST,121
2025-03-24,Meubles,NORTH,113
2025-03-24,Meubles,SOUTH,64
2025-03-24,Meubles,WEST,75
2025-03-24,Modules complémentaires du produit,EAST,3
2025-03-24,Modules complémentaires du produit,NORTH,4
2025-03-24,Modules complémentaires du produit,SOUTH,3
2025-03-24,Modules complémentaires du produit,WEST,5
2025-03-24,Médias,EAST,35
2025-03-24,Médias,NORTH,41
2025-03-24,Médias,SOUTH,22
2025-03-24,Médias,WEST,33
2025-03-24,Non classé,EAST,7
2025-03-24,Non classé,NORTH,7
2025-03-24,Non classé,SOUTH,3
2025-03-24,Non classé,WEST,6
2025-03-24,Offices religieux et cérémonies,EAST,24
2025-03-24,Offices religieux et cérémonies,NORTH,28
2025-03-24,Offices religieux et cérémonies,SOUTH,14
2025-03-24,Offices religieux et cérémonies,WEST,21
2025-03-24,Quincaillerie,EAST,89
2025-03-24,Quincaillerie,NORTH,83
2025-03-24,Quincaillerie,SOUTH,38
2025-03-24,Quincaillerie,WEST,52
2025-03-24,Santé et beauté,EAST,91
2025-03-24,Santé et beauté,NORTH,100
2025-03-24,Santé et beauté,SOUTH,67
2025-03-24,Santé et beauté,WEST,55
2025-03-24,Véhicules et accessoires,EAST,75
2025-03-24,Véhicules et accessoires,NORTH,86
2025-03-24,Véhicules et accessoires,SOUTH,43
2025-03-24,Véhicules et accessoires,WEST,67
2025-03-24,Vêtements et accessoires,EAST,166
2025-03-24,Vêtements et accessoires,NORTH,184
2025-03-24,Vêtements et accessoires,SOUTH,87
2025-03-24,Vêtements et accessoires,WEST,108
2025-03-24,Équipements sportifs,EAST,92
2025-03-24,Équipements sportifs,NORTH,94
2025-03-24,Équipements sportifs,SOUTH,38
2025-03-24,Équipements sportifs,WEST,40
2025-03-31,Animaux et articles pour animaux de compagnie,EAST,74
2025-03-31,Animaux et articles pour animaux de compagnie,NORTH,91
2025-03-31,Animaux et articles pour animaux de compagnie,SOUTH,45
2025-03-31,Animaux et articles pour animaux de compagnie,WEST,43
2025-03-31,"Appareils photo, caméras et instruments d'optique",EAST,18
2025-03-31,"Appareils photo, caméras et instruments d'optique",NORTH,12
2025-03-31,"Appareils photo, caméras et instruments d'optique",SOUTH,11
2025-03-31,"Appareils photo, caméras et instruments d'optique",WEST,5
2025-03-31,Appareils électroniques,EAST,85
2025-03-31,Appareils électroniques,NORTH,82
2025-03-31,Appareils électroniques,SOUTH,58
2025-03-31,Appareils électroniques,WEST,74
2025-03-31,Arts et loisirs,EAST,83
2025-03-31,Arts et loisirs,NORTH,82
2025-03-31,Arts et loisirs,SOUTH,42
2025-03-31,Arts et loisirs,WEST,46
2025-03-31,Bagages et maroquinerie,EAST,88
2025-03-31,Bagages et maroquinerie,NORTH,73
2025-03-31,Bagages et maroquinerie,SOUTH,42
2025-03-31,Bagages et maroquinerie,WEST,47
2025-03-31,Bébés et tout-petits,EAST,78
2025-03-31,Bébés et tout-petits,NORTH,85
2025-03-31,Bébés et tout-petits,SOUTH,34
2025-03-31,Bébés et tout-petits,WEST,55
2025-03-31,Entreprise et industrie,EAST,34
2025-03-31,Entreprise et industrie,NORTH,36
2025-03-31,Entreprise et industrie,SOUTH,13
2025-03-31,Entreprise et industrie,WEST,30
2025-03-31,Fournitures de bureau,EAST,75
2025-03-31,Fournitures de bureau,NORTH,87
2025-03-31,Fournitures de bureau,SOUTH,49
2025-03-31,Fournitures de bureau,WEST,55
2025-03-31,Jeux et jouets,EAST,46
2025-03-31,Jeux et jouets,NORTH,33
2025-03-31,Jeux et jouets,SOUTH,16
2025-03-31,Jeux et jouets,WEST,26
2025-03-31,Logiciels,EAST,6
2025-03-31,Logiciels,NORTH,10
2025-03-31,Logiciels,SOUTH,2
2025-03-31,Logiciels,WEST,10
2025-03-31,Lots,EAST,15
2025-03-31,Lots,NORTH,19
2025-03-31,Lots,SOUTH,8
2025-03-31,Lots,WEST,8
2025-03-31,Maison et jardin,EAST,245
2025-03-31,Maison et jardin,NORTH,256
2025-03-31,Maison et jardin,SOUTH,127
2025-03-31,Maison et jardin,WEST,150
2025-03-31,Meubles,EAST,85
2025-03-31,Meubles,NORTH,97
2025-03-31,Meubles,SOUTH,68
2025-03-31,Meubles,WEST,68
2025-03-31,Modules complémentaires du produit,EAST,8
2025-03-31,Modules complémentaires du produit,NORTH,10
2025-03-31,Modules complémentaires du produit,SOUTH,4
2025-03-31,Modules complémentaires du produit,WEST,1
2025-03-31,Médias,EAST,35
2025-03-31,Médias,NORTH,44
2025-03-31,Médias,SOUTH,25
2025-03-31,Médias,WEST,20
2025-03-31,Non classé,EAST,8
2025-03-31,Non classé,NORTH,8
2025-03-31,Non classé,SOUTH,1
2025-03-31,Non classé,WEST,3
2025-03-31,Offices religieux et cérémonies,EAST,23
2025-03-31,Offices religieux et cérémonies,NORTH,22
2025-03-31,Offices religieux et cérémonies,SOUTH,11
2025-03-31,Offices religieux et cérémonies,WEST,17
2025-03-31,Quincaillerie,EAST,69
2025-03-31,Quincaillerie,NORTH,94
2025-03-31,Quincaillerie,SOUTH,41
2025-03-31,Quincaillerie,WEST,57
2025-03-31,Santé et beauté,EAST,97
2025-03-31,Santé et beauté,NORTH,95
2025-03-31,Santé et beauté,SOUTH,51
2025-03-31,Santé et beauté,WEST,86
2025-03-31,Véhicules et accessoires,EAST,73
2025-03-31,Véhicules et accessoires,NORTH,87
2025-03-31,Véhicules et accessoires,SOUTH,50
2025-03-31,Véhicules et accessoires,WEST,50
2025-03-31,Vêtements et accessoires,EAST,155
2025-03-31,Vêtements et accessoires,NORTH,157
2025-03-31,Vêtements et accessoires,SOUTH,84
2025-03-31,Vêtements et accessoires,WEST,103
2025-03-31,Équipements sportifs,EAST,81
2025-03-31,Équipements sportifs,NORTH,69
2025-03-31,Équipements sportifs,SOUTH,48
2025-03-31,Équipements sportifs,WEST,59
2025-04-07,Animaux et articles pour animaux de compagnie,EAST,30
2025-04-07,Animaux et articles pour animaux de compagnie,NORTH,41
2025-04-07,Animaux et articles pour animaux de compagnie,SOUTH,17
2025-04-07,Animaux et articles pour animaux de compagnie,WEST,26
2025-04-07,"Appareils photo, caméras et instruments d'optique",EAST,4
2025-04-07,"Appareils photo, caméras et instruments d'optique",NORTH,5
2025-04-07,"Appareils photo, caméras et instruments d'optique",SOUTH,2
2025-04-07,"Appareils photo, caméras et instruments d'optique",WEST,4
2025-04-07,Appareils électroniques,EAST,35
2025-04-07,Appareils électroniques,NORTH,37
2025-04-07,Appareils électroniques,SOUTH,20
2025-04-07,Appareils électroniques,WEST,26
2025-04-07,Arts et loisirs,EAST,24
2025-04-07,Arts et loisirs,NORTH,31
2025-04-07,Arts et loisirs,SOUTH,21
2025-04-07,Arts et loisirs,WEST,22
2025-04-07,Bagages et maroquinerie,EAST,39
2025-04-07,Bagages et maroquinerie,NORTH,39
2025-04-07,Bagages et maroquinerie,SOUTH,31
2025-04-07,Bagages et maroquinerie,WEST,24
2025-04-07,Bébés et tout-petits,EAST,34
2025-04-07,Bébés et tout-petits,NORTH,35
2025-04-07,Bébés et tout-petits,SOUTH,22
2025-04-07,Bébés et tout-petits,WEST,17
2025-04-07,Entreprise et industrie,EAST,11
2025-04-07,Entreprise et industrie,NORTH,11
2025-04-07,Entreprise et industrie,SOUTH,6
2025-04-07,Entreprise et industrie,WEST,8
2025-04-07,Fournitures de bureau,EAST,30
2025-04-07,Fournitures de bureau,NORTH,43
2025-04-07,Fournitures de bureau,SOUTH,22
2025-04-07,Fournitures de bureau,WEST,19
2025-04-07,Jeux et jouets,EAST,19
2025-04-07,Jeux et jouets,NORTH,18
2025-04-07,Jeux et jouets,SOUTH,10
2025-04-07,Jeux et jouets,WEST,4
2025-04-07,Logiciels,EAST,5
2025-04-07,Logiciels,NORTH,2
2025-04-07,Logiciels,SOUTH,1
2025-04-07,Logiciels,WEST,4
2025-04-07,Lots,EAST,6
2025-04-07,Lots,NORTH,5
2025-04-07,Lots,SOUTH,3
2025-04-07,Lots,WEST,3
2025-04-07,Maison et jardin,EAST,90
2025-04-07,Maison et jardin,NORTH,81
2025-04-07,Maison et jardin,SOUTH,54
2025-04-07,Maison et jardin,WEST,70
2025-04-07,Meubles,EAST,51
2025-04-07,Meubles,NORTH,45
2025-04-07,Meubles,SOUTH,23
2025-04-07,Meubles,WEST,27
2025-04-07,Modules complémentaires du produit,EAST,3
2025-04-07,Modules complémentaires du produit,NORTH,5
2025-04-07,Modules complémentaires du produit,SOUTH,3
2025-04-07,Modules complémentaires du produit,WEST,1
2025-04-07,Médias,EAST,11
2025-04-07,Médias,NORTH,18
2025-04-07,Médias,SOUTH,8
2025-04-07,Médias,WEST,11
2025-04-07,Non classé,EAST,4
2025-04-07,Non classé,NORTH,3
2025-04-07,Non classé,WEST,1
2025-04-07,Offices religieux et cérémonies,EAST,8
2025-04-07,Offices religieux et cérémonies,NORTH,8
2025-04-07,Offices religieux et cérémonies,SOUTH,3
2025-04-07,Offices religieux et cérémonies,WEST,9
2025-04-07,Quincaillerie,EAST,38
2025-04-07,Quincaillerie,NORTH,36
2025-04-07,Quincaillerie,SOUTH,21
2025-04-07,Quincaillerie,WEST,25
2025-04-07,Santé et beauté,EAST,33
2025-04-07,Santé et beauté,NORTH,37
2025-04-07,Santé et beauté,SOUTH,34
2025-04-07,Santé et beauté,WEST,26
2025-04-07,Véhicules et accessoires,EAST,33
2025-04-07,Véhicules et accessoires,NORTH,29
2025-04-07,Véhicules et accessoires,SOUTH,23
2025-04-07,Véhicules et accessoires,WEST,23
2025-04-07,Vêtements et accessoires,EAST,71
2025-04-07,Vêtements et accessoires,NORTH,65
2025-04-07,Vêtements et accessoires,SOUTH,44
2025-04-07,Vêtements et accessoires,WEST,40
2025-04-07,Équipements sportifs,EAST,33
2025-04-07,Équipements sportifs,NORTH,32
2025-04-07,Équipements sportifs,SOUTH,21
2025-04-07,Équipements sportifs,WEST,29
2025-04-14,Animaux et articles pour animaux de compagnie,EAST,30
2025-04-14,Animaux et articles pour animaux de compagnie,NORTH,34
2025-04-14,Animaux et articles pour animaux de compagnie,SOUTH,14
2025-04-14,Animaux et articles pour animaux de compagnie,WEST,18
2025-04-14,"Appareils photo, caméras et instruments d'optique",EAST,4
2025-04-14,"Appareils photo, caméras et instruments d'optique",NORTH,7
2025-04-14,"Appareils photo, caméras et instruments d'optique",SOUTH,3
2025-04-14,"Appareils photo, caméras et instruments d'optique",WEST,3
2025-04-14,Appareils électroniques,EAST,31
2025-04-14,Appareils électroniques,NORTH,28
2025-04-14,Appareils électroniques,SOUTH,21
2025-04-14,Appareils électroniques,WEST,19
2025-04-14,Arts et loisirs,EAST,31
2025-04-14,Arts et loisirs,NORTH,22
2025-04-14,Arts et loisirs,SOUTH,16
2025-04-14,Arts et loisirs,WEST,21
2025-04-14,Bagages et maroquinerie,EAST,22
2025-04-14,Bagages et maroquinerie,NORTH,29
2025-04-14,Bagages et maroquinerie,SOUTH,13
2025-04-14,Bagages et maroquinerie,WEST,25
2025-04-14,Bébés et tout-petits,EAST,16
2025-04-14,Bébés et tout-petits,NORTH,46
2025-04-14,Bébés et tout-petits,SOUTH,9
2025-04-14,Bébés et tout-petits,WEST,24
2025-04-14,Entreprise et industrie,EAST,12
2025-04-14,Entreprise et industrie,NORTH,11
2025-04-14,Entreprise et industrie,SOUTH,4
2025-04-14,Entreprise et industrie,WEST,10
2025-04-14,Fournitures de bureau,EAST,11
2025-04-14,Fournitures de bureau,NORTH,30
2025-04-14,Fournitures de bureau,SOUTH,17
2025-04-14,Fournitures de bureau,WEST,11
2025-04-14,Jeux et jouets,EAST,14
2025-04-14,Jeux et jouets,NORTH,13
2025-04-14,Jeux et jouets,SOUTH,8
2025-04-14,Jeux et jouets,WEST,5
2025-04-14,Logiciels,EAST,3
2025-04-14,Logiciels,NORTH,2
2025-04-14,Logiciels,SOUTH,2
2025-04-14,Logiciels,WEST,2
2025-04-14,Lots,EAST,8
2025-04-14,Lots,NORTH,8
2025-04-14,Lots,SOUTH,1
2025-04-14,Lots,WEST,2
2025-04-14,Maison et jardin,EAST,85
2025-04-14,Maison et jardin,NORTH,89
2025-04-14,Maison et jardin,SOUTH,52
2025-04-14,Maison et jardin,WEST,61
2025-04-14,Meubles,EAST,38
2025-04-14,Meubles,NORTH,32
2025-04-14,Meubles,SOUTH,26
2025-04-14,Meubles,WEST,20
2025-04-14,Modules complémentaires du produit,EAST,4
2025-04-14,Modules complémentaires du produit,NORTH,4
2025-04-14,Modules complémentaires du produit,SOUTH,2
2025-04-14,Modules complémentaires du produit,WEST,1
2025-04-14,Médias,EAST,9
2025-04-14,Médias,NORTH,10
2025-04-14,Médias,SOUTH,7
2025-04-14,Médias,WEST,8
2025-04-14,Non classé,EAST,2
2025-04-14,Non classé,NORTH,1
2025-04-14,Offices religieux et cérémonies,EAST,15
2025-04-14,Offices religieux et cérémonies,NORTH,8
2025-04-14,Offices religieux et cérémonies,SOUTH,5
2025-04-14,Offices religieux et cérémonies,WEST,7
2025-04-14,Quincaillerie,EAST,23
2025-04-14,Quincaillerie,NORTH,31
2025-04-14,Quincaillerie,SOUTH,13
2025-04-14,Quincaillerie,WEST,19
2025-04-14,Santé et beauté,EAST,28
2025-04-14,Santé et beauté,NORTH,46
2025-04-14,Santé et beauté,SOUTH,26
2025-04-14,Santé et beauté,WEST,21
2025-04-14,Véhicules et accessoires,EAST,35
2025-04-14,Véhicules et accessoires,NORTH,21
2025-04-14,Véhicules et accessoires,SOUTH,16
2025-04-14,Véhicules et accessoires,WEST,23
2025-04-14,Vêtements et accessoires,EAST,65
2025-04-14,Vêtements et accessoires,NORTH,52
2025-04-14,Vêtements et accessoires,SOUTH,34
2025-04-14,Vêtements et accessoires,WEST,23
2025-04-14,Équipements sportifs,EAST,28
2025-04-14,Équipements sportifs,NORTH,26
2025-04-14,Équipements sportifs,SOUTH,12
2025-04-14,Équipements sportifs,WEST,13
2025-04-21,Animaux et articles pour animaux de compagnie,EAST,31
2025-04-21,Animaux et articles pour animaux de compagnie,NORTH,29
2025-04-21,Animaux et articles pour animaux de compagnie,SOUTH,23
2025-04-21,Animaux et articles pour animaux de compagnie,WEST,24
2025-04-21,"Appareils photo, caméras et instruments d'optique",EAST,5
2025-04-21,"Appareils photo, caméras et instruments d'optique",NORTH,2
2025-04-21,"Appareils photo, caméras et instruments d'optique",WEST,7
2025-04-21,Appareils électroniques,EAST,26
2025-04-21,Appareils électroniques,NORTH,31
2025-04-21,Appareils électroniques,SOUTH,21
2025-04-21,Appareils électroniques,WEST,15
2025-04-21,Arts et loisirs,EAST,27
2025-04-21,Arts et loisirs,NORTH,34
2025-04-21,Arts et loisirs,SOUTH,12
2025-04-21,Arts et loisirs,WEST,18
2025-04-21,Bagages et maroquinerie,EAST,28
2025-04-21,Bagages et maroquinerie,NORTH,20
2025-04-21,Bagages et maroquinerie,SOUTH,22
2025-04-21,Bagages et maroquinerie,WEST,18
2025-04-21,Bébés et tout-petits,EAST,24
2025-04-21,Bébés et tout-petits,NORTH,38
2025-04-21,Bébés et tout-petits,SOUTH,15
2025-04-21,Bébés et tout-petits,WEST,25
2025-04-21,Entreprise et industrie,EAST,5
2025-04-21,Entreprise et industrie,NORTH,8
2025-04-21,Entreprise et industrie,SOUTH,6
2025-04-21,Entreprise et industrie,WEST,12
2025-04-21,Fournitures de bureau,EAST,29
2025-04-21,Fournitures de bureau,NORTH,32
2025-04-21,Fournitures de bureau,SOUTH,14
2025-04-21,Fournitures de bureau,WEST,26
2025-04-21,Jeux et jouets,EAST,16
2025-04-21,Jeux et jouets,NORTH,17
2025-04-21,Jeux et jouets,SOUTH,5
2025-04-21,Jeux et jouets,WEST,10
2025-04-21,Logiciels,EAST,2
2025-04-21,Logiciels,NORTH,1
2025-04-21,Logiciels,SOUTH,4
2025-04-21,Logiciels,WEST,4
2025-04-21,Lots,EAST,8
2025-04-21,Lots,NORTH,4
2025-04-21,Lots,SOUTH,6
2025-04-21,Lots,WEST,2
2025-04-21,Maison et jardin,EAST,70
2025-04-21,Maison et jardin,NORTH,91
2025-04-21,Maison et jardin,SOUTH,46
2025-04-21,Maison et jardin,WEST,62
2025-04-21,Meubles,EAST,30
2025-04-21,Meubles,NORTH,40
2025-04-21,Meubles,SOUTH,22
2025-04-21,Meubles,WEST,20
2025-04-21,Modules complémentaires du produit,EAST,1
2025-04-21,Modules complémentaires du produit,NORTH,8
2025-04-21,Modules complémentaires du produit,WEST,1
2025-04-21,Médias,EAST,12
2025-04-21,Médias,NORTH,15
2025-04-21,Médias,SOUTH,12
2025-04-21,Médias,WEST,13
2025-04-21,Non classé,EAST,2
2025-04-21,Non classé,WEST,1
2025-04-21,Offices religieux et cérémonies,EAST,6
2025-04-21,Offices religieux et cérémonies,NORTH,11
2025-04-21,Offices religieux et cérémonies,SOUTH,6
2025-04-21,Offices religieux et cérémonies,WEST,2
2025-04-21,Quincaillerie,EAST,24
2025-04-21,Quincaillerie,NORTH,30
2025-04-21,Quincaillerie,SOUTH,15
2025-04-21,Quincaillerie,WEST,14
2025-04-21,Santé et beauté,EAST,30
2025-04-21,Santé et beauté,NORTH,45
2025-04-21,Santé et beauté,SOUTH,21
2025-04-21,Santé et beauté,WEST,25
2025-04-21,Véhicules et accessoires,EAST,31
2025-04-21,Véhicules et accessoires,NORTH,25
2025-04-21,Véhicules et accessoires,SOUTH,19
2025-04-21,Véhicules et accessoires,WEST,15
2025-04-21,Vêtements et accessoires,EAST,56
2025-04-21,Vêtements et accessoires,NORTH,56
2025-04-21,Vêtements et accessoires,SOUTH,21
2025-04-21,Vêtements et accessoires,WEST,43
2025-04-21,Équipements sportifs,EAST,19
2025-04-21,Équipements sportifs,NORTH,14
2025-04-21,Équipements sportifs,SOUTH,17
2025-04-21,Équipements sportifs,WEST,15
2025-04-28,Animaux et articles pour animaux de compagnie,EAST,24
2025-04-28,Animaux et articles pour animaux de compagnie,NORTH,32
2025-04-28,Animaux et articles pour animaux de compagnie,SOUTH,23
2025-04-28,Animaux et articles pour animaux de compagnie,WEST,25
2025-04-28,"Appareils photo, caméras et instruments d'optique",EAST,5
2025-04-28,"Appareils photo, caméras et instruments d'optique",NORTH,3
2025-04-28,"Appareils photo, caméras et instruments d'optique",SOUTH,2
2025-04-28,"Appareils photo, caméras et instruments d'optique",WEST,7
2025-04-28,Appareils électroniques,EAST,43
2025-04-28,Appareils électroniques,NORTH,43
2025-04-28,Appareils électroniques,SOUTH,26
2025-04-28,Appareils électroniques,WEST,23
2025-04-28,Arts et loisirs,EAST,32
2025-04-28,Arts et loisirs,NORTH,32
2025-04-28,Arts et loisirs,SOUTH,18
2025-04-28,Arts et loisirs,WEST,16
2025-04-28,Bagages et maroquinerie,EAST,30
2025-04-28,Bagages et maroquinerie,NORTH,20
2025-04-28,Bagages et maroquinerie,SOUTH,21
2025-04-28,Bagages et maroquinerie,WEST,23
2025-04-28,Bébés et tout-petits,EAST,25
2025-04-28,Bébés et tout-petits,NORTH,26
2025-04-28,Bébés et tout-petits,SOUTH,17
2025-04-28,Bébés et tout-petits,WEST,26
2025-04-28,Entreprise et industrie,EAST,16
2025-04-28,Entreprise et industrie,NORTH,13
2025-04-28,Entreprise et industrie,SOUTH,6
2025-04-28,Entreprise et industrie,WEST,3
2025-04-28,Fournitures de bureau,EAST,17
2025-04-28,Fournitures de bureau,NORTH,37
2025-04-28,Fournitures de bureau,SOUTH,18
2025-04-28,Fournitures de bureau,WEST,21
2025-04-28,Jeux et jouets,EAST,21
2025-04-28,Jeux et jouets,NORTH,12
2025-04-28,Jeux et jouets,SOUTH,6
2025-04-28,Jeux et jouets,WEST,6
2025-04-28,Logiciels,EAST,1
2025-04-28,Logiciels,NORTH,1
2025-04-28,Logiciels,SOUTH,1
2025-04-28,Logiciels,WEST,3
2025-04-28,Lots,EAST,3
2025-04-28,Lots,NORTH,7
2025-04-28,Lots,SOUTH,1
2025-04-28,Lots,WEST,3
2025-04-28,Maison et jardin,EAST,92
2025-04-28,Maison et jardin,NORTH,72
2025-04-28,Maison et jardin,SOUTH,48
2025-04-28,Maison et jardin,WEST,68
2025-04-28,Meubles,EAST,42
2025-04-28,Meubles,NORTH,28
2025-04-28,Meubles,SOUTH,22
2025-04-28,Meubles,WEST,35
2025-04-28,Modules complémentaires du produit,EAST,1
2025-04-28,Modules complémentaires du produit,NORTH,5
2025-04-28,Modules complémentaires du produit,SOUTH,1
2025-04-28,Modules complémentaires du produit,WEST,1
2025-04-28,Médias,EAST,9
2025-04-28,Médias,NORTH,15
2025-04-28,Médias,SOUTH,7
2025-04-28,Médias,WEST,14
2025-04-28,Non classé,EAST,3
2025-04-28,Non classé,NORTH,5
2025-04-28,Offices religieux et cérémonies,EAST,9
2025-04-28,Offices religieux et cérémonies,NORTH,4
2025-04-28,Offices religieux et cérémonies,SOUTH,4
2025-04-28,Offices religieux et cérémonies,WEST,2
2025-04-28,Quincaillerie,EAST,28
2025-04-28,Quincaillerie,NORTH,31
2025-04-28,Quincaillerie,SOUTH,14
2025-04-28,Quincaillerie,WEST,29
2025-04-28,Santé et beauté,EAST,27
2025-04-28,Santé et beauté,NORTH,50
2025-04-28,Santé et beauté,SOUTH,22
2025-04-28,Santé et beauté,WEST,25
2025-04-28,Véhicules et accessoires,EAST,29
2025-04-28,Véhicules et accessoires,NORTH,24
2025-04-28,Véhicules et accessoires,SOUTH,18
2025-04-28,Véhicules et accessoires,WEST,25
2025-04-28,Vêtements et accessoires,EAST,50
2025-04-28,Vêtements et accessoires,NORTH,41
2025-04-28,Vêtements et accessoires,SOUTH,28
2025-04-28,Vêtements et accessoires,WEST,37
2025-04-28,Équipements sportifs,EAST,30
2025-04-28,Équipements sportifs,NORTH,21
2025-04-28,Équipements sportifs,SOUTH,11
2025-04-28,Équipements sportifs,WEST,19
2025-05-05,Animaux et articles pour animaux de compagnie,EAST,31
2025-05-05,Animaux et articles pour animaux de compagnie,NORTH,31
2025-05-05,Animaux et articles pour animaux de compagnie,SOUTH,19
2025-05-05,Animaux et articles pour animaux de compagnie,WEST,19
2025-05-05,"Appareils photo, caméras et instruments d'optique",EAST,7
2025-05-05,"Appareils photo, caméras et instruments d'optique",NORTH,7
2025-05-05,"Appareils photo, caméras et instruments d'optique",SOUTH,4
2025-05-05,"Appareils photo, caméras et instruments d'optique",WEST,2
2025-05-05,Appareils électroniques,EAST,35
2025-05-05,Appareils électroniques,NORTH,31
2025-05-05,Appareils électroniques,SOUTH,21
2025-05-05,Appareils électroniques,WEST,30
2025-05-05,Arts et loisirs,EAST,41
2025-05-05,Arts et loisirs,NORTH,20
2025-05-05,Arts et loisirs,SOUTH,12
2025-05-05,Arts et loisirs,WEST,22
2025-05-05,Bagages et maroquinerie,EAST,31
2025-05-05,Bagages et maroquinerie,NORTH,28
2025-05-05,Bagages et maroquinerie,SOUTH,13
2025-05-05,Bagages et maroquinerie,WEST,16
2025-05-05,Bébés et tout-petits,EAST,26
2025-05-05,Bébés et tout-petits,NORTH,32
2025-05-05,Bébés et tout-petits,SOUTH,19
2025-05-05,Bébés et tout-petits,WEST,21
2025-05-05,Entreprise et industrie,EAST,11
2025-05-05,Entreprise et industrie,NORTH,9
2025-05-05,Entreprise et industrie,SOUTH,6
2025-05-05,Entreprise et industrie,WEST,7
2025-05-05,Fournitures de bureau,EAST,24
2025-05-05,Fournitures de bureau,NORTH,30
2025-05-05,Fournitures de bureau,SOUTH,20
2025-05-05,Fournitures de bureau,WEST,22
2025-05-05,Jeux et jouets,EAST,16
2025-05-05,Jeux et jouets,NORTH,14
2025-05-05,Jeux et jouets,SOUTH,9
2025-05-05,Jeux et jouets,WEST,7
2025-05-05,Logiciels,EAST,4
2025-05-05,Logiciels,NORTH,2
2025-05-05,Logiciels,SOUTH,1
2025-05-05,Logiciels,WEST,2
2025-05-05,Lots,EAST,4
2025-05-05,Lots,NORTH,6
2025-05-05,Lots,SOUTH,2
2025-05-05,Lots,WEST,5
2025-05-05,Maison et jardin,EAST,81
2025-05-05,Maison et jardin,NORTH,100
2025-05-05,Maison et jardin,SOUTH,51
2025-05-05,Maison et jardin,WEST,50
2025-05-05,Meubles,EAST,32
2025-05-05,Meubles,NORTH,37
2025-05-05,Meubles,SOUTH,22
2025-05-05,Meubles,WEST,17
2025-05-05,Modules complémentaires du produit,EAST,2
2025-05-05,Modules complémentaires du produit,NORTH,4
2025-05-05,Modules complémentaires du produit,SOUTH,2
2025-05-05,Modules complémentaires du produit,WEST,3
2025-05-05,Médias,EAST,14
2025-05-05,Médias,NORTH,12
2025-05-05,Médias,SOUTH,3
2025-05-05,Médias,WEST,6
2025-05-05,Non classé,EAST,2
2025-05-05,Non classé,SOUTH,1
2025-05-05,Non classé,WEST,2
2025-05-05,Offices religieux et cérémonies,EAST,2
2025-05-05,Offices religieux et cérémonies,NORTH,5
2025-05-05,Offices religieux et cérémonies,SOUTH,1
2025-05-05,Offices religieux et cérémonies,WEST,3
2025-05-05,Quincaillerie,EAST,31
2025-05-05,Quincaillerie,NORTH,30
2025-05-05,Quincaillerie,SOUTH,12
2025-05-05,Quincaillerie,WEST,14
2025-05-05,Santé et beauté,EAST,35
2025-05-05,Santé et beauté,NORTH,32
2025-05-05,Santé et beauté,SOUTH,20
2025-05-05,Santé et beauté,WEST,19
2025-05-05,Véhicules et accessoires,EAST,28
2025-05-05,Véhicules et accessoires,NORTH,30
2025-05-05,Véhicules et accessoires,SOUTH,10
2025-05-05,Véhicules et accessoires,WEST,21
2025-05-05,Vêtements et accessoires,EAST,59
2025-05-05,Vêtements et accessoires,NORTH,49
2025-05-05,Vêtements et accessoires,SOUTH,42
2025-05-05,Vêtements et accessoires,WEST,37
2025-05-05,Équipements sportifs,EAST,31
2025-05-05,Équipements sportifs,NORTH,24
2025-05-05,Équipements sportifs,SOUTH,16
2025-05-05,Équipements sportifs,WEST,22
2025-05-12,Animaux et articles pour animaux de compagnie,EAST,26
2025-05-12,Animaux et articles pour animaux de compagnie,NORTH,30
2025-05-12,Animaux et articles pour animaux de compagnie,SOUTH,18
2025-05-12,Animaux et articles pour animaux de compagnie,WEST,23
2025-05-12,"Appareils photo, caméras et instruments d'optique",EAST,3
2025-05-12,"Appareils photo, caméras et instruments d'optique",NORTH,1
2025-05-12,"Appareils photo, caméras et instruments d'optique",SOUTH,4
2025-05-12,"Appareils photo, caméras et instruments d'optique",WEST,3
2025-05-12,Appareils électroniques,EAST,31
2025-05-12,Appareils électroniques,NORTH,36
2025-05-12,Appareils électroniques,SOUTH,12
2025-05-12,Appareils électroniques,WEST,23
2025-05-12,Arts et loisirs,EAST,29
2025-05-12,Arts et loisirs,NORTH,27
2025-05-12,Arts et loisirs,SOUTH,12
2025-05-12,Arts et loisirs,WEST,11
2025-05-12,Bagages et maroquinerie,EAST,19
2025-05-12,Bagages et maroquinerie,NORTH,24
2025-05-12,Bagages et maroquinerie,SOUTH,15
2025-05-12,Bagages et maroquinerie,WEST,18
2025-05-12,Bébés et tout-petits,EAST,11
2025-05-12,Bébés et tout-petits,NORTH,19
2025-05-12,Bébés et tout-petits,SOUTH,14
2025-05-12,Bébés et tout-petits,WEST,26
2025-05-12,Entreprise et industrie,EAST,11
2025-05-12,Entreprise et industrie,NORTH,11
2025-05-12,Entreprise et industrie,SOUTH,2
2025-05-12,Entreprise et industrie,WEST,12
2025-05-12,Fournitures de bureau,EAST,36
2025-05-12,Fournitures de bureau,NORTH,24
2025-05-12,Fournitures de bureau,SOUTH,15
2025-05-12,Fournitures de bureau,WEST,21
2025-05-12,Jeux et jouets,EAST,12
2025-05-12,Jeux et jouets,NORTH,13
2025-05-12,Jeux et jouets,SOUTH,8
2025-05-12,Jeux et jouets,WEST,10
2025-05-12,Logiciels,EAST,1
2025-05-12,Logiciels,NORTH,8
2025-05-12,Logiciels,SOUTH,2
2025-05-12,Logiciels,WEST,1
2025-05-12,Lots,EAST,4
2025-05-12,Lots,NORTH,5
2025-05-12,Lots,SOUTH,5
2025-05-12,Lots,WEST,7
2025-05-12,Maison et jardin,EAST,78
2025-05-12,Maison et jardin,NORTH,81
2025-05-12,Maison et jardin,SOUTH,51
2025-05-12,Maison et jardin,WEST,56
2025-05-12,Meubles,EAST,36
2025-05-12,Meubles,NORTH,33
2025-05-12,Meubles,SOUTH,19
2025-05-12,Meubles,WEST,18
2025-05-12,Modules complémentaires du produit,EAST,1
2025-05-12,Modules complémentaires du produit,NORTH,3
2025-05-12,Modules complémentaires du produit,SOUTH,2
2025-05-12,Modules complémentaires du produit,WEST,2
2025-05-12,Médias,EAST,15
2025-05-12,Médias,NORTH,10
2025-05-12,Médias,SOUTH,7
2025-05-12,Médias,WEST,10
2025-05-12,Non classé,EAST,2
2025-05-12,Non classé,NORTH,2
2025-05-12,Non classé,SOUTH,1
2025-05-12,Non classé,WEST,1
2025-05-12,Offices religieux et cérémonies,EAST,8
2025-05-12,Offices religieux et cérémonies,NORTH,7
2025-05-12,Offices religieux et cérémonies,SOUTH,6
2025-05-12,Offices religieux et cérémonies,WEST,5
2025-05-12,Quincaillerie,EAST,29
2025-05-12,Quincaillerie,NORTH,32
2025-05-12,Quincaillerie,SOUTH,16
2025-05-12,Quincaillerie,WEST,18
2025-05-12,Santé et beauté,EAST,41
2025-05-12,Santé et beauté,NORTH,32
2025-05-12,Santé et beauté,SOUTH,22
2025-05-12,Santé et beauté,WEST,23
2025-05-12,Véhicules et accessoires,EAST,30
2025-05-12,Véhicules et accessoires,NORTH,24
2025-05-12,Véhicules et accessoires,SOUTH,23
2025-05-12,Véhicules et accessoires,WEST,15
2025-05-12,Vêtements et accessoires,EAST,57
2025-05-12,Vêtements et accessoires,NORTH,49
2025-05-12,Vêtements et accessoires,SOUTH,28
2025-05-12,Vêtements et accessoires,WEST,29
2025-05-12,Équipements sportifs,EAST,24
2025-05-12,Équipements sportifs,NORTH,31
2025-05-12,Équipements sportifs,SOUTH,17
2025-05-12,Équipements sportifs,WEST,21
2025-05-19,Animaux et articles pour animaux de compagnie,EAST,22
2025-05-19,Animaux et articles pour animaux de compagnie,NORTH,28
2025-05-19,Animaux et articles pour animaux de compagnie,SOUTH,18
2025-05-19,Animaux et articles pour animaux de compagnie,WEST,15
2025-05-19,"Appareils photo, caméras et instruments d'optique",EAST,5
2025-05-19,"Appareils photo, caméras et instruments d'optique",NORTH,5
2025-05-19,"Appareils photo, caméras et instruments d'optique",SOUTH,3
2025-05-19,"Appareils photo, caméras et instruments d'optique",WEST,1
2025-05-19,Appareils électroniques,EAST,34
2025-05-19,Appareils électroniques,NORTH,35
2025-05-19,Appareils électroniques,SOUTH,14
2025-05-19,Appareils électroniques,WEST,25
2025-05-19,Arts et loisirs,EAST,24
2025-05-19,Arts et loisirs,NORTH,18
2025-05-19,Arts et loisirs,SOUTH,17
2025-05-19,Arts et loisirs,WEST,16
2025-05-19,Bagages et maroquinerie,EAST,24
2025-05-19,Bagages et maroquinerie,NORTH,24
2025-05-19,Bagages et maroquinerie,SOUTH,12
2025-05-19,Bagages et maroquinerie,WEST,15
2025-05-19,Bébés et tout-petits,EAST,22
2025-05-19,Bébés et tout-petits,NORTH,31
2025-05-19,Bébés et tout-petits,SOUTH,13
2025-05-19,Bébés et tout-petits,WEST,23
2025-05-19,Entreprise et industrie,EAST,10
2025-05-19,Entreprise et industrie,NORTH,7
2025-05-19,Entreprise et industrie,SOUTH,5
2025-05-19,Entreprise et industrie,WEST,2
2025-05-19,Fournitures de bureau,EAST,31
2025-05-19,Fournitures de bureau,NORTH,31
2025-05-19,Fournitures de bureau,SOUTH,15
2025-05-19,Fournitures de bureau,WEST,10
2025-05-19,Jeux et jouets,EAST,14
2025-05-19,Jeux et jouets,NORTH,7
2025-05-19,Jeux et jouets,SOUTH,9
2025-05-19,Jeux et jouets,WEST,9
2025-05-19,Logiciels,EAST,3
2025-05-19,Logiciels,NORTH,4
2025-05-19,Logiciels,SOUTH,2
2025-05-19,Logiciels,WEST,2
2025-05-19,Lots,EAST,3
2025-05-19,Lots,NORTH,5
2025-05-19,Lots,SOUTH,1
2025-05-19,Lots,WEST,9
2025-05-19,Maison et jardin,EAST,97
2025-05-19,Maison et jardin,NORTH,87
2025-05-19,Maison et jardin,SOUTH,56
2025-05-19,Maison et jardin,WEST,67
2025-05-19,Meubles,EAST,34
2025-05-19,Meubles,NORTH,46
2025-05-19,Meubles,SOUTH,18
2025-05-19,Meubles,WEST,19
2025-05-19,Modules complémentaires du produit,EAST,3
2025-05-19,Modules complémentaires du produit,NORTH,3
2025-05-19,Modules complémentaires du produit,SOUTH,1
2025-05-19,Modules complémentaires du produit,WEST,1
2025-05-19,Médias,EAST,13
2025-05-19,Médias,NORTH,16
2025-05-19,Médias,SOUTH,4
2025-05-19,Médias,WEST,12
2025-05-19,Non classé,EAST,1
2025-05-19,Non classé,NORTH,1
2025-05-19,Non classé,SOUTH,1
2025-05-19,Offices religieux et cérémonies,EAST,7
2025-05-19,Offices religieux et cérémonies,NORTH,6
2025-05-19,Offices religieux et cérémonies,SOUTH,3
2025-05-19,Offices religieux et cérémonies,WEST,5
2025-05-19,Quincaillerie,EAST,29
2025-05-19,Quincaillerie,NORTH,23
2025-05-19,Quincaillerie,SOUTH,16
2025-05-19,Quincaillerie,WEST,14
2025-05-19,Santé et beauté,EAST,18
2025-05-19,Santé et beauté,NORTH,27
2025-05-19,Santé et beauté,SOUTH,18
2025-05-19,Santé et beauté,WEST,25
2025-05-19,Véhicules et accessoires,EAST,27
2025-05-19,Véhicules et accessoires,NORTH,25
2025-05-19,Véhicules et accessoires,SOUTH,19
2025-05-19,Véhicules et accessoires,WEST,23
2025-05-19,Vêtements et accessoires,EAST,40
2025-05-19,Vêtements et accessoires,NORTH,48
2025-05-19,Vêtements et accessoires,SOUTH,26
2025-05-19,Vêtements et accessoires,WEST,46
2025-05-19,Équipements sportifs,EAST,34
2025-05-19,Équipements sportifs,NORTH,23
2025-05-19,Équipements sportifs,SOUTH,16
2025-05-19,Équipements sportifs,WEST,17
2025-05-26,Animaux et articles pour animaux de compagnie,EAST,34
2025-05-26,Animaux et articles pour animaux de compagnie,NORTH,24
2025-05-26,Animaux et articles pour animaux de compagnie,SOUTH,17
2025-05-26,Animaux et articles pour animaux de compagnie,WEST,17
2025-05-26,"Appareils photo, caméras et instruments d'optique",EAST,5
2025-05-26,"Appareils photo, caméras et instruments d'optique",NORTH,3
2025-05-26,"Appareils photo, caméras et instruments d'optique",SOUTH,3
2025-05-26,"Appareils photo, caméras et instruments d'optique",WEST,7
2025-05-26,Appareils électroniques,EAST,41
2025-05-26,Appareils électroniques,NORTH,47
2025-05-26,Appareils électroniques,SOUTH,21
2025-05-26,Appareils électroniques,WEST,15
2025-05-26,Arts et loisirs,EAST,33
2025-05-26,Arts et loisirs,NORTH,22
2025-05-26,Arts et loisirs,SOUTH,7
2025-05-26,Arts et loisirs,WEST,12
2025-05-26,Bagages et maroquinerie,EAST,26
2025-05-26,Bagages et maroquinerie,NORTH,23
2025-05-26,Bagages et maroquinerie,SOUTH,15
2025-05-26,Bagages et maroquinerie,WEST,14
2025-05-26,Bébés et tout-petits,EAST,33
2025-05-26,Bébés et tout-petits,NORTH,25
2025-05-26,Bébés et tout-petits,SOUTH,13
2025-05-26,Bébés et tout-petits,WEST,17
2025-05-26,Entreprise et industrie,EAST,13
2025-05-26,Entreprise et industrie,NORTH,6
2025-05-26,Entreprise et industrie,SOUTH,11
2025-05-26,Entreprise et industrie,WEST,5
2025-05-26,Fournitures de bureau,EAST,28
2025-05-26,Fournitures de bureau,NORTH,28
2025-05-26,Fournitures de bureau,SOUTH,19
2025-05-26,Fournitures de bureau,WEST,15
2025-05-26,Jeux et jouets,EAST,10
2025-05-26,Jeux et jouets,NORTH,12
2025-05-26,Jeux et jouets,SOUTH,7
2025-05-26,Jeux et jouets,WEST,9
2025-05-26,Logiciels,EAST,3
2025-05-26,Logiciels,NORTH,2
2025-05-26,Logiciels,WEST,3
2025-05-26,Lots,EAST,8
2025-05-26,Lots,NORTH,6
2025-05-26,Lots,SOUTH,2
2025-05-26,Lots,WEST,4
2025-05-26,Maison et jardin,EAST,76
2025-05-26,Maison et jardin,NORTH,63
2025-05-26,Maison et jardin,SOUTH,47
2025-05-26,Maison et jardin,WEST,67
2025-05-26,Meubles,EAST,26
2025-05-26,Meubles,NORTH,32
2025-05-26,Meubles,SOUTH,22
2025-05-26,Meubles,WEST,25
2025-05-26,Modules complémentaires du produit,EAST,1
2025-05-26,Modules complémentaires du produit,NORTH,2
2025-05-26,Modules complémentaires du produit,SOUTH,1
2025-05-26,Modules complémentaires du produit,WEST,2
2025-05-26,Médias,EAST,10
2025-05-26,Médias,NORTH,13
2025-05-26,Médias,SOUTH,9
2025-05-26,Médias,WEST,8
2025-05-26,Non classé,EAST,2
2025-05-26,Non classé,NORTH,1
2025-05-26,Non classé,WEST,2
2025-05-26,Offices religieux et cérémonies,EAST,5
2025-05-26,Offices religieux et cérémonies,NORTH,8
2025-05-26,Offices religieux et cérémonies,SOUTH,3
2025-05-26,Offices religieux et cérémonies,WEST,4
2025-05-26,Quincaillerie,EAST,25
2025-05-26,Quincaillerie,NORTH,32
2025-05-26,Quincaillerie,SOUTH,15
2025-05-26,Quincaillerie,WEST,30
2025-05-26,Santé et beauté,EAST,28
2025-05-26,Santé et beauté,NORTH,44
2025-05-26,Santé et beauté,SOUTH,22
2025-05-26,Santé et beauté,WEST,20
2025-05-26,Véhicules et accessoires,EAST,24
2025-05-26,Véhicules et accessoires,NORTH,23
2025-05-26,Véhicules et accessoires,SOUTH,17
2025-05-26,Véhicules et accessoires,WEST,21
2025-05-26,Vêtements et accessoires,EAST,56
2025-05-26,Vêtements et accessoires,NORTH,59
2025-05-26,Vêtements et accessoires,SOUTH,29
2025-05-26,Vêtements et accessoires,WEST,49
2025-05-26,Équipements sportifs,EAST,32
2025-05-26,Équipements sportifs,NORTH,27
2025-05-26,Équipements sportifs,SOUTH,19
2025-05-26,Équipements sportifs,WEST,13
2025-06-02,Animaux et articles pour animaux de compagnie,EAST,28
2025-06-02,Animaux et articles pour animaux de compagnie,NORTH,32
2025-06-02,Animaux et articles pour animaux de compagnie,SOUTH,20
2025-06-02,Animaux et articles pour animaux de compagnie,WEST,26
2025-06-02,"Appareils photo, caméras et instruments d'optique",EAST,4
2025-06-02,"Appareils photo, caméras et instruments d'optique",NORTH,6
2025-06-02,"Appareils photo, caméras et instruments d'optique",SOUTH,6
2025-06-02,"Appareils photo, caméras et instruments d'optique",WEST,4
2025-06-02,Appareils électroniques,EAST,36
2025-06-02,Appareils électroniques,NORTH,31
2025-06-02,Appareils électroniques,SOUTH,28
2025-06-02,Appareils électroniques,WEST,26
2025-06-02,Arts et loisirs,EAST,21
2025-06-02,Arts et loisirs,NORTH,24
2025-06-02,Arts et loisirs,SOUTH,15
2025-06-02,Arts et loisirs,WEST,19
2025-06-02,Bagages et maroquinerie,EAST,34
2025-06-02,Bagages et maroquinerie,NORTH,29
2025-06-02,Bagages et maroquinerie,SOUTH,20
2025-06-02,Bagages et maroquinerie,WEST,25
2025-06-02,Bébés et tout-petits,EAST,22
2025-06-02,Bébés et tout-petits,NORTH,24
2025-06-02,Bébés et tout-petits,SOUTH,12
2025-06-02,Bébés et tout-petits,WEST,23
2025-06-02,Entreprise et industrie,EAST,15
2025-06-02,Entreprise et industrie,NORTH,5
2025-06-02,Entreprise et industrie,SOUTH,7
2025-06-02,Entreprise et industrie,WEST,12
2025-06-02,Fournitures de bureau,EAST,32
2025-06-02,Fournitures de bureau,NORTH,29
2025-06-02,Fournitures de bureau,SOUTH,20
2025-06-02,Fournitures de bureau,WEST,20
2025-06-02,Jeux et jouets,EAST,20
2025-06-02,Jeux et jouets,NORTH,10
2025-06-02,Jeux et jouets,SOUTH,10
2025-06-02,Jeux et jouets,WEST,6
2025-06-02,Logiciels,EAST,5
2025-06-02,Logiciels,NORTH,3
2025-06-02,Logiciels,SOUTH,1
2025-06-02,Logiciels,WEST,1
2025-06-02,Lots,EAST,5
2025-06-02,Lots,NORTH,7
2025-06-02,Lots,SOUTH,1
2025-06-02,Lots,WEST,1
2025-06-02,Maison et jardin,EAST,111
2025-06-02,Maison et jardin,NORTH,78
2025-06-02,Maison et jardin,SOUTH,51
2025-06-02,Maison et jardin,WEST,50
2025-06-02,Meubles,EAST,35
2025-06-02,Meubles,NORTH,28
2025-06-02,Meubles,SOUTH,15
2025-06-02,Meubles,WEST,30
2025-06-02,Modules complémentaires du produit,EAST,2
2025-06-02,Modules complémentaires du produit,NORTH,2
2025-06-02,Modules complémentaires du produit,SOUTH,2
2025-06-02,Modules complémentaires du produit,WEST,1
2025-06-02,Médias,EAST,9
2025-06-02,Médias,NORTH,12
2025-06-02,Médias,SOUTH,7
2025-06-02,Médias,WEST,12
2025-06-02,Non classé,NORTH,2
2025-06-02,Non classé,SOUTH,2
2025-06-02,Non classé,WEST,2
2025-06-02,Offices religieux et cérémonies,EAST,4
2025-06-02,Offices religieux et cérémonies,NORTH,9
2025-06-02,Offices religieux et cérémonies,SOUTH,14
2025-06-02,Offices religieux et cérémonies,WEST,6
2025-06-02,Quincaillerie,EAST,27
2025-06-02,Quincaillerie,NORTH,37
2025-06-02,Quincaillerie,SOUTH,18
2025-06-02,Quincaillerie,WEST,27
2025-06-02,Santé et beauté,EAST,40
2025-06-02,Santé et beauté,NORTH,32
2025-06-02,Santé et beauté,SOUTH,19
2025-06-02,Santé et beauté,WEST,33
2025-06-02,Véhicules et accessoires,EAST,30
2025-06-02,Véhicules et accessoires,NORTH,26
2025-06-02,Véhicules et accessoires,SOUTH,25
2025-06-02,Véhicules et accessoires,WEST,12
2025-06-02,Vêtements et accessoires,EAST,57
2025-06-02,Vêtements et accessoires,NORTH,67
2025-06-02,Vêtements et accessoires,SOUTH,33
2025-06-02,Vêtements et accessoires,WEST,49
2025-06-02,Équipements sportifs,EAST,40
2025-06-02,Équipements sportifs,NORTH,24
2025-06-02,Équipements sportifs,SOUTH,16
2025-06-02,Équipements sportifs,WEST,20
2025-06-09,Animaux et articles pour animaux de compagnie,EAST,46
2025-06-09,Animaux et articles pour animaux de compagnie,NORTH,35
2025-06-09,Animaux et articles pour animaux de compagnie,SOUTH,27
2025-06-09,Animaux et articles pour animaux de compagnie,WEST,26
2025-06-09,"Appareils photo, caméras et instruments d'optique",EAST,12
2025-06-09,"Appareils photo, caméras et instruments d'optique",NORTH,5
2025-06-09,"Appareils photo, caméras et instruments d'optique",SOUTH,4
2025-06-09,"Appareils photo, caméras et instruments d'optique",WEST,1
2025-06-09,Appareils électroniques,EAST,43
2025-06-09,Appareils électroniques,NORTH,46
2025-06-09,Appareils électroniques,SOUTH,25
2025-06-09,Appareils électroniques,WEST,31
2025-06-09,Arts et loisirs,EAST,40
2025-06-09,Arts et loisirs,NORTH,39
2025-06-09,Arts et loisirs,SOUTH,22
2025-06-09,Arts et loisirs,WEST,24
2025-06-09,Bagages et maroquinerie,EAST,25
2025-06-09,Bagages et maroquinerie,NORTH,36
2025-06-09,Bagages et maroquinerie,SOUTH,27
2025-06-09,Bagages et maroquinerie,WEST,18
2025-06-09,Bébés et tout-petits,EAST,38
2025-06-09,Bébés et tout-petits,NORTH,44
2025-06-09,Bébés et tout-petits,SOUTH,21
2025-06-09,Bébés et tout-petits,WEST,26
2025-06-09,Entreprise et industrie,EAST,18
2025-06-09,Entreprise et industrie,NORTH,17
2025-06-09,Entreprise et industrie,SOUTH,7
2025-06-09,Entreprise et industrie,WEST,11
2025-06-09,Fournitures de bureau,EAST,22
2025-06-09,Fournitures de bureau,NORTH,41
2025-06-09,Fournitures de bureau,SOUTH,14
2025-06-09,Fournitures de bureau,WEST,20
2025-06-09,Jeux et jouets,EAST,18
2025-06-09,Jeux et jouets,NORTH,24
2025-06-09,Jeux et jouets,SOUTH,4
2025-06-09,Jeux et jouets,WEST,12
2025-06-09,Logiciels,EAST,3
2025-06-09,Logiciels,NORTH,2
2025-06-09,Logiciels,WEST,2
2025-06-09,Lots,EAST,11
2025-06-09,Lots,NORTH,3
2025-06-09,Lots,SOUTH,5
2025-06-09,Lots,WEST,7
2025-06-09,Maison et jardin,EAST,122
2025-06-09,Maison et jardin,NORTH,104
2025-06-09,Maison et jardin,SOUTH,76
2025-06-09,Maison et jardin,WEST,72
2025-06-09,Meubles,EAST,41
2025-06-09,Meubles,NORTH,39
2025-06-09,Meubles,SOUTH,37
2025-06-09,Meubles,WEST,36
2025-06-09,Modules complémentaires du produit,EAST,4
2025-06-09,Modules complémentaires du produit,NORTH,4
2025-06-09,Modules complémentaires du produit,SOUTH,4
2025-06-09,Modules complémentaires du produit,WEST,2
2025-06-09,Médias,EAST,16
2025-06-09,Médias,NORTH,28
2025-06-09,Médias,SOUTH,6
2025-06-09,Médias,WEST,17
2025-06-09,Non classé,EAST,4
2025-06-09,Non classé,NORTH,1
2025-06-09,Non classé,SOUTH,1
2025-06-09,Non classé,WEST,3
2025-06-09,Offices religieux et cérémonies,EAST,12
2025-06-09,Offices religieux et cérémonies,NORTH,9
2025-06-09,Offices religieux et cérémonies,SOUTH,4
2025-06-09,Offices religieux et cérémonies,WEST,7
2025-06-09,Quincaillerie,EAST,33
2025-06-09,Quincaillerie,NORTH,39
2025-06-09,Quincaillerie,SOUTH,23
2025-06-09,Quincaillerie,WEST,29
2025-06-09,Santé et beauté,EAST,43
2025-06-09,Santé et beauté,NORTH,38
2025-06-09,Santé et beauté,SOUTH,29
2025-06-09,Santé et beauté,WEST,30
2025-06-09,Véhicules et accessoires,EAST,37
2025-06-09,Véhicules et accessoires,NORTH,37
2025-06-09,Véhicules et accessoires,SOUTH,19
2025-06-09,Véhicules et accessoires,WEST,21
2025-06-09,Vêtements et accessoires,EAST,61
2025-06-09,Vêtements et accessoires,NORTH,89
2025-06-09,Vêtements et accessoires,SOUTH,23
2025-06-09,Vêtements et accessoires,WEST,62
2025-06-09,Équipements sportifs,EAST,33
2025-06-09,Équipements sportifs,NORTH,36
2025-06-09,Équipements sportifs,SOUTH,27
2025-06-09,Équipements sportifs,WEST,22
2025-06-16,Animaux et articles pour animaux de compagnie,EAST,36
2025-06-16,Animaux et articles pour animaux de compagnie,NORTH,25
2025-06-16,Animaux et articles pour animaux de compagnie,SOUTH,30
2025-06-16,Animaux et articles pour animaux de compagnie,WEST,24
2025-06-16,"Appareils photo, caméras et instruments d'optique",EAST,5
2025-06-16,"Appareils photo, caméras et instruments d'optique",NORTH,8
2025-06-16,"Appareils photo, caméras et instruments d'optique",SOUTH,3
2025-06-16,"Appareils photo, caméras et instruments d'optique",WEST,1
2025-06-16,Appareils électroniques,EAST,41
2025-06-16,Appareils électroniques,NORTH,40
2025-06-16,Appareils électroniques,SOUTH,26
2025-06-16,Appareils électroniques,WEST,37
2025-06-16,Arts et loisirs,EAST,33
2025-06-16,Arts et loisirs,NORTH,25
2025-06-16,Arts et loisirs,SOUTH,18
2025-06-16,Arts et loisirs,WEST,17
2025-06-16,Bagages et maroquinerie,EAST,34
2025-06-16,Bagages et maroquinerie,NORTH,31
2025-06-16,Bagages et maroquinerie,SOUTH,17
2025-06-16,Bagages et maroquinerie,WEST,30
2025-06-16,Bébés et tout-petits,EAST,50
2025-06-16,Bébés et tout-petits,NORTH,41
2025-06-16,Bébés et tout-petits,SOUTH,12
2025-06-16,Bébés et tout-petits,WEST,17
2025-06-16,Entreprise et industrie,EAST,12
2025-06-16,Entreprise et industrie,NORTH,17
2025-06-16,Entreprise et industrie,SOUTH,6
2025-06-16,Entreprise et industrie,WEST,9
2025-06-16,Fournitures de bureau,EAST,44
2025-06-16,Fournitures de bureau,NORTH,37
2025-06-16,Fournitures de bureau,SOUTH,20
2025-06-16,Fournitures de bureau,WEST,31
2025-06-16,Jeux et jouets,EAST,19
2025-06-16,Jeux et jouets,NORTH,19
2025-06-16,Jeux et jouets,SOUTH,12
2025-06-16,Jeux et jouets,WEST,11
2025-06-16,Logiciels,EAST,2
2025-06-16,Logiciels,NORTH,1
2025-06-16,Logiciels,SOUTH,2
2025-06-16,Logiciels,WEST,3
2025-06-16,Lots,EAST,8
2025-06-16,Lots,NORTH,11
2025-06-16,Lots,SOUTH,4
2025-06-16,Lots,WEST,12
2025-06-16,Maison et jardin,EAST,112
2025-06-16,Maison et jardin,NORTH,108
2025-06-16,Maison et jardin,SOUTH,63
2025-06-16,Maison et jardin,WEST,81
2025-06-16,Meubles,EAST,50
2025-06-16,Meubles,NORTH,47
2025-06-16,Meubles,SOUTH,27
2025-06-16,Meubles,WEST,30
2025-06-16,Modules complémentaires du produit,EAST,4
2025-06-16,Modules complémentaires du produit,NORTH,2
2025-06-16,Modules complémentaires du produit,SOUTH,3
2025-06-16,Modules complémentaires du produit,WEST,3
2025-06-16,Médias,EAST,17
2025-06-16,Médias,NORTH,16
2025-06-16,Médias,SOUTH,8
2025-06-16,Médias,WEST,7
2025-06-16,Non classé,EAST,1
2025-06-16,Non classé,NORTH,3
2025-06-16,Non classé,SOUTH,1
2025-06-16,Offices religieux et cérémonies,EAST,11
2025-06-16,Offices religieux et cérémonies,NORTH,9
2025-06-16,Offices religieux et cérémonies,SOUTH,5
2025-06-16,Offices religieux et cérémonies,WEST,5
2025-06-16,Quincaillerie,EAST,29
2025-06-16,Quincaillerie,NORTH,46
2025-06-16,Quincaillerie,SOUTH,21
2025-06-16,Quincaillerie,WEST,21
2025-06-16,Santé et beauté,EAST,39
2025-06-16,Santé et beauté,NORTH,48
2025-06-16,Santé et beauté,SOUTH,20
2025-06-16,Santé et beauté,WEST,34
2025-06-16,Véhicules et accessoires,EAST,34
2025-06-16,Véhicules et accessoires,NORTH,26
2025-06-16,Véhicules et accessoires,SOUTH,25
2025-06-16,Véhicules et accessoires,WEST,32
2025-06-16,Vêtements et accessoires,EAST,68
2025-06-16,Vêtements et accessoires,NORTH,68
2025-06-16,Vêtements et accessoires,SOUTH,40
2025-06-16,Vêtements et accessoires,WEST,50
2025-06-16,Équipements sportifs,EAST,37
2025-06-16,Équipements sportifs,NORTH,47
2025-06-16,Équipements sportifs,SOUTH,14
2025-06-16,Équipements sportifs,WEST,22
2025-06-23,Animaux et articles pour animaux de compagnie,EAST,43
2025-06-23,Animaux et articles pour animaux de compagnie,NORTH,39
2025-06-23,Animaux et articles pour animaux de compagnie,SOUTH,16
2025-06-23,Animaux et articles pour animaux de compagnie,WEST,35
2025-06-23,"Appareils photo, caméras et instruments d'optique",EAST,10
2025-06-23,"Appareils photo, caméras et instruments d'optique",NORTH,4
2025-06-23,"Appareils photo, caméras et instruments d'optique",SOUTH,5
2025-06-23,"Appareils photo, caméras et instruments d'optique",WEST,5
2025-06-23,Appareils électroniques,EAST,63
2025-06-23,Appareils électroniques,NORTH,46
2025-06-23,Appareils électroniques,SOUTH,20
2025-06-23,Appareils électroniques,WEST,15
2025-06-23,Arts et loisirs,EAST,34
2025-06-23,Arts et loisirs,NORTH,34
2025-06-23,Arts et loisirs,SOUTH,23
2025-06-23,Arts et loisirs,WEST,23
2025-06-23,Bagages et maroquinerie,EAST,36
2025-06-23,Bagages et maroquinerie,NORTH,38
2025-06-23,Bagages et maroquinerie,SOUTH,13
2025-06-23,Bagages et maroquinerie,WEST,32
2025-06-23,Bébés et tout-petits,EAST,30
2025-06-23,Bébés et tout-petits,NORTH,36
2025-06-23,Bébés et tout-petits,SOUTH,22
2025-06-23,Bébés et tout-petits,WEST,23
2025-06-23,Entreprise et industrie,EAST,9
2025-06-23,Entreprise et industrie,NORTH,17
2025-06-23,Entreprise et industrie,SOUTH,12
2025-06-23,Entreprise et industrie,WEST,8
2025-06-23,Fournitures de bureau,EAST,33
2025-06-23,Fournitures de bureau,NORTH,37
2025-06-23,Fournitures de bureau,SOUTH,20
2025-06-23,Fournitures de bureau,WEST,24
2025-06-23,Jeux et jouets,EAST,21
2025-06-23,Jeux et jouets,NORTH,14
2025-06-23,Jeux et jouets,SOUTH,9
2025-06-23,Jeux et jouets,WEST,15
2025-06-23,Logiciels,EAST,3
2025-06-23,Logiciels,NORTH,2
2025-06-23,Logiciels,SOUTH,1
2025-06-23,Logiciels,WEST,1
2025-06-23,Lots,EAST,4
2025-06-23,Lots,NORTH,8
2025-06-23,Lots,SOUTH,4
2025-06-23,Lots,WEST,6
2025-06-23,Maison et jardin,EAST,105
2025-06-23,Maison et jardin,NORTH,127
2025-06-23,Maison et jardin,SOUTH,66
2025-06-23,Maison et jardin,WEST,80
2025-06-23,Meubles,EAST,44
2025-06-23,Meubles,NORTH,47
2025-06-23,Meubles,SOUTH,32
2025-06-23,Meubles,WEST,18
2025-06-23,Modules complémentaires du produit,EAST,1
2025-06-23,Modules complémentaires du produit,NORTH,4
2025-06-23,Modules complémentaires du produit,SOUTH,2
2025-06-23,Médias,EAST,18
2025-06-23,Médias,NORTH,28
2025-06-23,Médias,SOUTH,5
2025-06-23,Médias,WEST,8
2025-06-23,Non classé,EAST,2
2025-06-23,Non classé,NORTH,2
2025-06-23,Non classé,SOUTH,1
2025-06-23,Non classé,WEST,2
2025-06-23,Offices religieux et cérémonies,EAST,6
2025-06-23,Offices religieux et cérémonies,NORTH,9
2025-06-23,Offices religieux et cérémonies,SOUTH,4
2025-06-23,Offices religieux et cérémonies,WEST,12
2025-06-23,Quincaillerie,EAST,39
2025-06-23,Quincaillerie,NORTH,34
2025-06-23,Quincaillerie,SOUTH,16
2025-06-23,Quincaillerie,WEST,17
2025-06-23,Santé et beauté,EAST,40
2025-06-23,Santé et beauté,NORTH,41
2025-06-23,Santé et beauté,SOUTH,23
2025-06-23,Santé et beauté,WEST,36
2025-06-23,Véhicules et accessoires,EAST,37
2025-06-23,Véhicules et accessoires,NORTH,39
2025-06-23,Véhicules et accessoires,SOUTH,33
2025-06-23,Véhicules et accessoires,WEST,20
2025-06-23,Vêtements et accessoires,EAST,69
2025-06-23,Vêtements et accessoires,NORTH,72
2025-06-23,Vêtements et accessoires,SOUTH,47
2025-06-23,Vêtements et accessoires,WEST,59
2025-06-23,Équipements sportifs,EAST,27
2025-06-23,Équipements sportifs,NORTH,37
2025-06-23,Équipements sportifs,SOUTH,17
2025-06-23,Équipements sportifs,WEST,25
2025-06-30,Animaux et articles pour animaux de compagnie,EAST,34
2025-06-30,Animaux et articles pour animaux de compagnie,NORTH,32
2025-06-30,Animaux et articles pour animaux de compagnie,SOUTH,23
2025-06-30,Animaux et articles pour animaux de compagnie,WEST,11
2025-06-30,"Appareils photo, caméras et instruments d'optique",EAST,5
2025-06-30,"Appareils photo, caméras et instruments d'optique",NORTH,3
2025-06-30,"Appareils photo, caméras et instruments d'optique",SOUTH,3
2025-06-30,"Appareils photo, caméras et instruments d'optique",WEST,3
2025-06-30,Appareils électroniques,EAST,43
2025-06-30,Appareils électroniques,NORTH,45
2025-06-30,Appareils électroniques,SOUTH,33
2025-06-30,Appareils électroniques,WEST,25
2025-06-30,Arts et loisirs,EAST,39
2025-06-30,Arts et loisirs,NORTH,29
2025-06-30,Arts et loisirs,SOUTH,17
2025-06-30,Arts et loisirs,WEST,24
2025-06-30,Bagages et maroquinerie,EAST,51
2025-06-30,Bagages et maroquinerie,NORTH,39
2025-06-30,Bagages et maroquinerie,SOUTH,17
2025-06-30,Bagages et maroquinerie,WEST,30
2025-06-30,Bébés et tout-petits,EAST,46
2025-06-30,Bébés et tout-petits,NORTH,32
2025-06-30,Bébés et tout-petits,SOUTH,22
2025-06-30,Bébés et tout-petits,WEST,25
2025-06-30,Entreprise et industrie,EAST,18
2025-06-30,Entreprise et industrie,NORTH,11
2025-06-30,Entreprise et industrie,SOUTH,10
2025-06-30,Entreprise et industrie,WEST,11
2025-06-30,Fournitures de bureau,EAST,29
2025-06-30,Fournitures de bureau,NORTH,35
2025-06-30,Fournitures de bureau,SOUTH,16
2025-06-30,Fournitures de bureau,WEST,29
2025-06-30,Jeux et jouets,EAST,21
2025-06-30,Jeux et jouets,NORTH,12
2025-06-30,Jeux et jouets,SOUTH,12
2025-06-30,Jeux et jouets,WEST,9
2025-06-30,Logiciels,EAST,4
2025-06-30,Logiciels,NORTH,5
2025-06-30,Logiciels,SOUTH,1
2025-06-30,Logiciels,WEST,3
2025-06-30,Lots,EAST,9
2025-06-30,Lots,NORTH,8
2025-06-30,Lots,SOUTH,5
2025-06-30,Lots,WEST,2
2025-06-30,Maison et jardin,EAST,103
2025-06-30,Maison et jardin,NORTH,88
2025-06-30,Maison et jardin,SOUTH,59
2025-06-30,Maison et jardin,WEST,83
2025-06-30,Meubles,EAST,42
2025-06-30,Meubles,NORTH,52
2025-06-30,Meubles,SOUTH,18
2025-06-30,Meubles,WEST,26
2025-06-30,Modules complémentaires du produit,EAST,1
2025-06-30,Modules complémentaires du produit,NORTH,2
2025-06-30,Modules complémentaires du produit,SOUTH,4
2025-06-30,Modules complémentaires du produit,WEST,2
2025-06-30,Médias,EAST,18
2025-06-30,Médias,NORTH,16
2025-06-30,Médias,SOUTH,8
2025-06-30,Médias,WEST,11
2025-06-30,Non classé,SOUTH,2
2025-06-30,Non classé,WEST,4
2025-06-30,Offices religieux et cérémonies,EAST,6
2025-06-30,Offices religieux et cérémonies,NORTH,12
2025-06-30,Offices religieux et cérémonies,SOUTH,5
2025-06-30,Offices religieux et cérémonies,WEST,10
2025-06-30,Quincaillerie,EAST,26
2025-06-30,Quincaillerie,NORTH,31
2025-06-30,Quincaillerie,SOUTH,24
2025-06-30,Quincaillerie,WEST,26
2025-06-30,Santé et beauté,EAST,42
2025-06-30,Santé et beauté,NORTH,56
2025-06-30,Santé et beauté,SOUTH,28
2025-06-30,Santé et beauté,WEST,23
2025-06-30,Véhicules et accessoires,EAST,32
2025-06-30,Véhicules et accessoires,NORTH,37
2025-06-30,Véhicules et accessoires,SOUTH,21
2025-06-30,Véhicules et accessoires,WEST,24
2025-06-30,Vêtements et accessoires,EAST,66
2025-06-30,Vêtements et accessoires,NORTH,73
2025-06-30,Vêtements et accessoires,SOUTH,36
2025-06-30,Vêtements et accessoires,WEST,49
2025-06-30,Équipements sportifs,EAST,33
2025-06-30,Équipements sportifs,NORTH,33
2025-06-30,Équipements sportifs,SOUTH,19
2025-06-30,Équipements sportifs,WEST,31
2025-07-07,Animaux et articles pour animaux de compagnie,EAST,45
2025-07-07,Animaux et articles pour animaux de compagnie,NORTH,38
2025-07-07,Animaux et articles pour animaux de compagnie,SOUTH,29
2025-07-07,Animaux et articles pour animaux de compagnie,WEST,28
2025-07-07,"Appareils photo, caméras et instruments d'optique",EAST,9
2025-07-07,"Appareils photo, caméras et instruments d'optique",NORTH,3
2025-07-07,"Appareils photo, caméras et instruments d'optique",SOUTH,2
2025-07-07,"Appareils photo, caméras et instruments d'optique",WEST,3
2025-07-07,Appareils électroniques,EAST,51
2025-07-07,Appareils électroniques,NORTH,38
2025-07-07,Appareils électroniques,SOUTH,22
2025-07-07,Appareils électroniques,WEST,30
2025-07-07,Arts et loisirs,EAST,33
2025-07-07,Arts et loisirs,NORTH,45
2025-07-07,Arts et loisirs,SOUTH,23
2025-07-07,Arts et loisirs,WEST,27
2025-07-07,Bagages et maroquinerie,EAST,37
2025-07-07,Bagages et maroquinerie,NORTH,49
2025-07-07,Bagages et maroquinerie,SOUTH,10
2025-07-07,Bagages et maroquinerie,WEST,25
2025-07-07,Bébés et tout-petits,EAST,41
2025-07-07,Bébés et tout-petits,NORTH,38
2025-07-07,Bébés et tout-petits,SOUTH,24
2025-07-07,Bébés et tout-petits,WEST,19
2025-07-07,Entreprise et industrie,EAST,15
2025-07-07,Entreprise et industrie,NORTH,19
2025-07-07,Entreprise et industrie,SOUTH,14
2025-07-07,Entreprise et industrie,WEST,11
2025-07-07,Fournitures de bureau,EAST,39
2025-07-07,Fournitures de bureau,NORTH,40
2025-07-07,Fournitures de bureau,SOUTH,17
2025-07-07,Fournitures de bureau,WEST,15
2025-07-07,Jeux et jouets,EAST,13
2025-07-07,Jeux et jouets,NORTH,22
2025-07-07,Jeux et jouets,SOUTH,5
2025-07-07,Jeux et jouets,WEST,13
2025-07-07,Logiciels,EAST,4
2025-07-07,Logiciels,NORTH,1
2025-07-07,Logiciels,WEST,1
2025-07-07,Lots,EAST,5
2025-07-07,Lots,NORTH,7
2025-07-07,Lots,SOUTH,4
2025-07-07,Lots,WEST,7
2025-07-07,Maison et jardin,EAST,102
2025-07-07,Maison et jardin,NORTH,101
2025-07-07,Maison et jardin,SOUTH,55
2025-07-07,Maison et jardin,WEST,79
2025-07-07,Meubles,EAST,41
2025-07-07,Meubles,NORTH,57
2025-07-07,Meubles,SOUTH,18
2025-07-07,Meubles,WEST,34
2025-07-07,Modules complémentaires du produit,EAST,2
2025-07-07,Modules complémentaires du produit,NORTH,7
2025-07-07,Modules complémentaires du produit,SOUTH,3
2025-07-07,Modules complémentaires du produit,WEST,3
2025-07-07,Médias,EAST,10
2025-07-07,Médias,NORTH,19
2025-07-07,Médias,SOUTH,15
2025-07-07,Médias,WEST,9
2025-07-07,Non classé,NORTH,2
2025-07-07,Non classé,SOUTH,1
2025-07-07,Non classé,WEST,1
2025-07-07,Offices religieux et cérémonies,EAST,8
2025-07-07,Offices religieux et cérémonies,NORTH,8
2025-07-07,Offices religieux et cérémonies,SOUTH,8
2025-07-07,Offices religieux et cérémonies,WEST,10
2025-07-07,Quincaillerie,EAST,33
2025-07-07,Quincaillerie,NORTH,40
2025-07-07,Quincaillerie,SOUTH,18
2025-07-07,Quincaillerie,WEST,18
2025-07-07,Santé et beauté,EAST,31
2025-07-07,Santé et beauté,NORTH,38
2025-07-07,Santé et beauté,SOUTH,31
2025-07-07,Santé et beauté,WEST,36
2025-07-07,Véhicules et accessoires,EAST,42
2025-07-07,Véhicules et accessoires,NORTH,36
2025-07-07,Véhicules et accessoires,SOUTH,21
2025-07-07,Véhicules et accessoires,WEST,33
2025-07-07,Vêtements et accessoires,EAST,65
2025-07-07,Vêtements et accessoires,NORTH,72
2025-07-07,Vêtements et accessoires,SOUTH,44
2025-07-07,Vêtements et accessoires,WEST,56
2025-07-07,Équipements sportifs,EAST,36
2025-07-07,Équipements sportifs,NORTH,39
2025-07-07,Équipements sportifs,SOUTH,21
2025-07-07,Équipements sportifs,WEST,25
2025-07-14,Animaux et articles pour animaux de compagnie,EAST,24
2025-07-14,Animaux et articles pour animaux de compagnie,NORTH,38
2025-07-14,Animaux et articles pour animaux de compagnie,SOUTH,21
2025-07-14,Animaux et articles pour animaux de compagnie,WEST,20
2025-07-14,"Appareils photo, caméras et instruments d'optique",EAST,4
2025-07-14,"Appareils photo, caméras et instruments d'optique",NORTH,4
2025-07-14,"Appareils photo, caméras et instruments d'optique",SOUTH,1
2025-07-14,"Appareils photo, caméras et instruments d'optique",WEST,5
2025-07-14,Appareils électroniques,EAST,37
2025-07-14,Appareils électroniques,NORTH,46
2025-07-14,Appareils électroniques,SOUTH,24
2025-07-14,Appareils électroniques,WEST,25
2025-07-14,Arts et loisirs,EAST,31
2025-07-14,Arts et loisirs,NORTH,45
2025-07-14,Arts et loisirs,SOUTH,14
2025-07-14,Arts et loisirs,WEST,21
2025-07-14,Bagages et maroquinerie,EAST,36
2025-07-14,Bagages et maroquinerie,NORTH,40
2025-07-14,Bagages et maroquinerie,SOUTH,23
2025-07-14,Bagages et maroquinerie,WEST,19
2025-07-14,Bébés et tout-petits,EAST,30
2025-07-14,Bébés et tout-petits,NORTH,37
2025-07-14,Bébés et tout-petits,SOUTH,11
2025-07-14,Bébés et tout-petits,WEST,25
2025-07-14,Entreprise et industrie,EAST,9
2025-07-14,Entreprise et industrie,NORTH,13
2025-07-14,Entreprise et industrie,SOUTH,12
2025-07-14,Entreprise et industrie,WEST,6
2025-07-14,Fournitures de bureau,EAST,33
2025-07-14,Fournitures de bureau,NORTH,30
2025-07-14,Fournitures de bureau,SOUTH,23
2025-07-14,Fournitures de bureau,WEST,23
2025-07-14,Jeux et jouets,EAST,14
2025-07-14,Jeux et jouets,NORTH,20
2025-07-14,Jeux et jouets,SOUTH,8
2025-07-14,Jeux et jouets,WEST,11
2025-07-14,Logiciels,EAST,5
2025-07-14,Logiciels,NORTH,5
2025-07-14,Logiciels,SOUTH,1
2025-07-14,Lots,EAST,5
2025-07-14,Lots,NORTH,6
2025-07-14,Lots,SOUTH,4
2025-07-14,Lots,WEST,6
2025-07-14,Maison et jardin,EAST,111
2025-07-14,Maison et jardin,NORTH,119
2025-07-14,Maison et jardin,SOUTH,77
2025-07-14,Maison et jardin,WEST,78
2025-07-14,Meubles,EAST,44
2025-07-14,Meubles,NORTH,53
2025-07-14,Meubles,SOUTH,26
2025-07-14,Meubles,WEST,44
2025-07-14,Modules complémentaires du produit,EAST,2
2025-07-14,Modules complémentaires du produit,NORTH,5
2025-07-14,Modules complémentaires du produit,SOUTH,1
2025-07-14,Modules complémentaires du produit,WEST,1
2025-07-14,Médias,EAST,29
2025-07-14,Médias,NORTH,24
2025-07-14,Médias,SOUTH,4
2025-07-14,Médias,WEST,18
2025-07-14,Non classé,EAST,2
2025-07-14,Non classé,NORTH,2
2025-07-14,Non classé,SOUTH,1
2025-07-14,Non classé,WEST,1
2025-07-14,Offices religieux et cérémonies,EAST,12
2025-07-14,Offices religieux et cérémonies,NORTH,12
2025-07-14,Offices religieux et cérémonies,SOUTH,13
2025-07-14,Offices religieux et cérémonies,WEST,8
2025-07-14,Quincaillerie,EAST,36
2025-07-14,Quincaillerie,NORTH,35
2025-07-14,Quincaillerie,SOUTH,14
2025-07-14,Quincaillerie,WEST,21
2025-07-14,Santé et beauté,EAST,38
2025-07-14,Santé et beauté,NORTH,48
2025-07-14,Santé et beauté,SOUTH,17
2025-07-14,Santé et beauté,WEST,28
2025-07-14,Véhicules et accessoires,EAST,38
2025-07-14,Véhicules et accessoires,NORTH,39
2025-07-14,Véhicules et accessoires,SOUTH,24
2025-07-14,Véhicules et accessoires,WEST,24
2025-07-14,Vêtements et accessoires,EAST,63
2025-07-14,Vêtements et accessoires,NORTH,78
2025-07-14,Vêtements et accessoires,SOUTH,49
2025-07-14,Vêtements et accessoires,WEST,49
2025-07-14,Équipements sportifs,EAST,33
2025-07-14,Équipements sportifs,NORTH,37
2025-07-14,Équipements sportifs,SOUTH,23
2025-07-14,Équipements sportifs,WEST,27
2025-07-21,Animaux et articles pour animaux de compagnie,EAST,50
2025-07-21,Animaux et articles pour animaux de compagnie,NORTH,22
2025-07-21,Animaux et articles pour animaux de compagnie,SOUTH,21
2025-07-21,Animaux et articles pour animaux de compagnie,WEST,21
2025-07-21,"Appareils photo, caméras et instruments d'optique",EAST,13
2025-07-21,"Appareils photo, caméras et instruments d'optique",NORTH,9
2025-07-21,"Appareils photo, caméras et instruments d'optique",SOUTH,1
2025-07-21,"Appareils photo, caméras et instruments d'optique",WEST,2
2025-07-21,Appareils électroniques,EAST,44
2025-07-21,Appareils électroniques,NORTH,50
2025-07-21,Appareils électroniques,SOUTH,28
2025-07-21,Appareils électroniques,WEST,29
2025-07-21,Arts et loisirs,EAST,32
2025-07-21,Arts et loisirs,NORTH,44
2025-07-21,Arts et loisirs,SOUTH,18
2025-07-21,Arts et loisirs,WEST,15
2025-07-21,Bagages et maroquinerie,EAST,40
2025-07-21,Bagages et maroquinerie,NORTH,31
2025-07-21,Bagages et maroquinerie,SOUTH,23
2025-07-21,Bagages et maroquinerie,WEST,27
2025-07-21,Bébés et tout-petits,EAST,33
2025-07-21,Bébés et tout-petits,NORTH,36
2025-07-21,Bébés et tout-petits,SOUTH,25
2025-07-21,Bébés et tout-petits,WEST,27
2025-07-21,Entreprise et industrie,EAST,14
2025-07-21,Entreprise et industrie,NORTH,15
2025-07-21,Entreprise et industrie,SOUTH,9
2025-07-21,Entreprise et industrie,WEST,10
2025-07-21,Fournitures de bureau,EAST,27
2025-07-21,Fournitures de bureau,NORTH,32
2025-07-21,Fournitures de bureau,SOUTH,16
2025-07-21,Fournitures de bureau,WEST,23
2025-07-21,Jeux et jouets,EAST,16
2025-07-21,Jeux et jouets,NORTH,14
2025-07-21,Jeux et jouets,SOUTH,7
2025-07-21,Jeux et jouets,WEST,7
2025-07-21,Logiciels,EAST,2
2025-07-21,Logiciels,NORTH,4
2025-07-21,Logiciels,SOUTH,5
2025-07-21,Logiciels,WEST,4
2025-07-21,Lots,EAST,6
2025-07-21,Lots,NORTH,9
2025-07-21,Lots,SOUTH,3
2025-07-21,Lots,WEST,6
2025-07-21,Maison et jardin,EAST,101
2025-07-21,Maison et jardin,NORTH,129
2025-07-21,Maison et jardin,SOUTH,58
2025-07-21,Maison et jardin,WEST,78
2025-07-21,Meubles,EAST,57
2025-07-21,Meubles,NORTH,48
2025-07-21,Meubles,SOUTH,29
2025-07-21,Meubles,WEST,27
2025-07-21,Modules complémentaires du produit,EAST,4
2025-07-21,Modules complémentaires du produit,NORTH,4
2025-07-21,Modules complémentaires du produit,SOUTH,1
2025-07-21,Modules complémentaires du produit,WEST,1
2025-07-21,Médias,EAST,24
2025-07-21,Médias,NORTH,10
2025-07-21,Médias,SOUTH,7
2025-07-21,Médias,WEST,20
2025-07-21,Non classé,EAST,1
2025-07-21,Non classé,NORTH,1
2025-07-21,Non classé,WEST,2
2025-07-21,Offices religieux et cérémonies,EAST,11
2025-07-21,Offices religieux et cérémonies,NORTH,21
2025-07-21,Offices religieux et cérémonies,SOUTH,5
2025-07-21,Offices religieux et cérémonies,WEST,5
2025-07-21,Quincaillerie,EAST,33
2025-07-21,Quincaillerie,NORTH,40
2025-07-21,Quincaillerie,SOUTH,23
2025-07-21,Quincaillerie,WEST,13
2025-07-21,Santé et beauté,EAST,47
2025-07-21,Santé et beauté,NORTH,30
2025-07-21,Santé et beauté,SOUTH,30
2025-07-21,Santé et beauté,WEST,31
2025-07-21,Véhicules et accessoires,EAST,35
2025-07-21,Véhicules et accessoires,NORTH,36
2025-07-21,Véhicules et accessoires,SOUTH,21
2025-07-21,Véhicules et accessoires,WEST,34
2025-07-21,Vêtements et accessoires,EAST,70
2025-07-21,Vêtements et accessoires,NORTH,85
2025-07-21,Vêtements et accessoires,SOUTH,50
2025-07-21,Vêtements et accessoires,WEST,47
2025-07-21,Équipements sportifs,EAST,37
2025-07-21,Équipements sportifs,NORTH,36
2025-07-21,Équipements sportifs,SOUTH,15
2025-07-21,Équipements sportifs,WEST,28
2025-07-28,Animaux et articles pour animaux de compagnie,EAST,35
2025-07-28,Animaux et articles pour animaux de compagnie,NORTH,41
2025-07-28,Animaux et articles pour animaux de compagnie,SOUTH,22
2025-07-28,Animaux et articles pour animaux de compagnie,WEST,28
2025-07-28,"Appareils photo, caméras et instruments d'optique",EAST,2
2025-07-28,"Appareils photo, caméras et instruments d'optique",NORTH,7
2025-07-28,"Appareils photo, caméras et instruments d'optique",SOUTH,6
2025-07-28,"Appareils photo, caméras et instruments d'optique",WEST,7
2025-07-28,Appareils électroniques,EAST,40
2025-07-28,Appareils électroniques,NORTH,52
2025-07-28,Appareils électroniques,SOUTH,30
2025-07-28,Appareils électroniques,WEST,29
2025-07-28,Arts et loisirs,EAST,36
2025-07-28,Arts et loisirs,NORTH,31
2025-07-28,Arts et loisirs,SOUTH,28
2025-07-28,Arts et loisirs,WEST,22
2025-07-28,Bagages et maroquinerie,EAST,34
2025-07-28,Bagages et maroquinerie,NORTH,38
2025-07-28,Bagages et maroquinerie,SOUTH,30
2025-07-28,Bagages et maroquinerie,WEST,20
2025-07-28,Bébés et tout-petits,EAST,27
2025-07-28,Bébés et tout-petits,NORTH,45
2025-07-28,Bébés et tout-petits,SOUTH,17
2025-07-28,Bébés et tout-petits,WEST,23
2025-07-28,Entreprise et industrie,EAST,15
2025-07-28,Entreprise et industrie,NORTH,13
2025-07-28,Entreprise et industrie,SOUTH,8
2025-07-28,Entreprise et industrie,WEST,8
2025-07-28,Fournitures de bureau,EAST,34
2025-07-28,Fournitures de bureau,NORTH,37
2025-07-28,Fournitures de bureau,SOUTH,27
2025-07-28,Fournitures de bureau,WEST,27
2025-07-28,Jeux et jouets,EAST,25
2025-07-28,Jeux et jouets,NORTH,26
2025-07-28,Jeux et jouets,SOUTH,9
2025-07-28,Jeux et jouets,WEST,13
2025-07-28,Logiciels,EAST,4
2025-07-28,Logiciels,NORTH,5
2025-07-28,Logiciels,SOUTH,3
2025-07-28,Logiciels,WEST,1
2025-07-28,Lots,EAST,4
2025-07-28,Lots,NORTH,6
2025-07-28,Lots,SOUTH,4
2025-07-28,Lots,WEST,4
2025-07-28,Maison et jardin,EAST,110
2025-07-28,Maison et jardin,NORTH,108
2025-07-28,Maison et jardin,SOUTH,77
2025-07-28,Maison et jardin,WEST,71
2025-07-28,Meubles,EAST,41
2025-07-28,Meubles,NORTH,55
2025-07-28,Meubles,SOUTH,30
2025-07-28,Meubles,WEST,27
2025-07-28,Modules complémentaires du produit,EAST,1
2025-07-28,Modules complémentaires du produit,NORTH,1
2025-07-28,Modules complémentaires du produit,SOUTH,2
2025-07-28,Modules complémentaires du produit,WEST,4
2025-07-28,Médias,EAST,16
2025-07-28,Médias,NORTH,18
2025-07-28,Médias,SOUTH,14
2025-07-28,Médias,WEST,9
2025-07-28,Non classé,EAST,1
2025-07-28,Non classé,SOUTH,1
2025-07-28,Non classé,WEST,1
2025-07-28,Offices religieux et cérémonies,EAST,8
2025-07-28,Offices religieux et cérémonies,NORTH,11
2025-07-28,Offices religieux et cérémonies,SOUTH,7
2025-07-28,Offices religieux et cérémonies,WEST,7
2025-07-28,Quincaillerie,EAST,45
2025-07-28,Quincaillerie,NORTH,40
2025-07-28,Quincaillerie,SOUTH,19
2025-07-28,Quincaillerie,WEST,15
2025-07-28,Santé et beauté,EAST,45
2025-07-28,Santé et beauté,NORTH,49
2025-07-28,Santé et beauté,SOUTH,28
2025-07-28,Santé et beauté,WEST,44
2025-07-28,Véhicules et accessoires,EAST,40
2025-07-28,Véhicules et accessoires,NORTH,42
2025-07-28,Véhicules et accessoires,SOUTH,17
2025-07-28,Véhicules et accessoires,WEST,26
2025-07-28,Vêtements et accessoires,EAST,67
2025-07-28,Vêtements et accessoires,NORTH,87
2025-07-28,Vêtements et accessoires,SOUTH,33
2025-07-28,Vêtements et accessoires,WEST,45
2025-07-28,Équipements sportifs,EAST,27
2025-07-28,Équipements sportifs,NORTH,32
2025-07-28,Équipements sportifs,SOUTH,20
2025-07-28,Équipements sportifs,WEST,20
2025-08-04,Animaux et articles pour animaux de compagnie,EAST,35
2025-08-04,Animaux et articles pour animaux de compagnie,NORTH,30
2025-08-04,Animaux et articles pour animaux de compagnie,SOUTH,23
2025-08-04,Animaux et articles pour animaux de compagnie,WEST,23
2025-08-04,"Appareils photo, caméras et instruments d'optique",EAST,4
2025-08-04,"Appareils photo, caméras et instruments d'optique",NORTH,3
2025-08-04,"Appareils photo, caméras et instruments d'optique",SOUTH,2
2025-08-04,"Appareils photo, caméras et instruments d'optique",WEST,9
2025-08-04,Appareils électroniques,EAST,35
2025-08-04,Appareils électroniques,NORTH,46
2025-08-04,Appareils électroniques,SOUTH,24
2025-08-04,Appareils électroniques,WEST,24
2025-08-04,Arts et loisirs,EAST,32
2025-08-04,Arts et loisirs,NORTH,36
2025-08-04,Arts et loisirs,SOUTH,25
2025-08-04,Arts et loisirs,WEST,20
2025-08-04,Bagages et maroquinerie,EAST,38
2025-08-04,Bagages et maroquinerie,NORTH,36
2025-08-04,Bagages et maroquinerie,SOUTH,14
2025-08-04,Bagages et maroquinerie,WEST,29
2025-08-04,Bébés et tout-petits,EAST,36
2025-08-04,Bébés et tout-petits,NORTH,39
2025-08-04,Bébés et tout-petits,SOUTH,24
2025-08-04,Bébés et tout-petits,WEST,34
2025-08-04,Entreprise et industrie,EAST,7
2025-08-04,Entreprise et industrie,NORTH,18
2025-08-04,Entreprise et industrie,SOUTH,7
2025-08-04,Entreprise et industrie,WEST,9
2025-08-04,Fournitures de bureau,EAST,35
2025-08-04,Fournitures de bureau,NORTH,42
2025-08-04,Fournitures de bureau,SOUTH,24
2025-08-04,Fournitures de bureau,WEST,29
2025-08-04,Jeux et jouets,EAST,11
2025-08-04,Jeux et jouets,NORTH,15
2025-08-04,Jeux et jouets,SOUTH,11
2025-08-04,Jeux et jouets,WEST,21
2025-08-04,Logiciels,EAST,4
2025-08-04,Logiciels,NORTH,2
2025-08-04,Logiciels,SOUTH,2
2025-08-04,Logiciels,WEST,2
2025-08-04,Lots,EAST,4
2025-08-04,Lots,NORTH,7
2025-08-04,Lots,SOUTH,4
2025-08-04,Lots,WEST,6
2025-08-04,Maison et jardin,EAST,109
2025-08-04,Maison et jardin,NORTH,124
2025-08-04,Maison et jardin,SOUTH,59
2025-08-04,Maison et jardin,WEST,70
2025-08-04,Meubles,EAST,42
2025-08-04,Meubles,NORTH,47
2025-08-04,Meubles,SOUTH,33
2025-08-04,Meubles,WEST,33
2025-08-04,Modules complémentaires du produit,EAST,2
2025-08-04,Modules complémentaires du produit,NORTH,4
2025-08-04,Modules complémentaires du produit,SOUTH,2
2025-08-04,Modules complémentaires du produit,WEST,1
2025-08-04,Médias,EAST,25
2025-08-04,Médias,NORTH,22
2025-08-04,Médias,SOUTH,15
2025-08-04,Médias,WEST,15
2025-08-04,Non classé,EAST,2
2025-08-04,Non classé,NORTH,3
2025-08-04,Non classé,SOUTH,1
2025-08-04,Non classé,WEST,1
2025-08-04,Offices religieux et cérémonies,EAST,10
2025-08-04,Offices religieux et cérémonies,NORTH,9
2025-08-04,Offices religieux et cérémonies,SOUTH,6
2025-08-04,Offices religieux et cérémonies,WEST,8
2025-08-04,Quincaillerie,EAST,36
2025-08-04,Quincaillerie,NORTH,28
2025-08-04,Quincaillerie,SOUTH,20
2025-08-04,Quincaillerie,WEST,15
2025-08-04,Santé et beauté,EAST,38
2025-08-04,Santé et beauté,NORTH,52
2025-08-04,Santé et beauté,SOUTH,25
2025-08-04,Santé et beauté,WEST,27
2025-08-04,Véhicules et accessoires,EAST,40
2025-08-04,Véhicules et accessoires,NORTH,29
2025-08-04,Véhicules et accessoires,SOUTH,27
2025-08-04,Véhicules et accessoires,WEST,24
2025-08-04,Vêtements et accessoires,EAST,75
2025-08-04,Vêtements et accessoires,NORTH,64
2025-08-04,Vêtements et accessoires,SOUTH,36
2025-08-04,Vêtements et accessoires,WEST,54
2025-08-04,Équipements sportifs,EAST,36
2025-08-04,Équipements sportifs,NORTH,31
2025-08-04,Équipements sportifs,SOUTH,21
2025-08-04,Équipements sportifs,WEST,26
2025-08-11,Animaux et articles pour animaux de compagnie,EAST,31
2025-08-11,Animaux et articles pour animaux de compagnie,NORTH,25
2025-08-11,Animaux et articles pour animaux de compagnie,SOUTH,18
2025-08-11,Animaux et articles pour animaux de compagnie,WEST,19
2025-08-11,"Appareils photo, caméras et instruments d'optique",EAST,2
2025-08-11,"Appareils photo, caméras et instruments d'optique",NORTH,4
2025-08-11,"Appareils photo, caméras et instruments d'optique",SOUTH,4
2025-08-11,"Appareils photo, caméras et instruments d'optique",WEST,8
2025-08-11,Appareils électroniques,EAST,51
2025-08-11,Appareils électroniques,NORTH,48
2025-08-11,Appareils électroniques,SOUTH,26
2025-08-11,Appareils électroniques,WEST,27
2025-08-11,Arts et loisirs,EAST,27
2025-08-11,Arts et loisirs,NORTH,28
2025-08-11,Arts et loisirs,SOUTH,26
2025-08-11,Arts et loisirs,WEST,26
2025-08-11,Bagages et maroquinerie,EAST,35
2025-08-11,Bagages et maroquinerie,NORTH,42
2025-08-11,Bagages et maroquinerie,SOUTH,30
2025-08-11,Bagages et maroquinerie,WEST,22
2025-08-11,Bébés et tout-petits,EAST,32
2025-08-11,Bébés et tout-petits,NORTH,32
2025-08-11,Bébés et tout-petits,SOUTH,24
2025-08-11,Bébés et tout-petits,WEST,25
2025-08-11,Entreprise et industrie,EAST,16
2025-08-11,Entreprise et industrie,NORTH,13
2025-08-11,Entreprise et industrie,SOUTH,4
2025-08-11,Entreprise et industrie,WEST,13
2025-08-11,Fournitures de bureau,EAST,45
2025-08-11,Fournitures de bureau,NORTH,48
2025-08-11,Fournitures de bureau,SOUTH,22
2025-08-11,Fournitures de bureau,WEST,23
2025-08-11,Jeux et jouets,EAST,14
2025-08-11,Jeux et jouets,NORTH,16
2025-08-11,Jeux et jouets,SOUTH,6
2025-08-11,Jeux et jouets,WEST,14
2025-08-11,Logiciels,EAST,6
2025-08-11,Logiciels,NORTH,4
2025-08-11,Logiciels,WEST,2
2025-08-11,Lots,EAST,4
2025-08-11,Lots,NORTH,14
2025-08-11,Lots,SOUTH,3
2025-08-11,Lots,WEST,1
2025-08-11,Maison et jardin,EAST,122
2025-08-11,Maison et jardin,NORTH,120
2025-08-11,Maison et jardin,SOUTH,72
2025-08-11,Maison et jardin,WEST,84
2025-08-11,Meubles,EAST,40
2025-08-11,Meubles,NORTH,44
2025-08-11,Meubles,SOUTH,22
2025-08-11,Meubles,WEST,26
2025-08-11,Modules complémentaires du produit,EAST,2
2025-08-11,Modules complémentaires du produit,NORTH,3
2025-08-11,Modules complémentaires du produit,SOUTH,2
2025-08-11,Modules complémentaires du produit,WEST,2
2025-08-11,Médias,EAST,11
2025-08-11,Médias,NORTH,14
2025-08-11,Médias,SOUTH,5
2025-08-11,Médias,WEST,8
2025-08-11,Non classé,SOUTH,2
2025-08-11,Non classé,WEST,1
2025-08-11,Offices religieux et cérémonies,EAST,9
2025-08-11,Offices religieux et cérémonies,NORTH,12
2025-08-11,Offices religieux et cérémonies,SOUTH,6
2025-08-11,Offices religieux et cérémonies,WEST,7
2025-08-11,Quincaillerie,EAST,28
2025-08-11,Quincaillerie,NORTH,50
2025-08-11,Quincaillerie,SOUTH,19
2025-08-11,Quincaillerie,WEST,28
2025-08-11,Santé et beauté,EAST,36
2025-08-11,Santé et beauté,NORTH,43
2025-08-11,Santé et beauté,SOUTH,33
2025-08-11,Santé et beauté,WEST,32
2025-08-11,Véhicules et accessoires,EAST,43
2025-08-11,Véhicules et accessoires,NORTH,40
2025-08-11,Véhicules et accessoires,SOUTH,21
2025-08-11,Véhicules et accessoires,WEST,24
2025-08-11,Vêtements et accessoires,EAST,81
2025-08-11,Vêtements et accessoires,NORTH,74
2025-08-11,Vêtements et accessoires,SOUTH,42
2025-08-11,Vêtements et accessoires,WEST,49
2025-08-11,Équipements sportifs,EAST,38
2025-08-11,Équipements sportifs,NORTH,42
2025-08-11,Équipements sportifs,SOUTH,20
2025-08-11,Équipements sportifs,WEST,24
2025-08-18,Animaux et articles pour animaux de compagnie,EAST,30
2025-08-18,Animaux et articles pour animaux de compagnie,NORTH,42
2025-08-18,Animaux et articles pour animaux de compagnie,SOUTH,28
2025-08-18,Animaux et articles pour animaux de compagnie,WEST,32
2025-08-18,"Appareils photo, caméras et instruments d'optique",EAST,8
2025-08-18,"Appareils photo, caméras et instruments d'optique",NORTH,12
2025-08-18,"Appareils photo, caméras et instruments d'optique",SOUTH,5
2025-08-18,"Appareils photo, caméras et instruments d'optique",WEST,5
2025-08-18,Appareils électroniques,EAST,42
2025-08-18,Appareils électroniques,NORTH,39
2025-08-18,Appareils électroniques,SOUTH,18
2025-08-18,Appareils électroniques,WEST,34
2025-08-18,Arts et loisirs,EAST,30
2025-08-18,Arts et loisirs,NORTH,33
2025-08-18,Arts et loisirs,SOUTH,22
2025-08-18,Arts et loisirs,WEST,30
2025-08-18,Bagages et maroquinerie,EAST,46
2025-08-18,Bagages et maroquinerie,NORTH,35
2025-08-18,Bagages et maroquinerie,SOUTH,31
2025-08-18,Bagages et maroquinerie,WEST,22
2025-08-18,Bébés et tout-petits,EAST,35
2025-08-18,Bébés et tout-petits,NORTH,27
2025-08-18,Bébés et tout-petits,SOUTH,15
2025-08-18,Bébés et tout-petits,WEST,24
2025-08-18,Entreprise et industrie,EAST,15
2025-08-18,Entreprise et industrie,NORTH,16
2025-08-18,Entreprise et industrie,SOUTH,8
2025-08-18,Entreprise et industrie,WEST,15
2025-08-18,Fournitures de bureau,EAST,39
2025-08-18,Fournitures de bureau,NORTH,47
2025-08-18,Fournitures de bureau,SOUTH,20
2025-08-18,Fournitures de bureau,WEST,30
2025-08-18,Jeux et jouets,EAST,11
2025-08-18,Jeux et jouets,NORTH,16
2025-08-18,Jeux et jouets,SOUTH,6
2025-08-18,Jeux et jouets,WEST,9
2025-08-18,Logiciels,EAST,3
2025-08-18,Logiciels,NORTH,1
2025-08-18,Logiciels,SOUTH,3
2025-08-18,Logiciels,WEST,1
2025-08-18,Lots,EAST,11
2025-08-18,Lots,NORTH,4
2025-08-18,Lots,SOUTH,4
2025-08-18,Lots,WEST,4
2025-08-18,Maison et jardin,EAST,104
2025-08-18,Maison et jardin,NORTH,108
2025-08-18,Maison et jardin,SOUTH,64
2025-08-18,Maison et jardin,WEST,72
2025-08-18,Meubles,EAST,43
2025-08-18,Meubles,NORTH,43
2025-08-18,Meubles,SOUTH,26
2025-08-18,Meubles,WEST,29
2025-08-18,Modules complémentaires du produit,EAST,2
2025-08-18,Modules complémentaires du produit,NORTH,2
2025-08-18,Modules complémentaires du produit,SOUTH,2
2025-08-18,Modules complémentaires du produit,WEST,5
2025-08-18,Médias,EAST,11
2025-08-18,Médias,NORTH,9
2025-08-18,Médias,SOUTH,12
2025-08-18,Médias,WEST,8
2025-08-18,Non classé,NORTH,2
2025-08-18,Non classé,WEST,1
2025-08-18,Offices religieux et cérémonies,EAST,11
2025-08-18,Offices religieux et cérémonies,NORTH,15
2025-08-18,Offices religieux et cérémonies,SOUTH,2
2025-08-18,Offices religieux et cérémonies,WEST,3
2025-08-18,Quincaillerie,EAST,42
2025-08-18,Quincaillerie,NORTH,42
2025-08-18,Quincaillerie,SOUTH,20
2025-08-18,Quincaillerie,WEST,32
2025-08-18,Santé et beauté,EAST,40
2025-08-18,Santé et beauté,NORTH,54
2025-08-18,Santé et beauté,SOUTH,31
2025-08-18,Santé et beauté,WEST,29
2025-08-18,Véhicules et accessoires,EAST,34
2025-08-18,Véhicules et accessoires,NORTH,25
2025-08-18,Véhicules et accessoires,SOUTH,17
2025-08-18,Véhicules et accessoires,WEST,22
2025-08-18,Vêtements et accessoires,EAST,67
2025-08-18,Vêtements et accessoires,NORTH,87
2025-08-18,Vêtements et accessoires,SOUTH,54
2025-08-18,Vêtements et accessoires,WEST,45
2025-08-18,Équipements sportifs,EAST,36
2025-08-18,Équipements sportifs,NORTH,49
2025-08-18,Équipements sportifs,SOUTH,20
2025-08-18,Équipements sportifs,WEST,27
2025-08-25,Animaux et articles pour animaux de compagnie,EAST,30
2025-08-25,Animaux et articles pour animaux de compagnie,NORTH,30
2025-08-25,Animaux et articles pour animaux de compagnie,SOUTH,20
2025-08-25,Animaux et articles pour animaux de compagnie,WEST,24
2025-08-25,"Appareils photo, caméras et instruments d'optique",EAST,4
2025-08-25,"Appareils photo, caméras et instruments d'optique",NORTH,7
2025-08-25,"Appareils photo, caméras et instruments d'optique",SOUTH,3
2025-08-25,"Appareils photo, caméras et instruments d'optique",WEST,7
2025-08-25,Appareils électroniques,EAST,46
2025-08-25,Appareils électroniques,NORTH,52
2025-08-25,Appareils électroniques,SOUTH,17
2025-08-25,Appareils électroniques,WEST,40
2025-08-25,Arts et loisirs,EAST,23
2025-08-25,Arts et loisirs,NORTH,40
2025-08-25,Arts et loisirs,SOUTH,20
2025-08-25,Arts et loisirs,WEST,14
2025-08-25,Bagages et maroquinerie,EAST,43
2025-08-25,Bagages et maroquinerie,NORTH,43
2025-08-25,Bagages et maroquinerie,SOUTH,10
2025-08-25,Bagages et maroquinerie,WEST,22
2025-08-25,Bébés et tout-petits,EAST,36
2025-08-25,Bébés et tout-petits,NORTH,28
2025-08-25,Bébés et tout-petits,SOUTH,20
2025-08-25,Bébés et tout-petits,WEST,25
2025-08-25,Entreprise et industrie,EAST,14
2025-08-25,Entreprise et industrie,NORTH,20
2025-08-25,Entreprise et industrie,SOUTH,9
2025-08-25,Entreprise et industrie,WEST,7
2025-08-25,Fournitures de bureau,EAST,44
2025-08-25,Fournitures de bureau,NORTH,38
2025-08-25,Fournitures de bureau,SOUTH,25
2025-08-25,Fournitures de bureau,WEST,19
2025-08-25,Jeux et jouets,EAST,9
2025-08-25,Jeux et jouets,NORTH,19
2025-08-25,Jeux et jouets,SOUTH,12
2025-08-25,Jeux et jouets,WEST,6
2025-08-25,Logiciels,EAST,3
2025-08-25,Logiciels,NORTH,1
2025-08-25,Logiciels,SOUTH,3
2025-08-25,Lots,EAST,8
2025-08-25,Lots,NORTH,8
2025-08-25,Lots,SOUTH,4
2025-08-25,Lots,WEST,3
2025-08-25,Maison et jardin,EAST,120
2025-08-25,Maison et jardin,NORTH,109
2025-08-25,Maison et jardin,SOUTH,72
2025-08-25,Maison et jardin,WEST,78
2025-08-25,Meubles,EAST,49
2025-08-25,Meubles,NORTH,49
2025-08-25,Meubles,SOUTH,29
2025-08-25,Meubles,WEST,26
2025-08-25,Modules complémentaires du produit,EAST,2
2025-08-25,Modules complémentaires du produit,NORTH,2
2025-08-25,Modules complémentaires du produit,SOUTH,1
2025-08-25,Modules complémentaires du produit,WEST,2
2025-08-25,Médias,EAST,21
2025-08-25,Médias,NORTH,21
2025-08-25,Médias,SOUTH,11
2025-08-25,Médias,WEST,10
2025-08-25,Non classé,EAST,2
2025-08-25,Non classé,SOUTH,1
2025-08-25,Offices religieux et cérémonies,EAST,10
2025-08-25,Offices religieux et cérémonies,NORTH,7
2025-08-25,Offices religieux et cérémonies,SOUTH,9
2025-08-25,Offices religieux et cérémonies,WEST,5
2025-08-25,Quincaillerie,EAST,31
2025-08-25,Quincaillerie,NORTH,36
2025-08-25,Quincaillerie,SOUTH,21
2025-08-25,Quincaillerie,WEST,23
2025-08-25,Santé et beauté,EAST,34
2025-08-25,Santé et beauté,NORTH,59
2025-08-25,Santé et beauté,SOUTH,24
2025-08-25,Santé et beauté,WEST,33
2025-08-25,Véhicules et accessoires,EAST,38
2025-08-25,Véhicules et accessoires,NORTH,30
2025-08-25,Véhicules et accessoires,SOUTH,26
2025-08-25,Véhicules et accessoires,WEST,25
2025-08-25,Vêtements et accessoires,EAST,71
2025-08-25,Vêtements et accessoires,NORTH,77
2025-08-25,Vêtements et accessoires,SOUTH,34
2025-08-25,Vêtements et accessoires,WEST,45
2025-08-25,Équipements sportifs,EAST,36
2025-08-25,Équipements sportifs,NORTH,37
2025-08-25,Équipements sportifs,SOUTH,21
2025-08-25,Équipements sportifs,WEST,27
2025-09-01,Animaux et articles pour animaux de compagnie,EAST,42
2025-09-01,Animaux et articles pour animaux de compagnie,NORTH,33
2025-09-01,Animaux et articles pour animaux de compagnie,SOUTH,20
2025-09-01,Animaux et articles pour animaux de compagnie,WEST,25
2025-09-01,"Appareils photo, caméras et instruments d'optique",EAST,12
2025-09-01,"Appareils photo, caméras et instruments d'optique",NORTH,7
2025-09-01,"Appareils photo, caméras et instruments d'optique",SOUTH,3
2025-09-01,"Appareils photo, caméras et instruments d'optique",WEST,12
2025-09-01,Appareils électroniques,EAST,51
2025-09-01,Appareils électroniques,NORTH,28
2025-09-01,Appareils électroniques,SOUTH,25
2025-09-01,Appareils électroniques,WEST,27
2025-09-01,Arts et loisirs,EAST,29
2025-09-01,Arts et loisirs,NORTH,43
2025-09-01,Arts et loisirs,SOUTH,22
2025-09-01,Arts et loisirs,WEST,30
2025-09-01,Bagages et maroquinerie,EAST,21
2025-09-01,Bagages et maroquinerie,NORTH,38
2025-09-01,Bagages et maroquinerie,SOUTH,17
2025-09-01,Bagages et maroquinerie,WEST,27
2025-09-01,Bébés et tout-petits,EAST,37
2025-09-01,Bébés et tout-petits,NORTH,38
2025-09-01,Bébés et tout-petits,SOUTH,16
2025-09-01,Bébés et tout-petits,WEST,27
2025-09-01,Entreprise et industrie,EAST,9
2025-09-01,Entreprise et industrie,NORTH,15
2025-09-01,Entreprise et industrie,SOUTH,7
2025-09-01,Entreprise et industrie,WEST,11
2025-09-01,Fournitures de bureau,EAST,26
2025-09-01,Fournitures de bureau,NORTH,27
2025-09-01,Fournitures de bureau,SOUTH,19
2025-09-01,Fournitures de bureau,WEST,23
2025-09-01,Jeux et jouets,EAST,13
2025-09-01,Jeux et jouets,NORTH,18
2025-09-01,Jeux et jouets,SOUTH,5
2025-09-01,Jeux et jouets,WEST,8
2025-09-01,Logiciels,EAST,2
2025-09-01,Logiciels,NORTH,5
2025-09-01,Logiciels,WEST,2
2025-09-01,Lots,EAST,3
2025-09-01,Lots,NORTH,6
2025-09-01,Lots,SOUTH,4
2025-09-01,Lots,WEST,3
2025-09-01,Maison et jardin,EAST,110
2025-09-01,Maison et jardin,NORTH,105
2025-09-01,Maison et jardin,SOUTH,61
2025-09-01,Maison et jardin,WEST,74
2025-09-01,Meubles,EAST,49
2025-09-01,Meubles,NORTH,52
2025-09-01,Meubles,SOUTH,25
2025-09-01,Meubles,WEST,28
2025-09-01,Modules complémentaires du produit,EAST,3
2025-09-01,Modules complémentaires du produit,NORTH,4
2025-09-01,Modules complémentaires du produit,SOUTH,1
2025-09-01,Modules complémentaires du produit,WEST,1
2025-09-01,Médias,EAST,13
2025-09-01,Médias,NORTH,10
2025-09-01,Médias,SOUTH,7
2025-09-01,Médias,WEST,12
2025-09-01,Non classé,EAST,1
2025-09-01,Non classé,NORTH,2
2025-09-01,Non classé,SOUTH,1
2025-09-01,Non classé,WEST,1
2025-09-01,Offices religieux et cérémonies,EAST,11
2025-09-01,Offices religieux et cérémonies,NORTH,11
2025-09-01,Offices religieux et cérémonies,SOUTH,8
2025-09-01,Offices religieux et cérémonies,WEST,5
2025-09-01,Quincaillerie,EAST,27
2025-09-01,Quincaillerie,NORTH,24
2025-09-01,Quincaillerie,SOUTH,24
2025-09-01,Quincaillerie,WEST,27
2025-09-01,Santé et beauté,EAST,37
2025-09-01,Santé et beauté,NORTH,42
2025-09-01,Santé et beauté,SOUTH,22
2025-09-01,Santé et beauté,WEST,29
2025-09-01,Véhicules et accessoires,EAST,49
2025-09-01,Véhicules et accessoires,NORTH,33
2025-09-01,Véhicules et accessoires,SOUTH,25
2025-09-01,Véhicules et accessoires,WEST,29
2025-09-01,Vêtements et accessoires,EAST,64
2025-09-01,Vêtements et accessoires,NORTH,79
2025-09-01,Vêtements et accessoires,SOUTH,34
2025-09-01,Vêtements et accessoires,WEST,48
2025-09-01,Équipements sportifs,EAST,39
2025-09-01,Équipements sportifs,NORTH,29
2025-09-01,Équipements sportifs,SOUTH,19
2025-09-01,Équipements sportifs,WEST,26
2025-09-08,Animaux et articles pour animaux de compagnie,EAST,37
2025-09-08,Animaux et articles pour animaux de compagnie,NORTH,34
2025-09-08,Animaux et articles pour animaux de compagnie,SOUTH,19
2025-09-08,Animaux et articles pour animaux de compagnie,WEST,21
2025-09-08,"Appareils photo, caméras et instruments d'optique",EAST,8
2025-09-08,"Appareils photo, caméras et instruments d'optique",NORTH,7
2025-09-08,"Appareils photo, caméras et instruments d'optique",SOUTH,3
2025-09-08,"Appareils photo, caméras et instruments d'optique",WEST,7
2025-09-08,Appareils électroniques,EAST,38
2025-09-08,Appareils électroniques,NORTH,37
2025-09-08,Appareils électroniques,SOUTH,22
2025-09-08,Appareils électroniques,WEST,26
2025-09-08,Arts et loisirs,EAST,42
2025-09-08,Arts et loisirs,NORTH,30
2025-09-08,Arts et loisirs,SOUTH,20
2025-09-08,Arts et loisirs,WEST,27
2025-09-08,Bagages et maroquinerie,EAST,34
2025-09-08,Bagages et maroquinerie,NORTH,25
2025-09-08,Bagages et maroquinerie,SOUTH,14
2025-09-08,Bagages et maroquinerie,WEST,27
2025-09-08,Bébés et tout-petits,EAST,38
2025-09-08,Bébés et tout-petits,NORTH,30
2025-09-08,Bébés et tout-petits,SOUTH,28
2025-09-08,Bébés et tout-petits,WEST,20
2025-09-08,Entreprise et industrie,EAST,11
2025-09-08,Entreprise et industrie,NORTH,12
2025-09-08,Entreprise et industrie,SOUTH,6
2025-09-08,Entreprise et industrie,WEST,8
2025-09-08,Fournitures de bureau,EAST,49
2025-09-08,Fournitures de bureau,NORTH,28
2025-09-08,Fournitures de bureau,SOUTH,17
2025-09-08,Fournitures de bureau,WEST,18
2025-09-08,Jeux et jouets,EAST,21
2025-09-08,Jeux et jouets,NORTH,23
2025-09-08,Jeux et jouets,SOUTH,14
2025-09-08,Jeux et jouets,WEST,15
2025-09-08,Logiciels,EAST,3
2025-09-08,Logiciels,NORTH,3
2025-09-08,Logiciels,SOUTH,2
2025-09-08,Logiciels,WEST,1
2025-09-08,Lots,EAST,9
2025-09-08,Lots,NORTH,6
2025-09-08,Lots,SOUTH,4
2025-09-08,Maison et jardin,EAST,108
2025-09-08,Maison et jardin,NORTH,101
2025-09-08,Maison et jardin,SOUTH,71
2025-09-08,Maison et jardin,WEST,83
2025-09-08,Meubles,EAST,43
2025-09-08,Meubles,NORTH,42
2025-09-08,Meubles,SOUTH,22
2025-09-08,Meubles,WEST,29
2025-09-08,Modules complémentaires du produit,EAST,1
2025-09-08,Modules complémentaires du produit,NORTH,1
2025-09-08,Modules complémentaires du produit,SOUTH,7
2025-09-08,Modules complémentaires du produit,WEST,2
2025-09-08,Médias,EAST,16
2025-09-08,Médias,NORTH,15
2025-09-08,Médias,SOUTH,12
2025-09-08,Médias,WEST,16
2025-09-08,Non classé,EAST,2
2025-09-08,Non classé,NORTH,3
2025-09-08,Non classé,SOUTH,3
2025-09-08,Offices religieux et cérémonies,EAST,11
2025-09-08,Offices religieux et cérémonies,NORTH,5
2025-09-08,Offices religieux et cérémonies,SOUTH,4
2025-09-08,Offices religieux et cérémonies,WEST,10
2025-09-08,Quincaillerie,EAST,51
2025-09-08,Quincaillerie,NORTH,33
2025-09-08,Quincaillerie,SOUTH,13
2025-09-08,Quincaillerie,WEST,20
2025-09-08,Santé et beauté,EAST,45
2025-09-08,Santé et beauté,NORTH,45
2025-09-08,Santé et beauté,SOUTH,24
2025-09-08,Santé et beauté,WEST,31
2025-09-08,Véhicules et accessoires,EAST,35
2025-09-08,Véhicules et accessoires,NORTH,36
2025-09-08,Véhicules et accessoires,SOUTH,22
2025-09-08,Véhicules et accessoires,WEST,33
2025-09-08,Vêtements et accessoires,EAST,67
2025-09-08,Vêtements et accessoires,NORTH,66
2025-09-08,Vêtements et accessoires,SOUTH,46
2025-09-08,Vêtements et accessoires,WEST,50
2025-09-08,Équipements sportifs,EAST,35
2025-09-08,Équipements sportifs,NORTH,38
2025-09-08,Équipements sportifs,SOUTH,19
2025-09-08,Équipements sportifs,WEST,23
2025-09-15,Animaux et articles pour animaux de compagnie,EAST,24
2025-09-15,Animaux et articles pour animaux de compagnie,NORTH,39
2025-09-15,Animaux et articles pour animaux de compagnie,SOUTH,24
2025-09-15,Animaux et articles pour animaux de compagnie,WEST,30
2025-09-15,"Appareils photo, caméras et instruments d'optique",EAST,5
2025-09-15,"Appareils photo, caméras et instruments d'optique",NORTH,10
2025-09-15,"Appareils photo, caméras et instruments d'optique",SOUTH,4
2025-09-15,"Appareils photo, caméras et instruments d'optique",WEST,3
2025-09-15,Appareils électroniques,EAST,43
2025-09-15,Appareils électroniques,NORTH,35
2025-09-15,Appareils électroniques,SOUTH,23
2025-09-15,Appareils électroniques,WEST,25
2025-09-15,Arts et loisirs,EAST,38
2025-09-15,Arts et loisirs,NORTH,32
2025-09-15,Arts et loisirs,SOUTH,16
2025-09-15,Arts et loisirs,WEST,22
2025-09-15,Bagages et maroquinerie,EAST,27
2025-09-15,Bagages et maroquinerie,NORTH,31
2025-09-15,Bagages et maroquinerie,SOUTH,20
2025-09-15,Bagages et maroquinerie,WEST,24
2025-09-15,Bébés et tout-petits,EAST,33
2025-09-15,Bébés et tout-petits,NORTH,43
2025-09-15,Bébés et tout-petits,SOUTH,18
2025-09-15,Bébés et tout-petits,WEST,31
2025-09-15,Entreprise et industrie,EAST,17
2025-09-15,Entreprise et industrie,NORTH,15
2025-09-15,Entreprise et industrie,SOUTH,7
2025-09-15,Entreprise et industrie,WEST,12
2025-09-15,Fournitures de bureau,EAST,22
2025-09-15,Fournitures de bureau,NORTH,36
2025-09-15,Fournitures de bureau,SOUTH,19
2025-09-15,Fournitures de bureau,WEST,19
2025-09-15,Jeux et jouets,EAST,17
2025-09-15,Jeux et jouets,NORTH,17
2025-09-15,Jeux et jouets,SOUTH,10
2025-09-15,Jeux et jouets,WEST,15
2025-09-15,Logiciels,EAST,4
2025-09-15,Logiciels,NORTH,3
2025-09-15,Logiciels,SOUTH,2
2025-09-15,Lots,EAST,2
2025-09-15,Lots,NORTH,10
2025-09-15,Lots,SOUTH,2
2025-09-15,Lots,WEST,7
2025-09-15,Maison et jardin,EAST,91
2025-09-15,Maison et jardin,NORTH,120
2025-09-15,Maison et jardin,SOUTH,52
2025-09-15,Maison et jardin,WEST,96
2025-09-15,Meubles,EAST,50
2025-09-15,Meubles,NORTH,49
2025-09-15,Meubles,SOUTH,28
2025-09-15,Meubles,WEST,29
2025-09-15,Modules complémentaires du produit,EAST,3
2025-09-15,Modules complémentaires du produit,NORTH,3
2025-09-15,Modules complémentaires du produit,SOUTH,3
2025-09-15,Modules complémentaires du produit,WEST,4
2025-09-15,Médias,EAST,12
2025-09-15,Médias,NORTH,8
2025-09-15,Médias,SOUTH,8
2025-09-15,Médias,WEST,14
2025-09-15,Non classé,EAST,1
2025-09-15,Non classé,NORTH,1
2025-09-15,Non classé,SOUTH,2
2025-09-15,Non classé,WEST,6
2025-09-15,Offices religieux et cérémonies,EAST,9
2025-09-15,Offices religieux et cérémonies,NORTH,7
2025-09-15,Offices religieux et cérémonies,SOUTH,7
2025-09-15,Offices religieux et cérémonies,WEST,7
2025-09-15,Quincaillerie,EAST,21
2025-09-15,Quincaillerie,NORTH,37
2025-09-15,Quincaillerie,SOUTH,19
2025-09-15,Quincaillerie,WEST,27
2025-09-15,Santé et beauté,EAST,37
2025-09-15,Santé et beauté,NORTH,40
2025-09-15,Santé et beauté,SOUTH,27
2025-09-15,Santé et beauté,WEST,24
2025-09-15,Véhicules et accessoires,EAST,37
2025-09-15,Véhicules et accessoires,NORTH,41
2025-09-15,Véhicules et accessoires,SOUTH,15
2025-09-15,Véhicules et accessoires,WEST,26
2025-09-15,Vêtements et accessoires,EAST,88
2025-09-15,Vêtements et accessoires,NORTH,72
2025-09-15,Vêtements et accessoires,SOUTH,44
2025-09-15,Vêtements et accessoires,WEST,50
2025-09-15,Équipements sportifs,EAST,45
2025-09-15,Équipements sportifs,NORTH,33
2025-09-15,Équipements sportifs,SOUTH,24
2025-09-15,Équipements sportifs,WEST,25
2025-09-22,Animaux et articles pour animaux de compagnie,EAST,34
2025-09-22,Animaux et articles pour animaux de compagnie,NORTH,41
2025-09-22,Animaux et articles pour animaux de compagnie,SOUTH,24
2025-09-22,Animaux et articles pour animaux de compagnie,WEST,29
2025-09-22,"Appareils photo, caméras et instruments d'optique",EAST,3
2025-09-22,"Appareils photo, caméras et instruments d'optique",NORTH,8
2025-09-22,"Appareils photo, caméras et instruments d'optique",SOUTH,2
2025-09-22,"Appareils photo, caméras et instruments d'optique",WEST,4
2025-09-22,Appareils électroniques,EAST,50
2025-09-22,Appareils électroniques,NORTH,42
2025-09-22,Appareils électroniques,SOUTH,21
2025-09-22,Appareils électroniques,WEST,37
2025-09-22,Arts et loisirs,EAST,38
2025-09-22,Arts et loisirs,NORTH,40
2025-09-22,Arts et loisirs,SOUTH,24
2025-09-22,Arts et loisirs,WEST,32
2025-09-22,Bagages et maroquinerie,EAST,44
2025-09-22,Bagages et maroquinerie,NORTH,31
2025-09-22,Bagages et maroquinerie,SOUTH,14
2025-09-22,Bagages et maroquinerie,WEST,25
2025-09-22,Bébés et tout-petits,EAST,47
2025-09-22,Bébés et tout-petits,NORTH,36
2025-09-22,Bébés et tout-petits,SOUTH,18
2025-09-22,Bébés et tout-petits,WEST,28
2025-09-22,Entreprise et industrie,EAST,10
2025-09-22,Entreprise et industrie,NORTH,16
2025-09-22,Entreprise et industrie,SOUTH,14
2025-09-22,Entreprise et industrie,WEST,5
2025-09-22,Fournitures de bureau,EAST,42
2025-09-22,Fournitures de bureau,NORTH,34
2025-09-22,Fournitures de bureau,SOUTH,22
2025-09-22,Fournitures de bureau,WEST,25
2025-09-22,Jeux et jouets,EAST,15
2025-09-22,Jeux et jouets,NORTH,21
2025-09-22,Jeux et jouets,SOUTH,8
2025-09-22,Jeux et jouets,WEST,16
2025-09-22,Logiciels,EAST,2
2025-09-22,Logiciels,NORTH,6
2025-09-22,Logiciels,SOUTH,1
2025-09-22,Logiciels,WEST,3
2025-09-22,Lots,EAST,12
2025-09-22,Lots,NORTH,4
2025-09-22,Lots,SOUTH,3
2025-09-22,Lots,WEST,6
2025-09-22,Maison et jardin,EAST,119
2025-09-22,Maison et jardin,NORTH,88
2025-09-22,Maison et jardin,SOUTH,82
2025-09-22,Maison et jardin,WEST,82
2025-09-22,Meubles,EAST,46
2025-09-22,Meubles,NORTH,52
2025-09-22,Meubles,SOUTH,20
2025-09-22,Meubles,WEST,25
2025-09-22,Modules complémentaires du produit,EAST,1
2025-09-22,Modules complémentaires du produit,NORTH,3
2025-09-22,Modules complémentaires du produit,SOUTH,3
2025-09-22,Modules complémentaires du produit,WEST,3
2025-09-22,Médias,EAST,13
2025-09-22,Médias,NORTH,15
2025-09-22,Médias,SOUTH,9
2025-09-22,Médias,WEST,7
2025-09-22,Non classé,NORTH,3
2025-09-22,Non classé,SOUTH,3
2025-09-22,Offices religieux et cérémonies,EAST,5
2025-09-22,Offices religieux et cérémonies,NORTH,10
2025-09-22,Offices religieux et cérémonies,SOUTH,6
2025-09-22,Offices religieux et cérémonies,WEST,3
2025-09-22,Quincaillerie,EAST,30
2025-09-22,Quincaillerie,NORTH,48
2025-09-22,Quincaillerie,SOUTH,21
2025-09-22,Quincaillerie,WEST,25
2025-09-22,Santé et beauté,EAST,48
2025-09-22,Santé et beauté,NORTH,51
2025-09-22,Santé et beauté,SOUTH,29
2025-09-22,Santé et beauté,WEST,35
2025-09-22,Véhicules et accessoires,EAST,39
2025-09-22,Véhicules et accessoires,NORTH,32
2025-09-22,Véhicules et accessoires,SOUTH,17
2025-09-22,Véhicules et accessoires,WEST,19
2025-09-22,Vêtements et accessoires,EAST,73
2025-09-22,Vêtements et accessoires,NORTH,60
2025-09-22,Vêtements et accessoires,SOUTH,35
2025-09-22,Vêtements et accessoires,WEST,43
2025-09-22,Équipements sportifs,EAST,34
2025-09-22,Équipements sportifs,NORTH,28
2025-09-22,Équipements sportifs,SOUTH,23
2025-09-22,Équipements sportifs,WEST,30
2025-09-29,Animaux et articles pour animaux de compagnie,EAST,34
2025-09-29,Animaux et articles pour animaux de compagnie,NORTH,45
2025-09-29,Animaux et articles pour animaux de compagnie,SOUTH,24
2025-09-29,Animaux et articles pour animaux de compagnie,WEST,37
2025-09-29,"Appareils photo, caméras et instruments d'optique",EAST,2
2025-09-29,"Appareils photo, caméras et instruments d'optique",NORTH,6
2025-09-29,"Appareils photo, caméras et instruments d'optique",SOUTH,7
2025-09-29,"Appareils photo, caméras et instruments d'optique",WEST,8
2025-09-29,Appareils électroniques,EAST,46
2025-09-29,Appareils électroniques,NORTH,47
2025-09-29,Appareils électroniques,SOUTH,25
2025-09-29,Appareils électroniques,WEST,31
2025-09-29,Arts et loisirs,EAST,32
2025-09-29,Arts et loisirs,NORTH,37
2025-09-29,Arts et loisirs,SOUTH,16
2025-09-29,Arts et loisirs,WEST,22
2025-09-29,Bagages et maroquinerie,EAST,31
2025-09-29,Bagages et maroquinerie,NORTH,34
2025-09-29,Bagages et maroquinerie,SOUTH,25
2025-09-29,Bagages et maroquinerie,WEST,18
2025-09-29,Bébés et tout-petits,EAST,43
2025-09-29,Bébés et tout-petits,NORTH,31
2025-09-29,Bébés et tout-petits,SOUTH,23
2025-09-29,Bébés et tout-petits,WEST,26
2025-09-29,Entreprise et industrie,EAST,13
2025-09-29,Entreprise et industrie,NORTH,11
2025-09-29,Entreprise et industrie,SOUTH,12
2025-09-29,Entreprise et industrie,WEST,9
2025-09-29,Fournitures de bureau,EAST,40
2025-09-29,Fournitures de bureau,NORTH,27
2025-09-29,Fournitures de bureau,SOUTH,14
2025-09-29,Fournitures de bureau,WEST,20
2025-09-29,Jeux et jouets,EAST,21
2025-09-29,Jeux et jouets,NORTH,20
2025-09-29,Jeux et jouets,SOUTH,13
2025-09-29,Jeux et jouets,WEST,9
2025-09-29,Logiciels,EAST,4
2025-09-29,Logiciels,NORTH,2
2025-09-29,Logiciels,SOUTH,1
2025-09-29,Logiciels,WEST,4
2025-09-29,Lots,EAST,6
2025-09-29,Lots,NORTH,10
2025-09-29,Lots,SOUTH,4
2025-09-29,Lots,WEST,5
2025-09-29,Maison et jardin,EAST,106
2025-09-29,Maison et jardin,NORTH,107
2025-09-29,Maison et jardin,SOUTH,65
2025-09-29,Maison et jardin,WEST,92
2025-09-29,Meubles,EAST,45
2025-09-29,Meubles,NORTH,51
2025-09-29,Meubles,SOUTH,31
2025-09-29,Meubles,WEST,36
2025-09-29,Modules complémentaires du produit,EAST,5
2025-09-29,Modules complémentaires du produit,NORTH,5
2025-09-29,Modules complémentaires du produit,SOUTH,3
2025-09-29,Modules complémentaires du produit,WEST,5
2025-09-29,Médias,EAST,21
2025-09-29,Médias,NORTH,14
2025-09-29,Médias,SOUTH,8
2025-09-29,Médias,WEST,13
2025-09-29,Non classé,EAST,3
2025-09-29,Non classé,NORTH,1
2025-09-29,Non classé,WEST,3
2025-09-29,Offices religieux et cérémonies,EAST,10
2025-09-29,Offices religieux et cérémonies,NORTH,13
2025-09-29,Offices religieux et cérémonies,SOUTH,5
2025-09-29,Offices religieux et cérémonies,WEST,8
2025-09-29,Quincaillerie,EAST,45
2025-09-29,Quincaillerie,NORTH,40
2025-09-29,Quincaillerie,SOUTH,22
2025-09-29,Quincaillerie,WEST,29
2025-09-29,Santé et beauté,EAST,43
2025-09-29,Santé et beauté,NORTH,46
2025-09-29,Santé et beauté,SOUTH,33
2025-09-29,Santé et beauté,WEST,37
2025-09-29,Véhicules et accessoires,EAST,35
2025-09-29,Véhicules et accessoires,NORTH,31
2025-09-29,Véhicules et accessoires,SOUTH,18
2025-09-29,Véhicules et accessoires,WEST,23
2025-09-29,Vêtements et accessoires,EAST,73
2025-09-29,Vêtements et accessoires,NORTH,74
2025-09-29,Vêtements et accessoires,SOUTH,38
2025-09-29,Vêtements et accessoires,WEST,45
2025-09-29,Équipements sportifs,EAST,28
2025-09-29,Équipements sportifs,NORTH,34
2025-09-29,Équipements sportifs,SOUTH,18
2025-09-29,Équipements sportifs,WEST,25
2025-10-06,Animaux et articles pour animaux de compagnie,EAST,19
2025-10-06,Animaux et articles pour animaux de compagnie,NORTH,31
2025-10-06,Animaux et articles pour animaux de compagnie,SOUTH,18
2025-10-06,Animaux et articles pour animaux de compagnie,WEST,23
2025-10-06,"Appareils photo, caméras et instruments d'optique",EAST,2
2025-10-06,"Appareils photo, caméras et instruments d'optique",NORTH,2
2025-10-06,"Appareils photo, caméras et instruments d'optique",SOUTH,2
2025-10-06,"Appareils photo, caméras et instruments d'optique",WEST,2
2025-10-06,Appareils électroniques,EAST,32
2025-10-06,Appareils électroniques,NORTH,31
2025-10-06,Appareils électroniques,SOUTH,26
2025-10-06,Appareils électroniques,WEST,22
2025-10-06,Arts et loisirs,EAST,19
2025-10-06,Arts et loisirs,NORTH,23
2025-10-06,Arts et loisirs,SOUTH,12
2025-10-06,Arts et loisirs,WEST,18
2025-10-06,Bagages et maroquinerie,EAST,34
2025-10-06,Bagages et maroquinerie,NORTH,33
2025-10-06,Bagages et maroquinerie,SOUTH,25
2025-10-06,Bagages et maroquinerie,WEST,17
2025-10-06,Bébés et tout-petits,EAST,31
2025-10-06,Bébés et tout-petits,NORTH,24
2025-10-06,Bébés et tout-petits,SOUTH,20
2025-10-06,Bébés et tout-petits,WEST,14
2025-10-06,Entreprise et industrie,EAST,18
2025-10-06,Entreprise et industrie,NORTH,11
2025-10-06,Entreprise et industrie,SOUTH,1
2025-10-06,Entreprise et industrie,WEST,6
2025-10-06,Fournitures de bureau,EAST,18
2025-10-06,Fournitures de bureau,NORTH,24
2025-10-06,Fournitures de bureau,SOUTH,19
2025-10-06,Fournitures de bureau,WEST,26
2025-10-06,Jeux et jouets,EAST,9
2025-10-06,Jeux et jouets,NORTH,11
2025-10-06,Jeux et jouets,SOUTH,11
2025-10-06,Jeux et jouets,WEST,7
2025-10-06,Logiciels,EAST,3
2025-10-06,Logiciels,NORTH,1
2025-10-06,Logiciels,SOUTH,4
2025-10-06,Logiciels,WEST,1
2025-10-06,Lots,EAST,2
2025-10-06,Lots,NORTH,7
2025-10-06,Lots,SOUTH,4
2025-10-06,Lots,WEST,2
2025-10-06,Maison et jardin,EAST,78
2025-10-06,Maison et jardin,NORTH,93
2025-10-06,Maison et jardin,SOUTH,50
2025-10-06,Maison et jardin,WEST,67
2025-10-06,Meubles,EAST,33
2025-10-06,Meubles,NORTH,36
2025-10-06,Meubles,SOUTH,19
2025-10-06,Meubles,WEST,22
2025-10-06,Modules complémentaires du produit,EAST,4
2025-10-06,Modules complémentaires du produit,NORTH,6
2025-10-06,Modules complémentaires du produit,SOUTH,2
2025-10-06,Modules complémentaires du produit,WEST,3
2025-10-06,Médias,EAST,20
2025-10-06,Médias,NORTH,9
2025-10-06,Médias,SOUTH,7
2025-10-06,Médias,WEST,10
2025-10-06,Non classé,EAST,1
2025-10-06,Non classé,NORTH,4
2025-10-06,Non classé,SOUTH,1
2025-10-06,Offices religieux et cérémonies,EAST,6
2025-10-06,Offices religieux et cérémonies,NORTH,10
2025-10-06,Offices religieux et cérémonies,SOUTH,6
2025-10-06,Offices religieux et cérémonies,WEST,12
2025-10-06,Quincaillerie,EAST,26
2025-10-06,Quincaillerie,NORTH,30
2025-10-06,Quincaillerie,SOUTH,12
2025-10-06,Quincaillerie,WEST,22
2025-10-06,Santé et beauté,EAST,37
2025-10-06,Santé et beauté,NORTH,47
2025-10-06,Santé et beauté,SOUTH,18
2025-10-06,Santé et beauté,WEST,26
2025-10-06,Véhicules et accessoires,EAST,21
2025-10-06,Véhicules et accessoires,NORTH,22
2025-10-06,Véhicules et accessoires,SOUTH,10
2025-10-06,Véhicules et accessoires,WEST,22
2025-10-06,Vêtements et accessoires,EAST,40
2025-10-06,Vêtements et accessoires,NORTH,55
2025-10-06,Vêtements et accessoires,SOUTH,33
2025-10-06,Vêtements et accessoires,WEST,41
2025-10-06,Équipements sportifs,EAST,30
2025-10-06,Équipements sportifs,NORTH,36
2025-10-06,Équipements sportifs,SOUTH,18
2025-10-06,Équipements sportifs,WEST,20
2025-10-13,Animaux et articles pour animaux de compagnie,EAST,21
2025-10-13,Animaux et articles pour animaux de compagnie,NORTH,29
2025-10-13,Animaux et articles pour animaux de compagnie,SOUTH,13
2025-10-13,Animaux et articles pour animaux de compagnie,WEST,13
2025-10-13,"Appareils photo, caméras et instruments d'optique",EAST,6
2025-10-13,"Appareils photo, caméras et instruments d'optique",NORTH,4
2025-10-13,"Appareils photo, caméras et instruments d'optique",SOUTH,2
2025-10-13,"Appareils photo, caméras et instruments d'optique",WEST,1
2025-10-13,Appareils électroniques,EAST,49
2025-10-13,Appareils électroniques,NORTH,33
2025-10-13,Appareils électroniques,SOUTH,19
2025-10-13,Appareils électroniques,WEST,19
2025-10-13,Arts et loisirs,EAST,27
2025-10-13,Arts et loisirs,NORTH,29
2025-10-13,Arts et loisirs,SOUTH,15
2025-10-13,Arts et loisirs,WEST,13
2025-10-13,Bagages et maroquinerie,EAST,27
2025-10-13,Bagages et maroquinerie,NORTH,30
2025-10-13,Bagages et maroquinerie,SOUTH,17
2025-10-13,Bagages et maroquinerie,WEST,19
2025-10-13,Bébés et tout-petits,EAST,19
2025-10-13,Bébés et tout-petits,NORTH,14
2025-10-13,Bébés et tout-petits,SOUTH,13
2025-10-13,Bébés et tout-petits,WEST,16
2025-10-13,Entreprise et industrie,EAST,8
2025-10-13,Entreprise et industrie,NORTH,9
2025-10-13,Entreprise et industrie,SOUTH,10
2025-10-13,Entreprise et industrie,WEST,3
2025-10-13,Fournitures de bureau,EAST,33
2025-10-13,Fournitures de bureau,NORTH,33
2025-10-13,Fournitures de bureau,SOUTH,14
2025-10-13,Fournitures de bureau,WEST,16
2025-10-13,Jeux et jouets,EAST,14
2025-10-13,Jeux et jouets,NORTH,17
2025-10-13,Jeux et jouets,SOUTH,10
2025-10-13,Jeux et jouets,WEST,12
2025-10-13,Logiciels,EAST,3
2025-10-13,Logiciels,NORTH,2
2025-10-13,Logiciels,SOUTH,1
2025-10-13,Logiciels,WEST,1
2025-10-13,Lots,EAST,4
2025-10-13,Lots,NORTH,2
2025-10-13,Lots,SOUTH,2
2025-10-13,Lots,WEST,5
2025-10-13,Maison et jardin,EAST,80
2025-10-13,Maison et jardin,NORTH,99
2025-10-13,Maison et jardin,SOUTH,52
2025-10-13,Maison et jardin,WEST,52
2025-10-13,Meubles,EAST,37
2025-10-13,Meubles,NORTH,34
2025-10-13,Meubles,SOUTH,15
2025-10-13,Meubles,WEST,29
2025-10-13,Modules complémentaires du produit,EAST,3
2025-10-13,Modules complémentaires du produit,NORTH,4
2025-10-13,Modules complémentaires du produit,WEST,5
2025-10-13,Médias,EAST,15
2025-10-13,Médias,NORTH,12
2025-10-13,Médias,SOUTH,12
2025-10-13,Médias,WEST,10
2025-10-13,Non classé,EAST,2
2025-10-13,Non classé,NORTH,1
2025-10-13,Offices religieux et cérémonies,EAST,9
2025-10-13,Offices religieux et cérémonies,NORTH,6
2025-10-13,Offices religieux et cérémonies,SOUTH,5
2025-10-13,Offices religieux et cérémonies,WEST,6
2025-10-13,Quincaillerie,EAST,39
2025-10-13,Quincaillerie,NORTH,19
2025-10-13,Quincaillerie,SOUTH,9
2025-10-13,Quincaillerie,WEST,20
2025-10-13,Santé et beauté,EAST,29
2025-10-13,Santé et beauté,NORTH,24
2025-10-13,Santé et beauté,SOUTH,20
2025-10-13,Santé et beauté,WEST,19
2025-10-13,Véhicules et accessoires,EAST,23
2025-10-13,Véhicules et accessoires,NORTH,29
2025-10-13,Véhicules et accessoires,SOUTH,17
2025-10-13,Véhicules et accessoires,WEST,16
2025-10-13,Vêtements et accessoires,EAST,56
2025-10-13,Vêtements et accessoires,NORTH,46
2025-10-13,Vêtements et accessoires,SOUTH,33
2025-10-13,Vêtements et accessoires,WEST,38
2025-10-13,Équipements sportifs,EAST,40
2025-10-13,Équipements sportifs,NORTH,37
2025-10-13,Équipements sportifs,SOUTH,21
2025-10-13,Équipements sportifs,WEST,18
2025-10-20,Animaux et articles pour animaux de compagnie,EAST,16
2025-10-20,Animaux et articles pour animaux de compagnie,NORTH,28
2025-10-20,Animaux et articles pour animaux de compagnie,SOUTH,17
2025-10-20,Animaux et articles pour animaux de compagnie,WEST,19
2025-10-20,"Appareils photo, caméras et instruments d'optique",EAST,1
2025-10-20,"Appareils photo, caméras et instruments d'optique",NORTH,3
2025-10-20,"Appareils photo, caméras et instruments d'optique",SOUTH,2
2025-10-20,"Appareils photo, caméras et instruments d'optique",WEST,3
2025-10-20,Appareils électroniques,EAST,39
2025-10-20,Appareils électroniques,NORTH,38
2025-10-20,Appareils électroniques,SOUTH,20
2025-10-20,Appareils électroniques,WEST,24
2025-10-20,Arts et loisirs,EAST,27
2025-10-20,Arts et loisirs,NORTH,30
2025-10-20,Arts et loisirs,SOUTH,10
2025-10-20,Arts et loisirs,WEST,20
2025-10-20,Bagages et maroquinerie,EAST,28
2025-10-20,Bagages et maroquinerie,NORTH,30
2025-10-20,Bagages et maroquinerie,SOUTH,14
2025-10-20,Bagages et maroquinerie,WEST,16
2025-10-20,Bébés et tout-petits,EAST,18
2025-10-20,Bébés et tout-petits,NORTH,25
2025-10-20,Bébés et tout-petits,SOUTH,15
2025-10-20,Bébés et tout-petits,WEST,19
2025-10-20,Entreprise et industrie,EAST,8
2025-10-20,Entreprise et industrie,NORTH,6
2025-10-20,Entreprise et industrie,SOUTH,2
2025-10-20,Entreprise et industrie,WEST,10
2025-10-20,Fournitures de bureau,EAST,21
2025-10-20,Fournitures de bureau,NORTH,35
2025-10-20,Fournitures de bureau,SOUTH,14
2025-10-20,Fournitures de bureau,WEST,24
2025-10-20,Jeux et jouets,EAST,13
2025-10-20,Jeux et jouets,NORTH,13
2025-10-20,Jeux et jouets,SOUTH,8
2025-10-20,Jeux et jouets,WEST,9
2025-10-20,Logiciels,EAST,5
2025-10-20,Logiciels,NORTH,3
2025-10-20,Logiciels,WEST,3
2025-10-20,Lots,EAST,7
2025-10-20,Lots,NORTH,3
2025-10-20,Lots,SOUTH,2
2025-10-20,Lots,WEST,1
2025-10-20,Maison et jardin,EAST,65
2025-10-20,Maison et jardin,NORTH,79
2025-10-20,Maison et jardin,SOUTH,57
2025-10-20,Maison et jardin,WEST,65
2025-10-20,Meubles,EAST,33
2025-10-20,Meubles,NORTH,35
2025-10-20,Meubles,SOUTH,13
2025-10-20,Meubles,WEST,30
2025-10-20,Modules complémentaires du produit,NORTH,6
2025-10-20,Modules complémentaires du produit,WEST,4
2025-10-20,Médias,EAST,18
2025-10-20,Médias,NORTH,13
2025-10-20,Médias,SOUTH,5
2025-10-20,Médias,WEST,10
2025-10-20,Non classé,NORTH,3
2025-10-20,Non classé,SOUTH,1
2025-10-20,Non classé,WEST,1
2025-10-20,Offices religieux et cérémonies,EAST,9
2025-10-20,Offices religieux et cérémonies,NORTH,13
2025-10-20,Offices religieux et cérémonies,SOUTH,6
2025-10-20,Offices religieux et cérémonies,WEST,5
2025-10-20,Quincaillerie,EAST,29
2025-10-20,Quincaillerie,NORTH,23
2025-10-20,Quincaillerie,SOUTH,14
2025-10-20,Quincaillerie,WEST,14
2025-10-20,Santé et beauté,EAST,35
2025-10-20,Santé et beauté,NORTH,35
2025-10-20,Santé et beauté,SOUTH,12
2025-10-20,Santé et beauté,WEST,27
2025-10-20,Véhicules et accessoires,EAST,27
2025-10-20,Véhicules et accessoires,NORTH,19
2025-10-20,Véhicules et accessoires,SOUTH,20
2025-10-20,Véhicules et accessoires,WEST,12
2025-10-20,Vêtements et accessoires,EAST,61
2025-10-20,Vêtements et accessoires,NORTH,45
2025-10-20,Vêtements et accessoires,SOUTH,21
2025-10-20,Vêtements et accessoires,WEST,38
2025-10-20,Équipements sportifs,EAST,32
2025-10-20,Équipements sportifs,NORTH,34
2025-10-20,Équipements sportifs,SOUTH,10
2025-10-20,Équipements sportifs,WEST,14
2025-10-27,Animaux et articles pour animaux de compagnie,EAST,31
2025-10-27,Animaux et articles pour animaux de compagnie,NORTH,26
2025-10-27,Animaux et articles pour animaux de compagnie,SOUTH,14
2025-10-27,Animaux et articles pour animaux de compagnie,WEST,17
2025-10-27,"Appareils photo, caméras et instruments d'optique",EAST,6
2025-10-27,"Appareils photo, caméras et instruments d'optique",NORTH,6
2025-10-27,"Appareils photo, caméras et instruments d'optique",SOUTH,3
2025-10-27,"Appareils photo, caméras et instruments d'optique",WEST,3
2025-10-27,Appareils électroniques,EAST,38
2025-10-27,Appareils électroniques,NORTH,27
2025-10-27,Appareils électroniques,SOUTH,19
2025-10-27,Appareils électroniques,WEST,20
2025-10-27,Arts et loisirs,EAST,26
2025-10-27,Arts et loisirs,NORTH,28
2025-10-27,Arts et loisirs,SOUTH,14
2025-10-27,Arts et loisirs,WEST,15
2025-10-27,Bagages et maroquinerie,EAST,30
2025-10-27,Bagages et maroquinerie,NORTH,20
2025-10-27,Bagages et maroquinerie,SOUTH,16
2025-10-27,Bagages et maroquinerie,WEST,17
2025-10-27,Bébés et tout-petits,EAST,31
2025-10-27,Bébés et tout-petits,NORTH,32
2025-10-27,Bébés et tout-petits,SOUTH,13
2025-10-27,Bébés et tout-petits,WEST,19
2025-10-27,Entreprise et industrie,EAST,11
2025-10-27,Entreprise et industrie,NORTH,8
2025-10-27,Entreprise et industrie,SOUTH,5
2025-10-27,Entreprise et industrie,WEST,3
2025-10-27,Fournitures de bureau,EAST,18
2025-10-27,Fournitures de bureau,NORTH,28
2025-10-27,Fournitures de bureau,SOUTH,8
2025-10-27,Fournitures de bureau,WEST,21
2025-10-27,Jeux et jouets,EAST,17
2025-10-27,Jeux et jouets,NORTH,20
2025-10-27,Jeux et jouets,SOUTH,8
2025-10-27,Jeux et jouets,WEST,9
2025-10-27,Logiciels,EAST,4
2025-10-27,Logiciels,NORTH,2
2025-10-27,Logiciels,SOUTH,1
2025-10-27,Logiciels,WEST,4
2025-10-27,Lots,EAST,6
2025-10-27,Lots,NORTH,6
2025-10-27,Lots,SOUTH,1
2025-10-27,Maison et jardin,EAST,82
2025-10-27,Maison et jardin,NORTH,75
2025-10-27,Maison et jardin,SOUTH,56
2025-10-27,Maison et jardin,WEST,57
2025-10-27,Meubles,EAST,29
2025-10-27,Meubles,NORTH,36
2025-10-27,Meubles,SOUTH,19
2025-10-27,Meubles,WEST,26
2025-10-27,Modules complémentaires du produit,EAST,2
2025-10-27,Modules complémentaires du produit,NORTH,1
2025-10-27,Modules complémentaires du produit,SOUTH,1
2025-10-27,Modules complémentaires du produit,WEST,2
2025-10-27,Médias,EAST,14
2025-10-27,Médias,NORTH,11
2025-10-27,Médias,SOUTH,7
2025-10-27,Médias,WEST,11
2025-10-27,Non classé,EAST,1
2025-10-27,Non classé,WEST,2
2025-10-27,Offices religieux et cérémonies,EAST,12
2025-10-27,Offices religieux et cérémonies,NORTH,11
2025-10-27,Offices religieux et cérémonies,SOUTH,8
2025-10-27,Offices religieux et cérémonies,WEST,6
2025-10-27,Quincaillerie,EAST,31
2025-10-27,Quincaillerie,NORTH,20
2025-10-27,Quincaillerie,SOUTH,20
2025-10-27,Quincaillerie,WEST,14
2025-10-27,Santé et beauté,EAST,21
2025-10-27,Santé et beauté,NORTH,39
2025-10-27,Santé et beauté,SOUTH,27
2025-10-27,Santé et beauté,WEST,28
2025-10-27,Véhicules et accessoires,EAST,21
2025-10-27,Véhicules et accessoires,NORTH,28
2025-10-27,Véhicules et accessoires,SOUTH,17
2025-10-27,Véhicules et accessoires,WEST,17
2025-10-27,Vêtements et accessoires,EAST,57
2025-10-27,Vêtements et accessoires,NORTH,54
2025-10-27,Vêtements et accessoires,SOUTH,28
2025-10-27,Vêtements et accessoires,WEST,39
2025-10-27,Équipements sportifs,EAST,23
2025-10-27,Équipements sportifs,NORTH,25
2025-10-27,Équipements sportifs,SOUTH,22
2025-10-27,Équipements sportifs,WEST,18
2025-11-03,Animaux et articles pour animaux de compagnie,EAST,33
2025-11-03,Animaux et articles pour animaux de compagnie,NORTH,27
2025-11-03,Animaux et articles pour animaux de compagnie,SOUTH,31
2025-11-03,Animaux et articles pour animaux de compagnie,WEST,14
2025-11-03,"Appareils photo, caméras et instruments d'optique",EAST,4
2025-11-03,"Appareils photo, caméras et instruments d'optique",NORTH,3
2025-11-03,"Appareils photo, caméras et instruments d'optique",SOUTH,6
2025-11-03,"Appareils photo, caméras et instruments d'optique",WEST,3
2025-11-03,Appareils électroniques,EAST,30
2025-11-03,Appareils électroniques,NORTH,36
2025-11-03,Appareils électroniques,SOUTH,18
2025-11-03,Appareils électroniques,WEST,28
2025-11-03,Arts et loisirs,EAST,18
2025-11-03,Arts et loisirs,NORTH,30
2025-11-03,Arts et loisirs,SOUTH,13
2025-11-03,Arts et loisirs,WEST,15
2025-11-03,Bagages et maroquinerie,EAST,30
2025-11-03,Bagages et maroquinerie,NORTH,30
2025-11-03,Bagages et maroquinerie,SOUTH,20
2025-11-03,Bagages et maroquinerie,WEST,9
2025-11-03,Bébés et tout-petits,EAST,17
2025-11-03,Bébés et tout-petits,NORTH,23
2025-11-03,Bébés et tout-petits,SOUTH,16
2025-11-03,Bébés et tout-petits,WEST,20
2025-11-03,Entreprise et industrie,EAST,12
2025-11-03,Entreprise et industrie,NORTH,21
2025-11-03,Entreprise et industrie,SOUTH,2
2025-11-03,Entreprise et industrie,WEST,8
2025-11-03,Fournitures de bureau,EAST,21
2025-11-03,Fournitures de bureau,NORTH,32
2025-11-03,Fournitures de bureau,SOUTH,19
2025-11-03,Fournitures de bureau,WEST,19
2025-11-03,Jeux et jouets,EAST,18
2025-11-03,Jeux et jouets,NORTH,21
2025-11-03,Jeux et jouets,SOUTH,9
2025-11-03,Jeux et jouets,WEST,6
2025-11-03,Logiciels,EAST,3
2025-11-03,Logiciels,NORTH,2
2025-11-03,Logiciels,SOUTH,3
2025-11-03,Logiciels,WEST,2
2025-11-03,Lots,EAST,3
2025-11-03,Lots,NORTH,4
2025-11-03,Lots,WEST,3
2025-11-03,Maison et jardin,EAST,113
2025-11-03,Maison et jardin,NORTH,86
2025-11-03,Maison et jardin,SOUTH,49
2025-11-03,Maison et jardin,WEST,56
2025-11-03,Meubles,EAST,33
2025-11-03,Meubles,NORTH,34
2025-11-03,Meubles,SOUTH,20
2025-11-03,Meubles,WEST,30
2025-11-03,Modules complémentaires du produit,EAST,2
2025-11-03,Modules complémentaires du produit,NORTH,3
2025-11-03,Modules complémentaires du produit,WEST,2
2025-11-03,Médias,EAST,11
2025-11-03,Médias,NORTH,15
2025-11-03,Médias,SOUTH,10
2025-11-03,Médias,WEST,6
2025-11-03,Non classé,EAST,1
2025-11-03,Non classé,NORTH,1
2025-11-03,Non classé,WEST,1
2025-11-03,Offices religieux et cérémonies,EAST,9
2025-11-03,Offices religieux et cérémonies,NORTH,12
2025-11-03,Offices religieux et cérémonies,SOUTH,6
2025-11-03,Offices religieux et cérémonies,WEST,4
2025-11-03,Quincaillerie,EAST,24
2025-11-03,Quincaillerie,NORTH,16
2025-11-03,Quincaillerie,SOUTH,14
2025-11-03,Quincaillerie,WEST,15
2025-11-03,Santé et beauté,EAST,40
2025-11-03,Santé et beauté,NORTH,29
2025-11-03,Santé et beauté,SOUTH,20
2025-11-03,Santé et beauté,WEST,22
2025-11-03,Véhicules et accessoires,EAST,23
2025-11-03,Véhicules et accessoires,NORTH,33
2025-11-03,Véhicules et accessoires,SOUTH,18
2025-11-03,Véhicules et accessoires,WEST,11
2025-11-03,Vêtements et accessoires,EAST,63
2025-11-03,Vêtements et accessoires,NORTH,46
2025-11-03,Vêtements et accessoires,SOUTH,48
2025-11-03,Vêtements et accessoires,WEST,49
2025-11-03,Équipements sportifs,EAST,20
2025-11-03,Équipements sportifs,NORTH,33
2025-11-03,Équipements sportifs,SOUTH,18
2025-11-03,Équipements sportifs,WEST,8
2025-11-10,Animaux et articles pour animaux de compagnie,EAST,27
2025-11-10,Animaux et articles pour animaux de compagnie,NORTH,42
2025-11-10,Animaux et articles pour animaux de compagnie,SOUTH,11
2025-11-10,Animaux et articles pour animaux de compagnie,WEST,16
2025-11-10,"Appareils photo, caméras et instruments d'optique",EAST,5
2025-11-10,"Appareils photo, caméras et instruments d'optique",NORTH,4
2025-11-10,"Appareils photo, caméras et instruments d'optique",SOUTH,6
2025-11-10,"Appareils photo, caméras et instruments d'optique",WEST,2
2025-11-10,Appareils électroniques,EAST,39
2025-11-10,Appareils électroniques,NORTH,28
2025-11-10,Appareils électroniques,SOUTH,23
2025-11-10,Appareils électroniques,WEST,31
2025-11-10,Arts et loisirs,EAST,25
2025-11-10,Arts et loisirs,NORTH,36
2025-11-10,Arts et loisirs,SOUTH,24
2025-11-10,Arts et loisirs,WEST,20
2025-11-10,Bagages et maroquinerie,EAST,36
2025-11-10,Bagages et maroquinerie,NORTH,32
2025-11-10,Bagages et maroquinerie,SOUTH,12
2025-11-10,Bagages et maroquinerie,WEST,19
2025-11-10,Bébés et tout-petits,EAST,25
2025-11-10,Bébés et tout-petits,NORTH,23
2025-11-10,Bébés et tout-petits,SOUTH,24
2025-11-10,Bébés et tout-petits,WEST,24
2025-11-10,Entreprise et industrie,EAST,10
2025-11-10,Entreprise et industrie,NORTH,19
2025-11-10,Entreprise et industrie,SOUTH,4
2025-11-10,Entreprise et industrie,WEST,10
2025-11-10,Fournitures de bureau,EAST,30
2025-11-10,Fournitures de bureau,NORTH,22
2025-11-10,Fournitures de bureau,SOUTH,16
2025-11-10,Fournitures de bureau,WEST,18
2025-11-10,Jeux et jouets,EAST,16
2025-11-10,Jeux et jouets,NORTH,13
2025-11-10,Jeux et jouets,SOUTH,6
2025-11-10,Jeux et jouets,WEST,5
2025-11-10,Logiciels,EAST,3
2025-11-10,Logiciels,NORTH,2
2025-11-10,Logiciels,SOUTH,3
2025-11-10,Lots,EAST,2
2025-11-10,Lots,NORTH,5
2025-11-10,Lots,SOUTH,2
2025-11-10,Lots,WEST,1
2025-11-10,Maison et jardin,EAST,84
2025-11-10,Maison et jardin,NORTH,75
2025-11-10,Maison et jardin,SOUTH,52
2025-11-10,Maison et jardin,WEST,60
2025-11-10,Meubles,EAST,36
2025-11-10,Meubles,NORTH,35
2025-11-10,Meubles,SOUTH,27
2025-11-10,Meubles,WEST,20
2025-11-10,Modules complémentaires du produit,EAST,5
2025-11-10,Modules complémentaires du produit,NORTH,1
2025-11-10,Modules complémentaires du produit,SOUTH,1
2025-11-10,Modules complémentaires du produit,WEST,1
2025-11-10,Médias,EAST,19
2025-11-10,Médias,NORTH,11
2025-11-10,Médias,SOUTH,9
2025-11-10,Médias,WEST,11
2025-11-10,Non classé,EAST,1
2025-11-10,Non classé,NORTH,2
2025-11-10,Offices religieux et cérémonies,EAST,8
2025-11-10,Offices religieux et cérémonies,NORTH,9
2025-11-10,Offices religieux et cérémonies,SOUTH,4
2025-11-10,Offices religieux et cérémonies,WEST,5
2025-11-10,Quincaillerie,EAST,26
2025-11-10,Quincaillerie,NORTH,15
2025-11-10,Quincaillerie,SOUTH,14
2025-11-10,Quincaillerie,WEST,18
2025-11-10,Santé et beauté,EAST,34
2025-11-10,Santé et beauté,NORTH,36
2025-11-10,Santé et beauté,SOUTH,24
2025-11-10,Santé et beauté,WEST,33
2025-11-10,Véhicules et accessoires,EAST,28
2025-11-10,Véhicules et accessoires,NORTH,27
2025-11-10,Véhicules et accessoires,SOUTH,18
2025-11-10,Véhicules et accessoires,WEST,16
2025-11-10,Vêtements et accessoires,EAST,61
2025-11-10,Vêtements et accessoires,NORTH,47
2025-11-10,Vêtements et accessoires,SOUTH,37
2025-11-10,Vêtements et accessoires,WEST,22
2025-11-10,Équipements sportifs,EAST,27
2025-11-10,Équipements sportifs,NORTH,29
2025-11-10,Équipements sportifs,SOUTH,24
2025-11-10,Équipements sportifs,WEST,20
2025-11-17,Animaux et articles pour animaux de compagnie,EAST,28
2025-11-17,Animaux et articles pour animaux de compagnie,NORTH,39
2025-11-17,Animaux et articles pour animaux de compagnie,SOUTH,11
2025-11-17,Animaux et articles pour animaux de compagnie,WEST,16
2025-11-17,"Appareils photo, caméras et instruments d'optique",EAST,3
2025-11-17,"Appareils photo, caméras et instruments d'optique",NORTH,5
2025-11-17,"Appareils photo, caméras et instruments d'optique",SOUTH,2
2025-11-17,"Appareils photo, caméras et instruments d'optique",WEST,3
2025-11-17,Appareils électroniques,EAST,40
2025-11-17,Appareils électroniques,NORTH,32
2025-11-17,Appareils électroniques,SOUTH,19
2025-11-17,Appareils électroniques,WEST,28
2025-11-17,Arts et loisirs,EAST,30
2025-11-17,Arts et loisirs,NORTH,24
2025-11-17,Arts et loisirs,SOUTH,18
2025-11-17,Arts et loisirs,WEST,20
2025-11-17,Bagages et maroquinerie,EAST,34
2025-11-17,Bagages et maroquinerie,NORTH,31
2025-11-17,Bagages et maroquinerie,SOUTH,13
2025-11-17,Bagages et maroquinerie,WEST,17
2025-11-17,Bébés et tout-petits,EAST,34
2025-11-17,Bébés et tout-petits,NORTH,35
2025-11-17,Bébés et tout-petits,SOUTH,16
2025-11-17,Bébés et tout-petits,WEST,22
2025-11-17,Entreprise et industrie,EAST,9
2025-11-17,Entreprise et industrie,NORTH,8
2025-11-17,Entreprise et industrie,SOUTH,3
2025-11-17,Entreprise et industrie,WEST,9
2025-11-17,Fournitures de bureau,EAST,31
2025-11-17,Fournitures de bureau,NORTH,22
2025-11-17,Fournitures de bureau,SOUTH,11
2025-11-17,Fournitures de bureau,WEST,22
2025-11-17,Jeux et jouets,EAST,14
2025-11-17,Jeux et jouets,NORTH,12
2025-11-17,Jeux et jouets,SOUTH,9
2025-11-17,Jeux et jouets,WEST,13
2025-11-17,Logiciels,EAST,1
2025-11-17,Logiciels,NORTH,2
2025-11-17,Logiciels,WEST,4
2025-11-17,Lots,EAST,5
2025-11-17,Lots,NORTH,7
2025-11-17,Lots,SOUTH,4
2025-11-17,Lots,WEST,3
2025-11-17,Maison et jardin,EAST,80
2025-11-17,Maison et jardin,NORTH,90
2025-11-17,Maison et jardin,SOUTH,52
2025-11-17,Maison et jardin,WEST,53
2025-11-17,Meubles,EAST,37
2025-11-17,Meubles,NORTH,45
2025-11-17,Meubles,SOUTH,13
2025-11-17,Meubles,WEST,25
2025-11-17,Modules complémentaires du produit,EAST,2
2025-11-17,Modules complémentaires du produit,NORTH,3
2025-11-17,Modules complémentaires du produit,WEST,1
2025-11-17,Médias,EAST,14
2025-11-17,Médias,NORTH,23
2025-11-17,Médias,SOUTH,6
2025-11-17,Médias,WEST,6
2025-11-17,Non classé,EAST,4
2025-11-17,Non classé,NORTH,2
2025-11-17,Non classé,SOUTH,2
2025-11-17,Offices religieux et cérémonies,EAST,7
2025-11-17,Offices religieux et cérémonies,NORTH,12
2025-11-17,Offices religieux et cérémonies,SOUTH,6
2025-11-17,Offices religieux et cérémonies,WEST,5
2025-11-17,Quincaillerie,EAST,26
2025-11-17,Quincaillerie,NORTH,24
2025-11-17,Quincaillerie,SOUTH,26
2025-11-17,Quincaillerie,WEST,12
2025-11-17,Santé et beauté,EAST,28
2025-11-17,Santé et beauté,NORTH,42
2025-11-17,Santé et beauté,SOUTH,22
2025-11-17,Santé et beauté,WEST,19
2025-11-17,Véhicules et accessoires,EAST,26
2025-11-17,Véhicules et accessoires,NORTH,36
2025-11-17,Véhicules et accessoires,SOUTH,26
2025-11-17,Véhicules et accessoires,WEST,18
2025-11-17,Vêtements et accessoires,EAST,58
2025-11-17,Vêtements et accessoires,NORTH,44
2025-11-17,Vêtements et accessoires,SOUTH,34
2025-11-17,Vêtements et accessoires,WEST,34
2025-11-17,Équipements sportifs,EAST,28
2025-11-17,Équipements sportifs,NORTH,29
2025-11-17,Équipements sportifs,SOUTH,22
2025-11-17,Équipements sportifs,WEST,24
2025-11-24,Animaux et articles pour animaux de compagnie,EAST,30
2025-11-24,Animaux et articles pour animaux de compagnie,NORTH,24
2025-11-24,Animaux et articles pour animaux de compagnie,SOUTH,14
2025-11-24,Animaux et articles pour animaux de compagnie,WEST,15
2025-11-24,"Appareils photo, caméras et instruments d'optique",EAST,4
2025-11-24,"Appareils photo, caméras et instruments d'optique",NORTH,5
2025-11-24,"Appareils photo, caméras et instruments d'optique",SOUTH,4
2025-11-24,"Appareils photo, caméras et instruments d'optique",WEST,4
2025-11-24,Appareils électroniques,EAST,34
2025-11-24,Appareils électroniques,NORTH,35
2025-11-24,Appareils électroniques,SOUTH,24
2025-11-24,Appareils électroniques,WEST,17
2025-11-24,Arts et loisirs,EAST,37
2025-11-24,Arts et loisirs,NORTH,27
2025-11-24,Arts et loisirs,SOUTH,18
2025-11-24,Arts et loisirs,WEST,12
2025-11-24,Bagages et maroquinerie,EAST,23
2025-11-24,Bagages et maroquinerie,NORTH,38
2025-11-24,Bagages et maroquinerie,SOUTH,17
2025-11-24,Bagages et maroquinerie,WEST,18
2025-11-24,Bébés et tout-petits,EAST,24
2025-11-24,Bébés et tout-petits,NORTH,35
2025-11-24,Bébés et tout-petits,SOUTH,15
2025-11-24,Bébés et tout-petits,WEST,20
2025-11-24,Entreprise et industrie,EAST,10
2025-11-24,Entreprise et industrie,NORTH,9
2025-11-24,Entreprise et industrie,SOUTH,9
2025-11-24,Entreprise et industrie,WEST,5
2025-11-24,Fournitures de bureau,EAST,28
2025-11-24,Fournitures de bureau,NORTH,30
2025-11-24,Fournitures de bureau,SOUTH,25
2025-11-24,Fournitures de bureau,WEST,19
2025-11-24,Jeux et jouets,EAST,11
2025-11-24,Jeux et jouets,NORTH,17
2025-11-24,Jeux et jouets,SOUTH,8
2025-11-24,Jeux et jouets,WEST,10
2025-11-24,Logiciels,EAST,4
2025-11-24,Logiciels,NORTH,3
2025-11-24,Logiciels,SOUTH,1
2025-11-24,Logiciels,WEST,2
2025-11-24,Lots,EAST,8
2025-11-24,Lots,NORTH,4
2025-11-24,Lots,SOUTH,2
2025-11-24,Lots,WEST,5
2025-11-24,Maison et jardin,EAST,86
2025-11-24,Maison et jardin,NORTH,100
2025-11-24,Maison et jardin,SOUTH,51
2025-11-24,Maison et jardin,WEST,57
2025-11-24,Meubles,EAST,46
2025-11-24,Meubles,NORTH,29
2025-11-24,Meubles,SOUTH,20
2025-11-24,Meubles,WEST,31
2025-11-24,Modules complémentaires du produit,NORTH,1
2025-11-24,Modules complémentaires du produit,SOUTH,1
2025-11-24,Modules complémentaires du produit,WEST,2
2025-11-24,Médias,EAST,9
2025-11-24,Médias,NORTH,10
2025-11-24,Médias,SOUTH,9
2025-11-24,Médias,WEST,8
2025-11-24,Non classé,EAST,4
2025-11-24,Non classé,NORTH,1
2025-11-24,Non classé,SOUTH,1
2025-11-24,Non classé,WEST,3
2025-11-24,Offices religieux et cérémonies,EAST,6
2025-11-24,Offices religieux et cérémonies,NORTH,3
2025-11-24,Offices religieux et cérémonies,SOUTH,8
2025-11-24,Offices religieux et cérémonies,WEST,12
2025-11-24,Quincaillerie,EAST,19
2025-11-24,Quincaillerie,NORTH,31
2025-11-24,Quincaillerie,SOUTH,18
2025-11-24,Quincaillerie,WEST,17
2025-11-24,Santé et beauté,EAST,25
2025-11-24,Santé et beauté,NORTH,40
2025-11-24,Santé et beauté,SOUTH,22
2025-11-24,Santé et beauté,WEST,20
2025-11-24,Véhicules et accessoires,EAST,30
2025-11-24,Véhicules et accessoires,NORTH,28
2025-11-24,Véhicules et accessoires,SOUTH,16
2025-11-24,Véhicules et accessoires,WEST,26
2025-11-24,Vêtements et accessoires,EAST,63
2025-11-24,Vêtements et accessoires,NORTH,61
2025-11-24,Vêtements et accessoires,SOUTH,24
2025-11-24,Vêtements et accessoires,WEST,35
2025-11-24,Équipements sportifs,EAST,33
2025-11-24,Équipements sportifs,NORTH,25
2025-11-24,Équipements sportifs,SOUTH,18
2025-11-24,Équipements sportifs,WEST,23
2025-12-01,Animaux et articles pour animaux de compagnie,EAST,25
2025-12-01,Animaux et articles pour animaux de compagnie,NORTH,27
2025-12-01,Animaux et articles pour animaux de compagnie,SOUTH,30
2025-12-01,Animaux et articles pour animaux de compagnie,WEST,19
2025-12-01,"Appareils photo, caméras et instruments d'optique",EAST,7
2025-12-01,"Appareils photo, caméras et instruments d'optique",NORTH,4
2025-12-01,"Appareils photo, caméras et instruments d'optique",SOUTH,6
2025-12-01,"Appareils photo, caméras et instruments d'optique",WEST,2
2025-12-01,Appareils électroniques,EAST,40
2025-12-01,Appareils électroniques,NORTH,40
2025-12-01,Appareils électroniques,SOUTH,20
2025-12-01,Appareils électroniques,WEST,33
2025-12-01,Arts et loisirs,EAST,35
2025-12-01,Arts et loisirs,NORTH,32
2025-12-01,Arts et loisirs,SOUTH,21
2025-12-01,Arts et loisirs,WEST,19
2025-12-01,Bagages et maroquinerie,EAST,24
2025-12-01,Bagages et maroquinerie,NORTH,35
2025-12-01,Bagages et maroquinerie,SOUTH,15
2025-12-01,Bagages et maroquinerie,WEST,14
2025-12-01,Bébés et tout-petits,EAST,22
2025-12-01,Bébés et tout-petits,NORTH,27
2025-12-01,Bébés et tout-petits,SOUTH,15
2025-12-01,Bébés et tout-petits,WEST,16
2025-12-01,Entreprise et industrie,EAST,16
2025-12-01,Entreprise et industrie,NORTH,14
2025-12-01,Entreprise et industrie,SOUTH,7
2025-12-01,Entreprise et industrie,WEST,6
2025-12-01,Fournitures de bureau,EAST,27
2025-12-01,Fournitures de bureau,NORTH,25
2025-12-01,Fournitures de bureau,SOUTH,13
2025-12-01,Fournitures de bureau,WEST,25
2025-12-01,Jeux et jouets,EAST,13
2025-12-01,Jeux et jouets,NORTH,16
2025-12-01,Jeux et jouets,SOUTH,7
2025-12-01,Jeux et jouets,WEST,10
2025-12-01,Logiciels,EAST,3
2025-12-01,Logiciels,NORTH,4
2025-12-01,Logiciels,SOUTH,1
2025-12-01,Logiciels,WEST,2
2025-12-01,Lots,EAST,9
2025-12-01,Lots,NORTH,5
2025-12-01,Lots,WEST,5
2025-12-01,Maison et jardin,EAST,86
2025-12-01,Maison et jardin,NORTH,84
2025-12-01,Maison et jardin,SOUTH,52
2025-12-01,Maison et jardin,WEST,53
2025-12-01,Meubles,EAST,32
2025-12-01,Meubles,NORTH,31
2025-12-01,Meubles,SOUTH,16
2025-12-01,Meubles,WEST,26
2025-12-01,Modules complémentaires du produit,EAST,2
2025-12-01,Modules complémentaires du produit,NORTH,2
2025-12-01,Modules complémentaires du produit,WEST,1
2025-12-01,Médias,EAST,18
2025-12-01,Médias,NORTH,12
2025-12-01,Médias,SOUTH,6
2025-12-01,Médias,WEST,6
2025-12-01,Non classé,EAST,1
2025-12-01,Non classé,NORTH,1
2025-12-01,Offices religieux et cérémonies,EAST,4
2025-12-01,Offices religieux et cérémonies,NORTH,7
2025-12-01,Offices religieux et cérémonies,SOUTH,6
2025-12-01,Offices religieux et cérémonies,WEST,4
2025-12-01,Quincaillerie,EAST,19
2025-12-01,Quincaillerie,NORTH,33
2025-12-01,Quincaillerie,SOUTH,15
2025-12-01,Quincaillerie,WEST,17
2025-12-01,Santé et beauté,EAST,34
2025-12-01,Santé et beauté,NORTH,41
2025-12-01,Santé et beauté,SOUTH,24
2025-12-01,Santé et beauté,WEST,18
2025-12-01,Véhicules et accessoires,EAST,36
2025-12-01,Véhicules et accessoires,NORTH,25
2025-12-01,Véhicules et accessoires,SOUTH,12
2025-12-01,Véhicules et accessoires,WEST,20
2025-12-01,Vêtements et accessoires,EAST,59
2025-12-01,Vêtements et accessoires,NORTH,49
2025-12-01,Vêtements et accessoires,SOUTH,45
2025-12-01,Vêtements et accessoires,WEST,44
2025-12-01,Équipements sportifs,EAST,22
2025-12-01,Équipements sportifs,NORTH,28
2025-12-01,Équipements sportifs,SOUTH,21
2025-12-01,Équipements sportifs,WEST,18
2025-12-08,Animaux et articles pour animaux de compagnie,EAST,32
2025-12-08,Animaux et articles pour animaux de compagnie,NORTH,31
2025-12-08,Animaux et articles pour animaux de compagnie,SOUTH,16
2025-12-08,Animaux et articles pour animaux de compagnie,WEST,23
2025-12-08,"Appareils photo, caméras et instruments d'optique",EAST,7
2025-12-08,"Appareils photo, caméras et instruments d'optique",NORTH,6
2025-12-08,"Appareils photo, caméras et instruments d'optique",SOUTH,5
2025-12-08,"Appareils photo, caméras et instruments d'optique",WEST,5
2025-12-08,Appareils électroniques,EAST,34
2025-12-08,Appareils électroniques,NORTH,37
2025-12-08,Appareils électroniques,SOUTH,27
2025-12-08,Appareils électroniques,WEST,20
2025-12-08,Arts et loisirs,EAST,20
2025-12-08,Arts et loisirs,NORTH,31
2025-12-08,Arts et loisirs,SOUTH,22
2025-12-08,Arts et loisirs,WEST,21
2025-12-08,Bagages et maroquinerie,EAST,19
2025-12-08,Bagages et maroquinerie,NORTH,33
2025-12-08,Bagages et maroquinerie,SOUTH,12
2025-12-08,Bagages et maroquinerie,WEST,22
2025-12-08,Bébés et tout-petits,EAST,27
2025-12-08,Bébés et tout-petits,NORTH,33
2025-12-08,Bébés et tout-petits,SOUTH,23
2025-12-08,Bébés et tout-petits,WEST,21
2025-12-08,Entreprise et industrie,EAST,11
2025-12-08,Entreprise et industrie,NORTH,13
2025-12-08,Entreprise et industrie,SOUTH,5
2025-12-08,Entreprise et industrie,WEST,7
2025-12-08,Fournitures de bureau,EAST,25
2025-12-08,Fournitures de bureau,NORTH,34
2025-12-08,Fournitures de bureau,SOUTH,15
2025-12-08,Fournitures de bureau,WEST,20
2025-12-08,Jeux et jouets,EAST,6
2025-12-08,Jeux et jouets,NORTH,11
2025-12-08,Jeux et jouets,SOUTH,11
2025-12-08,Jeux et jouets,WEST,12
2025-12-08,Logiciels,EAST,2
2025-12-08,Logiciels,NORTH,3
2025-12-08,Logiciels,SOUTH,4
2025-12-08,Logiciels,WEST,1
2025-12-08,Lots,EAST,9
2025-12-08,Lots,NORTH,5
2025-12-08,Lots,SOUTH,1
2025-12-08,Lots,WEST,3
2025-12-08,Maison et jardin,EAST,95
2025-12-08,Maison et jardin,NORTH,91
2025-12-08,Maison et jardin,SOUTH,66
2025-12-08,Maison et jardin,WEST,70
2025-12-08,Meubles,EAST,39
2025-12-08,Meubles,NORTH,30
2025-12-08,Meubles,SOUTH,29
2025-12-08,Meubles,WEST,26
2025-12-08,Modules complémentaires du produit,EAST,3
2025-12-08,Modules complémentaires du produit,NORTH,2
2025-12-08,Modules complémentaires du produit,SOUTH,1
2025-12-08,Modules complémentaires du produit,WEST,1
2025-12-08,Médias,EAST,19
2025-12-08,Médias,NORTH,13
2025-12-08,Médias,SOUTH,7
2025-12-08,Médias,WEST,9
2025-12-08,Non classé,EAST,1
2025-12-08,Non classé,NORTH,5
2025-12-08,Non classé,WEST,2
2025-12-08,Offices religieux et cérémonies,EAST,7
2025-12-08,Offices religieux et cérémonies,NORTH,10
2025-12-08,Offices religieux et cérémonies,SOUTH,2
2025-12-08,Offices religieux et cérémonies,WEST,4
2025-12-08,Quincaillerie,EAST,24
2025-12-08,Quincaillerie,NORTH,33
2025-12-08,Quincaillerie,SOUTH,11
2025-12-08,Quincaillerie,WEST,23
2025-12-08,Santé et beauté,EAST,35
2025-12-08,Santé et beauté,NORTH,46
2025-12-08,Santé et beauté,SOUTH,32
2025-12-08,Santé et beauté,WEST,31
2025-12-08,Véhicules et accessoires,EAST,27
2025-12-08,Véhicules et accessoires,NORTH,31
2025-12-08,Véhicules et accessoires,SOUTH,12
2025-12-08,Véhicules et accessoires,WEST,25
2025-12-08,Vêtements et accessoires,EAST,53
2025-12-08,Vêtements et accessoires,NORTH,60
2025-12-08,Vêtements et accessoires,SOUTH,33
2025-12-08,Vêtements et accessoires,WEST,54
2025-12-08,Équipements sportifs,EAST,22
2025-12-08,Équipements sportifs,NORTH,34
2025-12-08,Équipements sportifs,SOUTH,12
2025-12-08,Équipements sportifs,WEST,24
2025-12-15,Animaux et articles pour animaux de compagnie,EAST,27
2025-12-15,Animaux et articles pour animaux de compagnie,NORTH,30
2025-12-15,Animaux et articles pour animaux de compagnie,SOUTH,16
2025-12-15,Animaux et articles pour animaux de compagnie,WEST,33
2025-12-15,"Appareils photo, caméras et instruments d'optique",EAST,5
2025-12-15,"Appareils photo, caméras et instruments d'optique",NORTH,6
2025-12-15,"Appareils photo, caméras et instruments d'optique",SOUTH,2
2025-12-15,"Appareils photo, caméras et instruments d'optique",WEST,6
2025-12-15,Appareils électroniques,EAST,43
2025-12-15,Appareils électroniques,NORTH,32
2025-12-15,Appareils électroniques,SOUTH,27
2025-12-15,Appareils électroniques,WEST,24
2025-12-15,Arts et loisirs,EAST,35
2025-12-15,Arts et loisirs,NORTH,28
2025-12-15,Arts et loisirs,SOUTH,17
2025-12-15,Arts et loisirs,WEST,19
2025-12-15,Bagages et maroquinerie,EAST,27
2025-12-15,Bagages et maroquinerie,NORTH,29
2025-12-15,Bagages et maroquinerie,SOUTH,12
2025-12-15,Bagages et maroquinerie,WEST,20
2025-12-15,Bébés et tout-petits,EAST,35
2025-12-15,Bébés et tout-petits,NORTH,19
2025-12-15,Bébés et tout-petits,SOUTH,19
2025-12-15,Bébés et tout-petits,WEST,22
2025-12-15,Entreprise et industrie,EAST,13
2025-12-15,Entreprise et industrie,NORTH,14
2025-12-15,Entreprise et industrie,SOUTH,7
2025-12-15,Entreprise et industrie,WEST,12
2025-12-15,Fournitures de bureau,EAST,26
2025-12-15,Fournitures de bureau,NORTH,31
2025-12-15,Fournitures de bureau,SOUTH,18
2025-12-15,Fournitures de bureau,WEST,27
2025-12-15,Jeux et jouets,EAST,6
2025-12-15,Jeux et jouets,NORTH,17
2025-12-15,Jeux et jouets,SOUTH,10
2025-12-15,Jeux et jouets,WEST,14
2025-12-15,Logiciels,EAST,3
2025-12-15,Logiciels,NORTH,2
2025-12-15,Lots,EAST,2
2025-12-15,Lots,NORTH,6
2025-12-15,Lots,SOUTH,2
2025-12-15,Lots,WEST,4
2025-12-15,Maison et jardin,EAST,83
2025-12-15,Maison et jardin,NORTH,94
2025-12-15,Maison et jardin,SOUTH,52
2025-12-15,Maison et jardin,WEST,65
2025-12-15,Meubles,EAST,44
2025-12-15,Meubles,NORTH,43
2025-12-15,Meubles,SOUTH,25
2025-12-15,Meubles,WEST,23
2025-12-15,Modules complémentaires du produit,EAST,1
2025-12-15,Modules complémentaires du produit,NORTH,5
2025-12-15,Modules complémentaires du produit,SOUTH,1
2025-12-15,Modules complémentaires du produit,WEST,3
2025-12-15,Médias,EAST,12
2025-12-15,Médias,NORTH,23
2025-12-15,Médias,SOUTH,4
2025-12-15,Médias,WEST,10
2025-12-15,Non classé,NORTH,4
2025-12-15,Offices religieux et cérémonies,EAST,8
2025-12-15,Offices religieux et cérémonies,NORTH,10
2025-12-15,Offices religieux et cérémonies,SOUTH,4
2025-12-15,Offices religieux et cérémonies,WEST,7
2025-12-15,Quincaillerie,EAST,29
2025-12-15,Quincaillerie,NORTH,19
2025-12-15,Quincaillerie,SOUTH,9
2025-12-15,Quincaillerie,WEST,19
2025-12-15,Santé et beauté,EAST,33
2025-12-15,Santé et beauté,NORTH,36
2025-12-15,Santé et beauté,SOUTH,20
2025-12-15,Santé et beauté,WEST,15
2025-12-15,Véhicules et accessoires,EAST,27
2025-12-15,Véhicules et accessoires,NORTH,36
2025-12-15,Véhicules et accessoires,SOUTH,16
2025-12-15,Véhicules et accessoires,WEST,18
2025-12-15,Vêtements et accessoires,EAST,63
2025-12-15,Vêtements et accessoires,NORTH,58
2025-12-15,Vêtements et accessoires,SOUTH,39
2025-12-15,Vêtements et accessoires,WEST,44
2025-12-15,Équipements sportifs,EAST,30
2025-12-15,Équipements sportifs,NORTH,42
2025-12-15,Équipements sportifs,SOUTH,21
2025-12-15,Équipements sportifs,WEST,13
2025-12-22,Animaux et articles pour animaux de compagnie,EAST,25
2025-12-22,Animaux et articles pour animaux de compagnie,NORTH,37
2025-12-22,Animaux et articles pour animaux de compagnie,SOUTH,16
2025-12-22,Animaux et articles pour animaux de compagnie,WEST,20
2025-12-22,"Appareils photo, caméras et instruments d'optique",EAST,4
2025-12-22,"Appareils photo, caméras et instruments d'optique",NORTH,9
2025-12-22,"Appareils photo, caméras et instruments d'optique",SOUTH,2
2025-12-22,"Appareils photo, caméras et instruments d'optique",WEST,1
2025-12-22,Appareils électroniques,EAST,32
2025-12-22,Appareils électroniques,NORTH,39
2025-12-22,Appareils électroniques,SOUTH,24
2025-12-22,Appareils électroniques,WEST,32
2025-12-22,Arts et loisirs,EAST,35
2025-12-22,Arts et loisirs,NORTH,20
2025-12-22,Arts et loisirs,SOUTH,20
2025-12-22,Arts et loisirs,WEST,15
2025-12-22,Bagages et maroquinerie,EAST,32
2025-12-22,Bagages et maroquinerie,NORTH,25
2025-12-22,Bagages et maroquinerie,SOUTH,27
2025-12-22,Bagages et maroquinerie,WEST,23
2025-12-22,Bébés et tout-petits,EAST,32
2025-12-22,Bébés et tout-petits,NORTH,45
2025-12-22,Bébés et tout-petits,SOUTH,29
2025-12-22,Bébés et tout-petits,WEST,25
2025-12-22,Entreprise et industrie,EAST,14
2025-12-22,Entreprise et industrie,NORTH,10
2025-12-22,Entreprise et industrie,SOUTH,7
2025-12-22,Entreprise et industrie,WEST,6
2025-12-22,Fournitures de bureau,EAST,28
2025-12-22,Fournitures de bureau,NORTH,23
2025-12-22,Fournitures de bureau,SOUTH,14
2025-12-22,Fournitures de bureau,WEST,20
2025-12-22,Jeux et jouets,EAST,13
2025-12-22,Jeux et jouets,NORTH,14
2025-12-22,Jeux et jouets,SOUTH,3
2025-12-22,Jeux et jouets,WEST,10
2025-12-22,Logiciels,EAST,7
2025-12-22,Logiciels,NORTH,3
2025-12-22,Logiciels,SOUTH,2
2025-12-22,Lots,EAST,7
2025-12-22,Lots,NORTH,9
2025-12-22,Lots,SOUTH,3
2025-12-22,Lots,WEST,6
2025-12-22,Maison et jardin,EAST,81
2025-12-22,Maison et jardin,NORTH,88
2025-12-22,Maison et jardin,SOUTH,68
2025-12-22,Maison et jardin,WEST,68
2025-12-22,Meubles,EAST,40
2025-12-22,Meubles,NORTH,43
2025-12-22,Meubles,SOUTH,23
2025-12-22,Meubles,WEST,31
2025-12-22,Modules complémentaires du produit,EAST,4
2025-12-22,Modules complémentaires du produit,NORTH,3
2025-12-22,Modules complémentaires du produit,WEST,2
2025-12-22,Médias,EAST,16
2025-12-22,Médias,NORTH,18
2025-12-22,Médias,SOUTH,12
2025-12-22,Médias,WEST,9
2025-12-22,Non classé,EAST,4
2025-12-22,Non classé,SOUTH,1
2025-12-22,Offices religieux et cérémonies,EAST,12
2025-12-22,Offices religieux et cérémonies,NORTH,9
2025-12-22,Offices religieux et cérémonies,SOUTH,3
2025-12-22,Offices religieux et cérémonies,WEST,7
2025-12-22,Quincaillerie,EAST,36
2025-12-22,Quincaillerie,NORTH,29
2025-12-22,Quincaillerie,SOUTH,22
2025-12-22,Quincaillerie,WEST,18
2025-12-22,Santé et beauté,EAST,42
2025-12-22,Santé et beauté,NORTH,32
2025-12-22,Santé et beauté,SOUTH,27
2025-12-22,Santé et beauté,WEST,22
2025-12-22,Véhicules et accessoires,EAST,32
2025-12-22,Véhicules et accessoires,NORTH,36
2025-12-22,Véhicules et accessoires,SOUTH,20
2025-12-22,Véhicules et accessoires,WEST,17
2025-12-22,Vêtements et accessoires,EAST,50
2025-12-22,Vêtements et accessoires,NORTH,65
2025-12-22,Vêtements et accessoires,SOUTH,39
2025-12-22,Vêtements et accessoires,WEST,40
2025-12-22,Équipements sportifs,EAST,31
2025-12-22,Équipements sportifs,NORTH,35
2025-12-22,Équipements sportifs,SOUTH,21
2025-12-22,Équipements sportifs,WEST,14
2025-12-29,Animaux et articles pour animaux de compagnie,EAST,37
2025-12-29,Animaux et articles pour animaux de compagnie,NORTH,25
2025-12-29,Animaux et articles pour animaux de compagnie,SOUTH,18
2025-12-29,Animaux et articles pour animaux de compagnie,WEST,24
2025-12-29,"Appareils photo, caméras et instruments d'optique",EAST,3
2025-12-29,"Appareils photo, caméras et instruments d'optique",NORTH,3
2025-12-29,"Appareils photo, caméras et instruments d'optique",SOUTH,4
2025-12-29,"Appareils photo, caméras et instruments d'optique",WEST,4
2025-12-29,Appareils électroniques,EAST,30
2025-12-29,Appareils électroniques,NORTH,48
2025-12-29,Appareils électroniques,SOUTH,25
2025-12-29,Appareils électroniques,WEST,24
2025-12-29,Arts et loisirs,EAST,28
2025-12-29,Arts et loisirs,NORTH,29
2025-12-29,Arts et loisirs,SOUTH,17
2025-12-29,Arts et loisirs,WEST,18
2025-12-29,Bagages et maroquinerie,EAST,25
2025-12-29,Bagages et maroquinerie,NORTH,34
2025-12-29,Bagages et maroquinerie,SOUTH,15
2025-12-29,Bagages et maroquinerie,WEST,21
2025-12-29,Bébés et tout-petits,EAST,27
2025-12-29,Bébés et tout-petits,NORTH,32
2025-12-29,Bébés et tout-petits,SOUTH,16
2025-12-29,Bébés et tout-petits,WEST,17
2025-12-29,Entreprise et industrie,EAST,18
2025-12-29,Entreprise et industrie,NORTH,13
2025-12-29,Entreprise et industrie,SOUTH,6
2025-12-29,Entreprise et industrie,WEST,9
2025-12-29,Fournitures de bureau,EAST,20
2025-12-29,Fournitures de bureau,NORTH,28
2025-12-29,Fournitures de bureau,SOUTH,16
2025-12-29,Fournitures de bureau,WEST,23
2025-12-29,Jeux et jouets,EAST,18
2025-12-29,Jeux et jouets,NORTH,14
2025-12-29,Jeux et jouets,SOUTH,7
2025-12-29,Jeux et jouets,WEST,5
2025-12-29,Logiciels,EAST,5
2025-12-29,Logiciels,NORTH,3
2025-12-29,Logiciels,SOUTH,2
2025-12-29,Logiciels,WEST,3
2025-12-29,Lots,EAST,4
2025-12-29,Lots,NORTH,8
2025-12-29,Lots,SOUTH,2
2025-12-29,Lots,WEST,5
2025-12-29,Maison et jardin,EAST,84
2025-12-29,Maison et jardin,NORTH,80
2025-12-29,Maison et jardin,SOUTH,46
2025-12-29,Maison et jardin,WEST,49
2025-12-29,Meubles,EAST,37
2025-12-29,Meubles,NORTH,35
2025-12-29,Meubles,SOUTH,26
2025-12-29,Meubles,WEST,19
2025-12-29,Modules complémentaires du produit,EAST,8
2025-12-29,Modules complémentaires du produit,NORTH,6
2025-12-29,Modules complémentaires du produit,SOUTH,1
2025-12-29,Modules complémentaires du produit,WEST,2
2025-12-29,Médias,EAST,17
2025-12-29,Médias,NORTH,18
2025-12-29,Médias,SOUTH,7
2025-12-29,Médias,WEST,7
2025-12-29,Non classé,EAST,2
2025-12-29,Non classé,NORTH,1
2025-12-29,Non classé,SOUTH,1
2025-12-29,Non classé,WEST,1
2025-12-29,Offices religieux et cérémonies,EAST,7
2025-12-29,Offices religieux et cérémonies,NORTH,6
2025-12-29,Offices religieux et cérémonies,SOUTH,9
2025-12-29,Offices religieux et cérémonies,WEST,3
2025-12-29,Quincaillerie,EAST,25
2025-12-29,Quincaillerie,NORTH,48
2025-12-29,Quincaillerie,SOUTH,16
2025-12-29,Quincaillerie,WEST,18
2025-12-29,Santé et beauté,EAST,36
2025-12-29,Santé et beauté,NORTH,42
2025-12-29,Santé et beauté,SOUTH,20
2025-12-29,Santé et beauté,WEST,26
2025-12-29,Véhicules et accessoires,EAST,30
2025-12-29,Véhicules et accessoires,NORTH,27
2025-12-29,Véhicules et accessoires,SOUTH,15
2025-12-29,Véhicules et accessoires,WEST,25
2025-12-29,Vêtements et accessoires,EAST,58
2025-12-29,Vêtements et accessoires,NORTH,67
2025-12-29,Vêtements et accessoires,SOUTH,25
2025-12-29,Vêtements et accessoires,WEST,29
2025-12-29,Équipements sportifs,EAST,28
2025-12-29,Équipements sportifs,NORTH,31
2025-12-29,Équipements sportifs,SOUTH,11
2025-12-29,Équipements sportifs,WEST,22
2026-01-05,Animaux et articles pour animaux de compagnie,EAST,4
2026-01-05,Animaux et articles pour animaux de compagnie,NORTH,9
2026-01-05,Animaux et articles pour animaux de compagnie,SOUTH,10
2026-01-05,Animaux et articles pour animaux de compagnie,WEST,10
2026-01-05,"Appareils photo, caméras et instruments d'optique",EAST,4
2026-01-05,"Appareils photo, caméras et instruments d'optique",NORTH,2
2026-01-05,"Appareils photo, caméras et instruments d'optique",WEST,2
2026-01-05,Appareils électroniques,EAST,14
2026-01-05,Appareils électroniques,NORTH,7
2026-01-05,Appareils électroniques,SOUTH,5
2026-01-05,Appareils électroniques,WEST,3
2026-01-05,Arts et loisirs,EAST,8
2026-01-05,Arts et loisirs,NORTH,7
2026-01-05,Arts et loisirs,SOUTH,3
2026-01-05,Arts et loisirs,WEST,7
2026-01-05,Bagages et maroquinerie,EAST,5
2026-01-05,Bagages et maroquinerie,NORTH,4
2026-01-05,Bagages et maroquinerie,SOUTH,6
2026-01-05,Bagages et maroquinerie,WEST,9
2026-01-05,Bébés et tout-petits,EAST,6
2026-01-05,Bébés et tout-petits,NORTH,5
2026-01-05,Bébés et tout-petits,SOUTH,5
2026-01-05,Bébés et tout-petits,WEST,11
2026-01-05,Entreprise et industrie,EAST,4
2026-01-05,Entreprise et industrie,NORTH,4
2026-01-05,Entreprise et industrie,SOUTH,2
2026-01-05,Entreprise et industrie,WEST,3
2026-01-05,Fournitures de bureau,EAST,9
2026-01-05,Fournitures de bureau,NORTH,6
2026-01-05,Fournitures de bureau,SOUTH,9
2026-01-05,Fournitures de bureau,WEST,4
2026-01-05,Jeux et jouets,EAST,2
2026-01-05,Jeux et jouets,NORTH,6
2026-01-05,Jeux et jouets,SOUTH,1
2026-01-05,Jeux et jouets,WEST,1
2026-01-05,Logiciels,SOUTH,1
2026-01-05,Lots,NORTH,2
2026-01-05,Lots,SOUTH,1
2026-01-05,Lots,WEST,1
2026-01-05,Maison et jardin,EAST,24
2026-01-05,Maison et jardin,NORTH,22
2026-01-05,Maison et jardin,SOUTH,21
2026-01-05,Maison et jardin,WEST,17
2026-01-05,Meubles,EAST,11
2026-01-05,Meubles,NORTH,8
2026-01-05,Meubles,SOUTH,7
2026-01-05,Meubles,WEST,13
2026-01-05,Modules complémentaires du produit,SOUTH,1
2026-01-05,Médias,EAST,5
2026-01-05,Médias,NORTH,5
2026-01-05,Médias,SOUTH,1
2026-01-05,Médias,WEST,2
2026-01-05,Non classé,WEST,1
2026-01-05,Offices religieux et cérémonies,NORTH,1
2026-01-05,Quincaillerie,EAST,10
2026-01-05,Quincaillerie,NORTH,6
2026-01-05,Quincaillerie,SOUTH,7
2026-01-05,Quincaillerie,WEST,5
2026-01-05,Santé et beauté,EAST,10
2026-01-05,Santé et beauté,NORTH,11
2026-01-05,Santé et beauté,SOUTH,8
2026-01-05,Santé et beauté,WEST,12
2026-01-05,Véhicules et accessoires,EAST,6
2026-01-05,Véhicules et accessoires,NORTH,9
2026-01-05,Véhicules et accessoires,SOUTH,4
2026-01-05,Véhicules et accessoires,WEST,8
2026-01-05,Vêtements et accessoires,EAST,12
2026-01-05,Vêtements et accessoires,NORTH,23
2026-01-05,Vêtements et accessoires,SOUTH,6
2026-01-05,Vêtements et accessoires,WEST,9
2026-01-05,Équipements sportifs,EAST,12
2026-01-05,Équipements sportifs,NORTH,8
2026-01-05,Équipements sportifs,SOUTH,4
2026-01-05,Équipements sportifs,WEST,13
