week_start,region,parent_category,split,y,sarimax_pred,xgb_correction,hybrid_pred
2024-11-04,EAST,Animals & Pet Supplies,validation,313.0,304.7545836953561,-4.69218,304.7545836953561
2024-11-11,EAST,Animals & Pet Supplies,validation,260.0,304.7545836953561,-4.4950843,304.7545836953561
2024-11-18,EAST,Animals & Pet Supplies,validation,286.0,304.7545836953561,-1.7345827,304.7545836953561
2024-11-25,EAST,Animals & Pet Supplies,validation,288.0,304.7545836953561,2.0742114,304.7545836953561
2024-12-02,EAST,Animals & Pet Supplies,validation,314.0,304.7545836953561,-2.097233,304.7545836953561
2024-12-09,EAST,Animals & Pet Supplies,validation,341.0,304.7545836953561,-1.7467346,304.7545836953561
2024-12-16,EAST,Animals & Pet Supplies,validation,348.0,304.7545836953561,-3.2754788,304.7545836953561
2024-12-23,EAST,Animals & Pet Supplies,validation,350.0,304.7545836953561,-3.4061794,304.7545836953561
2024-11-04,EAST,Apparel & Accessories,validation,595.0,596.7988244429827,-6.9685535,596.7988244429827
2024-11-11,EAST,Apparel & Accessories,validation,578.0,596.7988244429827,-5.2438993,596.7988244429827
2024-11-18,EAST,Apparel & Accessories,validation,590.0,596.7988244429827,-7.2041483,596.7988244429827
2024-11-25,EAST,Apparel & Accessories,validation,599.0,596.7988244429827,-5.7383056,596.7988244429827
2024-12-02,EAST,Apparel & Accessories,validation,605.0,596.7988244429827,-5.557771,596.7988244429827
2024-12-09,EAST,Apparel & Accessories,validation,681.0,596.7988244429827,-5.557771,596.7988244429827
2024-12-16,EAST,Apparel & Accessories,validation,625.0,596.7988244429827,-5.5027113,596.7988244429827
2024-12-23,EAST,Apparel & Accessories,validation,652.0,596.7988244429827,-5.5027113,596.7988244429827
2024-11-04,EAST,Arts & Entertainment,validation,509.0,521.8649574807113,-5.870932,521.8649574807113
2024-11-11,EAST,Arts & Entertainment,validation,529.0,521.8649574807113,-5.867277,521.8649574807113
2024-11-18,EAST,Arts & Entertainment,validation,501.0,521.8649574807113,-6.6224384,521.8649574807113
2024-11-25,EAST,Arts & Entertainment,validation,490.0,521.8649574807113,-6.8812494,521.8649574807113
2024-12-02,EAST,Arts & Entertainment,validation,516.0,521.8649574807113,-7.061466,521.8649574807113
2024-12-09,EAST,Arts & Entertainment,validation,555.0,521.8649574807113,-6.8812494,521.8649574807113
2024-12-16,EAST,Arts & Entertainment,validation,544.0,521.8649574807113,-6.645655,521.8649574807113
2024-12-23,EAST,Arts & Entertainment,validation,548.0,521.8649574807113,-6.1164517,521.8649574807113
2024-11-04,EAST,Baby & Toddler,validation,312.0,289.3195106813801,-3.7286105,289.3195106813801
2024-11-11,EAST,Baby & Toddler,validation,294.0,289.3195106813801,-3.7643216,289.3195106813801
2024-11-18,EAST,Baby & Toddler,validation,266.0,289.3195106813801,-3.7643216,289.3195106813801
2024-11-25,EAST,Baby & Toddler,validation,307.0,289.3195106813801,-2.8718195,289.3195106813801
2024-12-02,EAST,Baby & Toddler,validation,342.0,289.3195106813801,-1.5078974,289.3195106813801
2024-12-09,EAST,Baby & Toddler,validation,273.0,289.3195106813801,-2.6609914,289.3195106813801
2024-12-16,EAST,Baby & Toddler,validation,323.0,289.3195106813801,-2.823607,289.3195106813801
2024-12-23,EAST,Baby & Toddler,validation,337.0,289.3195106813801,-2.0883949,289.3195106813801
2024-11-04,EAST,Business & Industrial,validation,206.0,200.85890702925394,-2.6709716,200.85890702925394
2024-11-11,EAST,Business & Industrial,validation,208.0,200.85890702925394,-2.6709716,200.85890702925394
2024-11-18,EAST,Business & Industrial,validation,178.0,200.85890702925394,-2.6709716,200.85890702925394
2024-11-25,EAST,Business & Industrial,validation,229.0,200.85890702925394,-2.6709716,200.85890702925394
2024-12-02,EAST,Business & Industrial,validation,207.0,200.85890702925394,-2.4353774,200.85890702925394
2024-12-09,EAST,Business & Industrial,validation,218.0,200.85890702925394,-2.4353774,200.85890702925394
2024-12-16,EAST,Business & Industrial,validation,219.0,200.85890702925394,-2.4353774,200.85890702925394
2024-12-23,EAST,Business & Industrial,validation,213.0,200.85890702925394,-2.6709716,200.85890702925394
2024-11-04,EAST,Cameras & Optics,validation,51.0,52.104528026506195,-2.6709716,52.104528026506195
2024-11-11,EAST,Cameras & Optics,validation,59.0,52.13668751417571,-2.6709716,52.13668751417571
2024-11-18,EAST,Cameras & Optics,validation,54.0,52.13668751417571,-2.6709716,52.13668751417571
2024-11-25,EAST,Cameras & Optics,validation,66.0,52.13668751417571,-2.6709716,52.13668751417571
2024-12-02,EAST,Cameras & Optics,validation,51.0,52.13668751417571,-2.6709716,52.13668751417571
2024-12-09,EAST,Cameras & Optics,validation,64.0,52.13668751417571,-2.6709716,52.13668751417571
2024-12-16,EAST,Cameras & Optics,validation,65.0,52.13668751417571,-2.6709716,52.13668751417571
2024-12-23,EAST,Cameras & Optics,validation,52.0,52.13668751417571,-2.6709716,52.13668751417571
2024-11-04,EAST,Electronics,validation,370.0,365.8468440176874,-6.7211576,365.8468440176874
2024-11-11,EAST,Electronics,validation,352.0,365.8468440176874,-6.617153,365.8468440176874
2024-11-18,EAST,Electronics,validation,362.0,365.8468440176874,-6.9748344,365.8468440176874
2024-11-25,EAST,Electronics,validation,367.0,365.8468440176874,-6.4927726,365.8468440176874
2024-12-02,EAST,Electronics,validation,383.0,365.8468440176874,-6.0999856,365.8468440176874
2024-12-09,EAST,Electronics,validation,441.0,365.8468440176874,-6.9748344,365.8468440176874
2024-12-16,EAST,Electronics,validation,418.0,365.8468440176874,-6.7392397,365.8468440176874
2024-12-23,EAST,Electronics,validation,371.0,365.8468440176874,-6.7392397,365.8468440176874
2024-11-04,EAST,Furniture,validation,363.0,361.5079135876112,-6.3934693,361.5079135876112
2024-11-11,EAST,Furniture,validation,333.0,370.54638011732743,-6.3934693,370.54638011732743
2024-11-18,EAST,Furniture,validation,363.0,377.64531048266736,-6.596777,377.64531048266736
2024-11-25,EAST,Furniture,validation,375.0,383.22090366169374,-6.2690887,383.22090366169374
2024-12-02,EAST,Furniture,validation,407.0,387.6000478000541,-6.8204613,387.6000478000541
2024-12-09,EAST,Furniture,validation,401.0,391.039485142196,-6.3464518,391.039485142196
2024-12-16,EAST,Furniture,validation,388.0,393.7408644201455,-6.7392397,393.7408644201455
2024-12-23,EAST,Furniture,validation,415.0,395.86256319741995,-6.9748344,395.86256319741995
2024-11-04,EAST,Hardware,validation,298.0,307.7145647126527,-4.759542,302.9550227242799
2024-11-11,EAST,Hardware,validation,304.0,307.7145647126527,-3.1232138,304.59135094464733
2024-11-18,EAST,Hardware,validation,295.0,307.7145647126527,-2.1564102,305.55815449536755
2024-11-25,EAST,Hardware,validation,269.0,307.7145647126527,-1.4940131,306.2205516415925
2024-12-02,EAST,Hardware,validation,322.0,307.7145647126527,-1.4940131,306.2205516415925
2024-12-09,EAST,Hardware,validation,317.0,307.7145647126527,-0.9161959,306.79836878360226
2024-12-16,EAST,Hardware,validation,321.0,307.7145647126527,-3.2963483,304.41821637929394
2024-12-23,EAST,Hardware,validation,316.0,307.7145647126527,-2.7640448,304.950519950995
2024-11-04,EAST,Health & Beauty,validation,324.0,365.99676699163746,-6.617153,365.99676699163746
2024-11-11,EAST,Health & Beauty,validation,348.0,365.99676699163746,-5.66338,365.99676699163746
2024-11-18,EAST,Health & Beauty,validation,341.0,365.99676699163746,-6.573686,365.99676699163746
2024-11-25,EAST,Health & Beauty,validation,356.0,365.99676699163746,-5.876302,365.99676699163746
2024-12-02,EAST,Health & Beauty,validation,440.0,365.99676699163746,-6.2690887,365.99676699163746
2024-12-09,EAST,Health & Beauty,validation,413.0,365.99676699163746,-5.9280396,365.99676699163746
2024-12-16,EAST,Health & Beauty,validation,412.0,365.99676699163746,-6.5498414,365.99676699163746
2024-12-23,EAST,Health & Beauty,validation,402.0,365.99676699163746,-6.3464518,365.99676699163746
2024-11-04,EAST,Home & Garden,validation,905.0,937.5346796853238,-8.451054,937.5346796853238
2024-11-11,EAST,Home & Garden,validation,870.0,937.5346796853238,-11.936501,937.5346796853238
2024-11-18,EAST,Home & Garden,validation,850.0,937.5346796853238,-11.936501,937.5346796853238
2024-11-25,EAST,Home & Garden,validation,974.0,937.5346796853238,-10.49137,937.5346796853238
2024-12-02,EAST,Home & Garden,validation,1009.0,937.5346796853238,-9.561769,937.5346796853238
2024-12-09,EAST,Home & Garden,validation,975.0,937.5346796853238,-8.02452,937.5346796853238
2024-12-16,EAST,Home & Garden,validation,1001.0,937.5346796853238,-8.27657,937.5346796853238
2024-12-23,EAST,Home & Garden,validation,973.0,937.5346796853238,-5.72754,937.5346796853238
2024-11-04,EAST,Luggage & Bags,validation,309.0,299.4361879111484,-6.2188644,299.4361879111484
2024-11-11,EAST,Luggage & Bags,validation,313.0,299.4361879111484,-3.8607197,299.4361879111484
2024-11-18,EAST,Luggage & Bags,validation,248.0,299.4361879111484,-3.9673474,299.4361879111484
2024-11-25,EAST,Luggage & Bags,validation,281.0,299.4361879111484,-3.8401823,299.4361879111484
2024-12-02,EAST,Luggage & Bags,validation,325.0,299.4361879111484,-0.2660538,299.4361879111484
2024-12-09,EAST,Luggage & Bags,validation,316.0,299.4361879111484,-1.3506584,299.4361879111484
2024-12-16,EAST,Luggage & Bags,validation,335.0,299.4361879111484,-3.7404532,299.4361879111484
2024-12-23,EAST,Luggage & Bags,validation,308.0,299.4361879111484,-4.154151,299.4361879111484
2024-11-04,EAST,Media,validation,139.0,139.91487760301843,-2.8266828,139.91487760301843
2024-11-11,EAST,Media,validation,151.0,139.91487760301843,-2.8266828,139.91487760301843
2024-11-18,EAST,Media,validation,123.0,139.91487760301843,-2.8266828,139.91487760301843
2024-11-25,EAST,Media,validation,140.0,139.91487760301843,-2.8266828,139.91487760301843
2024-12-02,EAST,Media,validation,121.0,139.91487760301843,-2.8266828,139.91487760301843
2024-12-09,EAST,Media,validation,138.0,139.91487760301843,-2.8266828,139.91487760301843
2024-12-16,EAST,Media,validation,147.0,139.91487760301843,-2.8266828,139.91487760301843
2024-12-23,EAST,Media,validation,147.0,139.91487760301843,-2.8266828,139.91487760301843
2024-11-04,EAST,Office Supplies,validation,283.0,294.1863392598341,-4.610768,294.1863392598341
2024-11-11,EAST,Office Supplies,validation,282.0,301.7021763250862,-2.8220134,301.7021763250862
2024-11-18,EAST,Office Supplies,validation,279.0,304.24823884265004,-2.7714489,304.24823884265004
2024-11-25,EAST,Office Supplies,validation,330.0,305.1107421522699,-2.95914,305.1107421522699
2024-12-02,EAST,Office Supplies,validation,284.0,305.40292349266247,-1.4499819,305.40292349266247
2024-12-09,EAST,Office Supplies,validation,344.0,305.5019027484189,-4.0797763,305.5019027484189
2024-12-16,EAST,Office Supplies,validation,323.0,305.5354329288778,-1.7543948,305.5354329288778
2024-12-23,EAST,Office Supplies,validation,308.0,305.5467916018949,-3.207161,305.5467916018949
2024-11-04,EAST,Software,validation,23.0,26.752631411496854,-2.8266828,26.752631411496854
2024-11-11,EAST,Software,validation,32.0,26.752631411496854,-2.8266828,26.752631411496854
2024-11-18,EAST,Software,validation,28.0,26.752631411496854,-2.8266828,26.752631411496854
2024-11-25,EAST,Software,validation,19.0,26.752631411496854,-2.8266828,26.752631411496854
2024-12-02,EAST,Software,validation,29.0,26.752631411496854,-2.8266828,26.752631411496854
2024-12-09,EAST,Software,validation,30.0,26.752631411496854,-2.8266828,26.752631411496854
2024-12-16,EAST,Software,validation,29.0,26.752631411496854,-2.8266828,26.752631411496854
2024-12-23,EAST,Software,validation,38.0,26.752631411496854,-2.8266828,26.752631411496854
2024-11-04,EAST,Sporting Goods,validation,310.0,297.9588576651242,-5.4777226,297.9588576651242
2024-11-11,EAST,Sporting Goods,validation,292.0,297.9588576651242,-7.0004253,297.9588576651242
2024-11-18,EAST,Sporting Goods,validation,337.0,297.9588576651242,-4.2029424,297.9588576651242
2024-11-25,EAST,Sporting Goods,validation,324.0,297.9588576651242,-3.2393525,297.9588576651242
2024-12-02,EAST,Sporting Goods,validation,311.0,297.9588576651242,-4.1352663,297.9588576651242
2024-12-09,EAST,Sporting Goods,validation,316.0,297.9588576651242,-4.3082848,297.9588576651242
2024-12-16,EAST,Sporting Goods,validation,360.0,297.9588576651242,-2.8464384,297.9588576651242
2024-12-23,EAST,Sporting Goods,validation,315.0,297.9588576651242,-6.9516325,297.9588576651242
2024-11-04,EAST,Vehicles & Parts,validation,281.0,299.2893634610873,-5.8766418,299.2893634610873
2024-11-11,EAST,Vehicles & Parts,validation,278.0,299.2893634610873,-4.5094547,299.2893634610873
2024-11-18,EAST,Vehicles & Parts,validation,320.0,299.2893634610873,-4.610768,299.2893634610873
2024-11-25,EAST,Vehicles & Parts,validation,328.0,299.2893634610873,-3.232338,299.2893634610873
2024-12-02,EAST,Vehicles & Parts,validation,329.0,299.2893634610873,-3.7840362,299.2893634610873
2024-12-09,EAST,Vehicles & Parts,validation,328.0,299.2893634610873,-4.1352663,299.2893634610873
2024-12-16,EAST,Vehicles & Parts,validation,343.0,299.2893634610873,-3.939448,299.2893634610873
2024-12-23,EAST,Vehicles & Parts,validation,320.0,299.2893634610873,-4.424375,299.2893634610873
2024-11-04,NORTH,Animals & Pet Supplies,validation,254.0,272.74470392067536,-3.9705508,272.74470392067536
2024-11-11,NORTH,Animals & Pet Supplies,validation,265.0,272.74470392067536,-1.365738,272.74470392067536
2024-11-18,NORTH,Animals & Pet Supplies,validation,295.0,272.74470392067536,-1.5628169,272.74470392067536
2024-11-25,NORTH,Animals & Pet Supplies,validation,270.0,272.74470392067536,-2.264397,272.74470392067536
2024-12-02,NORTH,Animals & Pet Supplies,validation,286.0,272.74470392067536,-3.5957303,272.74470392067536
2024-12-09,NORTH,Animals & Pet Supplies,validation,271.0,272.74470392067536,-3.2535079,272.74470392067536
2024-12-16,NORTH,Animals & Pet Supplies,validation,279.0,272.74470392067536,-3.4139252,272.74470392067536
2024-12-23,NORTH,Animals & Pet Supplies,validation,297.0,272.74470392067536,-3.3334332,272.74470392067536
2024-11-04,NORTH,Apparel & Accessories,validation,570.0,564.8398889488326,-5.2438993,564.8398889488326
2024-11-11,NORTH,Apparel & Accessories,validation,550.0,562.7386919051726,-6.9685535,562.7386919051726
2024-11-18,NORTH,Apparel & Accessories,validation,493.0,567.6342687089249,-5.479494,567.6342687089249
2024-11-25,NORTH,Apparel & Accessories,validation,579.0,567.6342687089249,-5.8343644,567.6342687089249
2024-12-02,NORTH,Apparel & Accessories,validation,557.0,567.6342687089249,-6.363568,567.6342687089249
2024-12-09,NORTH,Apparel & Accessories,validation,569.0,567.6342687089249,-5.8343644,567.6342687089249
2024-12-16,NORTH,Apparel & Accessories,validation,615.0,567.6342687089249,-5.5027113,567.6342687089249
2024-12-23,NORTH,Apparel & Accessories,validation,606.0,567.6342687089249,-5.5027113,567.6342687089249
2024-11-04,NORTH,Arts & Entertainment,validation,463.0,480.5142304601764,-6.8812494,473.632981032381
2024-11-11,NORTH,Arts & Entertainment,validation,473.0,480.5142304601764,-6.8812494,473.632981032381
2024-11-18,NORTH,Arts & Entertainment,validation,476.0,480.5142304601764,-6.1989307,474.31529971981996
2024-11-25,NORTH,Arts & Entertainment,validation,470.0,480.5142304601764,-7.061466,473.4527642431354
2024-12-02,NORTH,Arts & Entertainment,validation,467.0,480.5142304601764,-7.061466,473.4527642431354
2024-12-09,NORTH,Arts & Entertainment,validation,525.0,480.5142304601764,-6.8812494,473.632981032381
2024-12-16,NORTH,Arts & Entertainment,validation,551.0,480.5142304601764,-6.825872,473.6883585157489
2024-12-23,NORTH,Arts & Entertainment,validation,486.0,480.5142304601764,-6.825872,473.6883585157489
2024-11-04,NORTH,Baby & Toddler,validation,269.0,275.6832912504971,-3.8598502,271.82344108226897
2024-11-11,NORTH,Baby & Toddler,validation,262.0,275.6832912504971,-3.990341,271.69295030239226
2024-11-18,NORTH,Baby & Toddler,validation,257.0,275.6832912504971,-4.2585244,271.4247668326199
2024-11-25,NORTH,Baby & Toddler,validation,285.0,275.6832912504971,-1.3640989,274.3191923439801
2024-12-02,NORTH,Baby & Toddler,validation,272.0,275.6832912504971,-0.34593743,275.3373538196385
2024-12-09,NORTH,Baby & Toddler,validation,283.0,275.6832912504971,-3.5957303,272.0875609457791
2024-12-16,NORTH,Baby & Toddler,validation,265.0,275.6832912504971,-3.2535079,272.4297833979428
2024-12-23,NORTH,Baby & Toddler,validation,287.0,275.6832912504971,-3.4139252,272.2693660795987
2024-11-04,NORTH,Business & Industrial,validation,185.0,183.25794346717495,-2.6709716,183.25794346717495
2024-11-11,NORTH,Business & Industrial,validation,196.0,183.25794346717495,-2.6709716,183.25794346717495
2024-11-18,NORTH,Business & Industrial,validation,181.0,183.25794346717495,-2.6709716,183.25794346717495
2024-11-25,NORTH,Business & Industrial,validation,142.0,183.25794346717495,-2.6709716,183.25794346717495
2024-12-02,NORTH,Business & Industrial,validation,178.0,183.25794346717495,-2.4353774,183.25794346717495
2024-12-09,NORTH,Business & Industrial,validation,194.0,183.25794346717495,-2.4353774,183.25794346717495
2024-12-16,NORTH,Business & Industrial,validation,212.0,183.25794346717495,-2.4353774,183.25794346717495
2024-12-23,NORTH,Business & Industrial,validation,212.0,183.25794346717495,-2.4353774,183.25794346717495
2024-11-04,NORTH,Cameras & Optics,validation,45.0,51.444280867090974,-2.6709716,51.444280867090974
2024-11-11,NORTH,Cameras & Optics,validation,60.0,51.444280867090974,-2.6709716,51.444280867090974
2024-11-18,NORTH,Cameras & Optics,validation,56.0,51.444280867090974,-2.6709716,51.444280867090974
2024-11-25,NORTH,Cameras & Optics,validation,49.0,51.444280867090974,-2.6709716,51.444280867090974
2024-12-02,NORTH,Cameras & Optics,validation,72.0,51.444280867090974,-2.6709716,51.444280867090974
2024-12-09,NORTH,Cameras & Optics,validation,47.0,51.444280867090974,-2.6709716,51.444280867090974
2024-12-16,NORTH,Cameras & Optics,validation,60.0,51.444280867090974,-2.6709716,51.444280867090974
2024-12-23,NORTH,Cameras & Optics,validation,50.0,51.444280867090974,-2.6709716,51.444280867090974
2024-11-04,NORTH,Electronics,validation,317.0,336.9777910660512,-6.054094,336.9777910660512
2024-11-11,NORTH,Electronics,validation,348.0,336.9777910660512,-5.8085804,336.9777910660512
2024-11-18,NORTH,Electronics,validation,335.0,336.9777910660512,-5.176345,336.9777910660512
2024-11-25,NORTH,Electronics,validation,348.0,336.9777910660512,-4.914258,336.9777910660512
2024-12-02,NORTH,Electronics,validation,385.0,336.9777910660512,-4.914258,336.9777910660512
2024-12-09,NORTH,Electronics,validation,368.0,336.9777910660512,-4.6786633,336.9777910660512
2024-12-16,NORTH,Electronics,validation,316.0,336.9777910660512,-5.0567203,336.9777910660512
2024-12-23,NORTH,Electronics,validation,389.0,336.9777910660512,-4.6359406,336.9777910660512
2024-11-04,NORTH,Furniture,validation,332.0,337.11781845990356,-6.0056763,337.11781845990356
2024-11-11,NORTH,Furniture,validation,347.0,337.11781845990356,-6.1363764,337.11781845990356
2024-11-18,NORTH,Furniture,validation,324.0,337.11781845990356,-5.3070455,337.11781845990356
2024-11-25,NORTH,Furniture,validation,319.0,337.11781845990356,-4.5441437,337.11781845990356
2024-12-02,NORTH,Furniture,validation,363.0,337.11781845990356,-4.717162,337.11781845990356
2024-12-09,NORTH,Furniture,validation,328.0,337.11781845990356,-4.5479627,337.11781845990356
2024-12-16,NORTH,Furniture,validation,375.0,337.11781845990356,-4.3085485,337.11781845990356
2024-12-23,NORTH,Furniture,validation,344.0,337.11781845990356,-4.6786633,337.11781845990356
2024-11-04,NORTH,Hardware,validation,269.0,275.98303336479705,-3.5437634,275.98303336479705
2024-11-11,NORTH,Hardware,validation,283.0,275.98303336479705,-1.028981,275.98303336479705
2024-11-18,NORTH,Hardware,validation,275.0,275.98303336479705,-3.761199,275.98303336479705
2024-11-25,NORTH,Hardware,validation,266.0,275.98303336479705,-3.3601356,275.98303336479705
2024-12-02,NORTH,Hardware,validation,334.0,275.98303336479705,-3.3334332,275.98303336479705
2024-12-09,NORTH,Hardware,validation,292.0,275.98303336479705,-1.9731765,275.98303336479705
2024-12-16,NORTH,Hardware,validation,340.0,275.98303336479705,-3.6596212,275.98303336479705
2024-12-23,NORTH,Hardware,validation,322.0,275.98303336479705,-1.8061794,275.98303336479705
2024-11-04,NORTH,Health & Beauty,validation,318.0,344.3241178255251,-6.2511897,344.3241178255251
2024-11-11,NORTH,Health & Beauty,validation,327.0,344.89150409379755,-6.054094,344.89150409379755
2024-11-18,NORTH,Health & Beauty,validation,296.0,344.89150409379755,-4.8062305,344.89150409379755
2024-11-25,NORTH,Health & Beauty,validation,358.0,344.89150409379755,-4.3667536,344.89150409379755
2024-12-02,NORTH,Health & Beauty,validation,345.0,344.89150409379755,-3.3203092,344.89150409379755
2024-12-09,NORTH,Health & Beauty,validation,391.0,344.89150409379755,-4.6786633,344.89150409379755
2024-12-16,NORTH,Health & Beauty,validation,370.0,344.89150409379755,-4.9317102,344.89150409379755
2024-12-23,NORTH,Health & Beauty,validation,346.0,344.89150409379755,-5.0567203,344.89150409379755
2024-11-04,NORTH,Home & Garden,validation,821.0,849.324130366734,-12.043356,837.2807744249616
2024-11-11,NORTH,Home & Garden,validation,885.0,886.3122706805184,-8.897445,877.4148259554818
2024-11-18,NORTH,Home & Garden,validation,843.0,886.3122706805184,-8.897445,877.4148259554818
2024-11-25,NORTH,Home & Garden,validation,826.0,886.3122706805184,-6.8976727,879.4145980273202
2024-12-02,NORTH,Home & Garden,validation,912.0,886.3122706805184,-8.153454,878.1588168536141
2024-12-09,NORTH,Home & Garden,validation,923.0,886.3122706805184,-8.153454,878.1588168536141
2024-12-16,NORTH,Home & Garden,validation,868.0,886.3122706805184,-7.964055,878.3482156191781
2024-12-23,NORTH,Home & Garden,validation,935.0,886.3122706805184,-8.153454,878.1588168536141
2024-11-04,NORTH,Luggage & Bags,validation,245.0,278.40966647597463,-4.9776754,273.4319910380474
2024-11-11,NORTH,Luggage & Bags,validation,263.0,278.40966647597463,-1.0563012,277.353365239822
2024-11-18,NORTH,Luggage & Bags,validation,255.0,278.40966647597463,-0.31847915,278.09118732544096
2024-11-25,NORTH,Luggage & Bags,validation,231.0,278.40966647597463,-3.9643908,274.4452757212749
2024-12-02,NORTH,Luggage & Bags,validation,287.0,278.40966647597463,-2.8266828,275.5829836699596
2024-12-09,NORTH,Luggage & Bags,validation,318.0,278.40966647597463,-0.8489354,277.5607310506931
2024-12-16,NORTH,Luggage & Bags,validation,271.0,278.40966647597463,-2.497863,275.9118034216991
2024-12-23,NORTH,Luggage & Bags,validation,300.0,278.40966647597463,-3.707652,274.70201438399465
2024-11-04,NORTH,Media,validation,145.0,129.12752333479983,-2.8266828,129.12752333479983
2024-11-11,NORTH,Media,validation,117.0,129.12752333479983,-2.8266828,129.12752333479983
2024-11-18,NORTH,Media,validation,120.0,129.12752333479983,-2.8266828,129.12752333479983
2024-11-25,NORTH,Media,validation,128.0,129.12752333479983,-2.8266828,129.12752333479983
2024-12-02,NORTH,Media,validation,141.0,129.12752333479983,-2.8266828,129.12752333479983
2024-12-09,NORTH,Media,validation,143.0,129.12752333479983,-2.8266828,129.12752333479983
2024-12-16,NORTH,Media,validation,156.0,129.12752333479983,-2.8266828,129.12752333479983
2024-12-23,NORTH,Media,validation,152.0,129.12752333479983,-2.8266828,129.12752333479983
2024-11-04,NORTH,Office Supplies,validation,267.0,282.778928035553,-4.2738585,278.5050694883423
2024-11-11,NORTH,Office Supplies,validation,267.0,282.778928035553,-1.3664972,281.4124308765488
2024-11-18,NORTH,Office Supplies,validation,249.0,282.778928035553,-4.4615507,278.31737732296756
2024-11-25,NORTH,Office Supplies,validation,276.0,282.778928035553,-4.3168316,278.4620964468079
2024-12-02,NORTH,Office Supplies,validation,291.0,282.778928035553,-0.9451841,281.83374392395785
2024-12-09,NORTH,Office Supplies,validation,317.0,282.778928035553,-3.6921296,279.086798423584
2024-12-16,NORTH,Office Supplies,validation,333.0,282.778928035553,-3.7987566,278.98017143612674
2024-12-23,NORTH,Office Supplies,validation,316.0,282.778928035553,-4.422334,278.35659384136966
2024-11-04,NORTH,Software,validation,29.0,26.562295151044435,-2.8266828,26.562295151044435
2024-11-11,NORTH,Software,validation,13.0,26.562295151044435,-2.8266828,26.562295151044435
2024-11-18,NORTH,Software,validation,31.0,26.562295151044435,-2.8266828,26.562295151044435
2024-11-25,NORTH,Software,validation,26.0,26.562295151044435,-2.8266828,26.562295151044435
2024-12-02,NORTH,Software,validation,32.0,26.562295151044435,-2.8266828,26.562295151044435
2024-12-09,NORTH,Software,validation,23.0,26.562295151044435,-2.8266828,26.562295151044435
2024-12-16,NORTH,Software,validation,16.0,26.562295151044435,-2.8266828,26.562295151044435
2024-12-23,NORTH,Software,validation,38.0,26.562295151044435,-2.8266828,26.562295151044435
2024-11-04,NORTH,Sporting Goods,validation,273.0,272.87798444601685,-3.5388489,272.87798444601685
2024-11-11,NORTH,Sporting Goods,validation,276.0,272.87798444601685,-4.0628767,272.87798444601685
2024-11-18,NORTH,Sporting Goods,validation,248.0,272.87798444601685,-4.3043585,272.87798444601685
2024-11-25,NORTH,Sporting Goods,validation,286.0,272.87798444601685,-3.8994308,272.87798444601685
2024-12-02,NORTH,Sporting Goods,validation,268.0,272.87798444601685,-0.5016485,272.87798444601685
2024-12-09,NORTH,Sporting Goods,validation,244.0,272.87798444601685,-3.8525465,272.87798444601685
2024-12-16,NORTH,Sporting Goods,validation,297.0,272.87798444601685,-4.0812364,272.87798444601685
2024-12-23,NORTH,Sporting Goods,validation,293.0,272.87798444601685,-0.2660538,272.87798444601685
2024-11-04,NORTH,Vehicles & Parts,validation,301.0,277.5982425795184,-1.4202867,277.5982425795184
2024-11-11,NORTH,Vehicles & Parts,validation,268.0,277.5982425795184,-3.1781201,277.5982425795184
2024-11-18,NORTH,Vehicles & Parts,validation,284.0,277.5982425795184,-4.3310604,277.5982425795184
2024-11-25,NORTH,Vehicles & Parts,validation,288.0,277.5982425795184,-3.6921296,277.5982425795184
2024-12-02,NORTH,Vehicles & Parts,validation,280.0,277.5982425795184,-3.8525465,277.5982425795184
2024-12-09,NORTH,Vehicles & Parts,validation,286.0,277.5982425795184,-4.0343523,277.5982425795184
2024-12-16,NORTH,Vehicles & Parts,validation,307.0,277.5982425795184,-3.510324,277.5982425795184
2024-12-23,NORTH,Vehicles & Parts,validation,332.0,277.5982425795184,-3.5460353,277.5982425795184
2024-11-04,SOUTH,Animals & Pet Supplies,validation,188.0,203.00234867210764,-2.6709716,203.00234867210764
2024-11-11,SOUTH,Animals & Pet Supplies,validation,163.0,203.00234867210764,-2.6709716,203.00234867210764
2024-11-18,SOUTH,Animals & Pet Supplies,validation,209.0,203.00234867210764,-2.6709716,203.00234867210764
2024-11-25,SOUTH,Animals & Pet Supplies,validation,203.0,203.00234867210764,-2.4353774,203.00234867210764
2024-12-02,SOUTH,Animals & Pet Supplies,validation,231.0,203.00234867210764,-2.4353774,203.00234867210764
2024-12-09,SOUTH,Animals & Pet Supplies,validation,249.0,203.00234867210764,-2.4353774,203.00234867210764
2024-12-16,SOUTH,Animals & Pet Supplies,validation,220.0,203.00234867210764,-2.4353774,203.00234867210764
2024-12-23,SOUTH,Animals & Pet Supplies,validation,208.0,203.00234867210764,-2.4353774,203.00234867210764
2024-11-04,SOUTH,Apparel & Accessories,validation,401.0,417.16207155625034,-6.363568,417.16207155625034
2024-11-11,SOUTH,Apparel & Accessories,validation,430.0,423.0766998868778,-6.599162,423.0766998868778
2024-11-18,SOUTH,Apparel & Accessories,validation,424.0,425.54687722996727,-6.599162,425.54687722996727
2024-11-25,SOUTH,Apparel & Accessories,validation,398.0,426.5785187406799,-6.4747815,426.5785187406799
2024-12-02,SOUTH,Apparel & Accessories,validation,439.0,427.00937210009675,-6.4747815,427.00937210009675
2024-12-09,SOUTH,Apparel & Accessories,validation,456.0,427.189313111963,-6.4747815,427.189313111963
2024-12-16,SOUTH,Apparel & Accessories,validation,407.0,427.26446343177304,-6.2391872,427.26446343177304
2024-12-23,SOUTH,Apparel & Accessories,validation,485.0,427.2958491092736,-6.2391872,427.2958491092736
2024-11-04,SOUTH,Arts & Entertainment,validation,330.0,360.21579189832164,-5.618433,360.21579189832164
2024-11-11,SOUTH,Arts & Entertainment,validation,345.0,360.21579189832164,-4.1514325,360.21579189832164
2024-11-18,SOUTH,Arts & Entertainment,validation,367.0,360.21579189832164,-6.175504,360.21579189832164
2024-11-25,SOUTH,Arts & Entertainment,validation,347.0,360.21579189832164,-4.8713846,360.21579189832164
2024-12-02,SOUTH,Arts & Entertainment,validation,354.0,360.21579189832164,-5.5890408,360.21579189832164
2024-12-09,SOUTH,Arts & Entertainment,validation,397.0,360.21579189832164,-5.1069794,360.21579189832164
2024-12-16,SOUTH,Arts & Entertainment,validation,406.0,360.21579189832164,-4.7022815,360.21579189832164
2024-12-23,SOUTH,Arts & Entertainment,validation,378.0,360.21579189832164,-5.5961833,360.21579189832164
2024-11-04,SOUTH,Baby & Toddler,validation,220.0,204.74016621088296,-2.6709716,202.06919457887918
2024-11-11,SOUTH,Baby & Toddler,validation,199.0,204.74016621088296,-2.6709716,202.06919457887918
2024-11-18,SOUTH,Baby & Toddler,validation,195.0,204.74016621088296,-2.6709716,202.06919457887918
2024-11-25,SOUTH,Baby & Toddler,validation,210.0,204.74016621088296,-2.6709716,202.06919457887918
2024-12-02,SOUTH,Baby & Toddler,validation,214.0,204.74016621088296,-2.6709716,202.06919457887918
2024-12-09,SOUTH,Baby & Toddler,validation,211.0,204.74016621088296,-2.6709716,202.06919457887918
2024-12-16,SOUTH,Baby & Toddler,validation,196.0,204.74016621088296,-2.6709716,202.06919457887918
2024-12-23,SOUTH,Baby & Toddler,validation,187.0,204.74016621088296,-2.6709716,202.06919457887918
2024-11-04,SOUTH,Business & Industrial,validation,132.0,143.2263119552599,-2.6709716,143.2263119552599
2024-11-11,SOUTH,Business & Industrial,validation,145.0,137.83381386355114,-2.6709716,137.83381386355114
2024-11-18,SOUTH,Business & Industrial,validation,148.0,128.96971857193194,-2.6709716,128.96971857193194
2024-11-25,SOUTH,Business & Industrial,validation,144.0,135.11202411828003,-2.6709716,135.11202411828003
2024-12-02,SOUTH,Business & Industrial,validation,142.0,136.42564220150246,-2.6709716,136.42564220150246
2024-12-09,SOUTH,Business & Industrial,validation,129.0,133.15356156741015,-2.6709716,133.15356156741015
2024-12-16,SOUTH,Business & Industrial,validation,150.0,133.96038127831085,-2.6709716,133.96038127831085
2024-12-23,SOUTH,Business & Industrial,validation,154.0,135.06460855872504,-2.6709716,135.06460855872504
2024-11-04,SOUTH,Cameras & Optics,validation,29.0,37.315188211301994,-2.6709716,37.315188211301994
2024-11-11,SOUTH,Cameras & Optics,validation,32.0,37.315188211301994,-2.6709716,37.315188211301994
2024-11-18,SOUTH,Cameras & Optics,validation,38.0,37.315188211301994,-2.6709716,37.315188211301994
2024-11-25,SOUTH,Cameras & Optics,validation,44.0,37.315188211301994,-2.6709716,37.315188211301994
2024-12-02,SOUTH,Cameras & Optics,validation,44.0,37.315188211301994,-2.6709716,37.315188211301994
2024-12-09,SOUTH,Cameras & Optics,validation,44.0,37.315188211301994,-2.6709716,37.315188211301994
2024-12-16,SOUTH,Cameras & Optics,validation,33.0,37.315188211301994,-2.6709716,37.315188211301994
2024-12-23,SOUTH,Cameras & Optics,validation,49.0,37.315188211301994,-2.6709716,37.315188211301994
2024-11-04,SOUTH,Electronics,validation,241.0,254.0461360859865,-3.811947,250.23418897867143
2024-11-11,SOUTH,Electronics,validation,233.0,254.0461360859865,-1.553521,252.49261504888474
2024-11-18,SOUTH,Electronics,validation,265.0,254.0461360859865,-1.541048,252.50508803605973
2024-11-25,SOUTH,Electronics,validation,240.0,254.0461360859865,-2.3080003,251.73813575982987
2024-12-02,SOUTH,Electronics,validation,247.0,254.0461360859865,-3.5257697,250.52036637544572
2024-12-09,SOUTH,Electronics,validation,296.0,254.0461360859865,-2.6709716,251.3751644539827
2024-12-16,SOUTH,Electronics,validation,260.0,254.0461360859865,-0.6932245,253.35291159629762
2024-12-23,SOUTH,Electronics,validation,275.0,254.0461360859865,-3.7231069,250.323029224872
2024-11-04,SOUTH,Furniture,validation,269.0,261.33889022985016,-2.127508,261.33889022985016
2024-11-11,SOUTH,Furniture,validation,220.0,261.830930380483,-1.7228532,261.830930380483
2024-11-18,SOUTH,Furniture,validation,237.0,261.830930380483,-3.811947,261.830930380483
2024-11-25,SOUTH,Furniture,validation,251.0,261.830930380483,-1.891913,261.830930380483
2024-12-02,SOUTH,Furniture,validation,259.0,261.830930380483,-1.1361214,261.830930380483
2024-12-09,SOUTH,Furniture,validation,279.0,261.830930380483,-2.6709716,261.830930380483
2024-12-16,SOUTH,Furniture,validation,264.0,261.830930380483,-2.3080003,261.830930380483
2024-12-23,SOUTH,Furniture,validation,287.0,261.830930380483,-3.5152383,261.830930380483
2024-11-04,SOUTH,Hardware,validation,208.0,206.73959848486217,-2.6709716,206.73959848486217
2024-11-11,SOUTH,Hardware,validation,195.0,206.73959848486217,-2.6709716,206.73959848486217
2024-11-18,SOUTH,Hardware,validation,195.0,206.73959848486217,-2.6709716,206.73959848486217
2024-11-25,SOUTH,Hardware,validation,206.0,206.73959848486217,-2.6709716,206.73959848486217
2024-12-02,SOUTH,Hardware,validation,208.0,206.73959848486217,-2.6709716,206.73959848486217
2024-12-09,SOUTH,Hardware,validation,233.0,206.73959848486217,-2.6709716,206.73959848486217
2024-12-16,SOUTH,Hardware,validation,230.0,206.73959848486217,-2.6709716,206.73959848486217
2024-12-23,SOUTH,Hardware,validation,219.0,206.73959848486217,-2.6709716,206.73959848486217
2024-11-04,SOUTH,Health & Beauty,validation,255.0,257.11445722053384,-3.2796435,257.11445722053384
2024-11-11,SOUTH,Health & Beauty,validation,239.0,257.11445722053384,-3.1122205,257.11445722053384
2024-11-18,SOUTH,Health & Beauty,validation,249.0,257.11445722053384,-1.7228532,257.11445722053384
2024-11-25,SOUTH,Health & Beauty,validation,225.0,257.11445722053384,-1.553521,257.11445722053384
2024-12-02,SOUTH,Health & Beauty,validation,282.0,257.11445722053384,-2.127508,257.11445722053384
2024-12-09,SOUTH,Health & Beauty,validation,295.0,257.11445722053384,-1.8106754,257.11445722053384
2024-12-16,SOUTH,Health & Beauty,validation,278.0,257.11445722053384,-2.8781726,257.11445722053384
2024-12-23,SOUTH,Health & Beauty,validation,268.0,257.11445722053384,-3.220395,257.11445722053384
2024-11-04,SOUTH,Home & Garden,validation,626.0,652.0358441497946,-7.1128993,652.0358441497946
2024-11-11,SOUTH,Home & Garden,validation,640.0,652.0358441497946,-7.1128993,652.0358441497946
2024-11-18,SOUTH,Home & Garden,validation,639.0,652.0358441497946,-7.5132947,652.0358441497946
2024-11-25,SOUTH,Home & Garden,validation,671.0,652.0358441497946,-6.6748624,652.0358441497946
2024-12-02,SOUTH,Home & Garden,validation,670.0,652.0358441497946,-6.435613,652.0358441497946
2024-12-09,SOUTH,Home & Garden,validation,669.0,652.0358441497946,-7.1729918,652.0358441497946
2024-12-16,SOUTH,Home & Garden,validation,725.0,652.0358441497946,-7.353526,652.0358441497946
2024-12-23,SOUTH,Home & Garden,validation,712.0,652.0358441497946,-7.5440516,652.0358441497946
2024-11-04,SOUTH,Luggage & Bags,validation,187.0,210.37777491366668,-2.8266828,207.55109210765167
2024-11-11,SOUTH,Luggage & Bags,validation,210.0,210.37777491366668,-2.8266828,207.55109210765167
2024-11-18,SOUTH,Luggage & Bags,validation,176.0,210.37777491366668,-2.8266828,207.55109210765167
2024-11-25,SOUTH,Luggage & Bags,validation,179.0,210.37777491366668,-2.8266828,207.55109210765167
2024-12-02,SOUTH,Luggage & Bags,validation,201.0,210.37777491366668,-2.8266828,207.55109210765167
2024-12-09,SOUTH,Luggage & Bags,validation,205.0,210.37777491366668,-2.8266828,207.55109210765167
2024-12-16,SOUTH,Luggage & Bags,validation,204.0,210.37777491366668,-2.8266828,207.55109210765167
2024-12-23,SOUTH,Luggage & Bags,validation,218.0,210.37777491366668,-2.8266828,207.55109210765167
2024-11-04,SOUTH,Media,validation,88.0,101.40237698441406,-2.8266828,101.40237698441406
2024-11-11,SOUTH,Media,validation,85.0,100.95222666889437,-2.8266828,100.95222666889437
2024-11-18,SOUTH,Media,validation,101.0,100.82539117354558,-2.8266828,100.82539117354558
2024-11-25,SOUTH,Media,validation,88.0,100.78965368247707,-2.8266828,100.78965368247707
2024-12-02,SOUTH,Media,validation,112.0,100.77958419629451,-2.8266828,100.77958419629451
2024-12-09,SOUTH,Media,validation,104.0,100.7767469923121,-2.8266828,100.7767469923121
2024-12-16,SOUTH,Media,validation,105.0,100.77594757451742,-2.8266828,100.77594757451742
2024-12-23,SOUTH,Media,validation,102.0,100.77572232853072,-2.8266828,100.77572232853072
2024-11-04,SOUTH,Office Supplies,validation,245.0,205.74849011444473,-2.8266828,205.74849011444473
2024-11-11,SOUTH,Office Supplies,validation,195.0,205.74849011444473,-2.5910885,205.74849011444473
2024-11-18,SOUTH,Office Supplies,validation,206.0,205.74849011444473,-2.5910885,205.74849011444473
2024-11-25,SOUTH,Office Supplies,validation,167.0,205.74849011444473,-2.5910885,205.74849011444473
2024-12-02,SOUTH,Office Supplies,validation,218.0,205.74849011444473,-2.451348,205.74849011444473
2024-12-09,SOUTH,Office Supplies,validation,228.0,205.74849011444473,-2.5910885,205.74849011444473
2024-12-16,SOUTH,Office Supplies,validation,214.0,205.74849011444473,-2.5910885,205.74849011444473
2024-12-23,SOUTH,Office Supplies,validation,211.0,205.74849011444473,-2.5910885,205.74849011444473
2024-11-04,SOUTH,Software,validation,17.0,20.835493603752532,-2.8266828,20.835493603752532
2024-11-11,SOUTH,Software,validation,18.0,19.69759198361822,-2.8266828,19.69759198361822
2024-11-18,SOUTH,Software,validation,15.0,20.154239142120257,-2.8266828,20.154239142120257
2024-11-25,SOUTH,Software,validation,18.0,19.970983732620645,-2.8266828,19.970983732620645
2024-12-02,SOUTH,Software,validation,24.0,20.044525294164647,-2.8266828,20.044525294164647
2024-12-09,SOUTH,Software,validation,27.0,20.015012597709475,-2.8266828,20.015012597709475
2024-12-16,SOUTH,Software,validation,34.0,20.026856230531088,-2.8266828,20.026856230531088
2024-12-23,SOUTH,Software,validation,24.0,20.022103305340867,-2.8266828,20.022103305340867
2024-11-04,SOUTH,Sporting Goods,validation,200.0,201.98616185088775,-2.8266828,201.98616185088775
2024-11-11,SOUTH,Sporting Goods,validation,208.0,201.98616185088775,-2.8266828,201.98616185088775
2024-11-18,SOUTH,Sporting Goods,validation,223.0,201.98616185088775,-2.8266828,201.98616185088775
2024-11-25,SOUTH,Sporting Goods,validation,198.0,201.98616185088775,-2.5910885,201.98616185088775
2024-12-02,SOUTH,Sporting Goods,validation,228.0,201.98616185088775,-2.8266828,201.98616185088775
2024-12-09,SOUTH,Sporting Goods,validation,227.0,201.98616185088775,-2.8266828,201.98616185088775
2024-12-16,SOUTH,Sporting Goods,validation,217.0,201.98616185088775,-2.8266828,201.98616185088775
2024-12-23,SOUTH,Sporting Goods,validation,232.0,201.98616185088775,-2.8266828,201.98616185088775
2024-11-04,SOUTH,Vehicles & Parts,validation,208.0,210.11079981719988,-2.8266828,207.28411701118486
2024-11-11,SOUTH,Vehicles & Parts,validation,176.0,210.11079981719988,-2.8266828,207.28411701118486
2024-11-18,SOUTH,Vehicles & Parts,validation,200.0,210.11079981719988,-2.8266828,207.28411701118486
2024-11-25,SOUTH,Vehicles & Parts,validation,200.0,210.11079981719988,-2.8266828,207.28411701118486
2024-12-02,SOUTH,Vehicles & Parts,validation,204.0,210.11079981719988,-2.8266828,207.28411701118486
2024-12-09,SOUTH,Vehicles & Parts,validation,220.0,210.11079981719988,-2.8266828,207.28411701118486
2024-12-16,SOUTH,Vehicles & Parts,validation,217.0,210.11079981719988,-2.8266828,207.28411701118486
2024-12-23,SOUTH,Vehicles & Parts,validation,211.0,210.11079981719988,-2.8266828,207.28411701118486
2024-11-04,WEST,Animals & Pet Supplies,validation,231.0,228.9960025558648,-2.6709716,228.9960025558648
2024-11-11,WEST,Animals & Pet Supplies,validation,201.0,228.9960025558648,-2.6709716,228.9960025558648
2024-11-18,WEST,Animals & Pet Supplies,validation,207.0,228.9960025558648,-2.6709716,228.9960025558648
2024-11-25,WEST,Animals & Pet Supplies,validation,233.0,228.9960025558648,-2.6709716,228.9960025558648
2024-12-02,WEST,Animals & Pet Supplies,validation,247.0,228.9960025558648,-2.6709716,228.9960025558648
2024-12-09,WEST,Animals & Pet Supplies,validation,223.0,228.9960025558648,-2.4353774,228.9960025558648
2024-12-16,WEST,Animals & Pet Supplies,validation,246.0,228.9960025558648,-2.6709716,228.9960025558648
2024-12-23,WEST,Animals & Pet Supplies,validation,216.0,228.9960025558648,-2.6709716,228.9960025558648
2024-11-04,WEST,Apparel & Accessories,validation,471.0,456.35581296246363,-6.599162,456.35581296246363
2024-11-11,WEST,Apparel & Accessories,validation,461.0,447.7367877119951,-6.599162,447.7367877119951
2024-11-18,WEST,Apparel & Accessories,validation,420.0,447.7367877119951,-6.599162,447.7367877119951
2024-11-25,WEST,Apparel & Accessories,validation,448.0,447.7367877119951,-6.363568,447.7367877119951
2024-12-02,WEST,Apparel & Accessories,validation,517.0,447.7367877119951,-6.2391872,447.7367877119951
2024-12-09,WEST,Apparel & Accessories,validation,460.0,447.7367877119951,-6.2391872,447.7367877119951
2024-12-16,WEST,Apparel & Accessories,validation,450.0,447.7367877119951,-6.2391872,447.7367877119951
2024-12-23,WEST,Apparel & Accessories,validation,493.0,447.7367877119951,-6.2391872,447.7367877119951
2024-11-04,WEST,Arts & Entertainment,validation,375.0,396.278270127338,-6.645655,396.278270127338
2024-11-11,WEST,Arts & Entertainment,validation,407.0,396.278270127338,-6.645655,396.278270127338
2024-11-18,WEST,Arts & Entertainment,validation,370.0,396.278270127338,-6.8812494,396.278270127338
2024-11-25,WEST,Arts & Entertainment,validation,413.0,396.278270127338,-6.5212746,396.278270127338
2024-12-02,WEST,Arts & Entertainment,validation,405.0,396.278270127338,-6.5212746,396.278270127338
2024-12-09,WEST,Arts & Entertainment,validation,404.0,396.278270127338,-6.128487,396.278270127338
2024-12-16,WEST,Arts & Entertainment,validation,396.0,396.278270127338,-6.5212746,396.278270127338
2024-12-23,WEST,Arts & Entertainment,validation,427.0,396.278270127338,-6.756869,396.278270127338
2024-11-04,WEST,Baby & Toddler,validation,180.0,221.2289574833161,-2.6709716,221.2289574833161
2024-11-11,WEST,Baby & Toddler,validation,207.0,223.2989422204753,-2.4353774,223.2989422204753
2024-11-18,WEST,Baby & Toddler,validation,240.0,223.2989422204753,-2.4353774,223.2989422204753
2024-11-25,WEST,Baby & Toddler,validation,220.0,223.2989422204753,-2.4353774,223.2989422204753
2024-12-02,WEST,Baby & Toddler,validation,242.0,223.2989422204753,-2.4353774,223.2989422204753
2024-12-09,WEST,Baby & Toddler,validation,235.0,223.2989422204753,-2.6709716,223.2989422204753
2024-12-16,WEST,Baby & Toddler,validation,277.0,223.2989422204753,-2.6709716,223.2989422204753
2024-12-23,WEST,Baby & Toddler,validation,240.0,223.2989422204753,-2.0724058,223.2989422204753
2024-11-04,WEST,Business & Industrial,validation,137.0,149.14490202786206,-2.6709716,149.14490202786206
2024-11-11,WEST,Business & Industrial,validation,148.0,149.14490202786206,-2.6709716,149.14490202786206
2024-11-18,WEST,Business & Industrial,validation,130.0,149.14490202786206,-2.6709716,149.14490202786206
2024-11-25,WEST,Business & Industrial,validation,175.0,149.14490202786206,-2.6709716,149.14490202786206
2024-12-02,WEST,Business & Industrial,validation,175.0,149.14490202786206,-2.4353774,149.14490202786206
2024-12-09,WEST,Business & Industrial,validation,153.0,149.14490202786206,-2.4353774,149.14490202786206
2024-12-16,WEST,Business & Industrial,validation,175.0,149.14490202786206,-2.4353774,149.14490202786206
2024-12-23,WEST,Business & Industrial,validation,165.0,149.14490202786206,-2.6709716,149.14490202786206
2024-11-04,WEST,Cameras & Optics,validation,47.0,42.321247956801365,-2.6709716,42.321247956801365
2024-11-11,WEST,Cameras & Optics,validation,36.0,42.321247956801365,-2.6709716,42.321247956801365
2024-11-18,WEST,Cameras & Optics,validation,47.0,42.321247956801365,-2.6709716,42.321247956801365
2024-11-25,WEST,Cameras & Optics,validation,45.0,42.321247956801365,-2.6709716,42.321247956801365
2024-12-02,WEST,Cameras & Optics,validation,31.0,42.321247956801365,-2.6709716,42.321247956801365
2024-12-09,WEST,Cameras & Optics,validation,38.0,42.321247956801365,-2.6709716,42.321247956801365
2024-12-16,WEST,Cameras & Optics,validation,45.0,42.321247956801365,-2.6709716,42.321247956801365
2024-12-23,WEST,Cameras & Optics,validation,44.0,42.321247956801365,-2.6709716,42.321247956801365
2024-11-04,WEST,Electronics,validation,257.0,283.4239309478349,-6.9678717,276.4560592818803
2024-11-11,WEST,Electronics,validation,263.0,283.4239309478349,-3.981901,279.4420300174302
2024-11-18,WEST,Electronics,validation,285.0,283.4239309478349,-1.028981,282.3949499774522
2024-11-25,WEST,Electronics,validation,261.0,283.4239309478349,-2.6148953,280.8090356040544
2024-12-02,WEST,Electronics,validation,286.0,283.4239309478349,-3.9587016,279.4652293372697
2024-12-09,WEST,Electronics,validation,282.0,283.4239309478349,-0.52774256,282.8961883831567
2024-12-16,WEST,Electronics,validation,296.0,283.4239309478349,-3.4139252,280.01000577693645
2024-12-23,WEST,Electronics,validation,313.0,283.4239309478349,-3.2535079,280.17042309528057
2024-11-04,WEST,Furniture,validation,264.0,275.27238793754367,-3.990341,275.27238793754367
2024-11-11,WEST,Furniture,validation,311.0,271.20561560076925,-1.8398402,271.20561560076925
2024-11-18,WEST,Furniture,validation,289.0,272.45170916863214,-2.6148953,272.45170916863214
2024-11-25,WEST,Furniture,validation,318.0,272.0698955210305,-3.3601356,272.0698955210305
2024-12-02,WEST,Furniture,validation,289.0,272.18688646396976,-3.0536246,272.18688646396976
2024-12-09,WEST,Furniture,validation,309.0,272.151039445887,-3.7645159,272.151039445887
2024-12-16,WEST,Furniture,validation,275.0,272.16202327654213,-2.8392305,272.16202327654213
2024-12-23,WEST,Furniture,validation,285.0,272.1586577375848,-2.172223,272.1586577375848
2024-11-04,WEST,Hardware,validation,222.0,223.8894629449478,-2.4353774,223.8894629449478
2024-11-11,WEST,Hardware,validation,225.0,223.8894629449478,-2.4353774,223.8894629449478
2024-11-18,WEST,Hardware,validation,227.0,223.8894629449478,-1.891913,223.8894629449478
2024-11-25,WEST,Hardware,validation,246.0,223.8894629449478,-2.6709716,223.8894629449478
2024-12-02,WEST,Hardware,validation,265.0,223.8894629449478,-2.6709716,223.8894629449478
2024-12-09,WEST,Hardware,validation,255.0,223.8894629449478,-2.0724058,223.8894629449478
2024-12-16,WEST,Hardware,validation,202.0,223.8894629449478,-3.5257697,223.8894629449478
2024-12-23,WEST,Hardware,validation,234.0,223.8894629449478,-2.4353774,223.8894629449478
2024-11-04,WEST,Health & Beauty,validation,260.0,281.95172904378694,-3.4424503,281.95172904378694
2024-11-11,WEST,Health & Beauty,validation,261.0,268.2961414800424,-1.1756439,268.2961414800424
2024-11-18,WEST,Health & Beauty,validation,277.0,273.9551790213897,-1.5327592,273.9551790213897
2024-11-25,WEST,Health & Beauty,validation,288.0,271.6100067067686,-1.7645364,271.6100067067686
2024-12-02,WEST,Health & Beauty,validation,285.0,272.5818739448071,-3.2535079,272.5818739448071
2024-12-09,WEST,Health & Beauty,validation,315.0,272.1791206279255,-3.5957303,272.1791206279255
2024-12-16,WEST,Health & Beauty,validation,291.0,272.346026382035,-3.1074142,272.346026382035
2024-12-23,WEST,Health & Beauty,validation,284.0,272.27685865681167,-3.7645159,272.27685865681167
2024-11-04,WEST,Home & Garden,validation,709.0,723.1185880271491,-6.2530212,716.8655667869148
2024-11-11,WEST,Home & Garden,validation,663.0,713.2968860991293,-6.5986805,706.6982056029135
2024-11-18,WEST,Home & Garden,validation,714.0,719.7525828558264,-5.503208,714.249374695426
2024-11-25,WEST,Home & Garden,validation,712.0,715.5093243126676,-5.708912,709.8004124169156
2024-12-02,WEST,Home & Garden,validation,698.0,718.2983715282778,-5.708912,712.5894596325259
2024-12-09,WEST,Home & Garden,validation,711.0,716.4651614394312,-6.458725,710.0064364638453
2024-12-16,WEST,Home & Garden,validation,783.0,717.6701102875681,-5.944506,711.7256041192027
2024-12-23,WEST,Home & Garden,validation,786.0,716.8781106496325,-6.7942395,710.0838711286059
2024-11-04,WEST,Luggage & Bags,validation,203.0,221.17803879191268,-2.5910885,221.17803879191268
2024-11-11,WEST,Luggage & Bags,validation,200.0,221.17803879191268,-2.0476243,221.17803879191268
2024-11-18,WEST,Luggage & Bags,validation,221.0,221.17803879191268,-2.8266828,221.17803879191268
2024-11-25,WEST,Luggage & Bags,validation,224.0,221.17803879191268,-2.8266828,221.17803879191268
2024-12-02,WEST,Luggage & Bags,validation,257.0,221.17803879191268,-2.8266828,221.17803879191268
2024-12-09,WEST,Luggage & Bags,validation,246.0,221.17803879191268,-2.5910885,221.17803879191268
2024-12-16,WEST,Luggage & Bags,validation,234.0,221.17803879191268,-2.8266828,221.17803879191268
2024-12-23,WEST,Luggage & Bags,validation,240.0,221.17803879191268,-2.8266828,221.17803879191268
2024-11-04,WEST,Media,validation,120.0,104.5819151772501,-2.8266828,104.5819151772501
2024-11-11,WEST,Media,validation,91.0,104.5819151772501,-2.8266828,104.5819151772501
2024-11-18,WEST,Media,validation,85.0,104.5819151772501,-2.8266828,104.5819151772501
2024-11-25,WEST,Media,validation,114.0,104.5819151772501,-2.8266828,104.5819151772501
2024-12-02,WEST,Media,validation,123.0,104.5819151772501,-2.8266828,104.5819151772501
2024-12-09,WEST,Media,validation,119.0,104.5819151772501,-2.7377512,104.5819151772501
2024-12-16,WEST,Media,validation,120.0,104.5819151772501,-2.8266828,104.5819151772501
2024-12-23,WEST,Media,validation,119.0,104.5819151772501,-2.8266828,104.5819151772501
2024-11-04,WEST,Office Supplies,validation,221.0,211.5709873475145,-2.8266828,211.5709873475145
2024-11-11,WEST,Office Supplies,validation,194.0,218.34032987234923,-2.8266828,218.34032987234923
2024-11-18,WEST,Office Supplies,validation,206.0,221.08517880019883,-2.8266828,221.08517880019883
2024-11-25,WEST,Office Supplies,validation,223.0,219.9289128475043,-2.8266828,219.9289128475043
2024-12-02,WEST,Office Supplies,validation,261.0,219.26127209853541,-2.8266828,219.26127209853541
2024-12-09,WEST,Office Supplies,validation,221.0,219.44135772617642,-2.5910885,219.44135772617642
2024-12-16,WEST,Office Supplies,validation,254.0,219.59488890038355,-2.5910885,219.59488890038355
2024-12-23,WEST,Office Supplies,validation,240.0,219.57118157081104,-2.5910885,219.57118157081104
2024-11-04,WEST,Software,validation,15.0,22.607733766445055,-2.8266828,19.78105096043004
2024-11-11,WEST,Software,validation,29.0,22.607733766445055,-2.8266828,19.78105096043004
2024-11-18,WEST,Software,validation,15.0,22.607733766445055,-2.8266828,19.78105096043004
2024-11-25,WEST,Software,validation,17.0,22.607733766445055,-2.8266828,19.78105096043004
2024-12-02,WEST,Software,validation,23.0,22.607733766445055,-2.8266828,19.78105096043004
2024-12-09,WEST,Software,validation,23.0,22.607733766445055,-2.8266828,19.78105096043004
2024-12-16,WEST,Software,validation,18.0,22.607733766445055,-2.8266828,19.78105096043004
2024-12-23,WEST,Software,validation,16.0,22.607733766445055,-2.8266828,19.78105096043004
2024-11-04,WEST,Sporting Goods,validation,236.0,222.57553654583714,-2.8266828,222.57553654583714
2024-11-11,WEST,Sporting Goods,validation,233.0,222.69222890352015,-2.8266828,222.69222890352015
2024-11-18,WEST,Sporting Goods,validation,217.0,222.69222890352015,-2.8266828,222.69222890352015
2024-11-25,WEST,Sporting Goods,validation,218.0,222.69222890352015,-2.8266828,222.69222890352015
2024-12-02,WEST,Sporting Goods,validation,262.0,222.69222890352015,-2.8266828,222.69222890352015
2024-12-09,WEST,Sporting Goods,validation,219.0,222.69222890352015,-2.2281172,222.69222890352015
2024-12-16,WEST,Sporting Goods,validation,252.0,222.69222890352015,-2.6936762,222.69222890352015
2024-12-23,WEST,Sporting Goods,validation,245.0,222.69222890352015,-2.5910885,222.69222890352015
2024-11-04,WEST,Vehicles & Parts,validation,237.0,230.45848560326488,-2.8266828,230.45848560326488
2024-11-11,WEST,Vehicles & Parts,validation,236.0,230.45848560326488,-2.8266828,230.45848560326488
2024-11-18,WEST,Vehicles & Parts,validation,245.0,230.45848560326488,-2.8266828,230.45848560326488
2024-11-25,WEST,Vehicles & Parts,validation,208.0,230.45848560326488,-2.8266828,230.45848560326488
2024-12-02,WEST,Vehicles & Parts,validation,237.0,230.45848560326488,-2.8266828,230.45848560326488
2024-12-09,WEST,Vehicles & Parts,validation,258.0,230.45848560326488,-2.8266828,230.45848560326488
2024-12-16,WEST,Vehicles & Parts,validation,254.0,230.45848560326488,-2.5910885,230.45848560326488
2024-12-23,WEST,Vehicles & Parts,validation,236.0,230.45848560326488,-2.5910885,230.45848560326488
2024-12-30,EAST,Animals & Pet Supplies,test,274.0,259.490642966173,11.872461,259.490642966173
2025-01-06,EAST,Animals & Pet Supplies,test,269.0,259.490642966173,9.450943,259.490642966173
2025-01-13,EAST,Animals & Pet Supplies,test,240.0,259.490642966173,10.55094,259.490642966173
2025-01-20,EAST,Animals & Pet Supplies,test,265.0,259.490642966173,10.55094,259.490642966173
2025-01-27,EAST,Animals & Pet Supplies,test,251.0,259.490642966173,11.778225,259.490642966173
2025-02-03,EAST,Animals & Pet Supplies,test,257.0,259.490642966173,11.350216,259.490642966173
2025-02-10,EAST,Animals & Pet Supplies,test,305.0,259.490642966173,11.350216,259.490642966173
2025-02-17,EAST,Animals & Pet Supplies,test,252.0,259.490642966173,10.391809,259.490642966173
2025-02-24,EAST,Animals & Pet Supplies,test,309.0,395.5316084937547,10.781975,395.5316084937547
2025-03-03,EAST,Animals & Pet Supplies,test,408.0,485.0906386765141,7.377028,485.0906386765141
2025-03-10,EAST,Animals & Pet Supplies,test,498.0,529.3857281300906,-0.45001307,529.3857281300906
2025-03-17,EAST,Animals & Pet Supplies,test,513.0,573.680817583667,-1.462991,573.680817583667
2025-03-24,EAST,Animals & Pet Supplies,test,544.0,508.96922897645084,-1.462991,508.96922897645084
2025-03-31,EAST,Animals & Pet Supplies,test,285.0,304.7545836953561,-1.7888399,304.7545836953561
2025-04-07,EAST,Animals & Pet Supplies,test,288.0,304.7545836953561,-3.3503058,304.7545836953561
2025-04-14,EAST,Animals & Pet Supplies,test,262.0,304.7545836953561,-3.5367734,304.7545836953561
2025-04-21,EAST,Animals & Pet Supplies,test,303.0,304.7545836953561,-3.5367734,304.7545836953561
2025-04-28,EAST,Animals & Pet Supplies,test,292.0,304.7545836953561,-2.0077376,304.7545836953561
2025-05-05,EAST,Animals & Pet Supplies,test,298.0,304.7545836953561,-2.3123353,304.7545836953561
2025-05-12,EAST,Animals & Pet Supplies,test,323.0,304.7545836953561,-2.2234035,304.7545836953561
2025-05-19,EAST,Animals & Pet Supplies,test,281.0,304.7545836953561,-2.1393166,304.7545836953561
2025-05-26,EAST,Animals & Pet Supplies,test,298.0,337.15622565687016,-9.457204,337.15622565687016
2025-06-02,EAST,Animals & Pet Supplies,test,351.0,337.15622565687016,3.3280213,337.15622565687016
2025-06-09,EAST,Animals & Pet Supplies,test,361.0,337.15622565687016,3.5899715,337.15622565687016
2025-06-16,EAST,Animals & Pet Supplies,test,356.0,337.15622565687016,3.5899715,337.15622565687016
2025-06-23,EAST,Animals & Pet Supplies,test,345.0,337.15622565687016,3.5899715,337.15622565687016
2025-06-30,EAST,Animals & Pet Supplies,test,337.0,337.15622565687016,3.5010397,337.15622565687016
2025-07-07,EAST,Animals & Pet Supplies,test,343.0,337.15622565687016,3.5010397,337.15622565687016
2025-07-14,EAST,Animals & Pet Supplies,test,339.0,337.15622565687016,3.5010397,337.15622565687016
2025-07-21,EAST,Animals & Pet Supplies,test,373.0,337.15622565687016,3.5010397,337.15622565687016
2025-07-28,EAST,Animals & Pet Supplies,test,347.0,337.15622565687016,3.7217875,337.15622565687016
2025-08-04,EAST,Animals & Pet Supplies,test,340.0,337.15622565687016,3.7217875,337.15622565687016
2025-08-11,EAST,Animals & Pet Supplies,test,352.0,337.15622565687016,3.7217875,337.15622565687016
2025-08-18,EAST,Animals & Pet Supplies,test,354.0,337.15622565687016,3.7217875,337.15622565687016
2025-08-25,EAST,Animals & Pet Supplies,test,360.0,337.15622565687016,-4.965921,337.15622565687016
2025-09-01,EAST,Animals & Pet Supplies,test,374.0,356.4195390953827,14.961817,356.4195390953827
2025-09-08,EAST,Animals & Pet Supplies,test,374.0,356.4195390953827,15.182566,356.4195390953827
2025-09-15,EAST,Animals & Pet Supplies,test,399.0,356.4195390953827,15.182566,356.4195390953827
2025-09-22,EAST,Animals & Pet Supplies,test,403.0,356.4195390953827,15.182566,356.4195390953827
2025-09-29,EAST,Animals & Pet Supplies,test,291.0,356.4195390953827,-33.767582,356.4195390953827
2025-10-06,EAST,Animals & Pet Supplies,test,268.0,304.7545836953561,-6.319774,304.7545836953561
2025-10-13,EAST,Animals & Pet Supplies,test,294.0,304.7545836953561,-4.049594,304.7545836953561
2025-10-20,EAST,Animals & Pet Supplies,test,273.0,304.7545836953561,-2.4948652,304.7545836953561
2025-10-27,EAST,Animals & Pet Supplies,test,288.0,304.7545836953561,-3.8178627,304.7545836953561
2025-11-03,EAST,Animals & Pet Supplies,test,263.0,304.7545836953561,-3.4756403,304.7545836953561
2025-11-10,EAST,Animals & Pet Supplies,test,299.0,304.7545836953561,-2.4435282,304.7545836953561
2025-11-17,EAST,Animals & Pet Supplies,test,304.0,304.7545836953561,-1.3477894,304.7545836953561
2025-11-24,EAST,Animals & Pet Supplies,test,283.0,304.7545836953561,-1.673265,304.7545836953561
2025-12-01,EAST,Animals & Pet Supplies,test,315.0,304.7545836953561,-2.161581,304.7545836953561
2025-12-08,EAST,Animals & Pet Supplies,test,327.0,304.7545836953561,-1.4940131,304.7545836953561
2025-12-15,EAST,Animals & Pet Supplies,test,309.0,304.7545836953561,-2.3730612,304.7545836953561
2025-12-22,EAST,Animals & Pet Supplies,test,339.0,304.7545836953561,-2.823443,304.7545836953561
2024-12-30,EAST,Apparel & Accessories,test,598.0,521.5797178567522,15.808762,521.5797178567522
2025-01-06,EAST,Apparel & Accessories,test,544.0,521.5797178567522,15.808762,521.5797178567522
2025-01-13,EAST,Apparel & Accessories,test,488.0,521.5797178567522,14.926916,521.5797178567522
2025-01-20,EAST,Apparel & Accessories,test,518.0,521.5797178567522,14.190264,521.5797178567522
2025-01-27,EAST,Apparel & Accessories,test,517.0,521.5797178567522,13.66106,521.5797178567522
2025-02-03,EAST,Apparel & Accessories,test,522.0,521.5797178567522,13.707837,521.5797178567522
2025-02-10,EAST,Apparel & Accessories,test,535.0,521.5797178567522,14.888346,521.5797178567522
2025-02-17,EAST,Apparel & Accessories,test,489.0,521.5797178567522,15.304168,521.5797178567522
2025-02-24,EAST,Apparel & Accessories,test,670.0,763.8480511517953,20.254894,763.8480511517953
2025-03-03,EAST,Apparel & Accessories,test,895.0,919.1525838447417,13.481377,919.1525838447417
2025-03-10,EAST,Apparel & Accessories,test,942.0,999.2380099514578,-0.05413161,999.2380099514578
2025-03-17,EAST,Apparel & Accessories,test,1034.0,1079.3234360581737,0.9027604,1079.3234360581737
2025-03-24,EAST,Apparel & Accessories,test,1071.0,982.9193772662579,-0.05413161,982.9193772662579
2025-03-31,EAST,Apparel & Accessories,test,593.0,596.7988244429827,-1.393788,596.7988244429827
2025-04-07,EAST,Apparel & Accessories,test,572.0,596.7988244429827,-4.1600475,596.7988244429827
2025-04-14,EAST,Apparel & Accessories,test,588.0,596.7988244429827,-8.269361,596.7988244429827
2025-04-21,EAST,Apparel & Accessories,test,621.0,596.7988244429827,-9.645066,596.7988244429827
2025-04-28,EAST,Apparel & Accessories,test,609.0,596.7988244429827,-1.1680831,596.7988244429827
2025-05-05,EAST,Apparel & Accessories,test,574.0,596.7988244429827,-4.1337485,596.7988244429827
2025-05-12,EAST,Apparel & Accessories,test,562.0,596.7988244429827,-4.1337485,596.7988244429827
2025-05-19,EAST,Apparel & Accessories,test,630.0,596.7988244429827,-4.1337485,596.7988244429827
2025-05-26,EAST,Apparel & Accessories,test,536.0,687.9299808425918,-11.82887,687.9299808425918
2025-06-02,EAST,Apparel & Accessories,test,701.0,687.9299808425918,4.5877275,687.9299808425918
2025-06-09,EAST,Apparel & Accessories,test,708.0,687.9299808425918,3.49735,687.9299808425918
2025-06-16,EAST,Apparel & Accessories,test,752.0,687.9299808425918,4.292783,687.9299808425918
2025-06-23,EAST,Apparel & Accessories,test,669.0,687.9299808425918,1.9601223,687.9299808425918
2025-06-30,EAST,Apparel & Accessories,test,665.0,687.9299808425918,5.154342,687.9299808425918
2025-07-07,EAST,Apparel & Accessories,test,686.0,687.9299808425918,5.154342,687.9299808425918
2025-07-14,EAST,Apparel & Accessories,test,681.0,687.9299808425918,5.493706,687.9299808425918
2025-07-21,EAST,Apparel & Accessories,test,728.0,687.9299808425918,4.739105,687.9299808425918
2025-07-28,EAST,Apparel & Accessories,test,678.0,687.9299808425918,5.3499856,687.9299808425918
2025-08-04,EAST,Apparel & Accessories,test,648.0,687.9299808425918,5.7329555,687.9299808425918
2025-08-11,EAST,Apparel & Accessories,test,654.0,687.9299808425918,3.258489,687.9299808425918
2025-08-18,EAST,Apparel & Accessories,test,691.0,687.9299808425918,5.7329555,687.9299808425918
2025-08-25,EAST,Apparel & Accessories,test,708.0,687.9299808425918,-9.786042,687.9299808425918
2025-09-01,EAST,Apparel & Accessories,test,782.0,687.600072566817,23.276705,687.600072566817
2025-09-08,EAST,Apparel & Accessories,test,812.0,687.600072566817,25.499056,687.600072566817
2025-09-15,EAST,Apparel & Accessories,test,788.0,687.600072566817,32.991833,687.600072566817
2025-09-22,EAST,Apparel & Accessories,test,763.0,687.600072566817,33.55301,687.600072566817
2025-09-29,EAST,Apparel & Accessories,test,604.0,687.600072566817,-52.92042,687.600072566817
2025-10-06,EAST,Apparel & Accessories,test,584.0,596.7988244429827,-9.793926,596.7988244429827
2025-10-13,EAST,Apparel & Accessories,test,599.0,596.7988244429827,-8.762428,596.7988244429827
2025-10-20,EAST,Apparel & Accessories,test,613.0,596.7988244429827,-7.033232,596.7988244429827
2025-10-27,EAST,Apparel & Accessories,test,627.0,596.7988244429827,-5.733273,596.7988244429827
2025-11-03,EAST,Apparel & Accessories,test,579.0,596.7988244429827,-6.0447364,596.7988244429827
2025-11-10,EAST,Apparel & Accessories,test,600.0,596.7988244429827,-5.8980737,596.7988244429827
2025-11-17,EAST,Apparel & Accessories,test,624.0,596.7988244429827,-6.9685535,596.7988244429827
2025-11-24,EAST,Apparel & Accessories,test,581.0,596.7988244429827,-5.5027113,596.7988244429827
2025-12-01,EAST,Apparel & Accessories,test,658.0,596.7988244429827,-5.5027113,596.7988244429827
2025-12-08,EAST,Apparel & Accessories,test,586.0,596.7988244429827,-5.5027113,596.7988244429827
2025-12-15,EAST,Apparel & Accessories,test,660.0,596.7988244429827,-5.322177,596.7988244429827
2025-12-22,EAST,Apparel & Accessories,test,671.0,596.7988244429827,-5.059642,596.7988244429827
2024-12-30,EAST,Arts & Entertainment,test,499.0,462.48869655159785,16.733725,462.48869655159785
2025-01-06,EAST,Arts & Entertainment,test,468.0,462.48869655159785,14.421299,462.48869655159785
2025-01-13,EAST,Arts & Entertainment,test,499.0,462.48869655159785,13.66106,462.48869655159785
2025-01-20,EAST,Arts & Entertainment,test,471.0,462.48869655159785,13.66106,462.48869655159785
2025-01-27,EAST,Arts & Entertainment,test,487.0,462.48869655159785,15.467867,462.48869655159785
2025-02-03,EAST,Arts & Entertainment,test,427.0,462.48869655159785,14.888346,462.48869655159785
2025-02-10,EAST,Arts & Entertainment,test,453.0,462.48869655159785,10.4699955,462.48869655159785
2025-02-17,EAST,Arts & Entertainment,test,428.0,462.48869655159785,13.892096,462.48869655159785
2025-02-24,EAST,Arts & Entertainment,test,537.0,681.7213996921898,16.263506,681.7213996921898
2025-03-03,EAST,Arts & Entertainment,test,770.0,816.1893802455021,13.063408,816.1893802455021
2025-03-10,EAST,Arts & Entertainment,test,829.0,891.2810998697009,-0.37452927,891.2810998697009
2025-03-17,EAST,Arts & Entertainment,test,917.0,966.3728194938999,-0.05413161,966.3728194938999
2025-03-24,EAST,Arts & Entertainment,test,938.0,877.9541010971486,-0.37452927,877.9541010971486
2025-03-31,EAST,Arts & Entertainment,test,489.0,521.8649574807113,-1.0435611,521.8649574807113
2025-04-07,EAST,Arts & Entertainment,test,510.0,521.8649574807113,-3.5689998,521.8649574807113
2025-04-14,EAST,Arts & Entertainment,test,505.0,521.8649574807113,-7.357879,521.8649574807113
2025-04-21,EAST,Arts & Entertainment,test,537.0,521.8649574807113,-4.3465147,521.8649574807113
2025-04-28,EAST,Arts & Entertainment,test,526.0,521.8649574807113,-2.557164,521.8649574807113
2025-05-05,EAST,Arts & Entertainment,test,470.0,521.8649574807113,-2.6460958,521.8649574807113
2025-05-12,EAST,Arts & Entertainment,test,479.0,521.8649574807113,-1.6972862,521.8649574807113
2025-05-19,EAST,Arts & Entertainment,test,504.0,521.8649574807113,-4.6629515,521.8649574807113
2025-05-26,EAST,Arts & Entertainment,test,543.0,603.6170265489171,-12.689727,603.6170265489171
2025-06-02,EAST,Arts & Entertainment,test,570.0,603.6170265489171,3.72687,603.6170265489171
2025-06-09,EAST,Arts & Entertainment,test,608.0,603.6170265489171,4.256073,603.6170265489171
2025-06-16,EAST,Arts & Entertainment,test,671.0,603.6170265489171,4.256073,603.6170265489171
2025-06-23,EAST,Arts & Entertainment,test,618.0,603.6170265489171,4.256073,603.6170265489171
2025-06-30,EAST,Arts & Entertainment,test,605.0,603.6170265489171,4.5877275,603.6170265489171
2025-07-07,EAST,Arts & Entertainment,test,597.0,603.6170265489171,4.5877275,603.6170265489171
2025-07-14,EAST,Arts & Entertainment,test,612.0,603.6170265489171,4.5877275,603.6170265489171
2025-07-21,EAST,Arts & Entertainment,test,628.0,603.6170265489171,4.4987955,603.6170265489171
2025-07-28,EAST,Arts & Entertainment,test,575.0,603.6170265489171,4.4987955,603.6170265489171
2025-08-04,EAST,Arts & Entertainment,test,581.0,603.6170265489171,4.9270916,603.6170265489171
2025-08-11,EAST,Arts & Entertainment,test,567.0,603.6170265489171,4.742833,603.6170265489171
2025-08-18,EAST,Arts & Entertainment,test,594.0,603.6170265489171,4.9270916,603.6170265489171
2025-08-25,EAST,Arts & Entertainment,test,587.0,603.6170265489171,-9.361206,603.6170265489171
2025-09-01,EAST,Arts & Entertainment,test,681.0,617.8533190706556,21.435663,617.8533190706556
2025-09-08,EAST,Arts & Entertainment,test,673.0,617.8533190706556,21.863962,617.8533190706556
2025-09-15,EAST,Arts & Entertainment,test,705.0,617.8533190706556,22.904531,617.8533190706556
2025-09-22,EAST,Arts & Entertainment,test,690.0,617.8533190706556,22.001234,617.8533190706556
2025-09-29,EAST,Arts & Entertainment,test,545.0,617.8533190706556,-50.423477,617.8533190706556
2025-10-06,EAST,Arts & Entertainment,test,520.0,521.8649574807113,-7.2301207,521.8649574807113
2025-10-13,EAST,Arts & Entertainment,test,471.0,521.8649574807113,-8.633599,521.8649574807113
2025-10-20,EAST,Arts & Entertainment,test,489.0,521.8649574807113,-8.270796,521.8649574807113
2025-10-27,EAST,Arts & Entertainment,test,481.0,521.8649574807113,-6.05519,521.8649574807113
2025-11-03,EAST,Arts & Entertainment,test,522.0,521.8649574807113,-6.05519,521.8649574807113
2025-11-10,EAST,Arts & Entertainment,test,507.0,521.8649574807113,-6.05519,521.8649574807113
2025-11-17,EAST,Arts & Entertainment,test,513.0,521.8649574807113,-6.533507,521.8649574807113
2025-11-24,EAST,Arts & Entertainment,test,514.0,521.8649574807113,-6.8812494,521.8649574807113
2025-12-01,EAST,Arts & Entertainment,test,570.0,521.8649574807113,-6.8812494,521.8649574807113
2025-12-08,EAST,Arts & Entertainment,test,610.0,521.8649574807113,-6.825872,521.8649574807113
2025-12-15,EAST,Arts & Entertainment,test,571.0,521.8649574807113,-5.927053,521.8649574807113
2025-12-22,EAST,Arts & Entertainment,test,569.0,521.8649574807113,-6.2966685,521.8649574807113
2024-12-30,EAST,Baby & Toddler,test,277.0,266.62058540209165,10.645176,266.62058540209165
2025-01-06,EAST,Baby & Toddler,test,268.0,266.62058540209165,10.55094,266.62058540209165
2025-01-13,EAST,Baby & Toddler,test,285.0,266.62058540209165,10.060417,266.62058540209165
2025-01-20,EAST,Baby & Toddler,test,246.0,266.62058540209165,10.55094,266.62058540209165
2025-01-27,EAST,Baby & Toddler,test,227.0,266.62058540209165,11.38806,266.62058540209165
2025-02-03,EAST,Baby & Toddler,test,290.0,266.62058540209165,10.781975,266.62058540209165
2025-02-10,EAST,Baby & Toddler,test,271.0,266.62058540209165,10.827053,266.62058540209165
2025-02-17,EAST,Baby & Toddler,test,262.0,266.62058540209165,10.391809,266.62058540209165
2025-02-24,EAST,Baby & Toddler,test,309.0,401.9032777097048,10.567558,401.9032777097048
2025-03-03,EAST,Baby & Toddler,test,453.0,463.7002683504238,7.8326516,463.7002683504238
2025-03-10,EAST,Baby & Toddler,test,464.0,502.79833371185435,-1.462991,502.79833371185435
2025-03-17,EAST,Baby & Toddler,test,485.0,541.8963990732849,-1.462991,541.8963990732849
2025-03-24,EAST,Baby & Toddler,test,544.0,499.99172700013446,-0.7634577,499.99172700013446
2025-03-31,EAST,Baby & Toddler,test,280.0,289.3195106813801,-1.5593199,289.3195106813801
2025-04-07,EAST,Baby & Toddler,test,268.0,289.3195106813801,-3.3503058,289.3195106813801
2025-04-14,EAST,Baby & Toddler,test,265.0,289.3195106813801,-3.5367734,289.3195106813801
2025-04-21,EAST,Baby & Toddler,test,277.0,289.3195106813801,-3.5367734,289.3195106813801
2025-04-28,EAST,Baby & Toddler,test,281.0,289.3195106813801,-2.0077376,289.3195106813801
2025-05-05,EAST,Baby & Toddler,test,280.0,289.3195106813801,-2.0077376,289.3195106813801
2025-05-12,EAST,Baby & Toddler,test,296.0,289.3195106813801,-2.3123353,289.3195106813801
2025-05-19,EAST,Baby & Toddler,test,308.0,289.3195106813801,-2.3123353,289.3195106813801
2025-05-26,EAST,Baby & Toddler,test,288.0,341.66435593440474,-10.430626,341.66435593440474
2025-06-02,EAST,Baby & Toddler,test,351.0,341.66435593440474,3.3280213,341.66435593440474
2025-06-09,EAST,Baby & Toddler,test,340.0,341.66435593440474,3.5899715,341.66435593440474
2025-06-16,EAST,Baby & Toddler,test,337.0,341.66435593440474,3.5899715,341.66435593440474
2025-06-23,EAST,Baby & Toddler,test,365.0,341.66435593440474,3.5899715,341.66435593440474
2025-06-30,EAST,Baby & Toddler,test,343.0,341.66435593440474,3.5010397,341.66435593440474
2025-07-07,EAST,Baby & Toddler,test,367.0,341.66435593440474,3.5010397,341.66435593440474
2025-07-14,EAST,Baby & Toddler,test,317.0,341.66435593440474,3.5010397,341.66435593440474
2025-07-21,EAST,Baby & Toddler,test,352.0,341.66435593440474,3.416953,341.66435593440474
2025-07-28,EAST,Baby & Toddler,test,352.0,341.66435593440474,3.8107193,341.66435593440474
2025-08-04,EAST,Baby & Toddler,test,324.0,341.66435593440474,3.8107193,341.66435593440474
2025-08-11,EAST,Baby & Toddler,test,331.0,341.66435593440474,3.8107193,341.66435593440474
2025-08-18,EAST,Baby & Toddler,test,335.0,341.66435593440474,3.7217875,341.66435593440474
2025-08-25,EAST,Baby & Toddler,test,358.0,341.66435593440474,-4.965921,341.66435593440474
2025-09-01,EAST,Baby & Toddler,test,354.0,335.93903341540454,14.695341,335.93903341540454
2025-09-08,EAST,Baby & Toddler,test,347.0,335.93903341540454,14.240302,335.93903341540454
2025-09-15,EAST,Baby & Toddler,test,353.0,335.93903341540454,14.961817,335.93903341540454
2025-09-22,EAST,Baby & Toddler,test,374.0,335.93903341540454,14.961817,335.93903341540454
2025-09-29,EAST,Baby & Toddler,test,301.0,335.93903341540454,-32.09961,335.93903341540454
2025-10-06,EAST,Baby & Toddler,test,282.0,289.3195106813801,-5.661644,289.3195106813801
2025-10-13,EAST,Baby & Toddler,test,293.0,289.3195106813801,-3.2151456,289.3195106813801
2025-10-20,EAST,Baby & Toddler,test,320.0,289.3195106813801,-3.328808,289.3195106813801
2025-10-27,EAST,Baby & Toddler,test,301.0,289.3195106813801,-4.7040267,289.3195106813801
2025-11-03,EAST,Baby & Toddler,test,272.0,289.3195106813801,-4.968341,289.3195106813801
2025-11-10,EAST,Baby & Toddler,test,283.0,289.3195106813801,-3.5287268,289.3195106813801
2025-11-17,EAST,Baby & Toddler,test,291.0,289.3195106813801,-2.7550917,289.3195106813801
2025-11-24,EAST,Baby & Toddler,test,290.0,289.3195106813801,-3.1457415,289.3195106813801
2025-12-01,EAST,Baby & Toddler,test,327.0,289.3195106813801,-3.1457415,289.3195106813801
2025-12-08,EAST,Baby & Toddler,test,296.0,289.3195106813801,-2.4306173,289.3195106813801
2025-12-15,EAST,Baby & Toddler,test,328.0,289.3195106813801,-4.1593366,289.3195106813801
2025-12-22,EAST,Baby & Toddler,test,326.0,289.3195106813801,-2.4306173,289.3195106813801
2024-12-30,EAST,Business & Industrial,test,196.0,169.00006926546308,8.825853,169.00006926546308
2025-01-06,EAST,Business & Industrial,test,184.0,169.00006926546308,8.491352,169.00006926546308
2025-01-13,EAST,Business & Industrial,test,161.0,169.00006926546308,9.626078,169.00006926546308
2025-01-20,EAST,Business & Industrial,test,156.0,169.00006926546308,9.626078,169.00006926546308
2025-01-27,EAST,Business & Industrial,test,177.0,169.00006926546308,7.8959975,169.00006926546308
2025-02-03,EAST,Business & Industrial,test,158.0,169.00006926546308,7.470747,169.00006926546308
2025-02-10,EAST,Business & Industrial,test,208.0,169.00006926546308,7.9757624,169.00006926546308
2025-02-17,EAST,Business & Industrial,test,152.0,169.00006926546308,7.4600205,169.00006926546308
2025-02-24,EAST,Business & Industrial,test,204.0,252.54830117170323,9.57476,252.54830117170323
2025-03-03,EAST,Business & Industrial,test,304.0,306.81067500674817,6.367116,306.81067500674817
2025-03-10,EAST,Business & Industrial,test,331.0,329.2142110780022,-0.6230318,329.2142110780022
2025-03-17,EAST,Business & Industrial,test,328.0,351.61774714925633,-1.2319037,351.61774714925633
2025-03-24,EAST,Business & Industrial,test,365.0,317.02536560946913,-0.45001307,317.02536560946913
2025-03-31,EAST,Business & Industrial,test,187.0,200.85890702925394,-1.5593199,200.85890702925394
2025-04-07,EAST,Business & Industrial,test,196.0,200.85890702925394,-2.5118365,200.85890702925394
2025-04-14,EAST,Business & Industrial,test,182.0,200.85890702925394,-4.0470815,200.85890702925394
2025-04-21,EAST,Business & Industrial,test,201.0,200.85890702925394,-4.0470815,200.85890702925394
2025-04-28,EAST,Business & Industrial,test,171.0,200.85890702925394,-2.0077376,200.85890702925394
2025-05-05,EAST,Business & Industrial,test,198.0,200.85890702925394,-2.0077376,200.85890702925394
2025-05-12,EAST,Business & Industrial,test,176.0,200.85890702925394,-2.0077376,200.85890702925394
2025-05-19,EAST,Business & Industrial,test,192.0,200.85890702925394,-2.0077376,200.85890702925394
2025-05-26,EAST,Business & Industrial,test,209.0,223.18018621187582,-3.7649078,223.18018621187582
2025-06-02,EAST,Business & Industrial,test,210.0,223.18018621187582,3.3280213,223.18018621187582
2025-06-09,EAST,Business & Industrial,test,249.0,223.18018621187582,3.3280213,223.18018621187582
2025-06-16,EAST,Business & Industrial,test,218.0,223.18018621187582,3.416953,223.18018621187582
2025-06-23,EAST,Business & Industrial,test,245.0,223.18018621187582,3.416953,223.18018621187582
2025-06-30,EAST,Business & Industrial,test,254.0,223.18018621187582,3.416953,223.18018621187582
2025-07-07,EAST,Business & Industrial,test,227.0,223.18018621187582,3.3280213,223.18018621187582
2025-07-14,EAST,Business & Industrial,test,280.0,223.18018621187582,3.3280213,223.18018621187582
2025-07-21,EAST,Business & Industrial,test,257.0,223.18018621187582,3.416953,223.18018621187582
2025-07-28,EAST,Business & Industrial,test,246.0,223.18018621187582,3.416953,223.18018621187582
2025-08-04,EAST,Business & Industrial,test,214.0,223.18018621187582,3.416953,223.18018621187582
2025-08-11,EAST,Business & Industrial,test,231.0,223.18018621187582,3.416953,223.18018621187582
2025-08-18,EAST,Business & Industrial,test,242.0,223.18018621187582,3.416953,223.18018621187582
2025-08-25,EAST,Business & Industrial,test,208.0,223.18018621187582,-2.8345785,223.18018621187582
2025-09-01,EAST,Business & Industrial,test,270.0,234.46005970488076,9.538412,234.46005970488076
2025-09-08,EAST,Business & Industrial,test,260.0,234.46005970488076,11.637331,234.46005970488076
2025-09-15,EAST,Business & Industrial,test,256.0,234.46005970488076,11.610295,234.46005970488076
2025-09-22,EAST,Business & Industrial,test,236.0,234.46005970488076,11.089451,234.46005970488076
2025-09-29,EAST,Business & Industrial,test,198.0,234.46005970488076,-20.562548,234.46005970488076
2025-10-06,EAST,Business & Industrial,test,198.0,200.85890702925394,-1.3971261,200.85890702925394
2025-10-13,EAST,Business & Industrial,test,182.0,200.85890702925394,-1.9711126,200.85890702925394
2025-10-20,EAST,Business & Industrial,test,201.0,200.85890702925394,-2.4353774,200.85890702925394
2025-10-27,EAST,Business & Industrial,test,213.0,200.85890702925394,-2.6709716,200.85890702925394
2025-11-03,EAST,Business & Industrial,test,188.0,200.85890702925394,-2.6709716,200.85890702925394
2025-11-10,EAST,Business & Industrial,test,194.0,200.85890702925394,-2.6709716,200.85890702925394
2025-11-17,EAST,Business & Industrial,test,167.0,200.85890702925394,-2.6709716,200.85890702925394
2025-11-24,EAST,Business & Industrial,test,221.0,200.85890702925394,-2.4353774,200.85890702925394
2025-12-01,EAST,Business & Industrial,test,231.0,200.85890702925394,-2.4353774,200.85890702925394
2025-12-08,EAST,Business & Industrial,test,196.0,200.85890702925394,-2.4353774,200.85890702925394
2025-12-15,EAST,Business & Industrial,test,205.0,200.85890702925394,-2.4353774,200.85890702925394
2025-12-22,EAST,Business & Industrial,test,221.0,200.85890702925394,-2.6709716,200.85890702925394
2024-12-30,EAST,Cameras & Optics,test,58.0,46.46110609342044,4.767073,46.46110609342044
2025-01-06,EAST,Cameras & Optics,test,50.0,46.46110609342044,4.767073,46.46110609342044
2025-01-13,EAST,Cameras & Optics,test,43.0,46.46110609342044,4.767073,46.46110609342044
2025-01-20,EAST,Cameras & Optics,test,49.0,46.46110609342044,4.767073,46.46110609342044
2025-01-27,EAST,Cameras & Optics,test,43.0,46.46110609342044,4.767073,46.46110609342044
2025-02-03,EAST,Cameras & Optics,test,44.0,46.46110609342044,4.534356,46.46110609342044
2025-02-10,EAST,Cameras & Optics,test,52.0,46.46110609342044,4.534356,46.46110609342044
2025-02-17,EAST,Cameras & Optics,test,38.0,46.46110609342044,4.534356,46.46110609342044
2025-02-24,EAST,Cameras & Optics,test,60.0,68.7345010112105,4.652759,68.7345010112105
2025-03-03,EAST,Cameras & Optics,test,83.0,81.82889447632904,4.0544353,81.82889447632904
2025-03-10,EAST,Cameras & Optics,test,78.0,89.2477065206923,-0.64229876,89.2477065206923
2025-03-17,EAST,Cameras & Optics,test,111.0,96.66651856505558,-0.64229876,96.66651856505558
2025-03-24,EAST,Cameras & Optics,test,111.0,84.00836801285782,-0.64229876,84.00836801285782
2025-03-31,EAST,Cameras & Optics,test,55.0,52.13668751417571,-1.8212703,52.13668751417571
2025-04-07,EAST,Cameras & Optics,test,43.0,52.13668751417571,-1.7323385,52.13668751417571
2025-04-14,EAST,Cameras & Optics,test,47.0,52.13668751417571,-1.918806,52.13668751417571
2025-04-21,EAST,Cameras & Optics,test,64.0,52.13668751417571,-1.918806,52.13668751417571
2025-04-28,EAST,Cameras & Optics,test,41.0,52.13668751417571,-2.0077376,52.13668751417571
2025-05-05,EAST,Cameras & Optics,test,64.0,52.13668751417571,-2.0077376,52.13668751417571
2025-05-12,EAST,Cameras & Optics,test,54.0,52.13668751417571,-2.0077376,52.13668751417571
2025-05-19,EAST,Cameras & Optics,test,56.0,52.13668751417571,-2.0077376,52.13668751417571
2025-05-26,EAST,Cameras & Optics,test,59.0,65.7592708925168,-3.7649078,65.7592708925168
2025-06-02,EAST,Cameras & Optics,test,61.0,65.7592708925168,3.3280213,65.7592708925168
2025-06-09,EAST,Cameras & Optics,test,77.0,65.7592708925168,3.3280213,65.7592708925168
2025-06-16,EAST,Cameras & Optics,test,67.0,65.7592708925168,3.3280213,65.7592708925168
2025-06-23,EAST,Cameras & Optics,test,65.0,65.7592708925168,3.3280213,65.7592708925168
2025-06-30,EAST,Cameras & Optics,test,64.0,65.7592708925168,3.3280213,65.7592708925168
2025-07-07,EAST,Cameras & Optics,test,78.0,65.7592708925168,3.3280213,65.7592708925168
2025-07-14,EAST,Cameras & Optics,test,62.0,65.7592708925168,3.3280213,65.7592708925168
2025-07-21,EAST,Cameras & Optics,test,67.0,65.7592708925168,3.3280213,65.7592708925168
2025-07-28,EAST,Cameras & Optics,test,69.0,65.7592708925168,3.3280213,65.7592708925168
2025-08-04,EAST,Cameras & Optics,test,66.0,65.7592708925168,3.3280213,65.7592708925168
2025-08-11,EAST,Cameras & Optics,test,70.0,65.7592708925168,3.3280213,65.7592708925168
2025-08-18,EAST,Cameras & Optics,test,66.0,65.7592708925168,3.3280213,65.7592708925168
2025-08-25,EAST,Cameras & Optics,test,65.0,65.7592708925168,-2.8345785,65.7592708925168
2025-09-01,EAST,Cameras & Optics,test,70.0,63.29007460655,4.7331324,63.29007460655
2025-09-08,EAST,Cameras & Optics,test,81.0,63.29007460655,4.7331324,63.29007460655
2025-09-15,EAST,Cameras & Optics,test,72.0,63.29007460655,4.7331324,63.29007460655
2025-09-22,EAST,Cameras & Optics,test,73.0,63.29007460655,4.7331324,63.29007460655
2025-09-29,EAST,Cameras & Optics,test,69.0,63.29007460655,-9.165405,63.29007460655
2025-10-06,EAST,Cameras & Optics,test,57.0,52.13668751417571,-2.6035082,52.13668751417571
2025-10-13,EAST,Cameras & Optics,test,57.0,52.13668751417571,-2.6035082,52.13668751417571
2025-10-20,EAST,Cameras & Optics,test,53.0,52.13668751417571,-2.6709716,52.13668751417571
2025-10-27,EAST,Cameras & Optics,test,57.0,52.13668751417571,-2.6709716,52.13668751417571
2025-11-03,EAST,Cameras & Optics,test,54.0,52.13668751417571,-2.6709716,52.13668751417571
2025-11-10,EAST,Cameras & Optics,test,55.0,52.13668751417571,-2.6709716,52.13668751417571
2025-11-17,EAST,Cameras & Optics,test,37.0,52.13668751417571,-2.6709716,52.13668751417571
2025-11-24,EAST,Cameras & Optics,test,73.0,52.13668751417571,-2.6709716,52.13668751417571
2025-12-01,EAST,Cameras & Optics,test,70.0,52.13668751417571,-2.6709716,52.13668751417571
2025-12-08,EAST,Cameras & Optics,test,55.0,52.13668751417571,-2.6709716,52.13668751417571
2025-12-15,EAST,Cameras & Optics,test,76.0,52.13668751417571,-2.6709716,52.13668751417571
2025-12-22,EAST,Cameras & Optics,test,54.0,52.13668751417571,-2.6709716,52.13668751417571
2024-12-30,EAST,Electronics,test,345.0,336.6170325618785,10.989012,336.6170325618785
2025-01-06,EAST,Electronics,test,333.0,336.6170325618785,10.255011,336.6170325618785
2025-01-13,EAST,Electronics,test,314.0,336.6170325618785,10.255011,336.6170325618785
2025-01-20,EAST,Electronics,test,291.0,336.6170325618785,10.391809,336.6170325618785
2025-01-27,EAST,Electronics,test,329.0,336.6170325618785,10.391809,336.6170325618785
2025-02-03,EAST,Electronics,test,306.0,336.6170325618785,12.061817,336.6170325618785
2025-02-10,EAST,Electronics,test,349.0,336.6170325618785,11.38806,336.6170325618785
2025-02-17,EAST,Electronics,test,327.0,336.6170325618785,10.486046,336.6170325618785
2025-02-24,EAST,Electronics,test,378.0,506.5364065159313,11.847401,506.5364065159313
2025-03-03,EAST,Electronics,test,521.0,575.5659286439013,9.241985,575.5659286439013
2025-03-10,EAST,Electronics,test,579.0,615.3656393160625,-1.462991,615.3656393160625
2025-03-17,EAST,Electronics,test,628.0,655.1653499882236,-1.462991,655.1653499882236
2025-03-24,EAST,Electronics,test,722.0,584.9815245602873,-0.37452927,584.9815245602873
2025-03-31,EAST,Electronics,test,364.0,365.8468440176874,-3.408152,365.8468440176874
2025-04-07,EAST,Electronics,test,365.0,365.8468440176874,-2.9034941,365.8468440176874
2025-04-14,EAST,Electronics,test,348.0,365.8468440176874,-3.0899618,365.8468440176874
2025-04-21,EAST,Electronics,test,358.0,365.8468440176874,-3.0899618,365.8468440176874
2025-04-28,EAST,Electronics,test,352.0,365.8468440176874,-2.1393166,365.8468440176874
2025-05-05,EAST,Electronics,test,328.0,365.8468440176874,-2.1393166,365.8468440176874
2025-05-12,EAST,Electronics,test,342.0,365.8468440176874,-2.1393166,365.8468440176874
2025-05-19,EAST,Electronics,test,371.0,365.8468440176874,-2.323575,365.8468440176874
2025-05-26,EAST,Electronics,test,367.0,427.0969190233498,-11.258827,427.0969190233498
2025-06-02,EAST,Electronics,test,419.0,427.0969190233498,4.0314674,427.0969190233498
2025-06-09,EAST,Electronics,test,434.0,427.0969190233498,4.0314674,427.0969190233498
2025-06-16,EAST,Electronics,test,418.0,427.0969190233498,4.0314674,427.0969190233498
2025-06-23,EAST,Electronics,test,434.0,427.0969190233498,4.0314674,427.0969190233498
2025-06-30,EAST,Electronics,test,430.0,427.0969190233498,3.9425359,427.0969190233498
2025-07-07,EAST,Electronics,test,421.0,427.0969190233498,3.9425359,427.0969190233498
2025-07-14,EAST,Electronics,test,430.0,427.0969190233498,3.9425359,427.0969190233498
2025-07-21,EAST,Electronics,test,435.0,427.0969190233498,3.9425359,427.0969190233498
2025-07-28,EAST,Electronics,test,464.0,427.0969190233498,3.9425359,427.0969190233498
2025-08-04,EAST,Electronics,test,435.0,427.0969190233498,4.0314674,427.0969190233498
2025-08-11,EAST,Electronics,test,440.0,427.0969190233498,3.9425359,427.0969190233498
2025-08-18,EAST,Electronics,test,466.0,427.0969190233498,3.9425359,427.0969190233498
2025-08-25,EAST,Electronics,test,443.0,427.0969190233498,-9.917465,427.0969190233498
2025-09-01,EAST,Electronics,test,445.0,442.7647563080815,19.972914,442.7647563080815
2025-09-08,EAST,Electronics,test,472.0,442.7647563080815,19.972914,442.7647563080815
2025-09-15,EAST,Electronics,test,478.0,442.7647563080815,19.972914,442.7647563080815
2025-09-22,EAST,Electronics,test,465.0,442.7647563080815,19.972914,442.7647563080815
2025-09-29,EAST,Electronics,test,415.0,442.7647563080815,-36.376434,442.7647563080815
2025-10-06,EAST,Electronics,test,334.0,365.8468440176874,-7.5519085,365.8468440176874
2025-10-13,EAST,Electronics,test,322.0,365.8468440176874,-7.895405,365.8468440176874
2025-10-20,EAST,Electronics,test,359.0,365.8468440176874,-6.7137046,365.8468440176874
2025-10-27,EAST,Electronics,test,366.0,365.8468440176874,-5.7304716,365.8468440176874
2025-11-03,EAST,Electronics,test,330.0,365.8468440176874,-6.3380914,365.8468440176874
2025-11-10,EAST,Electronics,test,365.0,365.8468440176874,-6.450039,365.8468440176874
2025-11-17,EAST,Electronics,test,346.0,365.8468440176874,-6.2690887,365.8468440176874
2025-11-24,EAST,Electronics,test,345.0,365.8468440176874,-6.596777,365.8468440176874
2025-12-01,EAST,Electronics,test,409.0,365.8468440176874,-4.932157,365.8468440176874
2025-12-08,EAST,Electronics,test,405.0,365.8468440176874,-5.8643913,365.8468440176874
2025-12-15,EAST,Electronics,test,420.0,365.8468440176874,-6.7392397,365.8468440176874
2025-12-22,EAST,Electronics,test,394.0,365.8468440176874,-6.7392397,365.8468440176874
2024-12-30,EAST,Furniture,test,346.0,328.02801592199745,11.444452,328.02801592199745
2025-01-06,EAST,Furniture,test,350.0,329.33683630559096,10.989012,329.33683630559096
2025-01-13,EAST,Furniture,test,307.0,330.36480103094794,10.255011,330.36480103094794
2025-01-20,EAST,Furniture,test,335.0,331.1721780322725,10.160774,331.1721780322725
2025-01-27,EAST,Furniture,test,322.0,331.8063025369256,11.286373,331.8063025369256
2025-02-03,EAST,Furniture,test,319.0,332.3043522543957,11.967581,332.3043522543957
2025-02-10,EAST,Furniture,test,329.0,332.6955270461785,11.350216,332.6955270461785
2025-02-17,EAST,Furniture,test,337.0,333.0027608671383,11.006325,333.0027608671383
2025-02-24,EAST,Furniture,test,375.0,457.403734989175,11.006325,457.403734989175
2025-03-03,EAST,Furniture,test,548.0,574.8177227207594,9.697609,574.8177227207594
2025-03-10,EAST,Furniture,test,545.0,622.6900836147283,-1.462991,622.6900836147283
2025-03-17,EAST,Furniture,test,622.0,670.5305021754888,-1.462991,670.5305021754888
2025-03-24,EAST,Furniture,test,700.0,682.8013714052807,-0.7924486,682.8013714052807
2025-03-31,EAST,Furniture,test,332.0,403.36426107875,-1.9770178,403.36426107875
2025-04-07,EAST,Furniture,test,339.0,403.4209053711585,-2.9034941,403.4209053711585
2025-04-14,EAST,Furniture,test,342.0,403.4653945426434,-3.0899618,403.4653945426434
2025-04-21,EAST,Furniture,test,377.0,403.50033692245364,-3.0899618,403.50033692245364
2025-04-28,EAST,Furniture,test,351.0,403.52778112665095,-2.050385,403.52778112665095
2025-05-05,EAST,Furniture,test,335.0,403.5493361652063,-2.1393166,403.5493361652063
2025-05-12,EAST,Furniture,test,338.0,403.56626577569085,-2.050385,403.56626577569085
2025-05-19,EAST,Furniture,test,359.0,403.57956251419705,-2.234643,403.57956251419705
2025-05-26,EAST,Furniture,test,354.0,387.27935981215853,-11.258827,387.27935981215853
2025-06-02,EAST,Furniture,test,430.0,387.28756222174593,3.7217875,387.28756222174593
2025-06-09,EAST,Furniture,test,443.0,387.2940045020041,4.0314674,387.2940045020041
2025-06-16,EAST,Furniture,test,419.0,387.2990643535615,4.0314674,387.2990643535615
2025-06-23,EAST,Furniture,test,433.0,387.3030384274541,4.0314674,387.3030384274541
2025-06-30,EAST,Furniture,test,448.0,387.30615971730316,3.9425359,387.30615971730316
2025-07-07,EAST,Furniture,test,431.0,387.30861121936005,3.9425359,387.30861121936005
2025-07-14,EAST,Furniture,test,410.0,387.31053666128486,3.9425359,387.31053666128486
2025-07-21,EAST,Furniture,test,445.0,387.3120489286702,3.9425359,387.3120489286702
2025-07-28,EAST,Furniture,test,401.0,387.3132366833438,3.9425359,387.3132366833438
2025-08-04,EAST,Furniture,test,449.0,387.31416956146984,4.0314674,387.31416956146984
2025-08-11,EAST,Furniture,test,446.0,387.3149022562068,4.0314674,387.3149022562068
2025-08-18,EAST,Furniture,test,440.0,387.31547772427973,4.0314674,387.31547772427973
2025-08-25,EAST,Furniture,test,431.0,387.31592970446513,-9.828533,387.31592970446513
2025-09-01,EAST,Furniture,test,464.0,418.4928841922983,19.972914,418.4928841922983
2025-09-08,EAST,Furniture,test,507.0,418.49316300703197,17.632772,418.49316300703197
2025-09-15,EAST,Furniture,test,432.0,418.4933819917871,20.061846,418.4933819917871
2025-09-22,EAST,Furniture,test,445.0,418.4935539852909,16.829367,418.4935539852909
2025-09-29,EAST,Furniture,test,404.0,418.4936890712485,-37.543167,418.4936890712485
2025-10-06,EAST,Furniture,test,367.0,403.6278418080393,-7.5519085,403.6278418080393
2025-10-13,EAST,Furniture,test,390.0,403.62792513902707,-7.102043,403.62792513902707
2025-10-20,EAST,Furniture,test,367.0,403.6279905882797,-6.7392397,403.6279905882797
2025-10-27,EAST,Furniture,test,382.0,403.6280419929827,-6.8859024,403.6280419929827
2025-11-03,EAST,Furniture,test,322.0,403.62808236691177,-7.099215,403.62808236691177
2025-11-10,EAST,Furniture,test,363.0,403.62811407712616,-6.5421443,403.62811407712616
2025-11-17,EAST,Furniture,test,402.0,403.62813898274516,-6.126478,403.62813898274516
2025-11-24,EAST,Furniture,test,358.0,403.6281585439455,-6.4451265,403.6281585439455
2025-12-01,EAST,Furniture,test,383.0,403.6281739075693,-6.7392397,403.6281739075693
2025-12-08,EAST,Furniture,test,382.0,403.62818597436126,-6.2571783,403.62818597436126
2025-12-15,EAST,Furniture,test,355.0,403.62819545177825,-6.9748344,403.62819545177825
2025-12-22,EAST,Furniture,test,416.0,403.628202895466,-6.9748344,403.628202895466
2024-12-30,EAST,Hardware,test,267.0,265.1237002756932,11.302254,276.4259539988377
2025-01-06,EAST,Hardware,test,268.0,265.1237002756932,10.781975,275.90567506817365
2025-01-13,EAST,Hardware,test,234.0,265.1237002756932,10.55094,275.6746398356297
2025-01-20,EAST,Hardware,test,282.0,265.1237002756932,10.55094,275.6746398356297
2025-01-27,EAST,Hardware,test,271.0,265.1237002756932,11.582304,276.7060042765477
2025-02-03,EAST,Hardware,test,259.0,265.1237002756932,10.781975,275.90567506817365
2025-02-10,EAST,Hardware,test,265.0,265.1237002756932,10.781975,275.90567506817365
2025-02-17,EAST,Hardware,test,262.0,265.1237002756932,11.302254,276.4259539988377
2025-02-24,EAST,Hardware,test,312.0,412.7273202871445,11.302254,424.029574010289
2025-03-03,EAST,Hardware,test,448.0,479.61392695689113,7.8326516,487.44657857203396
2025-03-10,EAST,Hardware,test,466.0,503.9096691896782,-1.462991,502.4466781904564
2025-03-17,EAST,Hardware,test,493.0,528.2054114224653,-1.462991,526.7424204232435
2025-03-24,EAST,Hardware,test,545.0,549.9803225883358,-0.7634577,549.2168648728244
2025-03-31,EAST,Hardware,test,314.0,307.7145647126527,-1.5593199,306.15524485887005
2025-04-07,EAST,Hardware,test,285.0,307.7145647126527,-3.6240802,304.0904845315309
2025-04-14,EAST,Hardware,test,290.0,307.7145647126527,-3.5367734,304.17779126943066
2025-04-21,EAST,Hardware,test,301.0,307.7145647126527,-3.5367734,304.17779126943066
2025-04-28,EAST,Hardware,test,295.0,307.7145647126527,-2.0077376,305.70682707608654
2025-05-05,EAST,Hardware,test,309.0,307.7145647126527,-2.0077376,305.70682707608654
2025-05-12,EAST,Hardware,test,285.0,307.7145647126527,-2.3123353,305.40222945989086
2025-05-19,EAST,Hardware,test,329.0,307.7145647126527,-2.3123353,305.40222945989086
2025-05-26,EAST,Hardware,test,297.0,348.5417580792472,-10.168676,338.3730817029044
2025-06-02,EAST,Hardware,test,380.0,348.5417580792472,3.416953,351.9587111661002
2025-06-09,EAST,Hardware,test,376.0,348.5417580792472,3.5899715,352.1317296216056
2025-06-16,EAST,Hardware,test,396.0,348.5417580792472,3.5899715,352.1317296216056
2025-06-23,EAST,Hardware,test,346.0,348.5417580792472,3.5899715,352.1317296216056
2025-06-30,EAST,Hardware,test,385.0,348.5417580792472,3.5899715,352.1317296216056
2025-07-07,EAST,Hardware,test,385.0,348.5417580792472,3.5899715,352.1317296216056
2025-07-14,EAST,Hardware,test,356.0,348.5417580792472,4.0314674,352.57322551699133
2025-07-21,EAST,Hardware,test,378.0,348.5417580792472,3.81072,352.3524780461356
2025-07-28,EAST,Hardware,test,356.0,348.5417580792472,3.9425359,352.48429395647497
2025-08-04,EAST,Hardware,test,341.0,348.5417580792472,3.9425359,352.48429395647497
2025-08-11,EAST,Hardware,test,342.0,348.5417580792472,3.9425359,352.48429395647497
2025-08-18,EAST,Hardware,test,365.0,348.5417580792472,3.9425359,352.48429395647497
2025-08-25,EAST,Hardware,test,345.0,348.5417580792472,-4.7451725,343.79658557863684
2025-09-01,EAST,Hardware,test,371.0,351.0360819979202,15.182566,366.2186476870071
2025-09-08,EAST,Hardware,test,384.0,351.0360819979202,15.182566,366.2186476870071
2025-09-15,EAST,Hardware,test,390.0,351.0360819979202,15.182566,366.2186476870071
2025-09-22,EAST,Hardware,test,318.0,351.0360819979202,15.271498,366.3075797243606
2025-09-29,EAST,Hardware,test,279.0,351.0360819979202,-32.633858,318.4022242708694
2025-10-06,EAST,Hardware,test,305.0,307.7145647126527,-5.20467,302.5098947602601
2025-10-13,EAST,Hardware,test,263.0,307.7145647126527,-1.8733914,305.8411733228059
2025-10-20,EAST,Hardware,test,276.0,307.7145647126527,-2.7304263,304.9841384011598
2025-10-27,EAST,Hardware,test,296.0,307.7145647126527,-3.2659414,304.44862333119823
2025-11-03,EAST,Hardware,test,284.0,307.7145647126527,-2.147798,305.56676665128185
2025-11-10,EAST,Hardware,test,323.0,307.7145647126527,-2.9074204,304.8071443158479
2025-11-17,EAST,Hardware,test,274.0,307.7145647126527,-1.6177036,306.09686115563824
2025-11-24,EAST,Hardware,test,305.0,307.7145647126527,-2.8947453,304.81981936276867
2025-12-01,EAST,Hardware,test,326.0,307.7145647126527,-0.9161959,306.79836878360226
2025-12-08,EAST,Hardware,test,331.0,307.7145647126527,-0.6539869,307.0605778414102
2025-12-15,EAST,Hardware,test,334.0,307.7145647126527,-2.721727,304.99283781827404
2025-12-22,EAST,Hardware,test,352.0,307.7145647126527,-3.3274357,304.3871289807649
2024-12-30,EAST,Health & Beauty,test,351.0,329.508472643675,11.872461,329.508472643675
2025-01-06,EAST,Health & Beauty,test,348.0,329.508472643675,10.255011,329.508472643675
2025-01-13,EAST,Health & Beauty,test,335.0,329.508472643675,10.255011,329.508472643675
2025-01-20,EAST,Health & Beauty,test,342.0,329.508472643675,10.255011,329.508472643675
2025-01-27,EAST,Health & Beauty,test,315.0,329.508472643675,11.006325,329.508472643675
2025-02-03,EAST,Health & Beauty,test,352.0,329.508472643675,11.38806,329.508472643675
2025-02-10,EAST,Health & Beauty,test,344.0,329.508472643675,11.482296,329.508472643675
2025-02-17,EAST,Health & Beauty,test,347.0,329.508472643675,11.482296,329.508472643675
2025-02-24,EAST,Health & Beauty,test,365.0,476.58075675492046,11.2678795,476.58075675492046
2025-03-03,EAST,Health & Beauty,test,608.0,561.1760647822284,8.362083,561.1760647822284
2025-03-10,EAST,Health & Beauty,test,581.0,609.2830784615742,-1.462991,609.2830784615742
2025-03-17,EAST,Health & Beauty,test,633.0,657.3900921409197,-1.0662415,657.3900921409197
2025-03-24,EAST,Health & Beauty,test,671.0,561.0294241182869,-0.7924486,561.0294241182869
2025-03-31,EAST,Health & Beauty,test,371.0,365.99676699163746,-1.7474977,365.99676699163746
2025-04-07,EAST,Health & Beauty,test,353.0,365.99676699163746,-2.9034941,365.99676699163746
2025-04-14,EAST,Health & Beauty,test,351.0,365.99676699163746,-3.0899618,365.99676699163746
2025-04-21,EAST,Health & Beauty,test,349.0,365.99676699163746,-3.0899618,365.99676699163746
2025-04-28,EAST,Health & Beauty,test,321.0,365.99676699163746,-2.1393166,365.99676699163746
2025-05-05,EAST,Health & Beauty,test,342.0,365.99676699163746,-2.3123353,365.99676699163746
2025-05-12,EAST,Health & Beauty,test,386.0,365.99676699163746,-1.9000674,365.99676699163746
2025-05-19,EAST,Health & Beauty,test,366.0,365.99676699163746,-2.234643,365.99676699163746
2025-05-26,EAST,Health & Beauty,test,371.0,431.15803177717953,-11.169895,431.15803177717953
2025-06-02,EAST,Health & Beauty,test,424.0,431.15803177717953,4.0314674,431.15803177717953
2025-06-09,EAST,Health & Beauty,test,458.0,431.15803177717953,4.0314674,431.15803177717953
2025-06-16,EAST,Health & Beauty,test,428.0,431.15803177717953,4.0314674,431.15803177717953
2025-06-23,EAST,Health & Beauty,test,406.0,431.15803177717953,3.81072,431.15803177717953
2025-06-30,EAST,Health & Beauty,test,442.0,431.15803177717953,4.0314674,431.15803177717953
2025-07-07,EAST,Health & Beauty,test,425.0,431.15803177717953,4.0314674,431.15803177717953
2025-07-14,EAST,Health & Beauty,test,447.0,431.15803177717953,3.9425359,431.15803177717953
2025-07-21,EAST,Health & Beauty,test,478.0,431.15803177717953,4.0314674,431.15803177717953
2025-07-28,EAST,Health & Beauty,test,425.0,431.15803177717953,4.0314674,431.15803177717953
2025-08-04,EAST,Health & Beauty,test,434.0,431.15803177717953,4.0314674,431.15803177717953
2025-08-11,EAST,Health & Beauty,test,484.0,431.15803177717953,4.0314674,431.15803177717953
2025-08-18,EAST,Health & Beauty,test,422.0,431.15803177717953,4.0314674,431.15803177717953
2025-08-25,EAST,Health & Beauty,test,457.0,431.15803177717953,-9.828533,431.15803177717953
2025-09-01,EAST,Health & Beauty,test,516.0,434.80920726567524,20.061846,434.80920726567524
2025-09-08,EAST,Health & Beauty,test,444.0,434.80920726567524,20.061846,434.80920726567524
2025-09-15,EAST,Health & Beauty,test,459.0,434.80920726567524,19.757246,434.80920726567524
2025-09-22,EAST,Health & Beauty,test,469.0,434.80920726567524,20.061846,434.80920726567524
2025-09-29,EAST,Health & Beauty,test,394.0,434.80920726567524,-38.754257,434.80920726567524
2025-10-06,EAST,Health & Beauty,test,347.0,365.99676699163746,-7.676289,365.99676699163746
2025-10-13,EAST,Health & Beauty,test,364.0,365.99676699163746,-7.895405,365.99676699163746
2025-10-20,EAST,Health & Beauty,test,366.0,365.99676699163746,-6.6812797,365.99676699163746
2025-10-27,EAST,Health & Beauty,test,388.0,365.99676699163746,-6.709247,365.99676699163746
2025-11-03,EAST,Health & Beauty,test,323.0,365.99676699163746,-6.9748344,365.99676699163746
2025-11-10,EAST,Health & Beauty,test,356.0,365.99676699163746,-6.369126,365.99676699163746
2025-11-17,EAST,Health & Beauty,test,378.0,365.99676699163746,-6.2571783,365.99676699163746
2025-11-24,EAST,Health & Beauty,test,355.0,365.99676699163746,-6.2571783,365.99676699163746
2025-12-01,EAST,Health & Beauty,test,385.0,365.99676699163746,-6.1227684,365.99676699163746
2025-12-08,EAST,Health & Beauty,test,371.0,365.99676699163746,-6.4927726,365.99676699163746
2025-12-15,EAST,Health & Beauty,test,361.0,365.99676699163746,-6.9748344,365.99676699163746
2025-12-22,EAST,Health & Beauty,test,392.0,365.99676699163746,-6.9748344,365.99676699163746
2024-12-30,EAST,Home & Garden,test,854.0,846.7414820016751,24.854254,846.7414820016751
2025-01-06,EAST,Home & Garden,test,811.0,846.7414820016751,23.7192,846.7414820016751
2025-01-13,EAST,Home & Garden,test,835.0,846.7414820016751,19.455198,846.7414820016751
2025-01-20,EAST,Home & Garden,test,851.0,846.7414820016751,21.315998,846.7414820016751
2025-01-27,EAST,Home & Garden,test,746.0,846.7414820016751,20.23136,846.7414820016751
2025-02-03,EAST,Home & Garden,test,820.0,846.7414820016751,17.94817,846.7414820016751
2025-02-10,EAST,Home & Garden,test,825.0,846.7414820016751,18.697622,846.7414820016751
2025-02-17,EAST,Home & Garden,test,826.0,846.7414820016751,18.697622,846.7414820016751
2025-02-24,EAST,Home & Garden,test,960.0,1285.6463337793837,21.190342,1285.6463337793837
2025-03-03,EAST,Home & Garden,test,1339.0,1459.3188081095802,14.355714,1459.3188081095802
2025-03-10,EAST,Home & Garden,test,1453.0,1542.198084756128,-1.9186537,1542.198084756128
2025-03-17,EAST,Home & Garden,test,1555.0,1625.077361402676,-2.834979,1625.077361402676
2025-03-24,EAST,Home & Garden,test,1722.0,1583.9269670914198,-5.9547524,1583.9269670914198
2025-03-31,EAST,Home & Garden,test,946.0,937.5346796853238,-6.31664,937.5346796853238
2025-04-07,EAST,Home & Garden,test,947.0,937.5346796853238,-11.475566,937.5346796853238
2025-04-14,EAST,Home & Garden,test,953.0,937.5346796853238,-8.617918,937.5346796853238
2025-04-21,EAST,Home & Garden,test,965.0,937.5346796853238,-5.240361,937.5346796853238
2025-04-28,EAST,Home & Garden,test,873.0,937.5346796853238,-10.743198,937.5346796853238
2025-05-05,EAST,Home & Garden,test,926.0,937.5346796853238,-10.320081,937.5346796853238
2025-05-12,EAST,Home & Garden,test,922.0,937.5346796853238,-15.338307,937.5346796853238
2025-05-19,EAST,Home & Garden,test,916.0,937.5346796853238,-11.782548,937.5346796853238
2025-05-26,EAST,Home & Garden,test,940.0,1084.889325030812,-13.493067,1084.889325030812
2025-06-02,EAST,Home & Garden,test,1118.0,1084.889325030812,2.009093,1084.889325030812
2025-06-09,EAST,Home & Garden,test,1096.0,1084.889325030812,5.528866,1084.889325030812
2025-06-16,EAST,Home & Garden,test,1075.0,1084.889325030812,6.4332795,1084.889325030812
2025-06-23,EAST,Home & Garden,test,1075.0,1084.889325030812,6.4498267,1084.889325030812
2025-06-30,EAST,Home & Garden,test,1094.0,1084.889325030812,7.4678817,1084.889325030812
2025-07-07,EAST,Home & Garden,test,1070.0,1084.889325030812,9.356583,1084.889325030812
2025-07-14,EAST,Home & Garden,test,1094.0,1084.889325030812,9.356583,1084.889325030812
2025-07-21,EAST,Home & Garden,test,1137.0,1084.889325030812,6.2511,1084.889325030812
2025-07-28,EAST,Home & Garden,test,1076.0,1084.889325030812,6.1158066,1084.889325030812
2025-08-04,EAST,Home & Garden,test,1136.0,1084.889325030812,8.038593,1084.889325030812
2025-08-11,EAST,Home & Garden,test,1044.0,1084.889325030812,7.4079537,1084.889325030812
2025-08-18,EAST,Home & Garden,test,1141.0,1084.889325030812,9.596342,1084.889325030812
2025-08-25,EAST,Home & Garden,test,1110.0,1084.889325030812,-3.05174,1084.889325030812
2025-09-01,EAST,Home & Garden,test,1177.0,1102.4275823039811,39.89123,1102.4275823039811
2025-09-08,EAST,Home & Garden,test,1207.0,1102.4275823039811,47.22736,1102.4275823039811
2025-09-15,EAST,Home & Garden,test,1203.0,1102.4275823039811,40.57671,1102.4275823039811
2025-09-22,EAST,Home & Garden,test,1232.0,1102.4275823039811,39.89123,1102.4275823039811
2025-09-29,EAST,Home & Garden,test,993.0,1102.4275823039811,-62.68363,1102.4275823039811
2025-10-06,EAST,Home & Garden,test,876.0,937.5346796853238,-13.687172,937.5346796853238
2025-10-13,EAST,Home & Garden,test,937.0,937.5346796853238,-9.610823,937.5346796853238
2025-10-20,EAST,Home & Garden,test,932.0,937.5346796853238,-10.368105,937.5346796853238
2025-10-27,EAST,Home & Garden,test,929.0,937.5346796853238,-6.5973735,937.5346796853238
2025-11-03,EAST,Home & Garden,test,955.0,937.5346796853238,-8.451054,937.5346796853238
2025-11-10,EAST,Home & Garden,test,941.0,937.5346796853238,-12.172094,937.5346796853238
2025-11-17,EAST,Home & Garden,test,955.0,937.5346796853238,-9.851519,937.5346796853238
2025-11-24,EAST,Home & Garden,test,930.0,937.5346796853238,-9.536311,937.5346796853238
2025-12-01,EAST,Home & Garden,test,988.0,937.5346796853238,-9.233521,937.5346796853238
2025-12-08,EAST,Home & Garden,test,970.0,937.5346796853238,-9.300716,937.5346796853238
2025-12-15,EAST,Home & Garden,test,999.0,937.5346796853238,-8.050004,937.5346796853238
2025-12-22,EAST,Home & Garden,test,1000.0,937.5346796853238,-7.5240145,937.5346796853238
2024-12-30,EAST,Luggage & Bags,test,272.0,259.12235940855123,11.740381,259.12235940855123
2025-01-06,EAST,Luggage & Bags,test,236.0,259.12235940855123,10.781975,259.12235940855123
2025-01-13,EAST,Luggage & Bags,test,264.0,259.12235940855123,9.067612,259.12235940855123
2025-01-20,EAST,Luggage & Bags,test,254.0,259.12235940855123,10.55094,259.12235940855123
2025-01-27,EAST,Luggage & Bags,test,270.0,259.12235940855123,11.38806,259.12235940855123
2025-02-03,EAST,Luggage & Bags,test,254.0,259.12235940855123,11.778225,259.12235940855123
2025-02-10,EAST,Luggage & Bags,test,255.0,259.12235940855123,10.912088,259.12235940855123
2025-02-17,EAST,Luggage & Bags,test,287.0,259.12235940855123,11.302254,259.12235940855123
2025-02-24,EAST,Luggage & Bags,test,313.0,385.8101202617623,11.778225,385.8101202617623
2025-03-03,EAST,Luggage & Bags,test,413.0,460.7215742630625,7.377028,460.7215742630625
2025-03-10,EAST,Luggage & Bags,test,491.0,495.3191997617656,-0.45001307,495.3191997617656
2025-03-17,EAST,Luggage & Bags,test,490.0,529.9168252604687,-1.462991,529.9168252604687
2025-03-24,EAST,Luggage & Bags,test,579.0,509.0230452139272,-1.2319037,509.0230452139272
2025-03-31,EAST,Luggage & Bags,test,311.0,299.4361879111484,-1.7888399,299.4361879111484
2025-04-07,EAST,Luggage & Bags,test,298.0,299.4361879111484,-3.3503058,299.4361879111484
2025-04-14,EAST,Luggage & Bags,test,285.0,299.4361879111484,-3.5367734,299.4361879111484
2025-04-21,EAST,Luggage & Bags,test,286.0,299.4361879111484,-3.5367734,299.4361879111484
2025-04-28,EAST,Luggage & Bags,test,270.0,299.4361879111484,-2.0077376,299.4361879111484
2025-05-05,EAST,Luggage & Bags,test,293.0,299.4361879111484,-2.3123353,299.4361879111484
2025-05-12,EAST,Luggage & Bags,test,282.0,299.4361879111484,-2.3123353,299.4361879111484
2025-05-19,EAST,Luggage & Bags,test,314.0,299.4361879111484,-2.3123353,299.4361879111484
2025-05-26,EAST,Luggage & Bags,test,294.0,331.46554304018116,-9.368272,331.46554304018116
2025-06-02,EAST,Luggage & Bags,test,370.0,331.46554304018116,3.3280213,331.46554304018116
2025-06-09,EAST,Luggage & Bags,test,360.0,331.46554304018116,3.5899715,331.46554304018116
2025-06-16,EAST,Luggage & Bags,test,359.0,331.46554304018116,3.5899715,331.46554304018116
2025-06-23,EAST,Luggage & Bags,test,350.0,331.46554304018116,3.5899715,331.46554304018116
2025-06-30,EAST,Luggage & Bags,test,349.0,331.46554304018116,3.5010397,331.46554304018116
2025-07-07,EAST,Luggage & Bags,test,363.0,331.46554304018116,3.5010397,331.46554304018116
2025-07-14,EAST,Luggage & Bags,test,341.0,331.46554304018116,3.5010397,331.46554304018116
2025-07-21,EAST,Luggage & Bags,test,314.0,331.46554304018116,3.5010397,331.46554304018116
2025-07-28,EAST,Luggage & Bags,test,319.0,331.46554304018116,3.6377008,331.46554304018116
2025-08-04,EAST,Luggage & Bags,test,338.0,331.46554304018116,3.6377008,331.46554304018116
2025-08-11,EAST,Luggage & Bags,test,319.0,331.46554304018116,3.7217875,331.46554304018116
2025-08-18,EAST,Luggage & Bags,test,345.0,331.46554304018116,3.548769,331.46554304018116
2025-08-25,EAST,Luggage & Bags,test,337.0,331.46554304018116,-4.171659,331.46554304018116
2025-09-01,EAST,Luggage & Bags,test,406.0,358.6891064759133,14.961817,358.6891064759133
2025-09-08,EAST,Luggage & Bags,test,373.0,358.6891064759133,14.784273,358.6891064759133
2025-09-15,EAST,Luggage & Bags,test,380.0,358.6891064759133,14.59571,358.6891064759133
2025-09-22,EAST,Luggage & Bags,test,390.0,358.6891064759133,14.59571,358.6891064759133
2025-09-29,EAST,Luggage & Bags,test,330.0,358.6891064759133,-32.697735,358.6891064759133
2025-10-06,EAST,Luggage & Bags,test,277.0,299.4361879111484,-7.7988973,299.4361879111484
2025-10-13,EAST,Luggage & Bags,test,284.0,299.4361879111484,-6.3889527,299.4361879111484
2025-10-20,EAST,Luggage & Bags,test,290.0,299.4361879111484,-3.0944169,299.4361879111484
2025-10-27,EAST,Luggage & Bags,test,264.0,299.4361879111484,-5.2421274,299.4361879111484
2025-11-03,EAST,Luggage & Bags,test,256.0,299.4361879111484,-6.2188644,299.4361879111484
2025-11-10,EAST,Luggage & Bags,test,264.0,299.4361879111484,-3.6754453,299.4361879111484
2025-11-17,EAST,Luggage & Bags,test,315.0,299.4361879111484,-1.4202867,299.4361879111484
2025-11-24,EAST,Luggage & Bags,test,267.0,299.4361879111484,-3.235321,299.4361879111484
2025-12-01,EAST,Luggage & Bags,test,328.0,299.4361879111484,-4.7135553,299.4361879111484
2025-12-08,EAST,Luggage & Bags,test,299.0,299.4361879111484,-2.8372643,299.4361879111484
2025-12-15,EAST,Luggage & Bags,test,324.0,299.4361879111484,-4.1450553,299.4361879111484
2025-12-22,EAST,Luggage & Bags,test,304.0,299.4361879111484,-3.0510435,299.4361879111484
2024-12-30,EAST,Media,test,138.0,130.50011636853714,5.997394,130.50011636853714
2025-01-06,EAST,Media,test,108.0,130.50011636853714,5.393733,130.50011636853714
2025-01-13,EAST,Media,test,118.0,130.50011636853714,6.115828,130.50011636853714
2025-01-20,EAST,Media,test,132.0,130.50011636853714,6.115828,130.50011636853714
2025-01-27,EAST,Media,test,125.0,130.50011636853714,6.391831,130.50011636853714
2025-02-03,EAST,Media,test,140.0,130.50011636853714,4.5866656,130.50011636853714
2025-02-10,EAST,Media,test,119.0,130.50011636853714,4.585181,130.50011636853714
2025-02-17,EAST,Media,test,133.0,130.50011636853714,4.2783647,130.50011636853714
2025-02-24,EAST,Media,test,137.0,185.67493259620136,5.653011,185.67493259620136
2025-03-03,EAST,Media,test,228.0,216.69297722530933,5.7612615,216.69297722530933
2025-03-10,EAST,Media,test,235.0,238.29626061993602,-0.64229876,238.29626061993602
2025-03-17,EAST,Media,test,246.0,259.8995440145627,-0.64229876,259.8995440145627
2025-03-24,EAST,Media,test,269.0,271.01473629405893,-0.64229876,271.01473629405893
2025-03-31,EAST,Media,test,120.0,139.91487760301843,-1.8212703,139.91487760301843
2025-04-07,EAST,Media,test,145.0,139.91487760301843,-1.9618586,139.91487760301843
2025-04-14,EAST,Media,test,133.0,139.91487760301843,-2.1483262,139.91487760301843
2025-04-21,EAST,Media,test,121.0,139.91487760301843,-2.1483262,139.91487760301843
2025-04-28,EAST,Media,test,141.0,139.91487760301843,-2.0077376,139.91487760301843
2025-05-05,EAST,Media,test,142.0,139.91487760301843,-2.0077376,139.91487760301843
2025-05-12,EAST,Media,test,130.0,139.91487760301843,-2.0077376,139.91487760301843
2025-05-19,EAST,Media,test,138.0,139.91487760301843,-2.0077376,139.91487760301843
2025-05-26,EAST,Media,test,133.0,163.38043763716334,-3.7649078,163.38043763716334
2025-06-02,EAST,Media,test,148.0,163.38043763716334,3.3280213,163.38043763716334
2025-06-09,EAST,Media,test,152.0,163.38043763716334,3.3280213,163.38043763716334
2025-06-16,EAST,Media,test,161.0,163.38043763716334,3.3280213,163.38043763716334
2025-06-23,EAST,Media,test,196.0,163.38043763716334,3.3280213,163.38043763716334
2025-06-30,EAST,Media,test,166.0,163.38043763716334,3.416953,163.38043763716334
2025-07-07,EAST,Media,test,151.0,163.38043763716334,3.416953,163.38043763716334
2025-07-14,EAST,Media,test,158.0,163.38043763716334,3.416953,163.38043763716334
2025-07-21,EAST,Media,test,141.0,163.38043763716334,3.416953,163.38043763716334
2025-07-28,EAST,Media,test,166.0,163.38043763716334,3.3280213,163.38043763716334
2025-08-04,EAST,Media,test,174.0,163.38043763716334,3.3280213,163.38043763716334
2025-08-11,EAST,Media,test,158.0,163.38043763716334,3.3280213,163.38043763716334
2025-08-18,EAST,Media,test,190.0,163.38043763716334,3.3280213,163.38043763716334
2025-08-25,EAST,Media,test,167.0,163.38043763716334,-2.8345785,163.38043763716334
2025-09-01,EAST,Media,test,200.0,172.58897153308624,7.5396624,172.58897153308624
2025-09-08,EAST,Media,test,185.0,172.58897153308624,8.11267,172.58897153308624
2025-09-15,EAST,Media,test,172.0,172.58897153308624,7.5396624,172.58897153308624
2025-09-22,EAST,Media,test,160.0,172.58897153308624,8.023738,172.58897153308624
2025-09-29,EAST,Media,test,177.0,172.58897153308624,-17.286877,172.58897153308624
2025-10-06,EAST,Media,test,118.0,139.91487760301843,-2.7592194,139.91487760301843
2025-10-13,EAST,Media,test,142.0,139.91487760301843,-2.6702878,139.91487760301843
2025-10-20,EAST,Media,test,140.0,139.91487760301843,-2.5910885,139.91487760301843
2025-10-27,EAST,Media,test,140.0,139.91487760301843,-2.5910885,139.91487760301843
2025-11-03,EAST,Media,test,144.0,139.91487760301843,-2.8266828,139.91487760301843
2025-11-10,EAST,Media,test,128.0,139.91487760301843,-2.8266828,139.91487760301843
2025-11-17,EAST,Media,test,122.0,139.91487760301843,-2.8266828,139.91487760301843
2025-11-24,EAST,Media,test,151.0,139.91487760301843,-2.8266828,139.91487760301843
2025-12-01,EAST,Media,test,162.0,139.91487760301843,-2.8266828,139.91487760301843
2025-12-08,EAST,Media,test,144.0,139.91487760301843,-2.5910885,139.91487760301843
2025-12-15,EAST,Media,test,139.0,139.91487760301843,-2.8266828,139.91487760301843
2025-12-22,EAST,Media,test,151.0,139.91487760301843,-2.8266828,139.91487760301843
2024-12-30,EAST,Office Supplies,test,296.0,269.4156194866836,11.046585,269.4156194866836
2025-01-06,EAST,Office Supplies,test,266.0,269.41692298661116,11.046585,269.41692298661116
2025-01-13,EAST,Office Supplies,test,229.0,269.4173645598223,11.046585,269.4173645598223
2025-01-20,EAST,Office Supplies,test,239.0,269.4175141470196,10.425386,269.4175141470196
2025-01-27,EAST,Office Supplies,test,240.0,269.4175648211298,11.091663,269.4175648211298
2025-02-03,EAST,Office Supplies,test,249.0,269.4175819874749,11.652672,269.4175819874749
2025-02-10,EAST,Office Supplies,test,284.0,269.41758780274034,11.302254,269.41758780274034
2025-02-17,EAST,Office Supplies,test,286.0,269.4175897727178,11.046585,269.4175897727178
2025-02-24,EAST,Office Supplies,test,319.0,401.0954426884185,10.832169,401.0954426884185
2025-03-03,EAST,Office Supplies,test,462.0,467.50378654004874,7.377028,467.50378654004874
2025-03-10,EAST,Office Supplies,test,440.0,497.77711026660694,-1.2319037,497.77711026660694
2025-03-17,EAST,Office Supplies,test,511.0,528.0504339425249,-1.462991,528.0504339425249
2025-03-24,EAST,Office Supplies,test,538.0,451.60836613734176,-0.7634577,451.60836613734176
2025-03-31,EAST,Office Supplies,test,266.0,305.5526107560155,-1.5593199,305.5526107560155
2025-04-07,EAST,Office Supplies,test,287.0,305.55261075702407,-3.3503058,305.55261075702407
2025-04-14,EAST,Office Supplies,test,285.0,305.55261075736576,-3.5367734,305.55261075736576
2025-04-21,EAST,Office Supplies,test,293.0,305.5526107574815,-3.5367734,305.5526107574815
2025-04-28,EAST,Office Supplies,test,298.0,305.5526107575207,-2.0077376,305.5526107575207
2025-05-05,EAST,Office Supplies,test,253.0,305.55261075753396,-2.0077376,305.55261075753396
2025-05-12,EAST,Office Supplies,test,312.0,305.55261075753845,-2.2234035,305.55261075753845
2025-05-19,EAST,Office Supplies,test,301.0,305.55261075754,-2.2234035,305.55261075754
2025-05-26,EAST,Office Supplies,test,283.0,345.2724604066175,-10.341694,345.2724604066175
2025-06-02,EAST,Office Supplies,test,358.0,345.27246040661765,3.416953,345.27246040661765
2025-06-09,EAST,Office Supplies,test,325.0,345.2724604066177,3.5899715,345.2724604066177
2025-06-16,EAST,Office Supplies,test,346.0,345.27246040661777,3.5899715,345.27246040661777
2025-06-23,EAST,Office Supplies,test,369.0,345.27246040661777,3.5899715,345.27246040661777
2025-06-30,EAST,Office Supplies,test,350.0,345.27246040661777,3.5899715,345.27246040661777
2025-07-07,EAST,Office Supplies,test,350.0,345.27246040661777,3.5010397,345.27246040661777
2025-07-14,EAST,Office Supplies,test,333.0,345.27246040661777,3.5010397,345.27246040661777
2025-07-21,EAST,Office Supplies,test,371.0,345.27246040661777,3.5010397,345.27246040661777
2025-07-28,EAST,Office Supplies,test,344.0,345.27246040661777,3.7217875,345.27246040661777
2025-08-04,EAST,Office Supplies,test,372.0,345.27246040661777,3.7217875,345.27246040661777
2025-08-11,EAST,Office Supplies,test,335.0,345.27246040661777,4.0314674,345.27246040661777
2025-08-18,EAST,Office Supplies,test,365.0,345.27246040661777,4.0314674,345.27246040661777
2025-08-25,EAST,Office Supplies,test,350.0,345.27246040661777,-3.95091,345.27246040661777
2025-09-01,EAST,Office Supplies,test,414.0,353.4286222563935,15.182566,353.4286222563935
2025-09-08,EAST,Office Supplies,test,371.0,353.4286222563935,15.271498,353.4286222563935
2025-09-15,EAST,Office Supplies,test,347.0,353.4286222563935,15.271498,353.4286222563935
2025-09-22,EAST,Office Supplies,test,370.0,353.4286222563935,15.271498,353.4286222563935
2025-09-29,EAST,Office Supplies,test,312.0,353.4286222563935,-35.039146,353.4286222563935
2025-10-06,EAST,Office Supplies,test,314.0,305.5526107575408,-7.7482314,305.5526107575408
2025-10-13,EAST,Office Supplies,test,280.0,305.5526107575408,-5.4222264,305.5526107575408
2025-10-20,EAST,Office Supplies,test,268.0,305.5526107575408,-5.0332885,305.5526107575408
2025-10-27,EAST,Office Supplies,test,276.0,305.5526107575408,-3.8164172,305.5526107575408
2025-11-03,EAST,Office Supplies,test,280.0,305.5526107575408,-5.645632,305.5526107575408
2025-11-10,EAST,Office Supplies,test,290.0,305.5526107575408,-2.4292264,305.5526107575408
2025-11-17,EAST,Office Supplies,test,301.0,305.5526107575408,-3.0038185,305.5526107575408
2025-11-24,EAST,Office Supplies,test,272.0,305.5526107575408,-2.7714489,305.5526107575408
2025-12-01,EAST,Office Supplies,test,318.0,305.5526107575408,-3.039632,305.5526107575408
2025-12-08,EAST,Office Supplies,test,328.0,305.5526107575408,-1.6230004,305.5526107575408
2025-12-15,EAST,Office Supplies,test,327.0,305.5526107575408,-3.2873445,305.5526107575408
2025-12-22,EAST,Office Supplies,test,332.0,305.5526107575408,-3.6385736,305.5526107575408
2024-12-30,EAST,Software,test,28.0,27.249923491480573,4.133667,27.249923491480573
2025-01-06,EAST,Software,test,24.0,27.249923491480573,4.133667,27.249923491480573
2025-01-13,EAST,Software,test,22.0,27.249923491480573,4.0410585,27.249923491480573
2025-01-20,EAST,Software,test,19.0,27.249923491480573,4.0410585,27.249923491480573
2025-01-27,EAST,Software,test,24.0,27.249923491480573,3.808341,27.249923491480573
2025-02-03,EAST,Software,test,18.0,27.249923491480573,3.808341,27.249923491480573
2025-02-10,EAST,Software,test,22.0,27.249923491480573,3.808341,27.249923491480573
2025-02-17,EAST,Software,test,15.0,27.249923491480573,3.808341,27.249923491480573
2025-02-24,EAST,Software,test,32.0,41.89591321388833,3.808341,41.89591321388833
2025-03-03,EAST,Software,test,45.0,41.29907819699875,3.8012497,41.29907819699875
2025-03-10,EAST,Software,test,42.0,41.19953526009289,-0.73123056,41.19953526009289
2025-03-17,EAST,Software,test,41.0,41.099992323187024,-0.73123056,41.099992323187024
2025-03-24,EAST,Software,test,54.0,44.002489056235355,-0.73123056,44.002489056235355
2025-03-31,EAST,Software,test,25.0,26.752631411496854,-1.8212703,26.752631411496854
2025-04-07,EAST,Software,test,32.0,26.752631411496854,-1.8212703,26.752631411496854
2025-04-14,EAST,Software,test,35.0,26.752631411496854,-2.0077376,26.752631411496854
2025-04-21,EAST,Software,test,33.0,26.752631411496854,-2.0077376,26.752631411496854
2025-04-28,EAST,Software,test,24.0,26.752631411496854,-2.0077376,26.752631411496854
2025-05-05,EAST,Software,test,29.0,26.752631411496854,-2.0077376,26.752631411496854
2025-05-12,EAST,Software,test,29.0,26.752631411496854,-2.0077376,26.752631411496854
2025-05-19,EAST,Software,test,22.0,26.752631411496854,-2.0077376,26.752631411496854
2025-05-26,EAST,Software,test,28.0,31.286254679171172,-3.7649078,31.286254679171172
2025-06-02,EAST,Software,test,39.0,31.286254679171172,3.3280213,31.286254679171172
2025-06-09,EAST,Software,test,37.0,31.286254679171172,3.3280213,31.286254679171172
2025-06-16,EAST,Software,test,27.0,31.286254679171172,3.3280213,31.286254679171172
2025-06-23,EAST,Software,test,36.0,31.286254679171172,3.3280213,31.286254679171172
2025-06-30,EAST,Software,test,33.0,31.286254679171172,3.3280213,31.286254679171172
2025-07-07,EAST,Software,test,26.0,31.286254679171172,3.3280213,31.286254679171172
2025-07-14,EAST,Software,test,35.0,31.286254679171172,3.3280213,31.286254679171172
2025-07-21,EAST,Software,test,41.0,31.286254679171172,3.3280213,31.286254679171172
2025-07-28,EAST,Software,test,31.0,31.286254679171172,3.3280213,31.286254679171172
2025-08-04,EAST,Software,test,34.0,31.286254679171172,3.3280213,31.286254679171172
2025-08-11,EAST,Software,test,34.0,31.286254679171172,3.3280213,31.286254679171172
2025-08-18,EAST,Software,test,35.0,31.286254679171172,3.3280213,31.286254679171172
2025-08-25,EAST,Software,test,27.0,31.286254679171172,-2.8345785,31.286254679171172
2025-09-01,EAST,Software,test,39.0,35.744204552975134,4.7331324,35.744204552975134
2025-09-08,EAST,Software,test,33.0,35.744204552975134,4.7331324,35.744204552975134
2025-09-15,EAST,Software,test,33.0,35.744204552975134,4.7331324,35.744204552975134
2025-09-22,EAST,Software,test,40.0,35.744204552975134,4.7331324,35.744204552975134
2025-09-29,EAST,Software,test,36.0,35.744204552975134,-9.165405,35.744204552975134
2025-10-06,EAST,Software,test,36.0,26.752631411496854,-2.7592194,26.752631411496854
2025-10-13,EAST,Software,test,26.0,26.752631411496854,-2.7592194,26.752631411496854
2025-10-20,EAST,Software,test,29.0,26.752631411496854,-2.8266828,26.752631411496854
2025-10-27,EAST,Software,test,38.0,26.752631411496854,-2.8266828,26.752631411496854
2025-11-03,EAST,Software,test,28.0,26.752631411496854,-2.8266828,26.752631411496854
2025-11-10,EAST,Software,test,25.0,26.752631411496854,-2.8266828,26.752631411496854
2025-11-17,EAST,Software,test,30.0,26.752631411496854,-2.8266828,26.752631411496854
2025-11-24,EAST,Software,test,22.0,26.752631411496854,-2.8266828,26.752631411496854
2025-12-01,EAST,Software,test,31.0,26.752631411496854,-2.8266828,26.752631411496854
2025-12-08,EAST,Software,test,36.0,26.752631411496854,-2.8266828,26.752631411496854
2025-12-15,EAST,Software,test,30.0,26.752631411496854,-2.8266828,26.752631411496854
2025-12-22,EAST,Software,test,33.0,26.752631411496854,-2.8266828,26.752631411496854
2024-12-30,EAST,Sporting Goods,test,258.0,261.0032916558829,11.046585,261.0032916558829
2025-01-06,EAST,Sporting Goods,test,261.0,261.0032916558829,10.81555,261.0032916558829
2025-01-13,EAST,Sporting Goods,test,285.0,261.0032916558829,10.425386,261.0032916558829
2025-01-20,EAST,Sporting Goods,test,268.0,261.0032916558829,11.046585,261.0032916558829
2025-01-27,EAST,Sporting Goods,test,275.0,261.0032916558829,12.004992,261.0032916558829
2025-02-03,EAST,Sporting Goods,test,266.0,261.0032916558829,12.004992,261.0032916558829
2025-02-10,EAST,Sporting Goods,test,277.0,261.0032916558829,10.912088,261.0032916558829
2025-02-17,EAST,Sporting Goods,test,242.0,261.0032916558829,11.302254,261.0032916558829
2025-02-24,EAST,Sporting Goods,test,286.0,407.14422362961034,9.838417,407.14422362961034
2025-03-03,EAST,Sporting Goods,test,431.0,474.20095383156104,8.101423,474.20095383156104
2025-03-10,EAST,Sporting Goods,test,526.0,504.3021180242704,-1.2319037,504.3021180242704
2025-03-17,EAST,Sporting Goods,test,513.0,534.4032822169798,-1.462991,534.4032822169798
2025-03-24,EAST,Sporting Goods,test,607.0,509.00603148550806,-1.462991,509.00603148550806
2025-03-31,EAST,Sporting Goods,test,288.0,297.9588576651242,-1.7888399,297.9588576651242
2025-04-07,EAST,Sporting Goods,test,267.0,297.9588576651242,-3.3503058,297.9588576651242
2025-04-14,EAST,Sporting Goods,test,295.0,297.9588576651242,-3.5367734,297.9588576651242
2025-04-21,EAST,Sporting Goods,test,282.0,297.9588576651242,-3.5367734,297.9588576651242
2025-04-28,EAST,Sporting Goods,test,285.0,297.9588576651242,-2.0077376,297.9588576651242
2025-05-05,EAST,Sporting Goods,test,321.0,297.9588576651242,-2.3123353,297.9588576651242
2025-05-12,EAST,Sporting Goods,test,280.0,297.9588576651242,-2.3123353,297.9588576651242
2025-05-19,EAST,Sporting Goods,test,291.0,297.9588576651242,-2.2234035,297.9588576651242
2025-05-26,EAST,Sporting Goods,test,297.0,340.56861074374405,-10.341694,340.56861074374405
2025-06-02,EAST,Sporting Goods,test,340.0,340.56861074374405,3.3280213,340.56861074374405
2025-06-09,EAST,Sporting Goods,test,350.0,340.56861074374405,3.5899715,340.56861074374405
2025-06-16,EAST,Sporting Goods,test,359.0,340.56861074374405,3.5899715,340.56861074374405
2025-06-23,EAST,Sporting Goods,test,328.0,340.56861074374405,3.5899715,340.56861074374405
2025-06-30,EAST,Sporting Goods,test,374.0,340.56861074374405,3.5010397,340.56861074374405
2025-07-07,EAST,Sporting Goods,test,346.0,340.56861074374405,3.5899715,340.56861074374405
2025-07-14,EAST,Sporting Goods,test,355.0,340.56861074374405,3.5899715,340.56861074374405
2025-07-21,EAST,Sporting Goods,test,359.0,340.56861074374405,3.5899715,340.56861074374405
2025-07-28,EAST,Sporting Goods,test,387.0,340.56861074374405,3.7217875,340.56861074374405
2025-08-04,EAST,Sporting Goods,test,356.0,340.56861074374405,3.9425359,340.56861074374405
2025-08-11,EAST,Sporting Goods,test,346.0,340.56861074374405,3.9425359,340.56861074374405
2025-08-18,EAST,Sporting Goods,test,381.0,340.56861074374405,3.9425359,340.56861074374405
2025-08-25,EAST,Sporting Goods,test,355.0,340.56861074374405,-4.6562405,340.56861074374405
2025-09-01,EAST,Sporting Goods,test,387.0,357.06790411588565,15.182566,357.06790411588565
2025-09-08,EAST,Sporting Goods,test,377.0,357.06790411588565,15.271498,357.06790411588565
2025-09-15,EAST,Sporting Goods,test,373.0,357.06790411588565,15.182566,357.06790411588565
2025-09-22,EAST,Sporting Goods,test,392.0,357.06790411588565,15.182566,357.06790411588565
2025-09-29,EAST,Sporting Goods,test,331.0,357.06790411588565,-33.872414,357.06790411588565
2025-10-06,EAST,Sporting Goods,test,292.0,297.9588576651242,-7.7988973,297.9588576651242
2025-10-13,EAST,Sporting Goods,test,290.0,297.9588576651242,-7.397041,297.9588576651242
2025-10-20,EAST,Sporting Goods,test,316.0,297.9588576651242,-4.8063354,297.9588576651242
2025-10-27,EAST,Sporting Goods,test,321.0,297.9588576651242,-5.2421274,297.9588576651242
2025-11-03,EAST,Sporting Goods,test,301.0,297.9588576651242,-6.392521,297.9588576651242
2025-11-10,EAST,Sporting Goods,test,300.0,297.9588576651242,-6.392521,297.9588576651242
2025-11-17,EAST,Sporting Goods,test,262.0,297.9588576651242,-7.0004253,297.9588576651242
2025-11-24,EAST,Sporting Goods,test,315.0,297.9588576651242,-3.1431477,297.9588576651242
2025-12-01,EAST,Sporting Goods,test,350.0,297.9588576651242,-0.3913296,297.9588576651242
2025-12-08,EAST,Sporting Goods,test,301.0,297.9588576651242,-2.9417222,297.9588576651242
2025-12-15,EAST,Sporting Goods,test,358.0,297.9588576651242,-4.0662303,297.9588576651242
2025-12-22,EAST,Sporting Goods,test,325.0,297.9588576651242,-3.4550557,297.9588576651242
2024-12-30,EAST,Vehicles & Parts,test,280.0,263.36134969409744,11.302254,263.36134969409744
2025-01-06,EAST,Vehicles & Parts,test,248.0,263.36134969409744,11.046585,263.36134969409744
2025-01-13,EAST,Vehicles & Parts,test,250.0,263.36134969409744,10.81555,263.36134969409744
2025-01-20,EAST,Vehicles & Parts,test,311.0,263.36134969409744,10.425386,263.36134969409744
2025-01-27,EAST,Vehicles & Parts,test,259.0,263.36134969409744,10.425386,263.36134969409744
2025-02-03,EAST,Vehicles & Parts,test,244.0,263.36134969409744,10.425386,263.36134969409744
2025-02-10,EAST,Vehicles & Parts,test,265.0,263.36134969409744,10.425386,263.36134969409744
2025-02-17,EAST,Vehicles & Parts,test,282.0,263.36134969409744,10.81555,263.36134969409744
2025-02-24,EAST,Vehicles & Parts,test,342.0,377.47075422068093,12.042837,377.47075422068093
2025-03-03,EAST,Vehicles & Parts,test,423.0,452.7962127992769,7.550046,452.7962127992769
2025-03-10,EAST,Vehicles & Parts,test,471.0,492.193657610883,-0.45001307,492.193657610883
2025-03-17,EAST,Vehicles & Parts,test,477.0,531.5911024224891,-1.2319037,531.5911024224891
2025-03-24,EAST,Vehicles & Parts,test,536.0,515.9822306240317,-0.45001307,515.9822306240317
2025-03-31,EAST,Vehicles & Parts,test,317.0,299.2893634610873,-1.5593199,299.2893634610873
2025-04-07,EAST,Vehicles & Parts,test,278.0,299.2893634610873,-3.6240802,299.2893634610873
2025-04-14,EAST,Vehicles & Parts,test,293.0,299.2893634610873,-3.5367734,299.2893634610873
2025-04-21,EAST,Vehicles & Parts,test,308.0,299.2893634610873,-3.5367734,299.2893634610873
2025-04-28,EAST,Vehicles & Parts,test,272.0,299.2893634610873,-2.0077376,299.2893634610873
2025-05-05,EAST,Vehicles & Parts,test,331.0,299.2893634610873,-2.3123353,299.2893634610873
2025-05-12,EAST,Vehicles & Parts,test,282.0,299.2893634610873,-2.050385,299.2893634610873
2025-05-19,EAST,Vehicles & Parts,test,335.0,299.2893634610873,-2.2234035,299.2893634610873
2025-05-26,EAST,Vehicles & Parts,test,265.0,354.1446961132818,-10.168676,354.1446961132818
2025-06-02,EAST,Vehicles & Parts,test,344.0,354.1446961132818,3.416953,354.1446961132818
2025-06-09,EAST,Vehicles & Parts,test,335.0,354.1446961132818,3.5899715,354.1446961132818
2025-06-16,EAST,Vehicles & Parts,test,350.0,354.1446961132818,3.5899715,354.1446961132818
2025-06-23,EAST,Vehicles & Parts,test,340.0,354.1446961132818,3.5899715,354.1446961132818
2025-06-30,EAST,Vehicles & Parts,test,344.0,354.1446961132818,3.7217875,354.1446961132818
2025-07-07,EAST,Vehicles & Parts,test,356.0,354.1446961132818,3.5010397,354.1446961132818
2025-07-14,EAST,Vehicles & Parts,test,343.0,354.1446961132818,3.7217875,354.1446961132818
2025-07-21,EAST,Vehicles & Parts,test,368.0,354.1446961132818,3.5010397,354.1446961132818
2025-07-28,EAST,Vehicles & Parts,test,334.0,354.1446961132818,3.7217875,354.1446961132818
2025-08-04,EAST,Vehicles & Parts,test,380.0,354.1446961132818,3.7217875,354.1446961132818
2025-08-11,EAST,Vehicles & Parts,test,356.0,354.1446961132818,3.8107193,354.1446961132818
2025-08-18,EAST,Vehicles & Parts,test,343.0,354.1446961132818,4.0314674,354.1446961132818
2025-08-25,EAST,Vehicles & Parts,test,352.0,354.1446961132818,-3.861978,354.1446961132818
2025-09-01,EAST,Vehicles & Parts,test,411.0,363.1866376297877,15.182566,363.1866376297877
2025-09-08,EAST,Vehicles & Parts,test,398.0,363.1866376297877,15.271498,363.1866376297877
2025-09-15,EAST,Vehicles & Parts,test,392.0,363.1866376297877,15.271498,363.1866376297877
2025-09-22,EAST,Vehicles & Parts,test,370.0,363.1866376297877,14.747533,363.1866376297877
2025-09-29,EAST,Vehicles & Parts,test,287.0,363.1866376297877,-37.587524,363.1866376297877
2025-10-06,EAST,Vehicles & Parts,test,322.0,299.2893634610873,-8.175304,299.2893634610873
2025-10-13,EAST,Vehicles & Parts,test,313.0,299.2893634610873,-4.6962028,299.2893634610873
2025-10-20,EAST,Vehicles & Parts,test,267.0,299.2893634610873,-6.311928,299.2893634610873
2025-10-27,EAST,Vehicles & Parts,test,284.0,299.2893634610873,-5.2421274,299.2893634610873
2025-11-03,EAST,Vehicles & Parts,test,295.0,299.2893634610873,-4.8999047,299.2893634610873
2025-11-10,EAST,Vehicles & Parts,test,314.0,299.2893634610873,-6.7648306,299.2893634610873
2025-11-17,EAST,Vehicles & Parts,test,302.0,299.2893634610873,-4.1491528,299.2893634610873
2025-11-24,EAST,Vehicles & Parts,test,299.0,299.2893634610873,-4.1926503,299.2893634610873
2025-12-01,EAST,Vehicles & Parts,test,291.0,299.2893634610873,-3.8101552,299.2893634610873
2025-12-08,EAST,Vehicles & Parts,test,311.0,299.2893634610873,-3.8101552,299.2893634610873
2025-12-15,EAST,Vehicles & Parts,test,323.0,299.2893634610873,-3.2778516,299.2893634610873
2025-12-22,EAST,Vehicles & Parts,test,322.0,299.2893634610873,-3.1048331,299.2893634610873
2024-12-30,NORTH,Animals & Pet Supplies,test,269.0,238.36681346021243,9.746304,238.36681346021243
2025-01-06,NORTH,Animals & Pet Supplies,test,263.0,238.36681346021243,10.35578,238.36681346021243
2025-01-13,NORTH,Animals & Pet Supplies,test,257.0,238.36681346021243,11.778225,238.36681346021243
2025-01-20,NORTH,Animals & Pet Supplies,test,249.0,238.36681346021243,12.357746,238.36681346021243
2025-01-27,NORTH,Animals & Pet Supplies,test,230.0,238.36681346021243,11.273363,238.36681346021243
2025-02-03,NORTH,Animals & Pet Supplies,test,222.0,238.36681346021243,11.778225,238.36681346021243
2025-02-10,NORTH,Animals & Pet Supplies,test,222.0,238.36681346021243,12.054338,238.36681346021243
2025-02-17,NORTH,Animals & Pet Supplies,test,265.0,238.36681346021243,11.629087,238.36681346021243
2025-02-24,NORTH,Animals & Pet Supplies,test,285.0,366.00787042268917,11.058088,366.00787042268917
2025-03-03,NORTH,Animals & Pet Supplies,test,408.0,427.289486718862,7.377028,427.289486718862
2025-03-10,NORTH,Animals & Pet Supplies,test,437.0,454.19321255457197,-0.7634577,454.19321255457197
2025-03-17,NORTH,Animals & Pet Supplies,test,459.0,481.09693839028193,-1.462991,481.09693839028193
2025-03-24,NORTH,Animals & Pet Supplies,test,504.0,424.0188296679605,-0.45001307,424.0188296679605
2025-03-31,NORTH,Animals & Pet Supplies,test,306.0,272.74470392067536,-1.5593199,272.74470392067536
2025-04-07,NORTH,Animals & Pet Supplies,test,275.0,272.74470392067536,-3.8600943,272.74470392067536
2025-04-14,NORTH,Animals & Pet Supplies,test,292.0,272.74470392067536,-4.0038757,272.74470392067536
2025-04-21,NORTH,Animals & Pet Supplies,test,281.0,272.74470392067536,-4.0038757,272.74470392067536
2025-04-28,NORTH,Animals & Pet Supplies,test,266.0,272.74470392067536,-2.0077376,272.74470392067536
2025-05-05,NORTH,Animals & Pet Supplies,test,268.0,272.74470392067536,-2.0077376,272.74470392067536
2025-05-12,NORTH,Animals & Pet Supplies,test,255.0,272.74470392067536,-2.0077376,272.74470392067536
2025-05-19,NORTH,Animals & Pet Supplies,test,289.0,272.74470392067536,-2.3123353,272.74470392067536
2025-05-26,NORTH,Animals & Pet Supplies,test,315.0,312.7507469132773,-9.457204,312.7507469132773
2025-06-02,NORTH,Animals & Pet Supplies,test,354.0,312.7507469132773,3.416953,312.7507469132773
2025-06-09,NORTH,Animals & Pet Supplies,test,307.0,312.7507469132773,3.5899715,312.7507469132773
2025-06-16,NORTH,Animals & Pet Supplies,test,309.0,312.7507469132773,3.416953,312.7507469132773
2025-06-23,NORTH,Animals & Pet Supplies,test,309.0,312.7507469132773,3.416953,312.7507469132773
2025-06-30,NORTH,Animals & Pet Supplies,test,347.0,312.7507469132773,3.416953,312.7507469132773
2025-07-07,NORTH,Animals & Pet Supplies,test,337.0,312.7507469132773,3.5899715,312.7507469132773
2025-07-14,NORTH,Animals & Pet Supplies,test,309.0,312.7507469132773,3.5899715,312.7507469132773
2025-07-21,NORTH,Animals & Pet Supplies,test,350.0,312.7507469132773,3.416953,312.7507469132773
2025-07-28,NORTH,Animals & Pet Supplies,test,331.0,312.7507469132773,3.8107193,312.7507469132773
2025-08-04,NORTH,Animals & Pet Supplies,test,328.0,312.7507469132773,3.5010397,312.7507469132773
2025-08-11,NORTH,Animals & Pet Supplies,test,334.0,312.7507469132773,3.5010397,312.7507469132773
2025-08-18,NORTH,Animals & Pet Supplies,test,322.0,312.7507469132773,3.5010397,312.7507469132773
2025-08-25,NORTH,Animals & Pet Supplies,test,324.0,312.7507469132773,-4.344677,312.7507469132773
2025-09-01,NORTH,Animals & Pet Supplies,test,372.0,335.1573915997916,12.068887,335.1573915997916
2025-09-08,NORTH,Animals & Pet Supplies,test,354.0,335.1573915997916,14.59571,335.1573915997916
2025-09-15,NORTH,Animals & Pet Supplies,test,349.0,335.1573915997916,14.784273,335.1573915997916
2025-09-22,NORTH,Animals & Pet Supplies,test,351.0,335.1573915997916,14.784273,335.1573915997916
2025-09-29,NORTH,Animals & Pet Supplies,test,283.0,335.1573915997916,-28.289606,335.1573915997916
2025-10-06,NORTH,Animals & Pet Supplies,test,259.0,272.74470392067536,-5.1495647,272.74470392067536
2025-10-13,NORTH,Animals & Pet Supplies,test,259.0,272.74470392067536,-3.025747,272.74470392067536
2025-10-20,NORTH,Animals & Pet Supplies,test,264.0,272.74470392067536,-1.4373069,272.74470392067536
2025-10-27,NORTH,Animals & Pet Supplies,test,243.0,272.74470392067536,-0.9824887,272.74470392067536
2025-11-03,NORTH,Animals & Pet Supplies,test,301.0,272.74470392067536,-3.5376189,272.74470392067536
2025-11-10,NORTH,Animals & Pet Supplies,test,262.0,272.74470392067536,-0.66696846,272.74470392067536
2025-11-17,NORTH,Animals & Pet Supplies,test,288.0,272.74470392067536,-4.00314,272.74470392067536
2025-11-24,NORTH,Animals & Pet Supplies,test,269.0,272.74470392067536,-1.512187,272.74470392067536
2025-12-01,NORTH,Animals & Pet Supplies,test,290.0,272.74470392067536,-3.4139252,272.74470392067536
2025-12-08,NORTH,Animals & Pet Supplies,test,283.0,272.74470392067536,-3.2535079,272.74470392067536
2025-12-15,NORTH,Animals & Pet Supplies,test,320.0,272.74470392067536,-3.4139252,272.74470392067536
2025-12-22,NORTH,Animals & Pet Supplies,test,317.0,272.74470392067536,-2.8718195,272.74470392067536
2024-12-30,NORTH,Apparel & Accessories,test,500.0,499.14852655006075,16.039797,499.14852655006075
2025-01-06,NORTH,Apparel & Accessories,test,540.0,499.14852655006075,14.190264,499.14852655006075
2025-01-13,NORTH,Apparel & Accessories,test,502.0,499.14852655006075,14.397713,499.14852655006075
2025-01-20,NORTH,Apparel & Accessories,test,491.0,499.14852655006075,14.190264,499.14852655006075
2025-01-27,NORTH,Apparel & Accessories,test,493.0,499.14852655006075,13.892096,499.14852655006075
2025-02-03,NORTH,Apparel & Accessories,test,482.0,499.14852655006075,13.892096,499.14852655006075
2025-02-10,NORTH,Apparel & Accessories,test,522.0,499.14852655006075,15.0649185,499.14852655006075
2025-02-17,NORTH,Apparel & Accessories,test,496.0,499.14852655006075,15.467867,499.14852655006075
2025-02-24,NORTH,Apparel & Accessories,test,560.0,688.0620592651766,20.761568,688.0620592651766
2025-03-03,NORTH,Apparel & Accessories,test,815.0,840.6916329671008,12.75881,840.6916329671008
2025-03-10,NORTH,Apparel & Accessories,test,833.0,924.8354645101608,-0.05413161,924.8354645101608
2025-03-17,NORTH,Apparel & Accessories,test,938.0,1008.9792960532209,-0.05413161,1008.9792960532209
2025-03-24,NORTH,Apparel & Accessories,test,1050.0,887.397076113453,-0.37452927,887.397076113453
2025-03-31,NORTH,Apparel & Accessories,test,584.0,567.6342687089249,-2.577904,567.6342687089249
2025-04-07,NORTH,Apparel & Accessories,test,538.0,567.6342687089249,-3.7995677,567.6342687089249
2025-04-14,NORTH,Apparel & Accessories,test,511.0,567.6342687089249,-8.179495,567.6342687089249
2025-04-21,NORTH,Apparel & Accessories,test,543.0,567.6342687089249,-9.082873,567.6342687089249
2025-04-28,NORTH,Apparel & Accessories,test,522.0,567.6342687089249,-2.557164,567.6342687089249
2025-05-05,NORTH,Apparel & Accessories,test,509.0,567.6342687089249,-2.1168923,567.6342687089249
2025-05-12,NORTH,Apparel & Accessories,test,525.0,567.6342687089249,-4.751883,567.6342687089249
2025-05-19,NORTH,Apparel & Accessories,test,529.0,567.6342687089249,-4.751883,567.6342687089249
2025-05-26,NORTH,Apparel & Accessories,test,556.0,616.265746752185,-12.778659,616.265746752185
2025-06-02,NORTH,Apparel & Accessories,test,664.0,616.265746752185,3.72687,616.265746752185
2025-06-09,NORTH,Apparel & Accessories,test,622.0,616.265746752185,4.026553,616.265746752185
2025-06-16,NORTH,Apparel & Accessories,test,603.0,616.265746752185,4.026553,616.265746752185
2025-06-23,NORTH,Apparel & Accessories,test,635.0,616.265746752185,4.5877275,616.265746752185
2025-06-30,NORTH,Apparel & Accessories,test,626.0,616.265746752185,4.5877275,616.265746752185
2025-07-07,NORTH,Apparel & Accessories,test,661.0,616.265746752185,4.4987955,616.265746752185
2025-07-14,NORTH,Apparel & Accessories,test,657.0,616.265746752185,4.5877275,616.265746752185
2025-07-21,NORTH,Apparel & Accessories,test,611.0,616.265746752185,4.739105,616.265746752185
2025-07-28,NORTH,Apparel & Accessories,test,664.0,616.265746752185,5.40665,616.265746752185
2025-08-04,NORTH,Apparel & Accessories,test,644.0,616.265746752185,5.167401,616.265746752185
2025-08-11,NORTH,Apparel & Accessories,test,658.0,616.265746752185,4.828037,616.265746752185
2025-08-18,NORTH,Apparel & Accessories,test,623.0,616.265746752185,5.40665,616.265746752185
2025-08-25,NORTH,Apparel & Accessories,test,654.0,616.265746752185,-10.025291,616.265746752185
2025-09-01,NORTH,Apparel & Accessories,test,681.0,643.3215543341018,23.61128,643.3215543341018
2025-09-08,NORTH,Apparel & Accessories,test,706.0,643.3215543341018,23.700212,643.3215543341018
2025-09-15,NORTH,Apparel & Accessories,test,691.0,643.3215543341018,23.460962,643.3215543341018
2025-09-22,NORTH,Apparel & Accessories,test,713.0,643.3215543341018,23.700212,643.3215543341018
2025-09-29,NORTH,Apparel & Accessories,test,640.0,643.3215543341018,-53.03699,643.3215543341018
2025-10-06,NORTH,Apparel & Accessories,test,568.0,567.6342687089249,-5.066447,567.6342687089249
2025-10-13,NORTH,Apparel & Accessories,test,520.0,567.6342687089249,-6.243381,567.6342687089249
2025-10-20,NORTH,Apparel & Accessories,test,539.0,567.6342687089249,-7.355059,567.6342687089249
2025-10-27,NORTH,Apparel & Accessories,test,530.0,567.6342687089249,-6.1321936,567.6342687089249
2025-11-03,NORTH,Apparel & Accessories,test,522.0,567.6342687089249,-5.7731028,567.6342687089249
2025-11-10,NORTH,Apparel & Accessories,test,519.0,567.6342687089249,-6.0086975,567.6342687089249
2025-11-17,NORTH,Apparel & Accessories,test,523.0,567.6342687089249,-6.0086975,567.6342687089249
2025-11-24,NORTH,Apparel & Accessories,test,508.0,567.6342687089249,-5.9168434,567.6342687089249
2025-12-01,NORTH,Apparel & Accessories,test,553.0,567.6342687089249,-6.599162,567.6342687089249
2025-12-08,NORTH,Apparel & Accessories,test,593.0,567.6342687089249,-6.363568,567.6342687089249
2025-12-15,NORTH,Apparel & Accessories,test,591.0,567.6342687089249,-5.8343644,567.6342687089249
2025-12-22,NORTH,Apparel & Accessories,test,557.0,567.6342687089249,-5.8343644,567.6342687089249
2024-12-30,NORTH,Arts & Entertainment,test,471.0,415.75942145065324,13.777481,429.5369025297548
2025-01-06,NORTH,Arts & Entertainment,test,423.0,415.75942145065324,13.66106,429.4204817839052
2025-01-13,NORTH,Arts & Entertainment,test,424.0,415.75942145065324,10.4699955,426.22941694931046
2025-01-20,NORTH,Arts & Entertainment,test,445.0,415.75942145065324,10.4699955,426.22941694931046
2025-01-27,NORTH,Arts & Entertainment,test,412.0,415.75942145065324,14.196693,429.9561148710634
2025-02-03,NORTH,Arts & Entertainment,test,425.0,415.75942145065324,11.873856,427.63327704147355
2025-02-10,NORTH,Arts & Entertainment,test,406.0,415.75942145065324,11.139854,426.8992758818056
2025-02-17,NORTH,Arts & Entertainment,test,437.0,415.75942145065324,12.276804,428.03622542099015
2025-02-24,NORTH,Arts & Entertainment,test,467.0,628.1401106497287,19.448046,647.5881563803196
2025-03-03,NORTH,Arts & Entertainment,test,676.0,747.7883011889903,12.999502,760.7878033709972
2025-03-10,NORTH,Arts & Entertainment,test,772.0,802.6816827187288,-0.37452927,802.3071534464109
2025-03-17,NORTH,Arts & Entertainment,test,755.0,857.5750642484672,-0.37452927,857.2005349761494
2025-03-24,NORTH,Arts & Entertainment,test,880.0,761.9602729502813,-0.37452927,761.5857436779634
2025-03-31,NORTH,Arts & Entertainment,test,468.0,480.5142304601764,-3.6387205,476.87550994778627
2025-04-07,NORTH,Arts & Entertainment,test,493.0,480.5142304601764,-3.134062,477.38016840840334
2025-04-14,NORTH,Arts & Entertainment,test,514.0,480.5142304601764,-3.3205295,477.1937009992694
2025-04-21,NORTH,Arts & Entertainment,test,466.0,480.5142304601764,-3.9860353,476.52819511319154
2025-04-28,NORTH,Arts & Entertainment,test,475.0,480.5142304601764,-1.9029895,478.6112409534549
2025-05-05,NORTH,Arts & Entertainment,test,456.0,480.5142304601764,-2.557164,477.9570665063953
2025-05-12,NORTH,Arts & Entertainment,test,443.0,480.5142304601764,-3.6276436,476.88658687497133
2025-05-19,NORTH,Arts & Entertainment,test,470.0,480.5142304601764,-2.9777496,477.53648087407106
2025-05-26,NORTH,Arts & Entertainment,test,481.0,545.2958231953569,-11.258827,534.0369959858842
2025-06-02,NORTH,Arts & Entertainment,test,560.0,545.2958231953569,3.6379383,548.933761456389
2025-06-09,NORTH,Arts & Entertainment,test,596.0,545.2958231953569,3.72687,549.0226932553239
2025-06-16,NORTH,Arts & Entertainment,test,574.0,545.2958231953569,3.6137698,548.9095929650255
2025-06-23,NORTH,Arts & Entertainment,test,595.0,545.2958231953569,4.256073,549.5518961934038
2025-06-30,NORTH,Arts & Entertainment,test,576.0,545.2958231953569,3.754358,549.0501812485643
2025-07-07,NORTH,Arts & Entertainment,test,550.0,545.2958231953569,3.754358,549.0501812485643
2025-07-14,NORTH,Arts & Entertainment,test,559.0,545.2958231953569,4.5877275,549.8835507420488
2025-07-21,NORTH,Arts & Entertainment,test,542.0,545.2958231953569,4.5877275,549.8835507420488
2025-07-28,NORTH,Arts & Entertainment,test,593.0,545.2958231953569,4.4987955,549.7946187046953
2025-08-04,NORTH,Arts & Entertainment,test,561.0,545.2958231953569,4.5877275,549.8835507420488
2025-08-11,NORTH,Arts & Entertainment,test,559.0,545.2958231953569,4.5877275,549.8835507420488
2025-08-18,NORTH,Arts & Entertainment,test,601.0,545.2958231953569,4.5877275,549.8835507420488
2025-08-25,NORTH,Arts & Entertainment,test,578.0,545.2958231953569,-9.272274,536.0235491780229
2025-09-01,NORTH,Arts & Entertainment,test,630.0,573.1858353308891,20.618105,593.8039402655814
2025-09-08,NORTH,Arts & Entertainment,test,608.0,573.1858353308891,20.618105,593.8039402655814
2025-09-15,NORTH,Arts & Entertainment,test,575.0,573.1858353308891,20.618105,593.8039402655814
2025-09-22,NORTH,Arts & Entertainment,test,624.0,573.1858353308891,21.5246,594.7104344062064
2025-09-29,NORTH,Arts & Entertainment,test,506.0,573.1858353308891,-45.029533,528.1563019446586
2025-10-06,NORTH,Arts & Entertainment,test,486.0,480.5142304601764,-6.9565573,473.55767318631166
2025-10-13,NORTH,Arts & Entertainment,test,473.0,480.5142304601764,-7.80182,472.71241065884584
2025-10-20,NORTH,Arts & Entertainment,test,434.0,480.5142304601764,-7.4390163,473.0752141180133
2025-10-27,NORTH,Arts & Entertainment,test,466.0,480.5142304601764,-6.2025857,474.31164476300233
2025-11-03,NORTH,Arts & Entertainment,test,479.0,480.5142304601764,-6.645655,473.8685753049945
2025-11-10,NORTH,Arts & Entertainment,test,460.0,480.5142304601764,-6.645655,473.8685753049945
2025-11-17,NORTH,Arts & Entertainment,test,470.0,480.5142304601764,-6.2025857,474.31164476300233
2025-11-24,NORTH,Arts & Entertainment,test,470.0,480.5142304601764,-6.8812494,473.632981032381
2025-12-01,NORTH,Arts & Entertainment,test,522.0,480.5142304601764,-6.8812494,473.632981032381
2025-12-08,NORTH,Arts & Entertainment,test,531.0,480.5142304601764,-6.825872,473.6883585157489
2025-12-15,NORTH,Arts & Entertainment,test,546.0,480.5142304601764,-6.5212746,473.992955893526
2025-12-22,NORTH,Arts & Entertainment,test,488.0,480.5142304601764,-6.5212746,473.992955893526
2024-12-30,NORTH,Baby & Toddler,test,266.0,238.87451223269682,11.273363,250.14787534610014
2025-01-06,NORTH,Baby & Toddler,test,246.0,238.87451223269682,9.746304,248.62081579104643
2025-01-13,NORTH,Baby & Toddler,test,235.0,238.87451223269682,10.171555,249.0460667981265
2025-01-20,NORTH,Baby & Toddler,test,254.0,238.87451223269682,10.781975,249.65648702517728
2025-01-27,NORTH,Baby & Toddler,test,227.0,238.87451223269682,11.352974,250.2274861706851
2025-02-03,NORTH,Baby & Toddler,test,252.0,238.87451223269682,11.352974,250.2274861706851
2025-02-10,NORTH,Baby & Toddler,test,255.0,238.87451223269682,10.631893,249.5064053906558
2025-02-17,NORTH,Baby & Toddler,test,236.0,238.87451223269682,11.352974,250.2274861706851
2025-02-24,NORTH,Baby & Toddler,test,296.0,361.2172899358403,10.743185,371.9604749791753
2025-03-03,NORTH,Baby & Toddler,test,403.0,416.0178635883847,7.8326516,423.85051520352755
2025-03-10,NORTH,Baby & Toddler,test,424.0,434.00965822312884,-0.45001307,433.55964515183024
2025-03-17,NORTH,Baby & Toddler,test,449.0,452.00145285787295,-1.462991,450.53846185865115
2025-03-24,NORTH,Baby & Toddler,test,555.0,446.96015124286197,-0.45001307,446.51013817156337
2025-03-31,NORTH,Baby & Toddler,test,262.0,275.6832912504971,-1.7888399,273.8944513142407
2025-04-07,NORTH,Baby & Toddler,test,277.0,275.6832912504971,-3.8174076,271.8658836424649
2025-04-14,NORTH,Baby & Toddler,test,271.0,275.6832912504971,-4.0038757,271.67941551807525
2025-04-21,NORTH,Baby & Toddler,test,249.0,275.6832912504971,-4.0038757,271.67941551807525
2025-04-28,NORTH,Baby & Toddler,test,268.0,275.6832912504971,-2.0077376,273.67555361393096
2025-05-05,NORTH,Baby & Toddler,test,258.0,275.6832912504971,-2.0077376,273.67555361393096
2025-05-12,NORTH,Baby & Toddler,test,229.0,275.6832912504971,-2.0077376,273.67555361393096
2025-05-19,NORTH,Baby & Toddler,test,239.0,275.6832912504971,-2.3123353,273.3709559977353
2025-05-26,NORTH,Baby & Toddler,test,251.0,311.7282656266457,-9.457204,302.2710617615944
2025-06-02,NORTH,Baby & Toddler,test,310.0,311.7282656266457,3.3280213,315.05628691456377
2025-06-09,NORTH,Baby & Toddler,test,329.0,311.7282656266457,3.416953,315.1452187134987
2025-06-16,NORTH,Baby & Toddler,test,302.0,311.7282656266457,3.5899715,315.3182371690041
2025-06-23,NORTH,Baby & Toddler,test,308.0,311.7282656266457,3.416953,315.1452187134987
2025-06-30,NORTH,Baby & Toddler,test,317.0,311.7282656266457,3.3280213,315.05628691456377
2025-07-07,NORTH,Baby & Toddler,test,334.0,311.7282656266457,3.3280213,315.05628691456377
2025-07-14,NORTH,Baby & Toddler,test,304.0,311.7282656266457,3.5010397,315.22930537006914
2025-07-21,NORTH,Baby & Toddler,test,330.0,311.7282656266457,3.3280213,315.05628691456377
2025-07-28,NORTH,Baby & Toddler,test,313.0,311.7282656266457,3.5010397,315.22930537006914
2025-08-04,NORTH,Baby & Toddler,test,313.0,311.7282656266457,3.548769,315.27703462383806
2025-08-11,NORTH,Baby & Toddler,test,324.0,311.7282656266457,3.3280213,315.05628691456377
2025-08-18,NORTH,Baby & Toddler,test,297.0,311.7282656266457,3.5010397,315.22930537006914
2025-08-25,NORTH,Baby & Toddler,test,315.0,311.7282656266457,-4.565425,307.16284070751726
2025-09-01,NORTH,Baby & Toddler,test,360.0,320.4925025491842,12.411659,332.9041617899069
2025-09-08,NORTH,Baby & Toddler,test,349.0,320.4925025491842,12.500379,332.99288115788784
2025-09-15,NORTH,Baby & Toddler,test,317.0,320.4925025491842,14.620413,335.1129153757223
2025-09-22,NORTH,Baby & Toddler,test,325.0,320.4925025491842,14.156216,334.64871821690883
2025-09-29,NORTH,Baby & Toddler,test,311.0,320.4925025491842,-27.560076,292.9324267892965
2025-10-06,NORTH,Baby & Toddler,test,268.0,275.6832912504971,-5.48139,270.2019012511075
2025-10-13,NORTH,Baby & Toddler,test,266.0,275.6832912504971,-5.4288473,270.2544439375699
2025-10-20,NORTH,Baby & Toddler,test,268.0,275.6832912504971,-2.6240346,273.0592566073239
2025-10-27,NORTH,Baby & Toddler,test,246.0,275.6832912504971,-3.00123,272.68206124904754
2025-11-03,NORTH,Baby & Toddler,test,279.0,275.6832912504971,-4.1721463,271.5111449301541
2025-11-10,NORTH,Baby & Toddler,test,262.0,275.6832912504971,-1.3217767,274.36151450279357
2025-11-17,NORTH,Baby & Toddler,test,261.0,275.6832912504971,-4.047542,271.6357491553128
2025-11-24,NORTH,Baby & Toddler,test,267.0,275.6832912504971,-2.9428926,272.740398699075
2025-12-01,NORTH,Baby & Toddler,test,269.0,275.6832912504971,-0.6076679,275.0756233275235
2025-12-08,NORTH,Baby & Toddler,test,311.0,275.6832912504971,-3.5152383,272.1680529654324
2025-12-15,NORTH,Baby & Toddler,test,285.0,275.6832912504971,-3.017913,272.6653781473935
2025-12-22,NORTH,Baby & Toddler,test,268.0,275.6832912504971,-3.3601356,272.3231556952298
2024-12-30,NORTH,Business & Industrial,test,176.0,162.37606458254257,9.626078,162.37606458254257
2025-01-06,NORTH,Business & Industrial,test,150.0,162.37606458254257,9.626078,162.37606458254257
2025-01-13,NORTH,Business & Industrial,test,170.0,162.37606458254257,9.395042,162.37606458254257
2025-01-20,NORTH,Business & Industrial,test,171.0,162.37606458254257,8.117199,162.37606458254257
2025-01-27,NORTH,Business & Industrial,test,189.0,162.37606458254257,8.491352,162.37606458254257
2025-02-03,NORTH,Business & Industrial,test,167.0,162.37606458254257,9.1901,162.37606458254257
2025-02-10,NORTH,Business & Industrial,test,159.0,162.37606458254257,7.9757624,162.37606458254257
2025-02-17,NORTH,Business & Industrial,test,165.0,162.37606458254257,8.764849,162.37606458254257
2025-02-24,NORTH,Business & Industrial,test,177.0,252.70754209192805,8.517616,252.70754209192805
2025-03-03,NORTH,Business & Industrial,test,260.0,290.1916157478315,7.1859374,290.1916157478315
2025-03-10,NORTH,Business & Industrial,test,301.0,306.7938105191027,-0.64229876,306.7938105191027
2025-03-17,NORTH,Business & Industrial,test,305.0,323.3960052903738,-0.6230318,323.3960052903738
2025-03-24,NORTH,Business & Industrial,test,336.0,306.009362583217,-0.6230318,306.009362583217
2025-03-31,NORTH,Business & Industrial,test,183.0,183.25794346717495,-1.5593199,183.25794346717495
2025-04-07,NORTH,Business & Industrial,test,191.0,183.25794346717495,-1.9618586,183.25794346717495
2025-04-14,NORTH,Business & Industrial,test,177.0,183.25794346717495,-2.1483262,183.25794346717495
2025-04-21,NORTH,Business & Industrial,test,146.0,183.25794346717495,-2.1483262,183.25794346717495
2025-04-28,NORTH,Business & Industrial,test,181.0,183.25794346717495,-1.918806,183.25794346717495
2025-05-05,NORTH,Business & Industrial,test,194.0,183.25794346717495,-1.918806,183.25794346717495
2025-05-12,NORTH,Business & Industrial,test,177.0,183.25794346717495,-1.918806,183.25794346717495
2025-05-19,NORTH,Business & Industrial,test,195.0,183.25794346717495,-1.918806,183.25794346717495
2025-05-26,NORTH,Business & Industrial,test,176.0,202.86321593652394,-3.7649078,202.86321593652394
2025-06-02,NORTH,Business & Industrial,test,230.0,202.86321593652394,3.3280213,202.86321593652394
2025-06-09,NORTH,Business & Industrial,test,193.0,202.86321593652394,3.416953,202.86321593652394
2025-06-16,NORTH,Business & Industrial,test,187.0,202.86321593652394,3.416953,202.86321593652394
2025-06-23,NORTH,Business & Industrial,test,242.0,202.86321593652394,3.416953,202.86321593652394
2025-06-30,NORTH,Business & Industrial,test,221.0,202.86321593652394,3.416953,202.86321593652394
2025-07-07,NORTH,Business & Industrial,test,215.0,202.86321593652394,3.416953,202.86321593652394
2025-07-14,NORTH,Business & Industrial,test,191.0,202.86321593652394,3.416953,202.86321593652394
2025-07-21,NORTH,Business & Industrial,test,243.0,202.86321593652394,3.416953,202.86321593652394
2025-07-28,NORTH,Business & Industrial,test,216.0,202.86321593652394,3.416953,202.86321593652394
2025-08-04,NORTH,Business & Industrial,test,222.0,202.86321593652394,3.416953,202.86321593652394
2025-08-11,NORTH,Business & Industrial,test,207.0,202.86321593652394,3.416953,202.86321593652394
2025-08-18,NORTH,Business & Industrial,test,223.0,202.86321593652394,3.3280213,202.86321593652394
2025-08-25,NORTH,Business & Industrial,test,229.0,202.86321593652394,-2.8345785,202.86321593652394
2025-09-01,NORTH,Business & Industrial,test,242.0,220.22761543588183,8.941142,220.22761543588183
2025-09-08,NORTH,Business & Industrial,test,227.0,220.22761543588183,9.22295,220.22761543588183
2025-09-15,NORTH,Business & Industrial,test,226.0,220.22761543588183,9.622027,220.22761543588183
2025-09-22,NORTH,Business & Industrial,test,251.0,220.22761543588183,8.425351,220.22761543588183
2025-09-29,NORTH,Business & Industrial,test,199.0,220.22761543588183,-17.535078,220.22761543588183
2025-10-06,NORTH,Business & Industrial,test,179.0,183.25794346717495,-2.5145767,183.25794346717495
2025-10-13,NORTH,Business & Industrial,test,177.0,183.25794346717495,-2.3748364,183.25794346717495
2025-10-20,NORTH,Business & Industrial,test,176.0,183.25794346717495,-0.27756372,183.25794346717495
2025-10-27,NORTH,Business & Industrial,test,186.0,183.25794346717495,-2.6709716,183.25794346717495
2025-11-03,NORTH,Business & Industrial,test,179.0,183.25794346717495,-2.6709716,183.25794346717495
2025-11-10,NORTH,Business & Industrial,test,183.0,183.25794346717495,-2.6709716,183.25794346717495
2025-11-17,NORTH,Business & Industrial,test,192.0,183.25794346717495,-2.6709716,183.25794346717495
2025-11-24,NORTH,Business & Industrial,test,155.0,183.25794346717495,-2.6709716,183.25794346717495
2025-12-01,NORTH,Business & Industrial,test,203.0,183.25794346717495,-2.6709716,183.25794346717495
2025-12-08,NORTH,Business & Industrial,test,212.0,183.25794346717495,-2.4353774,183.25794346717495
2025-12-15,NORTH,Business & Industrial,test,185.0,183.25794346717495,-2.4353774,183.25794346717495
2025-12-22,NORTH,Business & Industrial,test,213.0,183.25794346717495,-2.4353774,183.25794346717495
2024-12-30,NORTH,Cameras & Optics,test,38.0,46.500013108501776,4.7628756,46.500013108501776
2025-01-06,NORTH,Cameras & Optics,test,38.0,46.500013108501776,4.568949,46.500013108501776
2025-01-13,NORTH,Cameras & Optics,test,40.0,46.500013108501776,4.6485615,46.500013108501776
2025-01-20,NORTH,Cameras & Optics,test,48.0,46.500013108501776,4.983064,46.500013108501776
2025-01-27,NORTH,Cameras & Optics,test,42.0,46.500013108501776,5.189988,46.500013108501776
2025-02-03,NORTH,Cameras & Optics,test,53.0,46.500013108501776,4.864661,46.500013108501776
2025-02-10,NORTH,Cameras & Optics,test,41.0,46.500013108501776,5.0973783,46.500013108501776
2025-02-17,NORTH,Cameras & Optics,test,49.0,46.500013108501776,5.0973783,46.500013108501776
2025-02-24,NORTH,Cameras & Optics,test,54.0,66.54865913044242,5.0062504,66.54865913044242
2025-03-03,NORTH,Cameras & Optics,test,72.0,77.49510652854013,4.2936125,77.49510652854013
2025-03-10,NORTH,Cameras & Optics,test,78.0,83.49728616804865,-0.73123056,83.49728616804865
2025-03-17,NORTH,Cameras & Optics,test,81.0,89.49946580755716,-0.73123056,89.49946580755716
2025-03-24,NORTH,Cameras & Optics,test,104.0,83.0114888922893,-0.73123056,83.0114888922893
2025-03-31,NORTH,Cameras & Optics,test,65.0,51.444280867090974,-1.8212703,51.444280867090974
2025-04-07,NORTH,Cameras & Optics,test,45.0,51.444280867090974,-1.8212703,51.444280867090974
2025-04-14,NORTH,Cameras & Optics,test,54.0,51.444280867090974,-1.918806,51.444280867090974
2025-04-21,NORTH,Cameras & Optics,test,49.0,51.444280867090974,-1.918806,51.444280867090974
2025-04-28,NORTH,Cameras & Optics,test,56.0,51.444280867090974,-2.0077376,51.444280867090974
2025-05-05,NORTH,Cameras & Optics,test,55.0,51.444280867090974,-2.0077376,51.444280867090974
2025-05-12,NORTH,Cameras & Optics,test,40.0,51.444280867090974,-2.0077376,51.444280867090974
2025-05-19,NORTH,Cameras & Optics,test,52.0,51.444280867090974,-2.0077376,51.444280867090974
2025-05-26,NORTH,Cameras & Optics,test,50.0,62.70149393768988,-3.7649078,62.70149393768988
2025-06-02,NORTH,Cameras & Optics,test,70.0,62.70149393768988,3.3280213,62.70149393768988
2025-06-09,NORTH,Cameras & Optics,test,54.0,62.70149393768988,3.3280213,62.70149393768988
2025-06-16,NORTH,Cameras & Optics,test,57.0,62.70149393768988,3.3280213,62.70149393768988
2025-06-23,NORTH,Cameras & Optics,test,51.0,62.70149393768988,3.3280213,62.70149393768988
2025-06-30,NORTH,Cameras & Optics,test,60.0,62.70149393768988,3.3280213,62.70149393768988
2025-07-07,NORTH,Cameras & Optics,test,60.0,62.70149393768988,3.3280213,62.70149393768988
2025-07-14,NORTH,Cameras & Optics,test,58.0,62.70149393768988,3.3280213,62.70149393768988
2025-07-21,NORTH,Cameras & Optics,test,67.0,62.70149393768988,3.3280213,62.70149393768988
2025-07-28,NORTH,Cameras & Optics,test,63.0,62.70149393768988,3.3280213,62.70149393768988
2025-08-04,NORTH,Cameras & Optics,test,69.0,62.70149393768988,3.3280213,62.70149393768988
2025-08-11,NORTH,Cameras & Optics,test,54.0,62.70149393768988,3.3280213,62.70149393768988
2025-08-18,NORTH,Cameras & Optics,test,57.0,62.70149393768988,3.3280213,62.70149393768988
2025-08-25,NORTH,Cameras & Optics,test,59.0,62.70149393768988,-2.8345785,62.70149393768988
2025-09-01,NORTH,Cameras & Optics,test,45.0,61.62339131416915,4.7331324,61.62339131416915
2025-09-08,NORTH,Cameras & Optics,test,59.0,61.62339131416915,4.7331324,61.62339131416915
2025-09-15,NORTH,Cameras & Optics,test,61.0,61.62339131416915,4.7331324,61.62339131416915
2025-09-22,NORTH,Cameras & Optics,test,61.0,61.62339131416915,4.7331324,61.62339131416915
2025-09-29,NORTH,Cameras & Optics,test,50.0,61.62339131416915,-9.165405,61.62339131416915
2025-10-06,NORTH,Cameras & Optics,test,45.0,51.444280867090974,-2.6035082,51.444280867090974
2025-10-13,NORTH,Cameras & Optics,test,40.0,51.444280867090974,-2.6035082,51.444280867090974
2025-10-20,NORTH,Cameras & Optics,test,53.0,51.444280867090974,-2.6709716,51.444280867090974
2025-10-27,NORTH,Cameras & Optics,test,52.0,51.444280867090974,-2.6709716,51.444280867090974
2025-11-03,NORTH,Cameras & Optics,test,59.0,51.444280867090974,-2.6709716,51.444280867090974
2025-11-10,NORTH,Cameras & Optics,test,49.0,51.444280867090974,-2.6709716,51.444280867090974
2025-11-17,NORTH,Cameras & Optics,test,34.0,51.444280867090974,-2.6709716,51.444280867090974
2025-11-24,NORTH,Cameras & Optics,test,47.0,51.444280867090974,-2.6709716,51.444280867090974
2025-12-01,NORTH,Cameras & Optics,test,61.0,51.444280867090974,-2.6709716,51.444280867090974
2025-12-08,NORTH,Cameras & Optics,test,72.0,51.444280867090974,-2.6709716,51.444280867090974
2025-12-15,NORTH,Cameras & Optics,test,54.0,51.444280867090974,-2.6709716,51.444280867090974
2025-12-22,NORTH,Cameras & Optics,test,65.0,51.444280867090974,-2.6709716,51.444280867090974
2024-12-30,NORTH,Electronics,test,326.0,294.75291755776306,10.645176,294.75291755776306
2025-01-06,NORTH,Electronics,test,310.0,294.75291755776306,10.255011,294.75291755776306
2025-01-13,NORTH,Electronics,test,327.0,294.75291755776306,10.160774,294.75291755776306
2025-01-20,NORTH,Electronics,test,298.0,294.75291755776306,10.255011,294.75291755776306
2025-01-27,NORTH,Electronics,test,286.0,294.75291755776306,11.350216,294.75291755776306
2025-02-03,NORTH,Electronics,test,305.0,294.75291755776306,11.967581,294.75291755776306
2025-02-10,NORTH,Electronics,test,303.0,294.75291755776306,12.357746,294.75291755776306
2025-02-17,NORTH,Electronics,test,317.0,294.75291755776306,11.270603,294.75291755776306
2025-02-24,NORTH,Electronics,test,334.0,462.7638698624934,11.350216,462.7638698624934
2025-03-03,NORTH,Electronics,test,470.0,538.9920688542819,8.18551,538.9920688542819
2025-03-10,NORTH,Electronics,test,556.0,572.9953943377823,-0.45001307,572.9953943377823
2025-03-17,NORTH,Electronics,test,580.0,606.9987198212826,-1.462991,606.9987198212826
2025-03-24,NORTH,Electronics,test,653.0,516.0175577552669,-1.0662415,516.0175577552669
2025-03-31,NORTH,Electronics,test,332.0,336.9777910660512,-1.9770178,336.9777910660512
2025-04-07,NORTH,Electronics,test,342.0,336.9777910660512,-3.134062,336.9777910660512
2025-04-14,NORTH,Electronics,test,334.0,336.9777910660512,-3.3205295,336.9777910660512
2025-04-21,NORTH,Electronics,test,337.0,336.9777910660512,-3.3205295,336.9777910660512
2025-04-28,NORTH,Electronics,test,313.0,336.9777910660512,-2.1393166,336.9777910660512
2025-05-05,NORTH,Electronics,test,344.0,336.9777910660512,-2.3123353,336.9777910660512
2025-05-12,NORTH,Electronics,test,326.0,336.9777910660512,-2.1393166,336.9777910660512
2025-05-19,NORTH,Electronics,test,356.0,336.9777910660512,-1.9000674,336.9777910660512
2025-05-26,NORTH,Electronics,test,343.0,385.6376004054417,-11.169895,385.6376004054417
2025-06-02,NORTH,Electronics,test,408.0,385.6376004054417,3.7217875,385.6376004054417
2025-06-09,NORTH,Electronics,test,398.0,385.6376004054417,3.8107193,385.6376004054417
2025-06-16,NORTH,Electronics,test,420.0,385.6376004054417,4.0314674,385.6376004054417
2025-06-23,NORTH,Electronics,test,435.0,385.6376004054417,3.81072,385.6376004054417
2025-06-30,NORTH,Electronics,test,407.0,385.6376004054417,3.9425359,385.6376004054417
2025-07-07,NORTH,Electronics,test,363.0,385.6376004054417,3.9425359,385.6376004054417
2025-07-14,NORTH,Electronics,test,361.0,385.6376004054417,4.0314674,385.6376004054417
2025-07-21,NORTH,Electronics,test,388.0,385.6376004054417,4.0314674,385.6376004054417
2025-07-28,NORTH,Electronics,test,388.0,385.6376004054417,4.0314674,385.6376004054417
2025-08-04,NORTH,Electronics,test,435.0,385.6376004054417,3.9425359,385.6376004054417
2025-08-11,NORTH,Electronics,test,413.0,385.6376004054417,4.0314674,385.6376004054417
2025-08-18,NORTH,Electronics,test,393.0,385.6376004054417,4.0314674,385.6376004054417
2025-08-25,NORTH,Electronics,test,410.0,385.6376004054417,-4.6562405,385.6376004054417
2025-09-01,NORTH,Electronics,test,413.0,403.0630905150706,14.658601,403.0630905150706
2025-09-08,NORTH,Electronics,test,407.0,403.0630905150706,14.658601,403.0630905150706
2025-09-15,NORTH,Electronics,test,450.0,403.0630905150706,15.078521,403.0630905150706
2025-09-22,NORTH,Electronics,test,449.0,403.0630905150706,15.167453,403.0630905150706
2025-09-29,NORTH,Electronics,test,363.0,403.0630905150706,-37.543167,403.0630905150706
2025-10-06,NORTH,Electronics,test,306.0,336.9777910660512,-7.206321,336.9777910660512
2025-10-13,NORTH,Electronics,test,350.0,336.9777910660512,-7.0586085,336.9777910660512
2025-10-20,NORTH,Electronics,test,318.0,336.9777910660512,-4.829851,336.9777910660512
2025-10-27,NORTH,Electronics,test,311.0,336.9777910660512,-5.8184986,336.9777910660512
2025-11-03,NORTH,Electronics,test,326.0,336.9777910660512,-5.5729856,336.9777910660512
2025-11-10,NORTH,Electronics,test,325.0,336.9777910660512,-4.129934,336.9777910660512
2025-11-17,NORTH,Electronics,test,315.0,336.9777910660512,-4.822118,336.9777910660512
2025-11-24,NORTH,Electronics,test,335.0,336.9777910660512,-4.9951363,336.9777910660512
2025-12-01,NORTH,Electronics,test,386.0,336.9777910660512,-4.1364403,336.9777910660512
2025-12-08,NORTH,Electronics,test,385.0,336.9777910660512,-4.9317102,336.9777910660512
2025-12-15,NORTH,Electronics,test,397.0,336.9777910660512,-4.8330364,336.9777910660512
2025-12-22,NORTH,Electronics,test,345.0,336.9777910660512,-5.0567203,336.9777910660512
2024-12-30,NORTH,Furniture,test,343.0,306.75073498884365,10.486046,306.75073498884365
2025-01-06,NORTH,Furniture,test,277.0,306.75073498884365,11.286373,306.75073498884365
2025-01-13,NORTH,Furniture,test,299.0,306.75073498884365,10.55094,306.75073498884365
2025-01-20,NORTH,Furniture,test,291.0,306.75073498884365,10.55094,306.75073498884365
2025-01-27,NORTH,Furniture,test,313.0,306.75073498884365,10.160774,306.75073498884365
2025-02-03,NORTH,Furniture,test,303.0,306.75073498884365,11.38806,306.75073498884365
2025-02-10,NORTH,Furniture,test,284.0,306.75073498884365,10.912088,306.75073498884365
2025-02-17,NORTH,Furniture,test,270.0,306.75073498884365,11.350216,306.75073498884365
2025-02-24,NORTH,Furniture,test,372.0,449.2919809496371,10.97772,449.2919809496371
2025-03-03,NORTH,Furniture,test,490.0,517.8720113227711,7.550046,517.8720113227711
2025-03-10,NORTH,Furniture,test,484.0,556.0849582248451,-1.462991,556.0849582248451
2025-03-17,NORTH,Furniture,test,571.0,594.2979051269191,-1.462991,594.2979051269191
2025-03-24,NORTH,Furniture,test,591.0,540.0629805490828,-0.83515435,540.0629805490828
2025-03-31,NORTH,Furniture,test,354.0,337.11781845990356,-1.7474977,337.11781845990356
2025-04-07,NORTH,Furniture,test,335.0,337.11781845990356,-3.134062,337.11781845990356
2025-04-14,NORTH,Furniture,test,344.0,337.11781845990356,-3.3205295,337.11781845990356
2025-04-21,NORTH,Furniture,test,325.0,337.11781845990356,-3.3205295,337.11781845990356
2025-04-28,NORTH,Furniture,test,354.0,337.11781845990356,-2.1393166,337.11781845990356
2025-05-05,NORTH,Furniture,test,328.0,337.11781845990356,-2.1393166,337.11781845990356
2025-05-12,NORTH,Furniture,test,326.0,337.11781845990356,-2.1393166,337.11781845990356
2025-05-19,NORTH,Furniture,test,335.0,337.11781845990356,-2.1393166,337.11781845990356
2025-05-26,NORTH,Furniture,test,300.0,390.2118018138485,-11.258827,390.2118018138485
2025-06-02,NORTH,Furniture,test,393.0,390.2118018138485,3.548769,390.2118018138485
2025-06-09,NORTH,Furniture,test,421.0,390.2118018138485,3.8107193,390.2118018138485
2025-06-16,NORTH,Furniture,test,410.0,390.2118018138485,3.8107193,390.2118018138485
2025-06-23,NORTH,Furniture,test,389.0,390.2118018138485,4.0314674,390.2118018138485
2025-06-30,NORTH,Furniture,test,415.0,390.2118018138485,3.9425359,390.2118018138485
2025-07-07,NORTH,Furniture,test,391.0,390.2118018138485,3.9425359,390.2118018138485
2025-07-14,NORTH,Furniture,test,380.0,390.2118018138485,3.9425359,390.2118018138485
2025-07-21,NORTH,Furniture,test,373.0,390.2118018138485,3.7217882,390.2118018138485
2025-07-28,NORTH,Furniture,test,384.0,390.2118018138485,4.0314674,390.2118018138485
2025-08-04,NORTH,Furniture,test,391.0,390.2118018138485,3.9425359,390.2118018138485
2025-08-11,NORTH,Furniture,test,383.0,390.2118018138485,3.9425359,390.2118018138485
2025-08-18,NORTH,Furniture,test,434.0,390.2118018138485,3.9425359,390.2118018138485
2025-08-25,NORTH,Furniture,test,393.0,390.2118018138485,-4.6562405,390.2118018138485
2025-09-01,NORTH,Furniture,test,412.0,400.14881867142736,15.167453,400.14881867142736
2025-09-08,NORTH,Furniture,test,446.0,400.14881867142736,14.747533,400.14881867142736
2025-09-15,NORTH,Furniture,test,423.0,400.14881867142736,14.747533,400.14881867142736
2025-09-22,NORTH,Furniture,test,432.0,400.14881867142736,14.747533,400.14881867142736
2025-09-29,NORTH,Furniture,test,349.0,400.14881867142736,-36.376434,400.14881867142736
2025-10-06,NORTH,Furniture,test,359.0,337.11781845990356,-7.206321,337.11781845990356
2025-10-13,NORTH,Furniture,test,354.0,337.11781845990356,-6.4623423,337.11781845990356
2025-10-20,NORTH,Furniture,test,323.0,337.11781845990356,-6.099539,337.11781845990356
2025-10-27,NORTH,Furniture,test,301.0,337.11781845990356,-5.881076,337.11781845990356
2025-11-03,NORTH,Furniture,test,353.0,337.11781845990356,-5.8184986,337.11781845990356
2025-11-10,NORTH,Furniture,test,338.0,337.11781845990356,-4.379267,337.11781845990356
2025-11-17,NORTH,Furniture,test,322.0,337.11781845990356,-6.015595,337.11781845990356
2025-11-24,NORTH,Furniture,test,329.0,337.11781845990356,-4.874355,337.11781845990356
2025-12-01,NORTH,Furniture,test,378.0,337.11781845990356,-4.8062305,337.11781845990356
2025-12-08,NORTH,Furniture,test,366.0,337.11781845990356,-5.0714507,337.11781845990356
2025-12-15,NORTH,Furniture,test,384.0,337.11781845990356,-4.8330364,337.11781845990356
2025-12-22,NORTH,Furniture,test,411.0,337.11781845990356,-4.5244164,337.11781845990356
2024-12-30,NORTH,Hardware,test,223.0,250.49963282296937,10.781975,250.49963282296937
2025-01-06,NORTH,Hardware,test,251.0,250.49963282296937,10.55094,250.49963282296937
2025-01-13,NORTH,Hardware,test,228.0,250.49963282296937,10.827053,250.49963282296937
2025-01-20,NORTH,Hardware,test,239.0,250.49963282296937,9.677088,250.49963282296937
2025-01-27,NORTH,Hardware,test,238.0,250.49963282296937,11.626329,250.49963282296937
2025-02-03,NORTH,Hardware,test,222.0,250.49963282296937,11.302254,250.49963282296937
2025-02-10,NORTH,Hardware,test,268.0,250.49963282296937,10.912088,250.49963282296937
2025-02-17,NORTH,Hardware,test,229.0,250.49963282296937,11.8584175,250.49963282296937
2025-02-24,NORTH,Hardware,test,299.0,390.33539374345577,10.098972,390.33539374345577
2025-03-03,NORTH,Hardware,test,415.0,438.112423326151,7.6531405,438.112423326151
2025-03-10,NORTH,Hardware,test,414.0,460.40605236701856,-0.7634577,460.40605236701856
2025-03-17,NORTH,Hardware,test,524.0,482.6996814078861,-1.462991,482.6996814078861
2025-03-24,NORTH,Hardware,test,537.0,456.96437918585787,-1.462991,456.96437918585787
2025-03-31,NORTH,Hardware,test,280.0,275.98303336479705,-1.7888399,275.98303336479705
2025-04-07,NORTH,Hardware,test,258.0,275.98303336479705,-3.580874,275.98303336479705
2025-04-14,NORTH,Hardware,test,249.0,275.98303336479705,-3.7673414,275.98303336479705
2025-04-21,NORTH,Hardware,test,263.0,275.98303336479705,-3.7673414,275.98303336479705
2025-04-28,NORTH,Hardware,test,245.0,275.98303336479705,-2.0077376,275.98303336479705
2025-05-05,NORTH,Hardware,test,290.0,275.98303336479705,-2.0077376,275.98303336479705
2025-05-12,NORTH,Hardware,test,279.0,275.98303336479705,-2.2234035,275.98303336479705
2025-05-19,NORTH,Hardware,test,228.0,275.98303336479705,-2.2234035,275.98303336479705
2025-05-26,NORTH,Hardware,test,254.0,317.39599173138623,-9.368272,317.39599173138623
2025-06-02,NORTH,Hardware,test,314.0,317.39599173138623,3.416953,317.39599173138623
2025-06-09,NORTH,Hardware,test,341.0,317.39599173138623,3.416953,317.39599173138623
2025-06-16,NORTH,Hardware,test,314.0,317.39599173138623,3.5899715,317.39599173138623
2025-06-23,NORTH,Hardware,test,322.0,317.39599173138623,3.416953,317.39599173138623
2025-06-30,NORTH,Hardware,test,322.0,317.39599173138623,3.3280213,317.39599173138623
2025-07-07,NORTH,Hardware,test,314.0,317.39599173138623,3.3280213,317.39599173138623
2025-07-14,NORTH,Hardware,test,332.0,317.39599173138623,3.3280213,317.39599173138623
2025-07-21,NORTH,Hardware,test,364.0,317.39599173138623,3.5010397,317.39599173138623
2025-07-28,NORTH,Hardware,test,339.0,317.39599173138623,3.5899715,317.39599173138623
2025-08-04,NORTH,Hardware,test,326.0,317.39599173138623,3.8107193,317.39599173138623
2025-08-11,NORTH,Hardware,test,302.0,317.39599173138623,3.5010397,317.39599173138623
2025-08-18,NORTH,Hardware,test,348.0,317.39599173138623,3.416953,317.39599173138623
2025-08-25,NORTH,Hardware,test,295.0,317.39599173138623,-4.303475,317.39599173138623
2025-09-01,NORTH,Hardware,test,377.0,335.43361519741933,12.32736,335.43361519741933
2025-09-08,NORTH,Hardware,test,343.0,335.43361519741933,14.620413,335.43361519741933
2025-09-15,NORTH,Hardware,test,333.0,335.43361519741933,15.050749,335.43361519741933
2025-09-22,NORTH,Hardware,test,352.0,335.43361519741933,14.784273,335.43361519741933
2025-09-29,NORTH,Hardware,test,284.0,335.43361519741933,-28.200674,335.43361519741933
2025-10-06,NORTH,Hardware,test,260.0,275.98303336479705,-4.9749675,275.98303336479705
2025-10-13,NORTH,Hardware,test,277.0,275.98303336479705,-4.0338345,275.98303336479705
2025-10-20,NORTH,Hardware,test,270.0,275.98303336479705,2.5987117,275.98303336479705
2025-10-27,NORTH,Hardware,test,269.0,275.98303336479705,-3.990341,275.98303336479705
2025-11-03,NORTH,Hardware,test,265.0,275.98303336479705,-3.7793581,275.98303336479705
2025-11-10,NORTH,Hardware,test,281.0,275.98303336479705,-3.597553,275.98303336479705
2025-11-17,NORTH,Hardware,test,274.0,275.98303336479705,-3.2432775,275.98303336479705
2025-11-24,NORTH,Hardware,test,259.0,275.98303336479705,-3.3334332,275.98303336479705
2025-12-01,NORTH,Hardware,test,327.0,275.98303336479705,-3.8782096,275.98303336479705
2025-12-08,NORTH,Hardware,test,289.0,275.98303336479705,0.062675886,275.98303336479705
2025-12-15,NORTH,Hardware,test,290.0,275.98303336479705,-3.9661329,275.98303336479705
2025-12-22,NORTH,Hardware,test,296.0,275.98303336479705,-3.0536246,275.98303336479705
2024-12-30,NORTH,Health & Beauty,test,336.0,307.42698597630806,10.876211,307.42698597630806
2025-01-06,NORTH,Health & Beauty,test,305.0,307.42698597630806,10.486046,307.42698597630806
2025-01-13,NORTH,Health & Beauty,test,324.0,307.42698597630806,10.781975,307.42698597630806
2025-01-20,NORTH,Health & Beauty,test,308.0,307.42698597630806,12.061817,307.42698597630806
2025-01-27,NORTH,Health & Beauty,test,293.0,307.42698597630806,11.38806,307.42698597630806
2025-02-03,NORTH,Health & Beauty,test,283.0,307.42698597630806,11.350216,307.42698597630806
2025-02-10,NORTH,Health & Beauty,test,281.0,307.42698597630806,11.967581,307.42698597630806
2025-02-17,NORTH,Health & Beauty,test,314.0,307.42698597630806,11.350216,307.42698597630806
2025-02-24,NORTH,Health & Beauty,test,358.0,444.5380465741952,11.173643,444.5380465741952
2025-03-03,NORTH,Health & Beauty,test,523.0,524.4876106121109,7.550046,524.4876106121109
2025-03-10,NORTH,Health & Beauty,test,512.0,566.9726565325369,-1.462991,566.9726565325369
2025-03-17,NORTH,Health & Beauty,test,607.0,609.4577024529631,-1.462991,609.4577024529631
2025-03-24,NORTH,Health & Beauty,test,680.0,549.7288778343293,-1.0662415,549.7288778343293
2025-03-31,NORTH,Health & Beauty,test,347.0,344.89150409379755,-2.2904623,344.89150409379755
2025-04-07,NORTH,Health & Beauty,test,320.0,344.89150409379755,-3.134062,344.89150409379755
2025-04-14,NORTH,Health & Beauty,test,307.0,344.89150409379755,-3.4935484,344.89150409379755
2025-04-21,NORTH,Health & Beauty,test,279.0,344.89150409379755,-3.4935484,344.89150409379755
2025-04-28,NORTH,Health & Beauty,test,332.0,344.89150409379755,-2.2234035,344.89150409379755
2025-05-05,NORTH,Health & Beauty,test,302.0,344.89150409379755,-2.050385,344.89150409379755
2025-05-12,NORTH,Health & Beauty,test,324.0,344.89150409379755,-2.2234035,344.89150409379755
2025-05-19,NORTH,Health & Beauty,test,340.0,344.89150409379755,-2.234643,344.89150409379755
2025-05-26,NORTH,Health & Beauty,test,348.0,390.8311291924025,-11.258827,390.8311291924025
2025-06-02,NORTH,Health & Beauty,test,382.0,390.8311291924025,3.5899715,390.8311291924025
2025-06-09,NORTH,Health & Beauty,test,377.0,390.8311291924025,3.5899715,390.8311291924025
2025-06-16,NORTH,Health & Beauty,test,383.0,390.8311291924025,3.5899715,390.8311291924025
2025-06-23,NORTH,Health & Beauty,test,425.0,390.8311291924025,3.7217875,390.8311291924025
2025-06-30,NORTH,Health & Beauty,test,377.0,390.8311291924025,3.81072,390.8311291924025
2025-07-07,NORTH,Health & Beauty,test,375.0,390.8311291924025,3.81072,390.8311291924025
2025-07-14,NORTH,Health & Beauty,test,401.0,390.8311291924025,4.0314674,390.8311291924025
2025-07-21,NORTH,Health & Beauty,test,410.0,390.8311291924025,4.0314674,390.8311291924025
2025-07-28,NORTH,Health & Beauty,test,420.0,390.8311291924025,3.9425359,390.8311291924025
2025-08-04,NORTH,Health & Beauty,test,413.0,390.8311291924025,4.0314674,390.8311291924025
2025-08-11,NORTH,Health & Beauty,test,420.0,390.8311291924025,3.9425359,390.8311291924025
2025-08-18,NORTH,Health & Beauty,test,394.0,390.8311291924025,3.9425359,390.8311291924025
2025-08-25,NORTH,Health & Beauty,test,402.0,390.8311291924025,-9.917465,390.8311291924025
2025-09-01,NORTH,Health & Beauty,test,444.0,383.6950207572894,14.658601,383.6950207572894
2025-09-08,NORTH,Health & Beauty,test,420.0,383.6950207572894,16.829367,383.6950207572894
2025-09-15,NORTH,Health & Beauty,test,456.0,383.6950207572894,17.721704,383.6950207572894
2025-09-22,NORTH,Health & Beauty,test,413.0,383.6950207572894,20.061846,383.6950207572894
2025-09-29,NORTH,Health & Beauty,test,384.0,383.6950207572894,-37.498596,383.6950207572894
2025-10-06,NORTH,Health & Beauty,test,305.0,344.89150409379755,-7.206321,344.89150409379755
2025-10-13,NORTH,Health & Beauty,test,326.0,344.89150409379755,-7.3527217,344.89150409379755
2025-10-20,NORTH,Health & Beauty,test,325.0,344.89150409379755,-3.4769757,344.89150409379755
2025-10-27,NORTH,Health & Beauty,test,344.0,344.89150409379755,-5.5057406,344.89150409379755
2025-11-03,NORTH,Health & Beauty,test,326.0,344.89150409379755,-6.1363764,344.89150409379755
2025-11-10,NORTH,Health & Beauty,test,360.0,344.89150409379755,-5.881076,344.89150409379755
2025-11-17,NORTH,Health & Beauty,test,305.0,344.89150409379755,-5.3070455,344.89150409379755
2025-11-24,NORTH,Health & Beauty,test,352.0,344.89150409379755,-4.874355,344.89150409379755
2025-12-01,NORTH,Health & Beauty,test,350.0,344.89150409379755,-2.5100315,344.89150409379755
2025-12-08,NORTH,Health & Beauty,test,351.0,344.89150409379755,-4.6786633,344.89150409379755
2025-12-15,NORTH,Health & Beauty,test,366.0,344.89150409379755,-4.6786633,344.89150409379755
2025-12-22,NORTH,Health & Beauty,test,371.0,344.89150409379755,-4.914258,344.89150409379755
2024-12-30,NORTH,Home & Garden,test,817.0,779.2666474282018,20.336224,799.6028710304968
2025-01-06,NORTH,Home & Garden,test,704.0,779.2666474282018,19.758766,799.0254136025183
2025-01-13,NORTH,Home & Garden,test,770.0,779.2666474282018,19.224628,798.4912758766882
2025-01-20,NORTH,Home & Garden,test,807.0,779.2666474282018,19.224628,798.4912758766882
2025-01-27,NORTH,Home & Garden,test,735.0,779.2666474282018,22.449017,801.7156639992468
2025-02-03,NORTH,Home & Garden,test,760.0,779.2666474282018,22.449017,801.7156639992468
2025-02-10,NORTH,Home & Garden,test,689.0,779.2666474282018,21.589138,800.8557854592077
2025-02-17,NORTH,Home & Garden,test,742.0,779.2666474282018,18.697622,797.9642697273962
2025-02-24,NORTH,Home & Garden,test,863.0,1135.487179817837,22.522268,1158.009448113125
2025-03-03,NORTH,Home & Garden,test,1305.0,1338.792172216311,14.750285,1353.5424573649316
2025-03-10,NORTH,Home & Garden,test,1421.0,1435.0515413624685,-2.3565955,1432.6949458462636
2025-03-17,NORTH,Home & Garden,test,1485.0,1531.310910508626,-2.7469327,1528.563977763646
2025-03-24,NORTH,Home & Garden,test,1611.0,1409.6706646981474,-5.363705,1404.3069595399138
2025-03-31,NORTH,Home & Garden,test,881.0,886.3122706805184,-7.7075167,878.6047540102913
2025-04-07,NORTH,Home & Garden,test,842.0,886.3122706805184,-14.446287,871.865983525367
2025-04-14,NORTH,Home & Garden,test,873.0,886.3122706805184,-10.922419,875.389852086158
2025-04-21,NORTH,Home & Garden,test,821.0,886.3122706805184,-7.779384,878.5328865443184
2025-04-28,NORTH,Home & Garden,test,874.0,886.3122706805184,-12.330562,873.98170904264
2025-05-05,NORTH,Home & Garden,test,858.0,886.3122706805184,-12.840293,873.4719777499154
2025-05-12,NORTH,Home & Garden,test,833.0,886.3122706805184,-12.330562,873.98170904264
2025-05-19,NORTH,Home & Garden,test,819.0,886.3122706805184,-13.589747,872.7225232516244
2025-05-26,NORTH,Home & Garden,test,843.0,963.7503012282018,-11.655446,952.0948551756505
2025-06-02,NORTH,Home & Garden,test,1047.0,963.7503012282018,5.5890427,969.339343891776
2025-06-09,NORTH,Home & Garden,test,983.0,963.7503012282018,3.2937584,967.0440596205358
2025-06-16,NORTH,Home & Garden,test,988.0,963.7503012282018,2.343027,966.09332834307
2025-06-23,NORTH,Home & Garden,test,1005.0,963.7503012282018,2.069253,965.8195541960363
2025-06-30,NORTH,Home & Garden,test,987.0,963.7503012282018,7.7179327,971.4682339293126
2025-07-07,NORTH,Home & Garden,test,990.0,963.7503012282018,7.6290007,971.3793018919591
2025-07-14,NORTH,Home & Garden,test,952.0,963.7503012282018,7.6290007,971.3793018919591
2025-07-21,NORTH,Home & Garden,test,964.0,963.7503012282018,7.7179327,971.4682339293126
2025-07-28,NORTH,Home & Garden,test,987.0,963.7503012282018,7.4151425,971.1654437643651
2025-08-04,NORTH,Home & Garden,test,1001.0,963.7503012282018,7.4151425,971.1654437643651
2025-08-11,NORTH,Home & Garden,test,1031.0,963.7503012282018,4.7363043,968.4866055113439
2025-08-18,NORTH,Home & Garden,test,1005.0,963.7503012282018,7.4151425,971.1654437643651
2025-08-25,NORTH,Home & Garden,test,1064.0,963.7503012282018,-7.777548,955.9727533918981
2025-09-01,NORTH,Home & Garden,test,1100.0,1015.5789671855921,39.93614,1055.5151053386683
2025-09-08,NORTH,Home & Garden,test,1039.0,1015.5789671855921,43.345905,1058.9248724895472
2025-09-15,NORTH,Home & Garden,test,1155.0,1015.5789671855921,43.345905,1058.9248724895472
2025-09-22,NORTH,Home & Garden,test,1125.0,1015.5789671855921,44.669132,1060.248099418258
2025-09-29,NORTH,Home & Garden,test,857.0,1015.5789671855921,-53.77288,961.8060866313929
2025-10-06,NORTH,Home & Garden,test,894.0,886.3122706805184,-11.405374,874.9068971072152
2025-10-13,NORTH,Home & Garden,test,882.0,886.3122706805184,-11.957732,874.3545384798958
2025-10-20,NORTH,Home & Garden,test,785.0,886.3122706805184,-12.834567,873.4777036105111
2025-10-27,NORTH,Home & Garden,test,817.0,886.3122706805184,-10.709331,875.6029401217415
2025-11-03,NORTH,Home & Garden,test,849.0,886.3122706805184,-11.124747,875.1875234042122
2025-11-10,NORTH,Home & Garden,test,802.0,886.3122706805184,-11.594404,874.7178664599373
2025-11-17,NORTH,Home & Garden,test,854.0,886.3122706805184,-12.043356,874.2689147387459
2025-11-24,NORTH,Home & Garden,test,866.0,886.3122706805184,-8.153454,878.1588168536141
2025-12-01,NORTH,Home & Garden,test,967.0,886.3122706805184,-7.20553,879.1067405138924
2025-12-08,NORTH,Home & Garden,test,930.0,886.3122706805184,-8.970613,877.3416581545785
2025-12-15,NORTH,Home & Garden,test,934.0,886.3122706805184,-8.717296,877.5949750338509
2025-12-22,NORTH,Home & Garden,test,887.0,886.3122706805184,-8.153454,878.1588168536141
2024-12-30,NORTH,Luggage & Bags,test,279.0,233.99778729738486,8.739527,242.7373140460421
2025-01-06,NORTH,Luggage & Bags,test,240.0,233.99778729738486,8.739527,242.7373140460421
2025-01-13,NORTH,Luggage & Bags,test,221.0,233.99778729738486,8.739527,242.7373140460421
2025-01-20,NORTH,Luggage & Bags,test,251.0,233.99778729738486,8.5084915,242.50627881349814
2025-01-27,NORTH,Luggage & Bags,test,213.0,233.99778729738486,10.498968,244.4967554217745
2025-02-03,NORTH,Luggage & Bags,test,235.0,233.99778729738486,10.7295265,244.72731381716025
2025-02-10,NORTH,Luggage & Bags,test,240.0,233.99778729738486,11.00564,245.0034273272921
2025-02-17,NORTH,Luggage & Bags,test,240.0,233.99778729738486,10.7295265,244.72731381716025
2025-02-24,NORTH,Luggage & Bags,test,263.0,343.56395523437965,11.740381,355.3043364752244
2025-03-03,NORTH,Luggage & Bags,test,398.0,413.4762349803219,8.189065,421.66529995987514
2025-03-10,NORTH,Luggage & Bags,test,420.0,438.9766355476745,-0.45001307,438.5266224763759
2025-03-17,NORTH,Luggage & Bags,test,475.0,464.47703611502703,-1.462991,463.01404511580523
2025-03-24,NORTH,Luggage & Bags,test,490.0,414.971174973609,-1.462991,413.5081839743872
2025-03-31,NORTH,Luggage & Bags,test,264.0,278.40966647597463,-1.5593199,276.850346622192
2025-04-07,NORTH,Luggage & Bags,test,253.0,278.40966647597463,-3.580874,274.8287925097576
2025-04-14,NORTH,Luggage & Bags,test,263.0,278.40966647597463,-3.7673414,274.6423251006237
2025-04-21,NORTH,Luggage & Bags,test,268.0,278.40966647597463,-3.7673414,274.6423251006237
2025-04-28,NORTH,Luggage & Bags,test,278.0,278.40966647597463,-2.0077376,276.40192883940847
2025-05-05,NORTH,Luggage & Bags,test,246.0,278.40966647597463,-2.0077376,276.40192883940847
2025-05-12,NORTH,Luggage & Bags,test,242.0,278.40966647597463,-2.3123353,276.0973312232128
2025-05-19,NORTH,Luggage & Bags,test,240.0,278.40966647597463,-2.3123353,276.0973312232128
2025-05-26,NORTH,Luggage & Bags,test,257.0,321.5918418475325,-9.457204,312.13463798248125
2025-06-02,NORTH,Luggage & Bags,test,324.0,321.5918418475325,3.3280213,324.9198631354506
2025-06-09,NORTH,Luggage & Bags,test,305.0,321.5918418475325,3.5899715,325.1818133898909
2025-06-16,NORTH,Luggage & Bags,test,303.0,321.5918418475325,3.416953,325.00879493438555
2025-06-23,NORTH,Luggage & Bags,test,325.0,321.5918418475325,3.416953,325.00879493438555
2025-06-30,NORTH,Luggage & Bags,test,298.0,321.5918418475325,3.5010397,325.092881590956
2025-07-07,NORTH,Luggage & Bags,test,281.0,321.5918418475325,3.3280213,324.9198631354506
2025-07-14,NORTH,Luggage & Bags,test,355.0,321.5918418475325,3.416953,325.00879493438555
2025-07-21,NORTH,Luggage & Bags,test,314.0,321.5918418475325,3.5899715,325.1818133898909
2025-07-28,NORTH,Luggage & Bags,test,358.0,321.5918418475325,3.416953,325.00879493438555
2025-08-04,NORTH,Luggage & Bags,test,306.0,321.5918418475325,3.5899715,325.1818133898909
2025-08-11,NORTH,Luggage & Bags,test,312.0,321.5918418475325,3.416953,325.00879493438555
2025-08-18,NORTH,Luggage & Bags,test,313.0,321.5918418475325,3.6377008,325.22954264365984
2025-08-25,NORTH,Luggage & Bags,test,299.0,321.5918418475325,-5.270756,316.32108607971026
2025-09-01,NORTH,Luggage & Bags,test,327.0,326.2750427827728,11.440829,337.7158720598114
2025-09-08,NORTH,Luggage & Bags,test,359.0,326.2750427827728,12.584678,338.8597204790008
2025-09-15,NORTH,Luggage & Bags,test,368.0,326.2750427827728,12.500379,338.7754213914764
2025-09-22,NORTH,Luggage & Bags,test,350.0,326.2750427827728,14.784273,341.0593159303558
2025-09-29,NORTH,Luggage & Bags,test,294.0,326.2750427827728,-28.289606,297.98543668841245
2025-10-06,NORTH,Luggage & Bags,test,232.0,278.40966647597463,-6.619453,271.790213522636
2025-10-13,NORTH,Luggage & Bags,test,266.0,278.40966647597463,-5.6599627,272.74970382186086
2025-10-20,NORTH,Luggage & Bags,test,280.0,278.40966647597463,2.632399,281.04206555815847
2025-10-27,NORTH,Luggage & Bags,test,261.0,278.40966647597463,-2.7853327,275.6243337962261
2025-11-03,NORTH,Luggage & Bags,test,249.0,278.40966647597463,-4.3751726,274.03449386092336
2025-11-10,NORTH,Luggage & Bags,test,244.0,278.40966647597463,-1.6020918,276.807574686729
2025-11-17,NORTH,Luggage & Bags,test,254.0,278.40966647597463,-2.089547,276.3201195571056
2025-11-24,NORTH,Luggage & Bags,test,269.0,278.40966647597463,-1.7092322,276.70043426486166
2025-12-01,NORTH,Luggage & Bags,test,292.0,278.40966647597463,-1.9202468,276.4894196364513
2025-12-08,NORTH,Luggage & Bags,test,275.0,278.40966647597463,-3.4565341,274.95313232871206
2025-12-15,NORTH,Luggage & Bags,test,285.0,278.40966647597463,-4.0343523,274.37531417342336
2025-12-22,NORTH,Luggage & Bags,test,295.0,278.40966647597463,-3.510324,274.8993424746624
2024-12-30,NORTH,Media,test,130.0,116.12453481096273,5.614934,116.12453481096273
2025-01-06,NORTH,Media,test,88.0,116.12453481096273,6.6130323,116.12453481096273
2025-01-13,NORTH,Media,test,98.0,116.12453481096273,6.4854684,116.12453481096273
2025-01-20,NORTH,Media,test,110.0,116.12453481096273,6.4854684,116.12453481096273
2025-01-27,NORTH,Media,test,115.0,116.12453481096273,6.337029,116.12453481096273
2025-02-03,NORTH,Media,test,118.0,116.12453481096273,5.5173416,116.12453481096273
2025-02-10,NORTH,Media,test,120.0,116.12453481096273,4.105129,116.12453481096273
2025-02-17,NORTH,Media,test,117.0,116.12453481096273,4.6118526,116.12453481096273
2025-02-24,NORTH,Media,test,144.0,165.99282168951856,5.0380144,165.99282168951856
2025-03-03,NORTH,Media,test,206.0,197.997460131149,5.588026,197.997460131149
2025-03-10,NORTH,Media,test,202.0,216.9991100489424,-0.64229876,216.9991100489424
2025-03-17,NORTH,Media,test,198.0,236.00075996673579,-0.64229876,236.00075996673579
2025-03-24,NORTH,Media,test,270.0,211.0083339553117,-0.64229876,211.0083339553117
2025-03-31,NORTH,Media,test,126.0,129.12752333479983,-1.7323385,129.12752333479983
2025-04-07,NORTH,Media,test,122.0,129.12752333479983,-1.9618586,129.12752333479983
2025-04-14,NORTH,Media,test,118.0,129.12752333479983,-2.1483262,129.12752333479983
2025-04-21,NORTH,Media,test,133.0,129.12752333479983,-2.1483262,129.12752333479983
2025-04-28,NORTH,Media,test,124.0,129.12752333479983,-2.0077376,129.12752333479983
2025-05-05,NORTH,Media,test,127.0,129.12752333479983,-2.0077376,129.12752333479983
2025-05-12,NORTH,Media,test,124.0,129.12752333479983,-2.0077376,129.12752333479983
2025-05-19,NORTH,Media,test,127.0,129.12752333479983,-2.0077376,129.12752333479983
2025-05-26,NORTH,Media,test,139.0,151.81465649172924,-3.7649078,151.81465649172924
2025-06-02,NORTH,Media,test,141.0,151.81465649172924,3.3280213,151.81465649172924
2025-06-09,NORTH,Media,test,158.0,151.81465649172924,3.3280213,151.81465649172924
2025-06-16,NORTH,Media,test,147.0,151.81465649172924,3.3280213,151.81465649172924
2025-06-23,NORTH,Media,test,157.0,151.81465649172924,3.3280213,151.81465649172924
2025-06-30,NORTH,Media,test,141.0,151.81465649172924,3.3280213,151.81465649172924
2025-07-07,NORTH,Media,test,161.0,151.81465649172924,3.3280213,151.81465649172924
2025-07-14,NORTH,Media,test,153.0,151.81465649172924,3.3280213,151.81465649172924
2025-07-21,NORTH,Media,test,156.0,151.81465649172924,3.3280213,151.81465649172924
2025-07-28,NORTH,Media,test,157.0,151.81465649172924,3.3280213,151.81465649172924
2025-08-04,NORTH,Media,test,172.0,151.81465649172924,3.3280213,151.81465649172924
2025-08-11,NORTH,Media,test,140.0,151.81465649172924,3.3280213,151.81465649172924
2025-08-18,NORTH,Media,test,147.0,151.81465649172924,3.3280213,151.81465649172924
2025-08-25,NORTH,Media,test,156.0,151.81465649172924,-2.8345785,151.81465649172924
2025-09-01,NORTH,Media,test,174.0,155.71772334665735,8.625307,155.71772334665735
2025-09-08,NORTH,Media,test,165.0,155.71772334665735,6.938093,155.71772334665735
2025-09-15,NORTH,Media,test,170.0,155.71772334665735,7.74193,155.71772334665735
2025-09-22,NORTH,Media,test,186.0,155.71772334665735,7.2261376,155.71772334665735
2025-09-29,NORTH,Media,test,138.0,155.71772334665735,-17.286877,155.71772334665735
2025-10-06,NORTH,Media,test,122.0,129.12752333479983,-2.6702878,129.12752333479983
2025-10-13,NORTH,Media,test,117.0,129.12752333479983,-2.6702878,129.12752333479983
2025-10-20,NORTH,Media,test,142.0,129.12752333479983,-2.451348,129.12752333479983
2025-10-27,NORTH,Media,test,113.0,129.12752333479983,-2.8266828,129.12752333479983
2025-11-03,NORTH,Media,test,127.0,129.12752333479983,-2.8266828,129.12752333479983
2025-11-10,NORTH,Media,test,133.0,129.12752333479983,-2.8266828,129.12752333479983
2025-11-17,NORTH,Media,test,112.0,129.12752333479983,-2.8266828,129.12752333479983
2025-11-24,NORTH,Media,test,109.0,129.12752333479983,-2.8266828,129.12752333479983
2025-12-01,NORTH,Media,test,145.0,129.12752333479983,-2.8266828,129.12752333479983
2025-12-08,NORTH,Media,test,140.0,129.12752333479983,-2.8266828,129.12752333479983
2025-12-15,NORTH,Media,test,146.0,129.12752333479983,-2.7377512,129.12752333479983
2025-12-22,NORTH,Media,test,150.0,129.12752333479983,-2.8266828,129.12752333479983
2024-12-30,NORTH,Office Supplies,test,274.0,248.12773502349748,12.622358,260.75009334564106
2025-01-06,NORTH,Office Supplies,test,234.0,248.12773502349748,11.046585,259.1743201065053
2025-01-13,NORTH,Office Supplies,test,244.0,248.12773502349748,9.332222,257.4599570083608
2025-01-20,NORTH,Office Supplies,test,238.0,248.12773502349748,10.81555,258.9432848739614
2025-01-27,NORTH,Office Supplies,test,218.0,248.12773502349748,12.622358,260.75009334564106
2025-02-03,NORTH,Office Supplies,test,270.0,248.12773502349748,12.004992,260.1327265548696
2025-02-10,NORTH,Office Supplies,test,282.0,248.12773502349748,10.932535,259.0602701950063
2025-02-17,NORTH,Office Supplies,test,237.0,248.12773502349748,10.81555,258.9432848739614
2025-02-24,NORTH,Office Supplies,test,289.0,385.525286081833,10.81555,396.34083593229684
2025-03-03,NORTH,Office Supplies,test,394.0,439.3784250157529,7.8326516,447.2110766308957
2025-03-10,NORTH,Office Supplies,test,415.0,458.58037093761726,-0.45001307,458.13035786631866
2025-03-17,NORTH,Office Supplies,test,486.0,477.7823168594816,-1.2319037,476.5504131872633
2025-03-24,NORTH,Office Supplies,test,523.0,477.99626094808923,-0.7634577,477.2328032325779
2025-03-31,NORTH,Office Supplies,test,258.0,282.778928035553,-1.7888399,280.9900880992966
2025-04-07,NORTH,Office Supplies,test,245.0,282.778928035553,-3.580874,279.19805406933597
2025-04-14,NORTH,Office Supplies,test,271.0,282.778928035553,-3.7673414,279.01158666020206
2025-04-21,NORTH,Office Supplies,test,278.0,282.778928035553,-3.7673414,279.01158666020206
2025-04-28,NORTH,Office Supplies,test,290.0,282.778928035553,-2.0077376,280.77119039898685
2025-05-05,NORTH,Office Supplies,test,279.0,282.778928035553,-1.918806,280.8601220787125
2025-05-12,NORTH,Office Supplies,test,257.0,282.778928035553,-2.3123353,280.46659278279117
2025-05-19,NORTH,Office Supplies,test,247.0,282.778928035553,-2.3123353,280.46659278279117
2025-05-26,NORTH,Office Supplies,test,269.0,311.49134379491164,-9.368272,302.1230719672139
2025-06-02,NORTH,Office Supplies,test,353.0,311.49134379491164,3.3280213,314.81936508282973
2025-06-09,NORTH,Office Supplies,test,309.0,311.49134379491164,3.5899715,315.08131533727004
2025-06-16,NORTH,Office Supplies,test,352.0,311.49134379491164,3.416953,314.90829688176467
2025-06-23,NORTH,Office Supplies,test,340.0,311.49134379491164,3.5899715,315.08131533727004
2025-06-30,NORTH,Office Supplies,test,343.0,311.49134379491164,3.5899715,315.08131533727004
2025-07-07,NORTH,Office Supplies,test,294.0,311.49134379491164,3.5899715,315.08131533727004
2025-07-14,NORTH,Office Supplies,test,319.0,311.49134379491164,3.416953,314.90829688176467
2025-07-21,NORTH,Office Supplies,test,327.0,311.49134379491164,3.416953,314.90829688176467
2025-07-28,NORTH,Office Supplies,test,310.0,311.49134379491164,3.8107193,315.30206304654433
2025-08-04,NORTH,Office Supplies,test,350.0,311.49134379491164,3.3280213,314.81936508282973
2025-08-11,NORTH,Office Supplies,test,312.0,311.49134379491164,3.7217875,315.2131312476094
2025-08-18,NORTH,Office Supplies,test,314.0,311.49134379491164,3.6377008,315.12904459103896
2025-08-25,NORTH,Office Supplies,test,314.0,311.49134379491164,-4.255745,307.2355988608296
2025-09-01,NORTH,Office Supplies,test,335.0,332.8821461408154,12.593836,345.47598197150387
2025-09-08,NORTH,Office Supplies,test,366.0,332.8821461408154,12.129639,345.0117848126904
2025-09-15,NORTH,Office Supplies,test,344.0,332.8821461408154,14.784273,347.6664192883984
2025-09-22,NORTH,Office Supplies,test,364.0,332.8821461408154,14.329234,347.2113802640454
2025-09-29,NORTH,Office Supplies,test,279.0,332.8821461408154,-31.591667,301.2904789655224
2025-10-06,NORTH,Office Supplies,test,230.0,282.778928035553,-6.1935515,276.58537649517825
2025-10-13,NORTH,Office Supplies,test,258.0,282.778928035553,-5.295867,277.48306106930545
2025-10-20,NORTH,Office Supplies,test,274.0,282.778928035553,1.7622794,284.54120742684177
2025-10-27,NORTH,Office Supplies,test,258.0,282.778928035553,-1.1929811,281.58594691162875
2025-11-03,NORTH,Office Supplies,test,256.0,282.778928035553,-4.521836,278.2570922315674
2025-11-10,NORTH,Office Supplies,test,259.0,282.778928035553,-2.4525506,280.32637738591006
2025-11-17,NORTH,Office Supplies,test,275.0,282.778928035553,-2.089547,280.689381116684
2025-11-24,NORTH,Office Supplies,test,298.0,282.778928035553,-1.9202468,280.8586811960297
2025-12-01,NORTH,Office Supplies,test,290.0,282.778928035553,-3.4565341,279.32239388829043
2025-12-08,NORTH,Office Supplies,test,277.0,282.778928035553,-4.0343523,278.74457573300174
2025-12-15,NORTH,Office Supplies,test,310.0,282.778928035553,-3.8525465,278.92638158207706
2025-12-22,NORTH,Office Supplies,test,285.0,282.778928035553,-3.2038128,279.5751151979523
2024-12-30,NORTH,Software,test,21.0,22.624857647276706,3.9572496,22.624857647276706
2025-01-06,NORTH,Software,test,25.0,22.624857647276706,3.9572496,22.624857647276706
2025-01-13,NORTH,Software,test,20.0,22.624857647276706,3.9572496,22.624857647276706
2025-01-20,NORTH,Software,test,20.0,22.624857647276706,4.3713636,22.624857647276706
2025-01-27,NORTH,Software,test,18.0,22.624857647276706,4.138646,22.624857647276706
2025-02-03,NORTH,Software,test,19.0,22.624857647276706,4.138646,22.624857647276706
2025-02-10,NORTH,Software,test,20.0,22.624857647276706,4.138646,22.624857647276706
2025-02-17,NORTH,Software,test,19.0,22.624857647276706,4.138646,22.624857647276706
2025-02-24,NORTH,Software,test,25.0,34.860512833376276,4.138646,34.860512833376276
2025-03-03,NORTH,Software,test,38.0,39.09854408079229,3.8062284,39.09854408079229
2025-03-10,NORTH,Software,test,39.0,39.399137824440565,-0.73123056,39.399137824440565
2025-03-17,NORTH,Software,test,41.0,39.69973156808885,-0.73123056,39.69973156808885
2025-03-24,NORTH,Software,test,48.0,43.00300676125469,-0.73123056,43.00300676125469
2025-03-31,NORTH,Software,test,20.0,26.562295151044435,-1.8212703,26.562295151044435
2025-04-07,NORTH,Software,test,30.0,26.562295151044435,-1.8212703,26.562295151044435
2025-04-14,NORTH,Software,test,29.0,26.562295151044435,-2.0077376,26.562295151044435
2025-04-21,NORTH,Software,test,33.0,26.562295151044435,-2.0077376,26.562295151044435
2025-04-28,NORTH,Software,test,22.0,26.562295151044435,-2.0077376,26.562295151044435
2025-05-05,NORTH,Software,test,25.0,26.562295151044435,-2.0077376,26.562295151044435
2025-05-12,NORTH,Software,test,25.0,26.562295151044435,-2.0077376,26.562295151044435
2025-05-19,NORTH,Software,test,26.0,26.562295151044435,-2.0077376,26.562295151044435
2025-05-26,NORTH,Software,test,33.0,29.98555983626266,-3.7649078,29.98555983626266
2025-06-02,NORTH,Software,test,29.0,29.98555983626266,3.3280213,29.98555983626266
2025-06-09,NORTH,Software,test,21.0,29.98555983626266,3.3280213,29.98555983626266
2025-06-16,NORTH,Software,test,38.0,29.98555983626266,3.3280213,29.98555983626266
2025-06-23,NORTH,Software,test,31.0,29.98555983626266,3.3280213,29.98555983626266
2025-06-30,NORTH,Software,test,35.0,29.98555983626266,3.3280213,29.98555983626266
2025-07-07,NORTH,Software,test,26.0,29.98555983626266,3.3280213,29.98555983626266
2025-07-14,NORTH,Software,test,36.0,29.98555983626266,3.3280213,29.98555983626266
2025-07-21,NORTH,Software,test,39.0,29.98555983626266,3.3280213,29.98555983626266
2025-07-28,NORTH,Software,test,30.0,29.98555983626266,3.3280213,29.98555983626266
2025-08-04,NORTH,Software,test,34.0,29.98555983626266,3.3280213,29.98555983626266
2025-08-11,NORTH,Software,test,26.0,29.98555983626266,3.3280213,29.98555983626266
2025-08-18,NORTH,Software,test,34.0,29.98555983626266,3.3280213,29.98555983626266
2025-08-25,NORTH,Software,test,32.0,29.98555983626266,-2.8345785,29.98555983626266
2025-09-01,NORTH,Software,test,27.0,31.76241588017327,4.7331324,31.76241588017327
2025-09-08,NORTH,Software,test,37.0,31.76241588017327,4.7331324,31.76241588017327
2025-09-15,NORTH,Software,test,31.0,31.76241588017327,4.7331324,31.76241588017327
2025-09-22,NORTH,Software,test,18.0,31.76241588017327,4.7331324,31.76241588017327
2025-09-29,NORTH,Software,test,30.0,31.76241588017327,-9.165405,31.76241588017327
2025-10-06,NORTH,Software,test,26.0,26.562295151044435,-2.7592194,26.562295151044435
2025-10-13,NORTH,Software,test,36.0,26.562295151044435,-2.7592194,26.562295151044435
2025-10-20,NORTH,Software,test,27.0,26.562295151044435,-2.8266828,26.562295151044435
2025-10-27,NORTH,Software,test,30.0,26.562295151044435,-2.8266828,26.562295151044435
2025-11-03,NORTH,Software,test,34.0,26.562295151044435,-2.8266828,26.562295151044435
2025-11-10,NORTH,Software,test,24.0,26.562295151044435,-2.8266828,26.562295151044435
2025-11-17,NORTH,Software,test,19.0,26.562295151044435,-2.8266828,26.562295151044435
2025-11-24,NORTH,Software,test,19.0,26.562295151044435,-2.8266828,26.562295151044435
2025-12-01,NORTH,Software,test,33.0,26.562295151044435,-2.8266828,26.562295151044435
2025-12-08,NORTH,Software,test,20.0,26.562295151044435,-2.8266828,26.562295151044435
2025-12-15,NORTH,Software,test,22.0,26.562295151044435,-2.8266828,26.562295151044435
2025-12-22,NORTH,Software,test,21.0,26.562295151044435,-2.8266828,26.562295151044435
2024-12-30,NORTH,Sporting Goods,test,257.0,236.8773335619576,10.487467,236.8773335619576
2025-01-06,NORTH,Sporting Goods,test,259.0,236.8773335619576,10.487467,236.8773335619576
2025-01-13,NORTH,Sporting Goods,test,227.0,236.8773335619576,9.004137,236.8773335619576
2025-01-20,NORTH,Sporting Goods,test,226.0,236.8773335619576,10.487467,236.8773335619576
2025-01-27,NORTH,Sporting Goods,test,272.0,236.8773335619576,11.27025,236.8773335619576
2025-02-03,NORTH,Sporting Goods,test,225.0,236.8773335619576,9.280251,236.8773335619576
2025-02-10,NORTH,Sporting Goods,test,243.0,236.8773335619576,10.487467,236.8773335619576
2025-02-17,NORTH,Sporting Goods,test,217.0,236.8773335619576,10.76358,236.8773335619576
2025-02-24,NORTH,Sporting Goods,test,265.0,335.1226876907143,9.563257,335.1226876907143
2025-03-03,NORTH,Sporting Goods,test,401.0,407.2231335801854,8.108765,407.2231335801854
2025-03-10,NORTH,Sporting Goods,test,464.0,443.32292858559714,-1.2319037,443.32292858559714
2025-03-17,NORTH,Sporting Goods,test,490.0,479.42272359100895,-1.462991,479.42272359100895
2025-03-24,NORTH,Sporting Goods,test,523.0,428.01367541693685,-1.462991,428.01367541693685
2025-03-31,NORTH,Sporting Goods,test,271.0,272.87798444601685,-1.5593199,272.87798444601685
2025-04-07,NORTH,Sporting Goods,test,269.0,272.87798444601685,-3.8174076,272.87798444601685
2025-04-14,NORTH,Sporting Goods,test,226.0,272.87798444601685,-4.0038757,272.87798444601685
2025-04-21,NORTH,Sporting Goods,test,255.0,272.87798444601685,-4.0038757,272.87798444601685
2025-04-28,NORTH,Sporting Goods,test,256.0,272.87798444601685,-1.918806,272.87798444601685
2025-05-05,NORTH,Sporting Goods,test,266.0,272.87798444601685,-1.918806,272.87798444601685
2025-05-12,NORTH,Sporting Goods,test,295.0,272.87798444601685,-2.3123353,272.87798444601685
2025-05-19,NORTH,Sporting Goods,test,268.0,272.87798444601685,-2.2234035,272.87798444601685
2025-05-26,NORTH,Sporting Goods,test,295.0,319.9388092844869,-9.457204,319.9388092844869
2025-06-02,NORTH,Sporting Goods,test,350.0,319.9388092844869,3.3280213,319.9388092844869
2025-06-09,NORTH,Sporting Goods,test,318.0,319.9388092844869,3.5899715,319.9388092844869
2025-06-16,NORTH,Sporting Goods,test,326.0,319.9388092844869,3.416953,319.9388092844869
2025-06-23,NORTH,Sporting Goods,test,327.0,319.9388092844869,3.5899715,319.9388092844869
2025-06-30,NORTH,Sporting Goods,test,304.0,319.9388092844869,3.5010397,319.9388092844869
2025-07-07,NORTH,Sporting Goods,test,324.0,319.9388092844869,3.3280213,319.9388092844869
2025-07-14,NORTH,Sporting Goods,test,295.0,319.9388092844869,3.5010397,319.9388092844869
2025-07-21,NORTH,Sporting Goods,test,312.0,319.9388092844869,3.3280213,319.9388092844869
2025-07-28,NORTH,Sporting Goods,test,333.0,319.9388092844869,3.548769,319.9388092844869
2025-08-04,NORTH,Sporting Goods,test,316.0,319.9388092844869,3.5010397,319.9388092844869
2025-08-11,NORTH,Sporting Goods,test,335.0,319.9388092844869,3.548769,319.9388092844869
2025-08-18,NORTH,Sporting Goods,test,335.0,319.9388092844869,3.7217875,319.9388092844869
2025-08-25,NORTH,Sporting Goods,test,328.0,319.9388092844869,-4.392407,319.9388092844869
2025-09-01,NORTH,Sporting Goods,test,345.0,318.6757001684286,11.613848,318.6757001684286
2025-09-08,NORTH,Sporting Goods,test,347.0,318.6757001684286,14.506778,318.6757001684286
2025-09-15,NORTH,Sporting Goods,test,362.0,318.6757001684286,14.506778,318.6757001684286
2025-09-22,NORTH,Sporting Goods,test,365.0,318.6757001684286,14.695341,318.6757001684286
2025-09-29,NORTH,Sporting Goods,test,291.0,318.6757001684286,-31.591667,318.6757001684286
2025-10-06,NORTH,Sporting Goods,test,286.0,272.87798444601685,-6.619453,272.87798444601685
2025-10-13,NORTH,Sporting Goods,test,282.0,272.87798444601685,-3.9888415,272.87798444601685
2025-10-20,NORTH,Sporting Goods,test,261.0,272.87798444601685,-3.626038,272.87798444601685
2025-10-27,NORTH,Sporting Goods,test,310.0,272.87798444601685,-7.268288,272.87798444601685
2025-11-03,NORTH,Sporting Goods,test,255.0,272.87798444601685,-0.530174,272.87798444601685
2025-11-10,NORTH,Sporting Goods,test,251.0,272.87798444601685,-4.2738585,272.87798444601685
2025-11-17,NORTH,Sporting Goods,test,252.0,272.87798444601685,-1.3664972,272.87798444601685
2025-11-24,NORTH,Sporting Goods,test,271.0,272.87798444601685,-0.8907558,272.87798444601685
2025-12-01,NORTH,Sporting Goods,test,282.0,272.87798444601685,-1.9202468,272.87798444601685
2025-12-08,NORTH,Sporting Goods,test,274.0,272.87798444601685,-3.6921296,272.87798444601685
2025-12-15,NORTH,Sporting Goods,test,318.0,272.87798444601685,-3.95386,272.87798444601685
2025-12-22,NORTH,Sporting Goods,test,300.0,272.87798444601685,-3.8070326,272.87798444601685
2024-12-30,NORTH,Vehicles & Parts,test,289.0,244.62591619765385,11.140821,244.62591619765385
2025-01-06,NORTH,Vehicles & Parts,test,254.0,244.62591619765385,11.046585,244.62591619765385
2025-01-13,NORTH,Vehicles & Parts,test,260.0,244.62591619765385,10.81555,244.62591619765385
2025-01-20,NORTH,Vehicles & Parts,test,237.0,244.62591619765385,10.81555,244.62591619765385
2025-01-27,NORTH,Vehicles & Parts,test,249.0,244.62591619765385,11.046585,244.62591619765385
2025-02-03,NORTH,Vehicles & Parts,test,236.0,244.62591619765385,11.302254,244.62591619765385
2025-02-10,NORTH,Vehicles & Parts,test,264.0,244.62591619765385,12.004992,244.62591619765385
2025-02-17,NORTH,Vehicles & Parts,test,259.0,244.62591619765385,11.614828,244.62591619765385
2025-02-24,NORTH,Vehicles & Parts,test,265.0,328.173272636325,12.004992,328.173272636325
2025-03-03,NORTH,Vehicles & Parts,test,415.0,412.23581222030987,8.189065,412.23581222030987
2025-03-10,NORTH,Vehicles & Parts,test,432.0,463.3260254224303,-0.45001307,463.3260254224303
2025-03-17,NORTH,Vehicles & Parts,test,454.0,514.4162386245507,-1.462991,514.4162386245507
2025-03-24,NORTH,Vehicles & Parts,test,498.0,419.96110702596894,-1.462991,419.96110702596894
2025-03-31,NORTH,Vehicles & Parts,test,270.0,277.5982425795184,-1.5593199,277.5982425795184
2025-04-07,NORTH,Vehicles & Parts,test,244.0,277.5982425795184,-3.8546484,277.5982425795184
2025-04-14,NORTH,Vehicles & Parts,test,249.0,277.5982425795184,-3.7673414,277.5982425795184
2025-04-21,NORTH,Vehicles & Parts,test,265.0,277.5982425795184,-3.7673414,277.5982425795184
2025-04-28,NORTH,Vehicles & Parts,test,258.0,277.5982425795184,-2.0077376,277.5982425795184
2025-05-05,NORTH,Vehicles & Parts,test,262.0,277.5982425795184,-2.0077376,277.5982425795184
2025-05-12,NORTH,Vehicles & Parts,test,243.0,277.5982425795184,-2.0077376,277.5982425795184
2025-05-19,NORTH,Vehicles & Parts,test,252.0,277.5982425795184,-2.3123353,277.5982425795184
2025-05-26,NORTH,Vehicles & Parts,test,312.0,318.33878979258213,-9.457204,318.33878979258213
2025-06-02,NORTH,Vehicles & Parts,test,340.0,318.33878979258213,3.416953,318.33878979258213
2025-06-09,NORTH,Vehicles & Parts,test,321.0,318.33878979258213,3.5899715,318.33878979258213
2025-06-16,NORTH,Vehicles & Parts,test,331.0,318.33878979258213,3.416953,318.33878979258213
2025-06-23,NORTH,Vehicles & Parts,test,324.0,318.33878979258213,3.5010397,318.33878979258213
2025-06-30,NORTH,Vehicles & Parts,test,337.0,318.33878979258213,3.5010397,318.33878979258213
2025-07-07,NORTH,Vehicles & Parts,test,346.0,318.33878979258213,3.5010397,318.33878979258213
2025-07-14,NORTH,Vehicles & Parts,test,331.0,318.33878979258213,3.5010397,318.33878979258213
2025-07-21,NORTH,Vehicles & Parts,test,337.0,318.33878979258213,3.5010397,318.33878979258213
2025-07-28,NORTH,Vehicles & Parts,test,346.0,318.33878979258213,3.7217875,318.33878979258213
2025-08-04,NORTH,Vehicles & Parts,test,288.0,318.33878979258213,3.5010397,318.33878979258213
2025-08-11,NORTH,Vehicles & Parts,test,328.0,318.33878979258213,3.6377008,318.33878979258213
2025-08-18,NORTH,Vehicles & Parts,test,350.0,318.33878979258213,3.5899715,318.33878979258213
2025-08-25,NORTH,Vehicles & Parts,test,332.0,318.33878979258213,-4.876989,318.33878979258213
2025-09-01,NORTH,Vehicles & Parts,test,358.0,323.86731580829536,12.955418,323.86731580829536
2025-09-08,NORTH,Vehicles & Parts,test,355.0,323.86731580829536,14.695341,323.86731580829536
2025-09-15,NORTH,Vehicles & Parts,test,355.0,323.86731580829536,14.961817,323.86731580829536
2025-09-22,NORTH,Vehicles & Parts,test,322.0,323.86731580829536,14.961817,323.86731580829536
2025-09-29,NORTH,Vehicles & Parts,test,290.0,323.86731580829536,-27.822023,323.86731580829536
2025-10-06,NORTH,Vehicles & Parts,test,278.0,277.5982425795184,-6.2682223,277.5982425795184
2025-10-13,NORTH,Vehicles & Parts,test,257.0,277.5982425795184,-5.038469,277.5982425795184
2025-10-20,NORTH,Vehicles & Parts,test,281.0,277.5982425795184,-6.5980625,277.5982425795184
2025-10-27,NORTH,Vehicles & Parts,test,269.0,277.5982425795184,-1.1585562,277.5982425795184
2025-11-03,NORTH,Vehicles & Parts,test,290.0,277.5982425795184,-4.4289627,277.5982425795184
2025-11-10,NORTH,Vehicles & Parts,test,272.0,277.5982425795184,-4.349037,277.5982425795184
2025-11-17,NORTH,Vehicles & Parts,test,287.0,277.5982425795184,-4.3848505,277.5982425795184
2025-11-24,NORTH,Vehicles & Parts,test,294.0,277.5982425795184,-3.510324,277.5982425795184
2025-12-01,NORTH,Vehicles & Parts,test,280.0,277.5982425795184,-3.8525465,277.5982425795184
2025-12-08,NORTH,Vehicles & Parts,test,274.0,277.5982425795184,-3.8525465,277.5982425795184
2025-12-15,NORTH,Vehicles & Parts,test,323.0,277.5982425795184,-3.7720544,277.5982425795184
2025-12-22,NORTH,Vehicles & Parts,test,301.0,277.5982425795184,-2.7951996,277.5982425795184
2024-12-30,SOUTH,Animals & Pet Supplies,test,185.0,176.25039018425736,9.509283,176.25039018425736
2025-01-06,SOUTH,Animals & Pet Supplies,test,181.0,176.25039018425736,9.509283,176.25039018425736
2025-01-13,SOUTH,Animals & Pet Supplies,test,183.0,176.25039018425736,10.227074,176.25039018425736
2025-01-20,SOUTH,Animals & Pet Supplies,test,170.0,176.25039018425736,9.801823,176.25039018425736
2025-01-27,SOUTH,Animals & Pet Supplies,test,191.0,176.25039018425736,9.426849,176.25039018425736
2025-02-03,SOUTH,Animals & Pet Supplies,test,182.0,176.25039018425736,9.012735,176.25039018425736
2025-02-10,SOUTH,Animals & Pet Supplies,test,172.0,176.25039018425736,9.012735,176.25039018425736
2025-02-17,SOUTH,Animals & Pet Supplies,test,163.0,176.25039018425736,8.576759,176.25039018425736
2025-02-24,SOUTH,Animals & Pet Supplies,test,208.0,295.2520244988259,10.409824,295.2520244988259
2025-03-03,SOUTH,Animals & Pet Supplies,test,297.0,333.00286700632466,7.043941,333.00286700632466
2025-03-10,SOUTH,Animals & Pet Supplies,test,301.0,344.00175102597314,-0.6230318,344.00175102597314
2025-03-17,SOUTH,Animals & Pet Supplies,test,368.0,355.00063504562155,-0.6230318,355.00063504562155
2025-03-24,SOUTH,Animals & Pet Supplies,test,384.0,325.9943044716358,-0.45001307,325.9943044716358
2025-03-31,SOUTH,Animals & Pet Supplies,test,207.0,203.00234867210764,-1.5593199,203.00234867210764
2025-04-07,SOUTH,Animals & Pet Supplies,test,211.0,203.00234867210764,-2.5118365,203.00234867210764
2025-04-14,SOUTH,Animals & Pet Supplies,test,189.0,203.00234867210764,-4.2776494,203.00234867210764
2025-04-21,SOUTH,Animals & Pet Supplies,test,223.0,203.00234867210764,-4.2776494,203.00234867210764
2025-04-28,SOUTH,Animals & Pet Supplies,test,218.0,203.00234867210764,-2.0077376,203.00234867210764
2025-05-05,SOUTH,Animals & Pet Supplies,test,193.0,203.00234867210764,-2.0077376,203.00234867210764
2025-05-12,SOUTH,Animals & Pet Supplies,test,199.0,203.00234867210764,-2.0077376,203.00234867210764
2025-05-19,SOUTH,Animals & Pet Supplies,test,203.0,203.00234867210764,-2.0077376,203.00234867210764
2025-05-26,SOUTH,Animals & Pet Supplies,test,226.0,238.22851895210442,-6.631815,238.22851895210442
2025-06-02,SOUTH,Animals & Pet Supplies,test,229.0,238.22851895210442,3.3280213,238.22851895210442
2025-06-09,SOUTH,Animals & Pet Supplies,test,240.0,238.22851895210442,3.3280213,238.22851895210442
2025-06-16,SOUTH,Animals & Pet Supplies,test,229.0,238.22851895210442,3.3280213,238.22851895210442
2025-06-23,SOUTH,Animals & Pet Supplies,test,241.0,238.22851895210442,3.3280213,238.22851895210442
2025-06-30,SOUTH,Animals & Pet Supplies,test,248.0,238.22851895210442,3.3280213,238.22851895210442
2025-07-07,SOUTH,Animals & Pet Supplies,test,269.0,238.22851895210442,3.3280213,238.22851895210442
2025-07-14,SOUTH,Animals & Pet Supplies,test,220.0,238.22851895210442,3.3280213,238.22851895210442
2025-07-21,SOUTH,Animals & Pet Supplies,test,245.0,238.22851895210442,3.416953,238.22851895210442
2025-07-28,SOUTH,Animals & Pet Supplies,test,228.0,238.22851895210442,3.416953,238.22851895210442
2025-08-04,SOUTH,Animals & Pet Supplies,test,242.0,238.22851895210442,3.416953,238.22851895210442
2025-08-11,SOUTH,Animals & Pet Supplies,test,237.0,238.22851895210442,3.3280213,238.22851895210442
2025-08-18,SOUTH,Animals & Pet Supplies,test,250.0,238.22851895210442,3.3280213,238.22851895210442
2025-08-25,SOUTH,Animals & Pet Supplies,test,223.0,238.22851895210442,-2.8345785,238.22851895210442
2025-09-01,SOUTH,Animals & Pet Supplies,test,275.0,238.79789874752035,11.266591,238.79789874752035
2025-09-08,SOUTH,Animals & Pet Supplies,test,255.0,238.79789874752035,9.627343,238.79789874752035
2025-09-15,SOUTH,Animals & Pet Supplies,test,266.0,238.79789874752035,11.089451,238.79789874752035
2025-09-22,SOUTH,Animals & Pet Supplies,test,242.0,238.79789874752035,9.892774,238.79789874752035
2025-09-29,SOUTH,Animals & Pet Supplies,test,197.0,238.79789874752035,-20.562548,238.79789874752035
2025-10-06,SOUTH,Animals & Pet Supplies,test,198.0,203.00234867210764,-1.9711126,203.00234867210764
2025-10-13,SOUTH,Animals & Pet Supplies,test,214.0,203.00234867210764,0.21722354,203.00234867210764
2025-10-20,SOUTH,Animals & Pet Supplies,test,196.0,203.00234867210764,-2.4353774,203.00234867210764
2025-10-27,SOUTH,Animals & Pet Supplies,test,207.0,203.00234867210764,-2.6709716,203.00234867210764
2025-11-03,SOUTH,Animals & Pet Supplies,test,178.0,203.00234867210764,-2.6709716,203.00234867210764
2025-11-10,SOUTH,Animals & Pet Supplies,test,188.0,203.00234867210764,-2.6709716,203.00234867210764
2025-11-17,SOUTH,Animals & Pet Supplies,test,203.0,203.00234867210764,-2.6709716,203.00234867210764
2025-11-24,SOUTH,Animals & Pet Supplies,test,216.0,203.00234867210764,-2.6709716,203.00234867210764
2025-12-01,SOUTH,Animals & Pet Supplies,test,205.0,203.00234867210764,-2.6709716,203.00234867210764
2025-12-08,SOUTH,Animals & Pet Supplies,test,241.0,203.00234867210764,-2.6709716,203.00234867210764
2025-12-15,SOUTH,Animals & Pet Supplies,test,212.0,203.00234867210764,-2.6709716,203.00234867210764
2025-12-22,SOUTH,Animals & Pet Supplies,test,234.0,203.00234867210764,-2.6709716,203.00234867210764
2024-12-30,SOUTH,Apparel & Accessories,test,376.0,363.5782165339034,13.446075,363.5782165339034
2025-01-06,SOUTH,Apparel & Accessories,test,346.0,363.5836908876483,10.989012,363.5836908876483
2025-01-13,SOUTH,Apparel & Accessories,test,389.0,363.58597718931134,10.255011,363.58597718931134
2025-01-20,SOUTH,Apparel & Accessories,test,356.0,363.58693203723277,10.255011,363.58693203723277
2025-01-27,SOUTH,Apparel & Accessories,test,371.0,363.58733081862187,11.286373,363.58733081862187
2025-02-03,SOUTH,Apparel & Accessories,test,361.0,363.5874973651396,12.061817,363.5874973651396
2025-02-10,SOUTH,Apparel & Accessories,test,398.0,363.5875669214011,11.482296,363.5875669214011
2025-02-17,SOUTH,Apparel & Accessories,test,337.0,363.58759597078364,11.757219,363.58759597078364
2025-02-24,SOUTH,Apparel & Accessories,test,435.0,534.6564646037921,10.271629,534.6564646037921
2025-03-03,SOUTH,Apparel & Accessories,test,579.0,636.3042674032887,12.543879,636.3042674032887
2025-03-10,SOUTH,Apparel & Accessories,test,671.0,674.2213268049508,-1.045072,674.2213268049508
2025-03-17,SOUTH,Apparel & Accessories,test,685.0,712.1383849742701,-0.7924486,712.1383849742701
2025-03-24,SOUTH,Apparel & Accessories,test,778.0,644.0982805315109,-0.37452927,644.0982805315109
2025-03-31,SOUTH,Apparel & Accessories,test,418.0,427.318357140006,-2.0501528,427.318357140006
2025-04-07,SOUTH,Apparel & Accessories,test,419.0,427.31835720438465,-3.134062,427.31835720438465
2025-04-14,SOUTH,Apparel & Accessories,test,364.0,427.31835723127165,-3.3205295,427.31835723127165
2025-04-21,SOUTH,Apparel & Accessories,test,402.0,427.31835724250067,-3.3205295,427.31835724250067
2025-04-28,SOUTH,Apparel & Accessories,test,442.0,427.31835724719036,-2.050385,427.31835724719036
2025-05-05,SOUTH,Apparel & Accessories,test,408.0,427.31835724914896,-2.234643,427.31835724914896
2025-05-12,SOUTH,Apparel & Accessories,test,408.0,427.31835724996694,-2.234643,427.31835724996694
2025-05-19,SOUTH,Apparel & Accessories,test,401.0,427.31835725030857,-2.8888178,427.31835725030857
2025-05-26,SOUTH,Apparel & Accessories,test,411.0,470.8211582908857,-11.169895,470.8211582908857
2025-06-02,SOUTH,Apparel & Accessories,test,485.0,470.8211582909453,3.9425359,470.8211582909453
2025-06-09,SOUTH,Apparel & Accessories,test,465.0,470.8211582909702,4.0314674,470.8211582909702
2025-06-16,SOUTH,Apparel & Accessories,test,510.0,470.8211582909806,4.0314674,470.8211582909806
2025-06-23,SOUTH,Apparel & Accessories,test,492.0,470.8211582909849,4.0314674,470.8211582909849
2025-06-30,SOUTH,Apparel & Accessories,test,480.0,470.8211582909867,4.0314674,470.8211582909867
2025-07-07,SOUTH,Apparel & Accessories,test,495.0,470.82115829098746,4.0314674,470.82115829098746
2025-07-14,SOUTH,Apparel & Accessories,test,495.0,470.8211582909878,3.9425359,470.8211582909878
2025-07-21,SOUTH,Apparel & Accessories,test,483.0,470.8211582909879,3.9425359,470.8211582909879
2025-07-28,SOUTH,Apparel & Accessories,test,483.0,470.82115829098797,3.6379383,470.82115829098797
2025-08-04,SOUTH,Apparel & Accessories,test,490.0,470.821158290988,3.9425359,470.821158290988
2025-08-11,SOUTH,Apparel & Accessories,test,490.0,470.821158290988,3.6379383,470.821158290988
2025-08-18,SOUTH,Apparel & Accessories,test,467.0,470.821158290988,3.6379383,470.821158290988
2025-08-25,SOUTH,Apparel & Accessories,test,532.0,470.821158290988,-10.222063,470.821158290988
2025-09-01,SOUTH,Apparel & Accessories,test,498.0,472.68384877014387,19.757246,472.68384877014387
2025-09-08,SOUTH,Apparel & Accessories,test,547.0,472.68384877014387,19.757246,472.68384877014387
2025-09-15,SOUTH,Apparel & Accessories,test,476.0,472.68384877014387,19.757246,472.68384877014387
2025-09-22,SOUTH,Apparel & Accessories,test,535.0,472.68384877014387,20.286451,472.68384877014387
2025-09-29,SOUTH,Apparel & Accessories,test,418.0,472.68384877014387,-36.413586,472.68384877014387
2025-10-06,SOUTH,Apparel & Accessories,test,408.0,427.31835725055356,-7.969598,427.31835725055356
2025-10-13,SOUTH,Apparel & Accessories,test,415.0,427.31835725055356,-7.3953524,427.31835725055356
2025-10-20,SOUTH,Apparel & Accessories,test,421.0,427.31835725055356,-7.1569295,427.31835725055356
2025-10-27,SOUTH,Apparel & Accessories,test,371.0,427.31835725055356,-6.599162,427.31835725055356
2025-11-03,SOUTH,Apparel & Accessories,test,383.0,427.31835725055356,-6.363568,427.31835725055356
2025-11-10,SOUTH,Apparel & Accessories,test,406.0,427.31835725055356,-6.5437846,427.31835725055356
2025-11-17,SOUTH,Apparel & Accessories,test,417.0,427.31835725055356,-6.363568,427.31835725055356
2025-11-24,SOUTH,Apparel & Accessories,test,387.0,427.31835725055356,-6.2391872,427.31835725055356
2025-12-01,SOUTH,Apparel & Accessories,test,413.0,427.31835725055356,-6.4747815,427.31835725055356
2025-12-08,SOUTH,Apparel & Accessories,test,451.0,427.31835725055356,-6.4747815,427.31835725055356
2025-12-15,SOUTH,Apparel & Accessories,test,449.0,427.31835725055356,-6.2391872,427.31835725055356
2025-12-22,SOUTH,Apparel & Accessories,test,461.0,427.31835725055356,-6.2391872,427.31835725055356
2024-12-30,SOUTH,Arts & Entertainment,test,362.0,319.75092275414926,10.486046,319.75092275414926
2025-01-06,SOUTH,Arts & Entertainment,test,313.0,319.75092275414926,11.286373,319.75092275414926
2025-01-13,SOUTH,Arts & Entertainment,test,328.0,319.75092275414926,10.160774,319.75092275414926
2025-01-20,SOUTH,Arts & Entertainment,test,297.0,319.75092275414926,10.255011,319.75092275414926
2025-01-27,SOUTH,Arts & Entertainment,test,337.0,319.75092275414926,10.391809,319.75092275414926
2025-02-03,SOUTH,Arts & Entertainment,test,325.0,319.75092275414926,12.061817,319.75092275414926
2025-02-10,SOUTH,Arts & Entertainment,test,322.0,319.75092275414926,12.061817,319.75092275414926
2025-02-17,SOUTH,Arts & Entertainment,test,345.0,319.75092275414926,11.38806,319.75092275414926
2025-02-24,SOUTH,Arts & Entertainment,test,370.0,463.7644862087297,11.444452,463.7644862087297
2025-03-03,SOUTH,Arts & Entertainment,test,495.0,557.4216408088848,8.005671,557.4216408088848
2025-03-10,SOUTH,Arts & Entertainment,test,606.0,610.6139262648676,-0.45001307,610.6139262648676
2025-03-17,SOUTH,Arts & Entertainment,test,610.0,663.8062117208505,-1.462991,663.8062117208505
2025-03-24,SOUTH,Arts & Entertainment,test,686.0,633.9630976287359,-0.7924486,633.9630976287359
2025-03-31,SOUTH,Arts & Entertainment,test,363.0,360.21579189832164,-2.2904623,360.21579189832164
2025-04-07,SOUTH,Arts & Entertainment,test,365.0,360.21579189832164,-3.134062,360.21579189832164
2025-04-14,SOUTH,Arts & Entertainment,test,331.0,360.21579189832164,-3.3205295,360.21579189832164
2025-04-21,SOUTH,Arts & Entertainment,test,361.0,360.21579189832164,-3.3205295,360.21579189832164
2025-04-28,SOUTH,Arts & Entertainment,test,329.0,360.21579189832164,-2.1393166,360.21579189832164
2025-05-05,SOUTH,Arts & Entertainment,test,369.0,360.21579189832164,-2.050385,360.21579189832164
2025-05-12,SOUTH,Arts & Entertainment,test,352.0,360.21579189832164,-2.050385,360.21579189832164
2025-05-19,SOUTH,Arts & Entertainment,test,337.0,360.21579189832164,-2.323575,360.21579189832164
2025-05-26,SOUTH,Arts & Entertainment,test,373.0,409.8897235609487,-11.258827,409.8897235609487
2025-06-02,SOUTH,Arts & Entertainment,test,414.0,409.8897235609487,3.7217875,409.8897235609487
2025-06-09,SOUTH,Arts & Entertainment,test,415.0,409.8897235609487,4.0314674,409.8897235609487
2025-06-16,SOUTH,Arts & Entertainment,test,410.0,409.8897235609487,4.0314674,409.8897235609487
2025-06-23,SOUTH,Arts & Entertainment,test,410.0,409.8897235609487,4.0314674,409.8897235609487
2025-06-30,SOUTH,Arts & Entertainment,test,403.0,409.8897235609487,3.9425359,409.8897235609487
2025-07-07,SOUTH,Arts & Entertainment,test,391.0,409.8897235609487,3.9425359,409.8897235609487
2025-07-14,SOUTH,Arts & Entertainment,test,424.0,409.8897235609487,3.9425359,409.8897235609487
2025-07-21,SOUTH,Arts & Entertainment,test,406.0,409.8897235609487,3.9425359,409.8897235609487
2025-07-28,SOUTH,Arts & Entertainment,test,435.0,409.8897235609487,3.9425359,409.8897235609487
2025-08-04,SOUTH,Arts & Entertainment,test,422.0,409.8897235609487,4.0314674,409.8897235609487
2025-08-11,SOUTH,Arts & Entertainment,test,444.0,409.8897235609487,3.9425359,409.8897235609487
2025-08-18,SOUTH,Arts & Entertainment,test,450.0,409.8897235609487,3.9425359,409.8897235609487
2025-08-25,SOUTH,Arts & Entertainment,test,427.0,409.8897235609487,-9.917465,409.8897235609487
2025-09-01,SOUTH,Arts & Entertainment,test,449.0,437.7142212680268,15.078521,437.7142212680268
2025-09-08,SOUTH,Arts & Entertainment,test,424.0,437.7142212680268,19.972914,437.7142212680268
2025-09-15,SOUTH,Arts & Entertainment,test,435.0,437.7142212680268,17.632772,437.7142212680268
2025-09-22,SOUTH,Arts & Entertainment,test,459.0,437.7142212680268,19.972914,437.7142212680268
2025-09-29,SOUTH,Arts & Entertainment,test,380.0,437.7142212680268,-36.376434,437.7142212680268
2025-10-06,SOUTH,Arts & Entertainment,test,341.0,360.21579189832164,-7.333943,360.21579189832164
2025-10-13,SOUTH,Arts & Entertainment,test,347.0,360.21579189832164,-7.4479194,360.21579189832164
2025-10-20,SOUTH,Arts & Entertainment,test,375.0,360.21579189832164,-6.463314,360.21579189832164
2025-10-27,SOUTH,Arts & Entertainment,test,347.0,360.21579189832164,-6.039213,360.21579189832164
2025-11-03,SOUTH,Arts & Entertainment,test,406.0,360.21579189832164,-6.5331845,360.21579189832164
2025-11-10,SOUTH,Arts & Entertainment,test,338.0,360.21579189832164,-6.039213,360.21579189832164
2025-11-17,SOUTH,Arts & Entertainment,test,351.0,360.21579189832164,-6.5212746,360.21579189832164
2025-11-24,SOUTH,Arts & Entertainment,test,350.0,360.21579189832164,-5.8994727,360.21579189832164
2025-12-01,SOUTH,Arts & Entertainment,test,405.0,360.21579189832164,-5.6464257,360.21579189832164
2025-12-08,SOUTH,Arts & Entertainment,test,357.0,360.21579189832164,-5.6464257,360.21579189832164
2025-12-15,SOUTH,Arts & Entertainment,test,379.0,360.21579189832164,-6.5212746,360.21579189832164
2025-12-22,SOUTH,Arts & Entertainment,test,417.0,360.21579189832164,-5.6464257,360.21579189832164
2024-12-30,SOUTH,Baby & Toddler,test,213.0,175.74860109163996,9.801823,185.55042375399347
2025-01-06,SOUTH,Baby & Toddler,test,180.0,175.74860109163996,9.801823,185.55042375399347
2025-01-13,SOUTH,Baby & Toddler,test,188.0,175.74860109163996,10.227074,185.97567476107355
2025-01-20,SOUTH,Baby & Toddler,test,178.0,175.74860109163996,10.227074,185.97567476107355
2025-01-27,SOUTH,Baby & Toddler,test,170.0,175.74860109163996,10.227074,185.97567476107355
2025-02-03,SOUTH,Baby & Toddler,test,173.0,175.74860109163996,9.426849,185.17545045687433
2025-02-10,SOUTH,Baby & Toddler,test,171.0,175.74860109163996,9.426849,185.17545045687433
2025-02-17,SOUTH,Baby & Toddler,test,174.0,175.74860109163996,9.426849,185.17545045687433
2025-02-24,SOUTH,Baby & Toddler,test,203.0,253.1251384604601,9.8942375,263.01937597877065
2025-03-03,SOUTH,Baby & Toddler,test,278.0,299.2115894870665,8.503021,307.71461072730085
2025-03-10,SOUTH,Baby & Toddler,test,334.0,316.3064753944298,-0.64229876,315.6641766363999
2025-03-17,SOUTH,Baby & Toddler,test,360.0,333.40136130179314,-0.45001307,332.95134823049455
2025-03-24,SOUTH,Baby & Toddler,test,368.0,370.9736054015482,-0.45001307,370.5235923302496
2025-03-31,SOUTH,Baby & Toddler,test,218.0,204.74016621088296,-1.5593199,203.1808463571003
2025-04-07,SOUTH,Baby & Toddler,test,209.0,204.74016621088296,-1.9618586,202.7783075807026
2025-04-14,SOUTH,Baby & Toddler,test,198.0,204.74016621088296,-4.2776494,200.46251680826455
2025-04-21,SOUTH,Baby & Toddler,test,187.0,204.74016621088296,-2.6983042,202.0418620345524
2025-04-28,SOUTH,Baby & Toddler,test,215.0,204.74016621088296,-2.0077376,202.7324285743168
2025-05-05,SOUTH,Baby & Toddler,test,207.0,204.74016621088296,-2.0077376,202.7324285743168
2025-05-12,SOUTH,Baby & Toddler,test,202.0,204.74016621088296,-2.0077376,202.7324285743168
2025-05-19,SOUTH,Baby & Toddler,test,196.0,204.74016621088296,-2.0077376,202.7324285743168
2025-05-26,SOUTH,Baby & Toddler,test,212.0,229.14086529054265,-3.7649078,225.3759574536286
2025-06-02,SOUTH,Baby & Toddler,test,220.0,229.14086529054265,3.3280213,232.46888657846074
2025-06-09,SOUTH,Baby & Toddler,test,265.0,229.14086529054265,3.3280213,232.46888657846074
2025-06-16,SOUTH,Baby & Toddler,test,261.0,229.14086529054265,3.416953,232.55781837739568
2025-06-23,SOUTH,Baby & Toddler,test,220.0,229.14086529054265,3.416953,232.55781837739568
2025-06-30,SOUTH,Baby & Toddler,test,222.0,229.14086529054265,3.416953,232.55781837739568
2025-07-07,SOUTH,Baby & Toddler,test,235.0,229.14086529054265,3.416953,232.55781837739568
2025-07-14,SOUTH,Baby & Toddler,test,257.0,229.14086529054265,3.416953,232.55781837739568
2025-07-21,SOUTH,Baby & Toddler,test,208.0,229.14086529054265,3.3280213,232.46888657846074
2025-07-28,SOUTH,Baby & Toddler,test,239.0,229.14086529054265,3.416953,232.55781837739568
2025-08-04,SOUTH,Baby & Toddler,test,240.0,229.14086529054265,3.416953,232.55781837739568
2025-08-11,SOUTH,Baby & Toddler,test,236.0,229.14086529054265,3.416953,232.55781837739568
2025-08-18,SOUTH,Baby & Toddler,test,229.0,229.14086529054265,3.3280213,232.46888657846074
2025-08-25,SOUTH,Baby & Toddler,test,218.0,229.14086529054265,-2.8345785,226.30628677644353
2025-09-01,SOUTH,Baby & Toddler,test,263.0,242.76347445660758,9.564094,252.3275680463903
2025-09-08,SOUTH,Baby & Toddler,test,268.0,242.76347445660758,11.344865,254.10833930188346
2025-09-15,SOUTH,Baby & Toddler,test,239.0,242.76347445660758,9.892774,252.65624808484245
2025-09-22,SOUTH,Baby & Toddler,test,231.0,242.76347445660758,10.200264,252.96373843365836
2025-09-29,SOUTH,Baby & Toddler,test,213.0,242.76347445660758,-20.024817,222.73865794354606
2025-10-06,SOUTH,Baby & Toddler,test,224.0,204.74016621088296,-1.3971261,203.3430401322773
2025-10-13,SOUTH,Baby & Toddler,test,193.0,204.74016621088296,-2.6035082,202.1366579768589
2025-10-20,SOUTH,Baby & Toddler,test,203.0,204.74016621088296,-2.6709716,202.06919457887918
2025-10-27,SOUTH,Baby & Toddler,test,201.0,204.74016621088296,-2.6709716,202.06919457887918
2025-11-03,SOUTH,Baby & Toddler,test,205.0,204.74016621088296,-2.6709716,202.06919457887918
2025-11-10,SOUTH,Baby & Toddler,test,216.0,204.74016621088296,-2.6709716,202.06919457887918
2025-11-17,SOUTH,Baby & Toddler,test,221.0,204.74016621088296,-2.6709716,202.06919457887918
2025-11-24,SOUTH,Baby & Toddler,test,181.0,204.74016621088296,-2.6709716,202.06919457887918
2025-12-01,SOUTH,Baby & Toddler,test,207.0,204.74016621088296,-2.6709716,202.06919457887918
2025-12-08,SOUTH,Baby & Toddler,test,215.0,204.74016621088296,-2.6709716,202.06919457887918
2025-12-15,SOUTH,Baby & Toddler,test,194.0,204.74016621088296,-2.6709716,202.06919457887918
2025-12-22,SOUTH,Baby & Toddler,test,208.0,204.74016621088296,-2.6709716,202.06919457887918
2024-12-30,SOUTH,Business & Industrial,test,125.0,116.32344311829068,5.6389465,116.32344311829068
2025-01-06,SOUTH,Business & Industrial,test,141.0,116.18511656939381,6.0724177,116.18511656939381
2025-01-13,SOUTH,Business & Industrial,test,135.0,116.60838423131403,6.7278957,116.60838423131403
2025-01-20,SOUTH,Business & Industrial,test,130.0,116.4900483163945,6.7278957,116.4900483163945
2025-01-27,SOUTH,Business & Industrial,test,116.0,116.35313125616801,5.579012,116.35313125616801
2025-02-03,SOUTH,Business & Industrial,test,111.0,116.4634963659278,4.9376917,116.4634963659278
2025-02-10,SOUTH,Business & Industrial,test,101.0,116.47721876621847,4.9376917,116.47721876621847
2025-02-17,SOUTH,Business & Industrial,test,131.0,116.4226156980982,5.647167,116.4226156980982
2025-02-24,SOUTH,Business & Industrial,test,118.0,170.70749863928032,6.4820604,170.70749863928032
2025-03-03,SOUTH,Business & Industrial,test,185.0,208.47497073444978,5.4425545,208.47497073444978
2025-03-10,SOUTH,Business & Industrial,test,232.0,228.29453762461648,-0.64229876,228.29453762461648
2025-03-17,SOUTH,Business & Industrial,test,241.0,248.12759371378618,-0.64229876,248.12759371378618
2025-03-24,SOUTH,Business & Industrial,test,269.0,229.38014900712392,-0.64229876,229.38014900712392
2025-03-31,SOUTH,Business & Industrial,test,125.0,134.3615399116129,-1.7323385,134.3615399116129
2025-04-07,SOUTH,Business & Industrial,test,124.0,134.35946813140987,-1.9618586,134.35946813140987
2025-04-14,SOUTH,Business & Industrial,test,145.0,134.36142369694332,-2.1483262,134.36142369694332
2025-04-21,SOUTH,Business & Industrial,test,140.0,134.36151025224987,-2.1483262,134.36151025224987
2025-04-28,SOUTH,Business & Industrial,test,148.0,134.36060913807017,-2.0077376,134.36060913807017
2025-05-05,SOUTH,Business & Industrial,test,124.0,134.36095298145557,-2.0077376,134.36095298145557
2025-05-12,SOUTH,Business & Industrial,test,122.0,134.3612054964842,-2.0077376,134.3612054964842
2025-05-19,SOUTH,Business & Industrial,test,111.0,134.3609464336191,-2.0077376,134.3609464336191
2025-05-26,SOUTH,Business & Industrial,test,125.0,161.9557746320314,-3.7649078,161.9557746320314
2025-06-02,SOUTH,Business & Industrial,test,133.0,161.95588989388597,3.3280213,161.95588989388597
2025-06-09,SOUTH,Business & Industrial,test,163.0,161.95584179992528,3.3280213,161.95584179992528
2025-06-16,SOUTH,Business & Industrial,test,174.0,161.95581124461012,3.416953,161.95581124461012
2025-06-23,SOUTH,Business & Industrial,test,164.0,161.95584545991005,3.416953,161.95584545991005
2025-06-30,SOUTH,Business & Industrial,test,172.0,161.95584445771564,3.3280213,161.95584445771564
2025-07-07,SOUTH,Business & Industrial,test,152.0,161.9558297586111,3.3280213,161.9558297586111
2025-07-14,SOUTH,Business & Industrial,test,164.0,161.9558364345289,3.3280213,161.9558364345289
2025-07-21,SOUTH,Business & Industrial,test,148.0,161.95584010110588,3.3280213,161.95584010110588
2025-07-28,SOUTH,Business & Industrial,test,160.0,161.95583559541973,3.3280213,161.95583559541973
2025-08-04,SOUTH,Business & Industrial,test,160.0,161.95583588526003,3.3280213,161.95583588526003
2025-08-11,SOUTH,Business & Industrial,test,154.0,161.95583775399052,3.3280213,161.95583775399052
2025-08-18,SOUTH,Business & Industrial,test,179.0,161.955836833468,3.3280213,161.955836833468
2025-08-25,SOUTH,Business & Industrial,test,151.0,161.95583639777254,-2.8345785,161.95583639777254
2025-09-01,SOUTH,Business & Industrial,test,177.0,158.26860401259347,6.6562843,158.26860401259347
2025-09-08,SOUTH,Business & Industrial,test,175.0,158.26860395430475,8.023738,158.26860395430475
2025-09-15,SOUTH,Business & Industrial,test,167.0,158.26860371749837,7.2578535,158.26860371749837
2025-09-22,SOUTH,Business & Industrial,test,210.0,158.2686038436775,7.74193,158.2686038436775
2025-09-29,SOUTH,Business & Industrial,test,154.0,158.26860389484793,-17.197945,158.26860389484793
2025-10-06,SOUTH,Business & Industrial,test,136.0,134.3610068289383,-2.5145767,134.3610068289383
2025-10-13,SOUTH,Business & Industrial,test,126.0,134.36100683917059,-2.3748364,134.36100683917059
2025-10-20,SOUTH,Business & Industrial,test,130.0,134.36100686907665,-0.1641887,134.36100686907665
2025-10-27,SOUTH,Business & Industrial,test,134.0,134.3610068518725,-2.6709716,134.3610068518725
2025-11-03,SOUTH,Business & Industrial,test,144.0,134.36100684594837,-2.6709716,134.36100684594837
2025-11-10,SOUTH,Business & Industrial,test,120.0,134.3610068560651,-2.6709716,134.3610068560651
2025-11-17,SOUTH,Business & Industrial,test,127.0,134.36100685439388,-2.6709716,134.36100685439388
2025-11-24,SOUTH,Business & Industrial,test,123.0,134.36100685063067,-2.6709716,134.36100685063067
2025-12-01,SOUTH,Business & Industrial,test,145.0,134.36100685296512,-2.6709716,134.36100685296512
2025-12-08,SOUTH,Business & Industrial,test,126.0,134.36100685363868,-2.6709716,134.36100685363868
2025-12-15,SOUTH,Business & Industrial,test,166.0,134.3610068523212,-2.6709716,134.3610068523212
2025-12-22,SOUTH,Business & Industrial,test,157.0,134.3610068525821,-2.4353774,134.3610068525821
2024-12-30,SOUTH,Cameras & Optics,test,41.0,37.6251927039904,5.0062504,37.6251927039904
2025-01-06,SOUTH,Cameras & Optics,test,29.0,37.6251927039904,5.0062504,37.6251927039904
2025-01-13,SOUTH,Cameras & Optics,test,34.0,37.6251927039904,4.4778214,37.6251927039904
2025-01-20,SOUTH,Cameras & Optics,test,31.0,37.6251927039904,4.568949,37.6251927039904
2025-01-27,SOUTH,Cameras & Optics,test,26.0,37.6251927039904,5.075674,37.6251927039904
2025-02-03,SOUTH,Cameras & Optics,test,39.0,37.6251927039904,4.5882893,37.6251927039904
2025-02-10,SOUTH,Cameras & Optics,test,30.0,37.6251927039904,4.7298784,37.6251927039904
2025-02-17,SOUTH,Cameras & Optics,test,52.0,37.6251927039904,4.8210063,37.6251927039904
2025-02-24,SOUTH,Cameras & Optics,test,51.0,64.09794356167656,5.3102927,64.09794356167656
2025-03-03,SOUTH,Cameras & Optics,test,47.0,65.09142287796959,4.131555,65.09142287796959
2025-03-10,SOUTH,Cameras & Optics,test,80.0,66.39490668695102,-0.73123056,66.39490668695102
2025-03-17,SOUTH,Cameras & Optics,test,77.0,67.69839049593244,-0.73123056,67.69839049593244
2025-03-24,SOUTH,Cameras & Optics,test,64.0,54.01759299690812,-0.73123056,54.01759299690812
2025-03-31,SOUTH,Cameras & Optics,test,37.0,37.315188211301994,-1.8212703,37.315188211301994
2025-04-07,SOUTH,Cameras & Optics,test,36.0,37.315188211301994,-1.7323385,37.315188211301994
2025-04-14,SOUTH,Cameras & Optics,test,28.0,37.315188211301994,-1.918806,37.315188211301994
2025-04-21,SOUTH,Cameras & Optics,test,42.0,37.315188211301994,-2.0077376,37.315188211301994
2025-04-28,SOUTH,Cameras & Optics,test,34.0,37.315188211301994,-2.0077376,37.315188211301994
2025-05-05,SOUTH,Cameras & Optics,test,44.0,37.315188211301994,-2.0077376,37.315188211301994
2025-05-12,SOUTH,Cameras & Optics,test,44.0,37.315188211301994,-2.0077376,37.315188211301994
2025-05-19,SOUTH,Cameras & Optics,test,32.0,37.315188211301994,-2.0077376,37.315188211301994
2025-05-26,SOUTH,Cameras & Optics,test,31.0,46.657364337079244,-3.7649078,46.657364337079244
2025-06-02,SOUTH,Cameras & Optics,test,49.0,46.657364337079244,3.3280213,46.657364337079244
2025-06-09,SOUTH,Cameras & Optics,test,54.0,46.657364337079244,3.3280213,46.657364337079244
2025-06-16,SOUTH,Cameras & Optics,test,39.0,46.657364337079244,3.3280213,46.657364337079244
2025-06-23,SOUTH,Cameras & Optics,test,43.0,46.657364337079244,3.3280213,46.657364337079244
2025-06-30,SOUTH,Cameras & Optics,test,54.0,46.657364337079244,3.3280213,46.657364337079244
2025-07-07,SOUTH,Cameras & Optics,test,45.0,46.657364337079244,3.3280213,46.657364337079244
2025-07-14,SOUTH,Cameras & Optics,test,44.0,46.657364337079244,3.3280213,46.657364337079244
2025-07-21,SOUTH,Cameras & Optics,test,47.0,46.657364337079244,3.3280213,46.657364337079244
2025-07-28,SOUTH,Cameras & Optics,test,55.0,46.657364337079244,3.3280213,46.657364337079244
2025-08-04,SOUTH,Cameras & Optics,test,50.0,46.657364337079244,3.3280213,46.657364337079244
2025-08-11,SOUTH,Cameras & Optics,test,44.0,46.657364337079244,3.3280213,46.657364337079244
2025-08-18,SOUTH,Cameras & Optics,test,38.0,46.657364337079244,3.3280213,46.657364337079244
2025-08-25,SOUTH,Cameras & Optics,test,42.0,46.657364337079244,-2.8345785,46.657364337079244
2025-09-01,SOUTH,Cameras & Optics,test,44.0,45.1098288962061,4.7331324,45.1098288962061
2025-09-08,SOUTH,Cameras & Optics,test,56.0,45.1098288962061,4.7331324,45.1098288962061
2025-09-15,SOUTH,Cameras & Optics,test,40.0,45.1098288962061,4.7331324,45.1098288962061
2025-09-22,SOUTH,Cameras & Optics,test,57.0,45.1098288962061,4.7331324,45.1098288962061
2025-09-29,SOUTH,Cameras & Optics,test,38.0,45.1098288962061,-9.165405,45.1098288962061
2025-10-06,SOUTH,Cameras & Optics,test,47.0,37.315188211301994,-2.6035082,37.315188211301994
2025-10-13,SOUTH,Cameras & Optics,test,36.0,37.315188211301994,-2.6035082,37.315188211301994
2025-10-20,SOUTH,Cameras & Optics,test,36.0,37.315188211301994,-2.6709716,37.315188211301994
2025-10-27,SOUTH,Cameras & Optics,test,46.0,37.315188211301994,-2.6709716,37.315188211301994
2025-11-03,SOUTH,Cameras & Optics,test,42.0,37.315188211301994,-2.6709716,37.315188211301994
2025-11-10,SOUTH,Cameras & Optics,test,33.0,37.315188211301994,-2.6709716,37.315188211301994
2025-11-17,SOUTH,Cameras & Optics,test,42.0,37.315188211301994,-2.6709716,37.315188211301994
2025-11-24,SOUTH,Cameras & Optics,test,35.0,37.315188211301994,-2.6709716,37.315188211301994
2025-12-01,SOUTH,Cameras & Optics,test,37.0,37.315188211301994,-2.6709716,37.315188211301994
2025-12-08,SOUTH,Cameras & Optics,test,40.0,37.315188211301994,-2.6709716,37.315188211301994
2025-12-15,SOUTH,Cameras & Optics,test,44.0,37.315188211301994,-2.6709716,37.315188211301994
2025-12-22,SOUTH,Cameras & Optics,test,45.0,37.315188211301994,-2.6709716,37.315188211301994
2024-12-30,SOUTH,Electronics,test,228.0,220.49997078844967,8.739527,229.2394975371069
2025-01-06,SOUTH,Electronics,test,218.0,220.49997078844967,8.5084915,229.00846230456295
2025-01-13,SOUTH,Electronics,test,218.0,220.49997078844967,9.625114,230.12508522936764
2025-01-20,SOUTH,Electronics,test,229.0,220.49997078844967,9.01564,229.51561104723874
2025-01-27,SOUTH,Electronics,test,231.0,220.49997078844967,8.215417,228.71538769671383
2025-02-03,SOUTH,Electronics,test,257.0,220.49997078844967,10.205418,230.7053884215063
2025-02-10,SOUTH,Electronics,test,229.0,220.49997078844967,9.01564,229.51561104723874
2025-02-17,SOUTH,Electronics,test,228.0,220.49997078844967,10.3042755,230.80424630114499
2025-02-24,SOUTH,Electronics,test,243.0,348.6341267717768,10.026495,358.6606217516352
2025-03-03,SOUTH,Electronics,test,385.0,398.3858760939489,8.465178,406.85105362995967
2025-03-10,SOUTH,Electronics,test,413.0,414.59146011858417,-0.45001307,414.14144704728557
2025-03-17,SOUTH,Electronics,test,454.0,430.79704414321947,-1.462991,429.33405314399766
2025-03-24,SOUTH,Electronics,test,483.0,425.02749412135734,-1.462991,423.56450312213553
2025-03-31,SOUTH,Electronics,test,254.0,254.0461360859865,-1.5593199,252.48681623220384
2025-04-07,SOUTH,Electronics,test,273.0,254.0461360859865,-3.8174076,250.22872847795426
2025-04-14,SOUTH,Electronics,test,259.0,254.0461360859865,-4.0038757,250.04226035356461
2025-04-21,SOUTH,Electronics,test,236.0,254.0461360859865,-4.0038757,250.04226035356461
2025-04-28,SOUTH,Electronics,test,236.0,254.0461360859865,-2.0077376,252.03839844942033
2025-05-05,SOUTH,Electronics,test,254.0,254.0461360859865,-1.918806,252.12733012914597
2025-05-12,SOUTH,Electronics,test,243.0,254.0461360859865,-2.0077376,252.03839844942033
2025-05-19,SOUTH,Electronics,test,221.0,254.0461360859865,-2.3123353,251.73380083322465
2025-05-26,SOUTH,Electronics,test,244.0,287.03947937246073,-9.457204,277.58227550740946
2025-06-02,SOUTH,Electronics,test,288.0,287.03947937246073,3.3280213,290.3675006603788
2025-06-09,SOUTH,Electronics,test,313.0,287.03947937246073,3.416953,290.45643245931376
2025-06-16,SOUTH,Electronics,test,313.0,287.03947937246073,3.416953,290.45643245931376
2025-06-23,SOUTH,Electronics,test,261.0,287.03947937246073,3.416953,290.45643245931376
2025-06-30,SOUTH,Electronics,test,302.0,287.03947937246073,3.416953,290.45643245931376
2025-07-07,SOUTH,Electronics,test,312.0,287.03947937246073,3.416953,290.45643245931376
2025-07-14,SOUTH,Electronics,test,316.0,287.03947937246073,3.416953,290.45643245931376
2025-07-21,SOUTH,Electronics,test,334.0,287.03947937246073,3.416953,290.45643245931376
2025-07-28,SOUTH,Electronics,test,269.0,287.03947937246073,3.5010397,290.5405191158842
2025-08-04,SOUTH,Electronics,test,286.0,287.03947937246073,3.416953,290.45643245931376
2025-08-11,SOUTH,Electronics,test,298.0,287.03947937246073,3.416953,290.45643245931376
2025-08-18,SOUTH,Electronics,test,347.0,287.03947937246073,3.416953,290.45643245931376
2025-08-25,SOUTH,Electronics,test,316.0,287.03947937246073,-3.304572,283.734907267053
2025-09-01,SOUTH,Electronics,test,321.0,299.5014241253806,12.32736,311.82878427857884
2025-09-08,SOUTH,Electronics,test,340.0,299.5014241253806,12.32736,311.82878427857884
2025-09-15,SOUTH,Electronics,test,316.0,299.5014241253806,14.961817,314.4632409131003
2025-09-22,SOUTH,Electronics,test,333.0,299.5014241253806,11.95662,311.4580443417502
2025-09-29,SOUTH,Electronics,test,281.0,299.5014241253806,-26.793749,272.7076752697898
2025-10-06,SOUTH,Electronics,test,266.0,254.0461360859865,-6.382857,247.66327924013078
2025-10-13,SOUTH,Electronics,test,215.0,254.0461360859865,-2.563494,251.48264211893022
2025-10-20,SOUTH,Electronics,test,282.0,254.0461360859865,-0.15443328,253.89170280575692
2025-10-27,SOUTH,Electronics,test,256.0,254.0461360859865,-0.6357991,253.41033697605073
2025-11-03,SOUTH,Electronics,test,229.0,254.0461360859865,-3.811947,250.23418897867143
2025-11-10,SOUTH,Electronics,test,227.0,254.0461360859865,-2.6047096,251.44142646074235
2025-11-17,SOUTH,Electronics,test,256.0,254.0461360859865,-1.3054535,252.74068254709184
2025-11-24,SOUTH,Electronics,test,214.0,254.0461360859865,-2.127508,251.91862816095292
2025-12-01,SOUTH,Electronics,test,276.0,254.0461360859865,-2.6709716,251.3751644539827
2025-12-08,SOUTH,Electronics,test,277.0,254.0461360859865,-2.0724058,251.97373027086198
2025-12-15,SOUTH,Electronics,test,273.0,254.0461360859865,-3.2796435,250.76649255037248
2025-12-22,SOUTH,Electronics,test,275.0,254.0461360859865,-3.139903,250.906233017444
2024-12-30,SOUTH,Furniture,test,229.0,233.33116102751274,10.3042755,233.33116102751274
2025-01-06,SOUTH,Furniture,test,217.0,233.33116102751274,8.739527,233.33116102751274
2025-01-13,SOUTH,Furniture,test,251.0,233.33116102751274,8.784605,233.33116102751274
2025-01-20,SOUTH,Furniture,test,236.0,233.33116102751274,8.784605,233.33116102751274
2025-01-27,SOUTH,Furniture,test,193.0,233.33116102751274,8.739527,233.33116102751274
2025-02-03,SOUTH,Furniture,test,237.0,233.33116102751274,10.222855,233.33116102751274
2025-02-10,SOUTH,Furniture,test,205.0,233.33116102751274,9.01564,233.33116102751274
2025-02-17,SOUTH,Furniture,test,215.0,233.33116102751274,10.222855,233.33116102751274
2025-02-24,SOUTH,Furniture,test,256.0,312.4650092212098,10.643858,312.4650092212098
2025-03-03,SOUTH,Furniture,test,374.0,381.3957629221193,8.323181,381.3957629221193
2025-03-10,SOUTH,Furniture,test,398.0,421.8267472700585,-0.45001307,421.8267472700585
2025-03-17,SOUTH,Furniture,test,410.0,462.25773161799765,-1.462991,462.25773161799765
2025-03-24,SOUTH,Furniture,test,476.0,404.94657454773835,-0.45001307,404.94657454773835
2025-03-31,SOUTH,Furniture,test,270.0,261.830930380483,-1.5593199,261.830930380483
2025-04-07,SOUTH,Furniture,test,210.0,261.830930380483,-4.091182,261.830930380483
2025-04-14,SOUTH,Furniture,test,260.0,261.830930380483,-4.0038757,261.830930380483
2025-04-21,SOUTH,Furniture,test,261.0,261.830930380483,-4.0038757,261.830930380483
2025-04-28,SOUTH,Furniture,test,247.0,261.830930380483,-1.918806,261.830930380483
2025-05-05,SOUTH,Furniture,test,254.0,261.830930380483,-1.918806,261.830930380483
2025-05-12,SOUTH,Furniture,test,259.0,261.830930380483,-2.0077376,261.830930380483
2025-05-19,SOUTH,Furniture,test,235.0,261.830930380483,-2.3123353,261.830930380483
2025-05-26,SOUTH,Furniture,test,254.0,293.1883612924407,-9.457204,293.1883612924407
2025-06-02,SOUTH,Furniture,test,263.0,293.1883612924407,3.3280213,293.1883612924407
2025-06-09,SOUTH,Furniture,test,268.0,293.1883612924407,3.3280213,293.1883612924407
2025-06-16,SOUTH,Furniture,test,287.0,293.1883612924407,3.3280213,293.1883612924407
2025-06-23,SOUTH,Furniture,test,258.0,293.1883612924407,3.3280213,293.1883612924407
2025-06-30,SOUTH,Furniture,test,318.0,293.1883612924407,3.3280213,293.1883612924407
2025-07-07,SOUTH,Furniture,test,294.0,293.1883612924407,3.416953,293.1883612924407
2025-07-14,SOUTH,Furniture,test,310.0,293.1883612924407,3.416953,293.1883612924407
2025-07-21,SOUTH,Furniture,test,293.0,293.1883612924407,3.416953,293.1883612924407
2025-07-28,SOUTH,Furniture,test,299.0,293.1883612924407,3.3280213,293.1883612924407
2025-08-04,SOUTH,Furniture,test,316.0,293.1883612924407,3.3280213,293.1883612924407
2025-08-11,SOUTH,Furniture,test,306.0,293.1883612924407,3.3280213,293.1883612924407
2025-08-18,SOUTH,Furniture,test,303.0,293.1883612924407,3.3280213,293.1883612924407
2025-08-25,SOUTH,Furniture,test,313.0,293.1883612924407,-3.5665233,293.1883612924407
2025-09-01,SOUTH,Furniture,test,340.0,298.53294546988843,11.440829,298.53294546988843
2025-09-08,SOUTH,Furniture,test,324.0,298.53294546988843,12.411447,298.53294546988843
2025-09-15,SOUTH,Furniture,test,335.0,298.53294546988843,12.411447,298.53294546988843
2025-09-22,SOUTH,Furniture,test,327.0,298.53294546988843,12.129639,298.53294546988843
2025-09-29,SOUTH,Furniture,test,308.0,298.53294546988843,-27.649008,298.53294546988843
2025-10-06,SOUTH,Furniture,test,249.0,261.830930380483,-6.471789,261.830930380483
2025-10-13,SOUTH,Furniture,test,242.0,261.830930380483,-1.0648009,261.830930380483
2025-10-20,SOUTH,Furniture,test,246.0,261.830930380483,2.0664082,261.830930380483
2025-10-27,SOUTH,Furniture,test,218.0,261.830930380483,-0.8975296,261.830930380483
2025-11-03,SOUTH,Furniture,test,227.0,261.830930380483,-2.2968402,261.830930380483
2025-11-10,SOUTH,Furniture,test,240.0,261.830930380483,-2.840304,261.830930380483
2025-11-17,SOUTH,Furniture,test,252.0,261.830930380483,-2.840304,261.830930380483
2025-11-24,SOUTH,Furniture,test,245.0,261.830930380483,-2.6709716,261.830930380483
2025-12-01,SOUTH,Furniture,test,286.0,261.830930380483,-2.6709716,261.830930380483
2025-12-08,SOUTH,Furniture,test,286.0,261.830930380483,-1.8106754,261.830930380483
2025-12-15,SOUTH,Furniture,test,258.0,261.830930380483,-3.3601356,261.830930380483
2025-12-22,SOUTH,Furniture,test,276.0,261.830930380483,-3.7231069,261.830930380483
2024-12-30,SOUTH,Hardware,test,205.0,185.7510614184218,8.313316,185.7510614184218
2025-01-06,SOUTH,Hardware,test,160.0,185.7510614184218,9.022789,185.7510614184218
2025-01-13,SOUTH,Hardware,test,187.0,185.7510614184218,9.934795,185.7510614184218
2025-01-20,SOUTH,Hardware,test,194.0,185.7510614184218,8.656952,185.7510614184218
2025-01-27,SOUTH,Hardware,test,192.0,185.7510614184218,10.165831,185.7510614184218
2025-02-03,SOUTH,Hardware,test,169.0,185.7510614184218,9.729855,185.7510614184218
2025-02-10,SOUTH,Hardware,test,171.0,185.7510614184218,9.031105,185.7510614184218
2025-02-17,SOUTH,Hardware,test,184.0,185.7510614184218,9.74058,185.7510614184218
2025-02-24,SOUTH,Hardware,test,214.0,250.93665858081175,10.026495,250.93665858081175
2025-03-03,SOUTH,Hardware,test,294.0,306.3191892226846,8.323181,306.3191892226846
2025-03-10,SOUTH,Hardware,test,354.0,340.71318279811703,-0.64229876,340.71318279811703
2025-03-17,SOUTH,Hardware,test,367.0,375.1071763735496,-0.45001307,375.1071763735496
2025-03-24,SOUTH,Hardware,test,413.0,362.97217361631726,-0.45001307,362.97217361631726
2025-03-31,SOUTH,Hardware,test,207.0,206.73959848486217,-1.5593199,206.73959848486217
2025-04-07,SOUTH,Hardware,test,199.0,206.73959848486217,-4.091182,206.73959848486217
2025-04-14,SOUTH,Hardware,test,222.0,206.73959848486217,-4.0038757,206.73959848486217
2025-04-21,SOUTH,Hardware,test,200.0,206.73959848486217,-4.0038757,206.73959848486217
2025-04-28,SOUTH,Hardware,test,205.0,206.73959848486217,-2.0077376,206.73959848486217
2025-05-05,SOUTH,Hardware,test,205.0,206.73959848486217,-2.0077376,206.73959848486217
2025-05-12,SOUTH,Hardware,test,209.0,206.73959848486217,-2.0077376,206.73959848486217
2025-05-19,SOUTH,Hardware,test,220.0,206.73959848486217,-2.0077376,206.73959848486217
2025-05-26,SOUTH,Hardware,test,224.0,240.06088551351138,-6.631815,240.06088551351138
2025-06-02,SOUTH,Hardware,test,239.0,240.06088551351138,3.3280213,240.06088551351138
2025-06-09,SOUTH,Hardware,test,244.0,240.06088551351138,3.3280213,240.06088551351138
2025-06-16,SOUTH,Hardware,test,226.0,240.06088551351138,3.3280213,240.06088551351138
2025-06-23,SOUTH,Hardware,test,235.0,240.06088551351138,3.3280213,240.06088551351138
2025-06-30,SOUTH,Hardware,test,244.0,240.06088551351138,3.3280213,240.06088551351138
2025-07-07,SOUTH,Hardware,test,243.0,240.06088551351138,3.3280213,240.06088551351138
2025-07-14,SOUTH,Hardware,test,285.0,240.06088551351138,3.3280213,240.06088551351138
2025-07-21,SOUTH,Hardware,test,214.0,240.06088551351138,3.416953,240.06088551351138
2025-07-28,SOUTH,Hardware,test,253.0,240.06088551351138,3.416953,240.06088551351138
2025-08-04,SOUTH,Hardware,test,241.0,240.06088551351138,3.416953,240.06088551351138
2025-08-11,SOUTH,Hardware,test,221.0,240.06088551351138,3.416953,240.06088551351138
2025-08-18,SOUTH,Hardware,test,287.0,240.06088551351138,3.3280213,240.06088551351138
2025-08-25,SOUTH,Hardware,test,245.0,240.06088551351138,-2.745647,240.06088551351138
2025-09-01,SOUTH,Hardware,test,259.0,233.79525789316745,11.089451,233.79525789316745
2025-09-08,SOUTH,Hardware,test,268.0,233.79525789316745,11.637331,233.79525789316745
2025-09-15,SOUTH,Hardware,test,285.0,233.79525789316745,9.803843,233.79525789316745
2025-09-22,SOUTH,Hardware,test,301.0,233.79525789316745,11.219849,233.79525789316745
2025-09-29,SOUTH,Hardware,test,241.0,233.79525789316745,-24.400394,233.79525789316745
2025-10-06,SOUTH,Hardware,test,229.0,206.73959848486217,-4.2521186,206.73959848486217
2025-10-13,SOUTH,Hardware,test,204.0,206.73959848486217,0.800105,206.73959848486217
2025-10-20,SOUTH,Hardware,test,208.0,206.73959848486217,1.1350673,206.73959848486217
2025-10-27,SOUTH,Hardware,test,207.0,206.73959848486217,-2.6709716,206.73959848486217
2025-11-03,SOUTH,Hardware,test,197.0,206.73959848486217,-2.6709716,206.73959848486217
2025-11-10,SOUTH,Hardware,test,216.0,206.73959848486217,-2.6709716,206.73959848486217
2025-11-17,SOUTH,Hardware,test,229.0,206.73959848486217,-2.6709716,206.73959848486217
2025-11-24,SOUTH,Hardware,test,217.0,206.73959848486217,-2.6709716,206.73959848486217
2025-12-01,SOUTH,Hardware,test,245.0,206.73959848486217,-2.6709716,206.73959848486217
2025-12-08,SOUTH,Hardware,test,218.0,206.73959848486217,-2.6709716,206.73959848486217
2025-12-15,SOUTH,Hardware,test,234.0,206.73959848486217,-2.6709716,206.73959848486217
2025-12-22,SOUTH,Hardware,test,229.0,206.73959848486217,-2.6709716,206.73959848486217
2024-12-30,SOUTH,Health & Beauty,test,249.0,233.74760721395353,7.604801,233.74760721395353
2025-01-06,SOUTH,Health & Beauty,test,226.0,233.74760721395353,8.739527,233.74760721395353
2025-01-13,SOUTH,Health & Beauty,test,228.0,233.74760721395353,8.739527,233.74760721395353
2025-01-20,SOUTH,Health & Beauty,test,227.0,233.74760721395353,9.01564,233.74760721395353
2025-01-27,SOUTH,Health & Beauty,test,230.0,233.74760721395353,9.870914,233.74760721395353
2025-02-03,SOUTH,Health & Beauty,test,223.0,233.74760721395353,9.846903,233.74760721395353
2025-02-10,SOUTH,Health & Beauty,test,223.0,233.74760721395353,9.846903,233.74760721395353
2025-02-17,SOUTH,Health & Beauty,test,228.0,233.74760721395353,9.846903,233.74760721395353
2025-02-24,SOUTH,Health & Beauty,test,250.0,327.5850466116943,9.588367,327.5850466116943
2025-03-03,SOUTH,Health & Beauty,test,360.0,384.8406763554169,8.465178,384.8406763554169
2025-03-10,SOUTH,Health & Beauty,test,384.0,418.72945609255925,-0.45001307,418.72945609255925
2025-03-17,SOUTH,Health & Beauty,test,458.0,452.6182358297016,-0.45001307,452.6182358297016
2025-03-24,SOUTH,Health & Beauty,test,455.0,379.9522017291746,-1.462991,379.9522017291746
2025-03-31,SOUTH,Health & Beauty,test,266.0,257.11445722053384,-1.5593199,257.11445722053384
2025-04-07,SOUTH,Health & Beauty,test,263.0,257.11445722053384,-4.091182,257.11445722053384
2025-04-14,SOUTH,Health & Beauty,test,259.0,257.11445722053384,-4.0038757,257.11445722053384
2025-04-21,SOUTH,Health & Beauty,test,237.0,257.11445722053384,-4.2776494,257.11445722053384
2025-04-28,SOUTH,Health & Beauty,test,252.0,257.11445722053384,-2.0077376,257.11445722053384
2025-05-05,SOUTH,Health & Beauty,test,222.0,257.11445722053384,-2.0077376,257.11445722053384
2025-05-12,SOUTH,Health & Beauty,test,253.0,257.11445722053384,-2.0077376,257.11445722053384
2025-05-19,SOUTH,Health & Beauty,test,234.0,257.11445722053384,-2.0077376,257.11445722053384
2025-05-26,SOUTH,Health & Beauty,test,270.0,293.97180147788373,-9.457204,293.97180147788373
2025-06-02,SOUTH,Health & Beauty,test,255.0,293.97180147788373,3.416953,293.97180147788373
2025-06-09,SOUTH,Health & Beauty,test,301.0,293.97180147788373,3.3280213,293.97180147788373
2025-06-16,SOUTH,Health & Beauty,test,304.0,293.97180147788373,3.416953,293.97180147788373
2025-06-23,SOUTH,Health & Beauty,test,282.0,293.97180147788373,3.416953,293.97180147788373
2025-06-30,SOUTH,Health & Beauty,test,303.0,293.97180147788373,3.416953,293.97180147788373
2025-07-07,SOUTH,Health & Beauty,test,320.0,293.97180147788373,3.3280213,293.97180147788373
2025-07-14,SOUTH,Health & Beauty,test,293.0,293.97180147788373,3.3280213,293.97180147788373
2025-07-21,SOUTH,Health & Beauty,test,279.0,293.97180147788373,3.3280213,293.97180147788373
2025-07-28,SOUTH,Health & Beauty,test,284.0,293.97180147788373,3.3280213,293.97180147788373
2025-08-04,SOUTH,Health & Beauty,test,283.0,293.97180147788373,3.416953,293.97180147788373
2025-08-11,SOUTH,Health & Beauty,test,315.0,293.97180147788373,3.3280213,293.97180147788373
2025-08-18,SOUTH,Health & Beauty,test,260.0,293.97180147788373,3.3280213,293.97180147788373
2025-08-25,SOUTH,Health & Beauty,test,328.0,293.97180147788373,-3.477591,293.97180147788373
2025-09-01,SOUTH,Health & Beauty,test,339.0,305.3747239617102,12.500379,305.3747239617102
2025-09-08,SOUTH,Health & Beauty,test,308.0,305.3747239617102,12.500379,305.3747239617102
2025-09-15,SOUTH,Health & Beauty,test,336.0,305.3747239617102,12.32736,305.3747239617102
2025-09-22,SOUTH,Health & Beauty,test,294.0,305.3747239617102,12.411447,305.3747239617102
2025-09-29,SOUTH,Health & Beauty,test,283.0,305.3747239617102,-27.756556,305.3747239617102
2025-10-06,SOUTH,Health & Beauty,test,219.0,257.11445722053384,-3.6649506,257.11445722053384
2025-10-13,SOUTH,Health & Beauty,test,235.0,257.11445722053384,-1.1819131,257.11445722053384
2025-10-20,SOUTH,Health & Beauty,test,230.0,257.11445722053384,0.7836059,257.11445722053384
2025-10-27,SOUTH,Health & Beauty,test,271.0,257.11445722053384,-1.3054535,257.11445722053384
2025-11-03,SOUTH,Health & Beauty,test,260.0,257.11445722053384,-2.0724058,257.11445722053384
2025-11-10,SOUTH,Health & Beauty,test,254.0,257.11445722053384,-3.811947,257.11445722053384
2025-11-17,SOUTH,Health & Beauty,test,241.0,257.11445722053384,-2.6709716,257.11445722053384
2025-11-24,SOUTH,Health & Beauty,test,248.0,257.11445722053384,-1.3717159,257.11445722053384
2025-12-01,SOUTH,Health & Beauty,test,271.0,257.11445722053384,-1.553521,257.11445722053384
2025-12-08,SOUTH,Health & Beauty,test,272.0,257.11445722053384,-1.7645364,257.11445722053384
2025-12-15,SOUTH,Health & Beauty,test,261.0,257.11445722053384,-3.5152383,257.11445722053384
2025-12-22,SOUTH,Health & Beauty,test,272.0,257.11445722053384,-3.8782096,257.11445722053384
2024-12-30,SOUTH,Home & Garden,test,589.0,566.8670569528483,15.808762,566.8670569528483
2025-01-06,SOUTH,Home & Garden,test,539.0,566.8670569528483,16.048012,566.8670569528483
2025-01-13,SOUTH,Home & Garden,test,572.0,566.8670569528483,13.271192,566.8670569528483
2025-01-20,SOUTH,Home & Garden,test,538.0,566.8670569528483,14.963265,566.8670569528483
2025-01-27,SOUTH,Home & Garden,test,590.0,566.8670569528483,14.973693,566.8670569528483
2025-02-03,SOUTH,Home & Garden,test,566.0,566.8670569528483,15.326333,566.8670569528483
2025-02-10,SOUTH,Home & Garden,test,559.0,566.8670569528483,14.973693,566.8670569528483
2025-02-17,SOUTH,Home & Garden,test,538.0,566.8670569528483,14.973693,566.8670569528483
2025-02-24,SOUTH,Home & Garden,test,679.0,877.23971458144,20.720425,877.23971458144
2025-03-03,SOUTH,Home & Garden,test,1013.0,1036.8179671041319,13.794821,1036.8179671041319
2025-03-10,SOUTH,Home & Garden,test,1011.0,1111.2274324298776,0.9027604,1111.2274324298776
2025-03-17,SOUTH,Home & Garden,test,1074.0,1185.6368977556233,-2.0861065,1185.6368977556233
2025-03-24,SOUTH,Home & Garden,test,1262.0,1036.0583843896184,0.5900727,1036.0583843896184
2025-03-31,SOUTH,Home & Garden,test,634.0,652.0358441497946,-2.642964,652.0358441497946
2025-04-07,SOUTH,Home & Garden,test,633.0,652.0358441497946,-9.37002,652.0358441497946
2025-04-14,SOUTH,Home & Garden,test,596.0,652.0358441497946,-9.082873,652.0358441497946
2025-04-21,SOUTH,Home & Garden,test,623.0,652.0358441497946,-9.875635,652.0358441497946
2025-04-28,SOUTH,Home & Garden,test,629.0,652.0358441497946,-4.22268,652.0358441497946
2025-05-05,SOUTH,Home & Garden,test,667.0,652.0358441497946,-4.22268,652.0358441497946
2025-05-12,SOUTH,Home & Garden,test,629.0,652.0358441497946,-4.1337485,652.0358441497946
2025-05-19,SOUTH,Home & Garden,test,618.0,652.0358441497946,-14.114045,652.0358441497946
2025-05-26,SOUTH,Home & Garden,test,678.0,733.0040525161546,-11.34931,733.0040525161546
2025-06-02,SOUTH,Home & Garden,test,710.0,733.0040525161546,5.40665,733.0040525161546
2025-06-09,SOUTH,Home & Garden,test,760.0,733.0040525161546,4.828037,733.0040525161546
2025-06-16,SOUTH,Home & Garden,test,758.0,733.0040525161546,4.9730697,733.0040525161546
2025-06-23,SOUTH,Home & Garden,test,765.0,733.0040525161546,5.534244,733.0040525161546
2025-06-30,SOUTH,Home & Garden,test,746.0,733.0040525161546,6.0997987,733.0040525161546
2025-07-07,SOUTH,Home & Garden,test,723.0,733.0040525161546,5.771617,733.0040525161546
2025-07-14,SOUTH,Home & Garden,test,751.0,733.0040525161546,5.493706,733.0040525161546
2025-07-21,SOUTH,Home & Garden,test,754.0,733.0040525161546,6.010866,733.0040525161546
2025-07-28,SOUTH,Home & Garden,test,722.0,733.0040525161546,6.010866,733.0040525161546
2025-08-04,SOUTH,Home & Garden,test,737.0,733.0040525161546,3.9193695,733.0040525161546
2025-08-11,SOUTH,Home & Garden,test,753.0,733.0040525161546,4.286212,733.0040525161546
2025-08-18,SOUTH,Home & Garden,test,792.0,733.0040525161546,4.286212,733.0040525161546
2025-08-25,SOUTH,Home & Garden,test,778.0,733.0040525161546,-9.092895,733.0040525161546
2025-09-01,SOUTH,Home & Garden,test,802.0,757.1931942208614,32.995834,757.1931942208614
2025-09-08,SOUTH,Home & Garden,test,809.0,757.1931942208614,31.27118,757.1931942208614
2025-09-15,SOUTH,Home & Garden,test,844.0,757.1931942208614,30.51674,757.1931942208614
2025-09-22,SOUTH,Home & Garden,test,806.0,757.1931942208614,32.995834,757.1931942208614
2025-09-29,SOUTH,Home & Garden,test,698.0,757.1931942208614,-55.56568,757.1931942208614
2025-10-06,SOUTH,Home & Garden,test,645.0,652.0358441497946,-10.65375,652.0358441497946
2025-10-13,SOUTH,Home & Garden,test,640.0,652.0358441497946,-11.562061,652.0358441497946
2025-10-20,SOUTH,Home & Garden,test,637.0,652.0358441497946,-8.210693,652.0358441497946
2025-10-27,SOUTH,Home & Garden,test,623.0,652.0358441497946,-6.363086,652.0358441497946
2025-11-03,SOUTH,Home & Garden,test,646.0,652.0358441497946,-7.3484936,652.0358441497946
2025-11-10,SOUTH,Home & Garden,test,664.0,652.0358441497946,-7.3484936,652.0358441497946
2025-11-17,SOUTH,Home & Garden,test,715.0,652.0358441497946,-7.748889,652.0358441497946
2025-11-24,SOUTH,Home & Garden,test,643.0,652.0358441497946,-6.8591204,652.0358441497946
2025-12-01,SOUTH,Home & Garden,test,695.0,652.0358441497946,-6.435613,652.0358441497946
2025-12-08,SOUTH,Home & Garden,test,688.0,652.0358441497946,-6.435613,652.0358441497946
2025-12-15,SOUTH,Home & Garden,test,702.0,652.0358441497946,-6.1093082,652.0358441497946
2025-12-22,SOUTH,Home & Garden,test,741.0,652.0358441497946,-6.9373975,652.0358441497946
2024-12-30,SOUTH,Luggage & Bags,test,192.0,174.00010478977288,8.685005,182.68510997776116
2025-01-06,SOUTH,Luggage & Bags,test,202.0,174.00010478977288,8.709017,182.70912158969963
2025-01-13,SOUTH,Luggage & Bags,test,169.0,174.00010478977288,8.709017,182.70912158969963
2025-01-20,SOUTH,Luggage & Bags,test,168.0,174.00010478977288,9.843742,183.84384716037835
2025-01-27,SOUTH,Luggage & Bags,test,186.0,174.00010478977288,9.843742,183.84384716037835
2025-02-03,SOUTH,Luggage & Bags,test,174.0,174.00010478977288,9.843742,183.84384716037835
2025-02-10,SOUTH,Luggage & Bags,test,176.0,174.00010478977288,8.249028,182.24913299564446
2025-02-17,SOUTH,Luggage & Bags,test,210.0,174.00010478977288,8.249028,182.24913299564446
2025-02-24,SOUTH,Luggage & Bags,test,233.0,249.33168702578425,10.064339,259.3960257098663
2025-03-03,SOUTH,Luggage & Bags,test,285.0,313.9058930426163,7.8675575,321.77345056825106
2025-03-10,SOUTH,Luggage & Bags,test,363.0,342.10242893555454,-0.64229876,341.4601301775246
2025-03-17,SOUTH,Luggage & Bags,test,327.0,370.2989648284928,-0.45001307,369.8489517571942
2025-03-24,SOUTH,Luggage & Bags,test,385.0,331.0009016757767,-0.46928003,330.531621641473
2025-03-31,SOUTH,Luggage & Bags,test,186.0,210.37777491366668,-1.5593199,208.81845505988403
2025-04-07,SOUTH,Luggage & Bags,test,192.0,210.37777491366668,-4.091182,206.2865926817636
2025-04-14,SOUTH,Luggage & Bags,test,205.0,210.37777491366668,-4.2776494,206.10012551104828
2025-04-21,SOUTH,Luggage & Bags,test,186.0,210.37777491366668,-4.2776494,206.10012551104828
2025-04-28,SOUTH,Luggage & Bags,test,238.0,210.37777491366668,-2.0077376,208.37003727710052
2025-05-05,SOUTH,Luggage & Bags,test,204.0,210.37777491366668,-1.918806,208.45896895682617
2025-05-12,SOUTH,Luggage & Bags,test,200.0,210.37777491366668,-1.918806,208.45896895682617
2025-05-19,SOUTH,Luggage & Bags,test,198.0,210.37777491366668,-1.918806,208.45896895682617
2025-05-26,SOUTH,Luggage & Bags,test,225.0,232.75689384795018,-3.675976,229.08091780997106
2025-06-02,SOUTH,Luggage & Bags,test,249.0,232.75689384795018,3.3280213,236.08491513586827
2025-06-09,SOUTH,Luggage & Bags,test,212.0,232.75689384795018,3.416953,236.1738469348032
2025-06-16,SOUTH,Luggage & Bags,test,233.0,232.75689384795018,3.416953,236.1738469348032
2025-06-23,SOUTH,Luggage & Bags,test,236.0,232.75689384795018,3.3280213,236.08491513586827
2025-06-30,SOUTH,Luggage & Bags,test,247.0,232.75689384795018,3.3280213,236.08491513586827
2025-07-07,SOUTH,Luggage & Bags,test,233.0,232.75689384795018,3.3280213,236.08491513586827
2025-07-14,SOUTH,Luggage & Bags,test,203.0,232.75689384795018,3.3280213,236.08491513586827
2025-07-21,SOUTH,Luggage & Bags,test,232.0,232.75689384795018,3.416953,236.1738469348032
2025-07-28,SOUTH,Luggage & Bags,test,231.0,232.75689384795018,3.416953,236.1738469348032
2025-08-04,SOUTH,Luggage & Bags,test,222.0,232.75689384795018,3.3280213,236.08491513586827
2025-08-11,SOUTH,Luggage & Bags,test,239.0,232.75689384795018,3.3280213,236.08491513586827
2025-08-18,SOUTH,Luggage & Bags,test,250.0,232.75689384795018,3.3280213,236.08491513586827
2025-08-25,SOUTH,Luggage & Bags,test,234.0,232.75689384795018,-2.8345785,229.92231533385106
2025-09-01,SOUTH,Luggage & Bags,test,249.0,238.76858610651777,9.256603,248.02518934748457
2025-09-08,SOUTH,Luggage & Bags,test,268.0,238.76858610651777,8.740813,247.50939936182783
2025-09-15,SOUTH,Luggage & Bags,test,275.0,238.76858610651777,9.538412,248.30699820063398
2025-09-22,SOUTH,Luggage & Bags,test,246.0,238.76858610651777,9.892774,248.66135973475264
2025-09-29,SOUTH,Luggage & Bags,test,221.0,238.76858610651777,-20.562548,218.20603842280195
2025-10-06,SOUTH,Luggage & Bags,test,187.0,210.37777491366668,-1.552837,208.82493789946838
2025-10-13,SOUTH,Luggage & Bags,test,179.0,210.37777491366668,0.900157,211.27793188845916
2025-10-20,SOUTH,Luggage & Bags,test,194.0,210.37777491366668,-2.451348,207.92642684733673
2025-10-27,SOUTH,Luggage & Bags,test,204.0,210.37777491366668,-2.7377512,207.64002366816803
2025-11-03,SOUTH,Luggage & Bags,test,207.0,210.37777491366668,-2.8266828,207.55109210765167
2025-11-10,SOUTH,Luggage & Bags,test,195.0,210.37777491366668,-2.8266828,207.55109210765167
2025-11-17,SOUTH,Luggage & Bags,test,212.0,210.37777491366668,-2.8266828,207.55109210765167
2025-11-24,SOUTH,Luggage & Bags,test,193.0,210.37777491366668,-2.8266828,207.55109210765167
2025-12-01,SOUTH,Luggage & Bags,test,212.0,210.37777491366668,-2.8266828,207.55109210765167
2025-12-08,SOUTH,Luggage & Bags,test,222.0,210.37777491366668,-2.8266828,207.55109210765167
2025-12-15,SOUTH,Luggage & Bags,test,230.0,210.37777491366668,-2.8266828,207.55109210765167
2025-12-22,SOUTH,Luggage & Bags,test,232.0,210.37777491366668,-2.8266828,207.55109210765167
2024-12-30,SOUTH,Media,test,96.0,87.22296166878661,4.720957,87.22296166878661
2025-01-06,SOUTH,Media,test,90.0,87.22294378647894,4.5061455,87.22294378647894
2025-01-13,SOUTH,Media,test,87.0,87.22293874791455,4.6283474,87.22293874791455
2025-01-20,SOUTH,Media,test,95.0,87.22293732823586,4.7388635,87.22293732823586
2025-01-27,SOUTH,Media,test,69.0,87.22293692822359,4.5061455,87.22293692822359
2025-02-03,SOUTH,Media,test,85.0,87.22293681551511,5.027487,87.22293681551511
2025-02-10,SOUTH,Media,test,97.0,87.22293678375809,5.027487,87.22293678375809
2025-02-17,SOUTH,Media,test,97.0,87.22293677481015,5.736962,87.22293677481015
2025-02-24,SOUTH,Media,test,92.0,127.97727884748492,5.5173416,127.97727884748492
2025-03-03,SOUTH,Media,test,125.0,153.43441435679645,5.0253935,153.43441435679645
2025-03-10,SOUTH,Media,test,160.0,165.33885267275494,-0.73123056,165.33885267275494
2025-03-17,SOUTH,Media,test,155.0,177.24329098885718,-0.64229876,177.24329098885718
2025-03-24,SOUTH,Media,test,185.0,163.17385735601223,-0.64229876,163.17385735601223
2025-03-31,SOUTH,Media,test,113.0,100.7756339651649,-1.7323385,100.7756339651649
2025-04-07,SOUTH,Media,test,98.0,100.77563396516364,-1.7323385,100.77563396516364
2025-04-14,SOUTH,Media,test,111.0,100.77563396516328,-1.918806,100.77563396516328
2025-04-21,SOUTH,Media,test,78.0,100.77563396516318,-1.918806,100.77563396516318
2025-04-28,SOUTH,Media,test,91.0,100.77563396516315,-2.0077376,100.77563396516315
2025-05-05,SOUTH,Media,test,100.0,100.77563396516314,-2.0077376,100.77563396516314
2025-05-12,SOUTH,Media,test,104.0,100.77563396516314,-2.0077376,100.77563396516314
2025-05-19,SOUTH,Media,test,123.0,100.77563396516314,-2.0077376,100.77563396516314
2025-05-26,SOUTH,Media,test,101.0,110.77869439977108,-3.7649078,110.77869439977108
2025-06-02,SOUTH,Media,test,122.0,110.77869439977108,3.3280213,110.77869439977108
2025-06-09,SOUTH,Media,test,124.0,110.77869439977108,3.3280213,110.77869439977108
2025-06-16,SOUTH,Media,test,102.0,110.77869439977108,3.3280213,110.77869439977108
2025-06-23,SOUTH,Media,test,110.0,110.77869439977108,3.3280213,110.77869439977108
2025-06-30,SOUTH,Media,test,118.0,110.77869439977108,3.3280213,110.77869439977108
2025-07-07,SOUTH,Media,test,107.0,110.77869439977108,3.3280213,110.77869439977108
2025-07-14,SOUTH,Media,test,117.0,110.77869439977108,3.3280213,110.77869439977108
2025-07-21,SOUTH,Media,test,104.0,110.77869439977108,3.3280213,110.77869439977108
2025-07-28,SOUTH,Media,test,129.0,110.77869439977108,3.3280213,110.77869439977108
2025-08-04,SOUTH,Media,test,131.0,110.77869439977108,3.3280213,110.77869439977108
2025-08-11,SOUTH,Media,test,111.0,110.77869439977108,3.3280213,110.77869439977108
2025-08-18,SOUTH,Media,test,105.0,110.77869439977108,3.3280213,110.77869439977108
2025-08-25,SOUTH,Media,test,122.0,110.77869439977108,-2.8345785,110.77869439977108
2025-09-01,SOUTH,Media,test,125.0,120.03741590288176,6.0012703,120.03741590288176
2025-09-08,SOUTH,Media,test,109.0,120.03741590288176,6.6562843,120.03741590288176
2025-09-15,SOUTH,Media,test,125.0,120.03741590288176,5.248924,120.03741590288176
2025-09-22,SOUTH,Media,test,135.0,120.03741590288176,6.140493,120.03741590288176
2025-09-29,SOUTH,Media,test,109.0,120.03741590288176,-9.790399,120.03741590288176
2025-10-06,SOUTH,Media,test,90.0,100.77563396516314,-2.7592194,100.77563396516314
2025-10-13,SOUTH,Media,test,103.0,100.77563396516314,-2.6702878,100.77563396516314
2025-10-20,SOUTH,Media,test,76.0,100.77563396516314,-2.5910885,100.77563396516314
2025-10-27,SOUTH,Media,test,95.0,100.77563396516314,-2.8266828,100.77563396516314
2025-11-03,SOUTH,Media,test,102.0,100.77563396516314,-2.8266828,100.77563396516314
2025-11-10,SOUTH,Media,test,98.0,100.77563396516314,-2.8266828,100.77563396516314
2025-11-17,SOUTH,Media,test,74.0,100.77563396516314,-2.8266828,100.77563396516314
2025-11-24,SOUTH,Media,test,101.0,100.77563396516314,-2.8266828,100.77563396516314
2025-12-01,SOUTH,Media,test,112.0,100.77563396516314,-2.8266828,100.77563396516314
2025-12-08,SOUTH,Media,test,107.0,100.77563396516314,-2.8266828,100.77563396516314
2025-12-15,SOUTH,Media,test,106.0,100.77563396516314,-2.8266828,100.77563396516314
2025-12-22,SOUTH,Media,test,107.0,100.77563396516314,-2.8266828,100.77563396516314
2024-12-30,SOUTH,Office Supplies,test,195.0,182.62493669509954,7.9672146,182.62493669509954
2025-01-06,SOUTH,Office Supplies,test,195.0,182.62493669509954,9.683102,182.62493669509954
2025-01-13,SOUTH,Office Supplies,test,189.0,182.62493669509954,8.973629,182.62493669509954
2025-01-20,SOUTH,Office Supplies,test,171.0,182.62493669509954,8.270891,182.62493669509954
2025-01-27,SOUTH,Office Supplies,test,173.0,182.62493669509954,8.973629,182.62493669509954
2025-02-03,SOUTH,Office Supplies,test,194.0,182.62493669509954,9.683102,182.62493669509954
2025-02-10,SOUTH,Office Supplies,test,198.0,182.62493669509954,8.973629,182.62493669509954
2025-02-17,SOUTH,Office Supplies,test,176.0,182.62493669509954,9.672377,182.62493669509954
2025-02-24,SOUTH,Office Supplies,test,224.0,281.08294497950845,10.291103,281.08294497950845
2025-03-03,SOUTH,Office Supplies,test,324.0,327.9046638366416,8.323181,327.9046638366416
2025-03-10,SOUTH,Office Supplies,test,323.0,351.6028292744295,-0.45001307,351.6028292744295
2025-03-17,SOUTH,Office Supplies,test,345.0,375.30099471221746,-0.45001307,375.30099471221746
2025-03-24,SOUTH,Office Supplies,test,426.0,334.9909124965297,-0.46928003,334.9909124965297
2025-03-31,SOUTH,Office Supplies,test,242.0,205.74849011444473,-1.5593199,205.74849011444473
2025-04-07,SOUTH,Office Supplies,test,233.0,205.74849011444473,-1.9618586,205.74849011444473
2025-04-14,SOUTH,Office Supplies,test,187.0,205.74849011444473,-4.2776494,205.74849011444473
2025-04-21,SOUTH,Office Supplies,test,196.0,205.74849011444473,-4.0038757,205.74849011444473
2025-04-28,SOUTH,Office Supplies,test,210.0,205.74849011444473,-1.918806,205.74849011444473
2025-05-05,SOUTH,Office Supplies,test,184.0,205.74849011444473,-1.918806,205.74849011444473
2025-05-12,SOUTH,Office Supplies,test,195.0,205.74849011444473,-2.0077376,205.74849011444473
2025-05-19,SOUTH,Office Supplies,test,163.0,205.74849011444473,-2.0077376,205.74849011444473
2025-05-26,SOUTH,Office Supplies,test,186.0,238.82745637373094,-3.675976,238.82745637373094
2025-06-02,SOUTH,Office Supplies,test,233.0,238.82745637373094,3.3280213,238.82745637373094
2025-06-09,SOUTH,Office Supplies,test,247.0,238.82745637373094,3.416953,238.82745637373094
2025-06-16,SOUTH,Office Supplies,test,264.0,238.82745637373094,3.416953,238.82745637373094
2025-06-23,SOUTH,Office Supplies,test,221.0,238.82745637373094,3.416953,238.82745637373094
2025-06-30,SOUTH,Office Supplies,test,239.0,238.82745637373094,3.416953,238.82745637373094
2025-07-07,SOUTH,Office Supplies,test,260.0,238.82745637373094,3.3280213,238.82745637373094
2025-07-14,SOUTH,Office Supplies,test,247.0,238.82745637373094,3.416953,238.82745637373094
2025-07-21,SOUTH,Office Supplies,test,260.0,238.82745637373094,3.3280213,238.82745637373094
2025-07-28,SOUTH,Office Supplies,test,241.0,238.82745637373094,3.3280213,238.82745637373094
2025-08-04,SOUTH,Office Supplies,test,250.0,238.82745637373094,3.3280213,238.82745637373094
2025-08-11,SOUTH,Office Supplies,test,251.0,238.82745637373094,3.3280213,238.82745637373094
2025-08-18,SOUTH,Office Supplies,test,232.0,238.82745637373094,3.3280213,238.82745637373094
2025-08-25,SOUTH,Office Supplies,test,233.0,238.82745637373094,-2.8345785,238.82745637373094
2025-09-01,SOUTH,Office Supplies,test,272.0,230.15390647460998,10.658663,230.15390647460998
2025-09-08,SOUTH,Office Supplies,test,251.0,230.15390647460998,10.508558,230.15390647460998
2025-09-15,SOUTH,Office Supplies,test,252.0,230.15390647460998,11.294833,230.15390647460998
2025-09-22,SOUTH,Office Supplies,test,246.0,230.15390647460998,10.685057,230.15390647460998
2025-09-29,SOUTH,Office Supplies,test,211.0,230.15390647460998,-20.165339,230.15390647460998
2025-10-06,SOUTH,Office Supplies,test,211.0,205.74849011444473,-2.1268237,205.74849011444473
2025-10-13,SOUTH,Office Supplies,test,212.0,205.74849011444473,-2.1268237,205.74849011444473
2025-10-20,SOUTH,Office Supplies,test,219.0,205.74849011444473,-2.8266828,205.74849011444473
2025-10-27,SOUTH,Office Supplies,test,214.0,205.74849011444473,-2.8266828,205.74849011444473
2025-11-03,SOUTH,Office Supplies,test,195.0,205.74849011444473,-2.8266828,205.74849011444473
2025-11-10,SOUTH,Office Supplies,test,197.0,205.74849011444473,-2.8266828,205.74849011444473
2025-11-17,SOUTH,Office Supplies,test,199.0,205.74849011444473,-2.8266828,205.74849011444473
2025-11-24,SOUTH,Office Supplies,test,203.0,205.74849011444473,-2.8266828,205.74849011444473
2025-12-01,SOUTH,Office Supplies,test,234.0,205.74849011444473,-2.8266828,205.74849011444473
2025-12-08,SOUTH,Office Supplies,test,212.0,205.74849011444473,-2.8266828,205.74849011444473
2025-12-15,SOUTH,Office Supplies,test,218.0,205.74849011444473,-2.8266828,205.74849011444473
2025-12-22,SOUTH,Office Supplies,test,220.0,205.74849011444473,-2.8266828,205.74849011444473
2024-12-30,SOUTH,Software,test,29.0,14.861157089659438,4.463973,14.861157089659438
2025-01-06,SOUTH,Software,test,27.0,14.860391646288372,4.138646,14.860391646288372
2025-01-13,SOUTH,Software,test,17.0,14.860698823582267,4.138646,14.860698823582267
2025-01-20,SOUTH,Software,test,13.0,14.860575551380233,4.463973,14.860575551380233
2025-01-27,SOUTH,Software,test,20.0,14.86062502129906,4.3713636,14.86062502129906
2025-02-03,SOUTH,Software,test,19.0,14.86060516870595,4.3713636,14.86060516870595
2025-02-10,SOUTH,Software,test,12.0,14.86061313567785,4.138646,14.86061313567785
2025-02-17,SOUTH,Software,test,19.0,14.860609938481346,4.138646,14.860609938481346
2025-02-24,SOUTH,Software,test,24.0,30.156893852942495,4.138646,30.156893852942495
2025-03-03,SOUTH,Software,test,31.0,34.171414845481756,4.131555,34.171414845481756
2025-03-10,SOUTH,Software,test,29.0,33.023082964756966,-0.73123056,33.023082964756966
2025-03-17,SOUTH,Software,test,34.0,31.87475079447751,-0.73123056,31.87475079447751
2025-03-24,SOUTH,Software,test,38.0,33.27140174194073,-0.73123056,33.27140174194073
2025-03-31,SOUTH,Software,test,17.0,20.023464445064842,-1.8212703,20.023464445064842
2025-04-07,SOUTH,Software,test,24.0,20.023464450424065,-1.8212703,20.023464450424065
2025-04-14,SOUTH,Software,test,16.0,20.023464448273373,-2.0077376,20.023464448273373
2025-04-21,SOUTH,Software,test,19.0,20.02346444913646,-2.0077376,20.02346444913646
2025-04-28,SOUTH,Software,test,24.0,20.023464448790097,-2.0077376,20.023464448790097
2025-05-05,SOUTH,Software,test,21.0,20.023464448929094,-2.0077376,20.023464448929094
2025-05-12,SOUTH,Software,test,15.0,20.023464448873316,-2.0077376,20.023464448873316
2025-05-19,SOUTH,Software,test,29.0,20.023464448895698,-2.0077376,20.023464448895698
2025-05-26,SOUTH,Software,test,20.0,21.2032165823046,-3.7649078,21.2032165823046
2025-06-02,SOUTH,Software,test,31.0,21.203216582308205,3.3280213,21.203216582308205
2025-06-09,SOUTH,Software,test,22.0,21.203216582306755,3.3280213,21.203216582306755
2025-06-16,SOUTH,Software,test,26.0,21.203216582307338,3.3280213,21.203216582307338
2025-06-23,SOUTH,Software,test,25.0,21.203216582307103,3.3280213,21.203216582307103
2025-06-30,SOUTH,Software,test,20.0,21.2032165823072,3.3280213,21.2032165823072
2025-07-07,SOUTH,Software,test,21.0,21.20321658230716,3.3280213,21.20321658230716
2025-07-14,SOUTH,Software,test,22.0,21.203216582307174,3.3280213,21.203216582307174
2025-07-21,SOUTH,Software,test,26.0,21.20321658230717,3.3280213,21.20321658230717
2025-07-28,SOUTH,Software,test,18.0,21.20321658230717,3.3280213,21.20321658230717
2025-08-04,SOUTH,Software,test,28.0,21.20321658230717,3.3280213,21.20321658230717
2025-08-11,SOUTH,Software,test,23.0,21.20321658230717,3.3280213,21.20321658230717
2025-08-18,SOUTH,Software,test,31.0,21.20321658230717,3.3280213,21.20321658230717
2025-08-25,SOUTH,Software,test,27.0,21.20321658230717,-2.8345785,21.20321658230717
2025-09-01,SOUTH,Software,test,32.0,26.046796971602166,4.7331324,26.046796971602166
2025-09-08,SOUTH,Software,test,34.0,26.046796971602166,4.7331324,26.046796971602166
2025-09-15,SOUTH,Software,test,20.0,26.046796971602166,4.7331324,26.046796971602166
2025-09-22,SOUTH,Software,test,17.0,26.046796971602166,4.7331324,26.046796971602166
2025-09-29,SOUTH,Software,test,20.0,26.046796971602166,-9.165405,26.046796971602166
2025-10-06,SOUTH,Software,test,26.0,20.02346444888929,-2.7592194,20.02346444888929
2025-10-13,SOUTH,Software,test,16.0,20.02346444888929,-2.7592194,20.02346444888929
2025-10-20,SOUTH,Software,test,15.0,20.02346444888929,-2.8266828,20.02346444888929
2025-10-27,SOUTH,Software,test,19.0,20.02346444888929,-2.8266828,20.02346444888929
2025-11-03,SOUTH,Software,test,21.0,20.02346444888929,-2.8266828,20.02346444888929
2025-11-10,SOUTH,Software,test,23.0,20.02346444888929,-2.8266828,20.02346444888929
2025-11-17,SOUTH,Software,test,21.0,20.02346444888929,-2.8266828,20.02346444888929
2025-11-24,SOUTH,Software,test,22.0,20.02346444888929,-2.8266828,20.02346444888929
2025-12-01,SOUTH,Software,test,13.0,20.02346444888929,-2.8266828,20.02346444888929
2025-12-08,SOUTH,Software,test,23.0,20.02346444888929,-2.8266828,20.02346444888929
2025-12-15,SOUTH,Software,test,24.0,20.02346444888929,-2.8266828,20.02346444888929
2025-12-22,SOUTH,Software,test,17.0,20.02346444888929,-2.8266828,20.02346444888929
2024-12-30,SOUTH,Sporting Goods,test,172.0,188.2378958497923,8.289303,188.2378958497923
2025-01-06,SOUTH,Sporting Goods,test,191.0,188.2378958497923,10.430441,188.2378958497923
2025-01-13,SOUTH,Sporting Goods,test,171.0,188.2378958497923,10.430441,188.2378958497923
2025-01-20,SOUTH,Sporting Goods,test,178.0,188.2378958497923,10.199406,188.2378958497923
2025-01-27,SOUTH,Sporting Goods,test,196.0,188.2378958497923,8.1570015,188.2378958497923
2025-02-03,SOUTH,Sporting Goods,test,203.0,188.2378958497923,10.00519,188.2378958497923
2025-02-10,SOUTH,Sporting Goods,test,197.0,188.2378958497923,9.994465,188.2378958497923
2025-02-17,SOUTH,Sporting Goods,test,186.0,188.2378958497923,9.295717,188.2378958497923
2025-02-24,SOUTH,Sporting Goods,test,212.0,274.9543389644308,9.588367,274.9543389644308
2025-03-03,SOUTH,Sporting Goods,test,329.0,312.4024899233008,8.465178,312.4024899233008
2025-03-10,SOUTH,Sporting Goods,test,344.0,336.10237488107526,-0.45001307,336.10237488107526
2025-03-17,SOUTH,Sporting Goods,test,399.0,359.80225983884975,-0.7634577,359.80225983884975
2025-03-24,SOUTH,Sporting Goods,test,409.0,363.00196619608073,-0.7634577,363.00196619608073
2025-03-31,SOUTH,Sporting Goods,test,209.0,201.98616185088775,-1.5593199,201.98616185088775
2025-04-07,SOUTH,Sporting Goods,test,189.0,201.98616185088775,-4.091182,201.98616185088775
2025-04-14,SOUTH,Sporting Goods,test,198.0,201.98616185088775,-4.0038757,201.98616185088775
2025-04-21,SOUTH,Sporting Goods,test,212.0,201.98616185088775,-4.0038757,201.98616185088775
2025-04-28,SOUTH,Sporting Goods,test,219.0,201.98616185088775,-2.0077376,201.98616185088775
2025-05-05,SOUTH,Sporting Goods,test,197.0,201.98616185088775,-2.0077376,201.98616185088775
2025-05-12,SOUTH,Sporting Goods,test,177.0,201.98616185088775,-2.0077376,201.98616185088775
2025-05-19,SOUTH,Sporting Goods,test,228.0,201.98616185088775,-1.918806,201.98616185088775
2025-05-26,SOUTH,Sporting Goods,test,230.0,238.55505545292198,-6.542884,238.55505545292198
2025-06-02,SOUTH,Sporting Goods,test,279.0,238.55505545292198,3.416953,238.55505545292198
2025-06-09,SOUTH,Sporting Goods,test,229.0,238.55505545292198,3.416953,238.55505545292198
2025-06-16,SOUTH,Sporting Goods,test,248.0,238.55505545292198,3.416953,238.55505545292198
2025-06-23,SOUTH,Sporting Goods,test,239.0,238.55505545292198,3.416953,238.55505545292198
2025-06-30,SOUTH,Sporting Goods,test,232.0,238.55505545292198,3.416953,238.55505545292198
2025-07-07,SOUTH,Sporting Goods,test,223.0,238.55505545292198,3.3280213,238.55505545292198
2025-07-14,SOUTH,Sporting Goods,test,256.0,238.55505545292198,3.3280213,238.55505545292198
2025-07-21,SOUTH,Sporting Goods,test,247.0,238.55505545292198,3.3280213,238.55505545292198
2025-07-28,SOUTH,Sporting Goods,test,256.0,238.55505545292198,3.3280213,238.55505545292198
2025-08-04,SOUTH,Sporting Goods,test,226.0,238.55505545292198,3.3280213,238.55505545292198
2025-08-11,SOUTH,Sporting Goods,test,253.0,238.55505545292198,3.3280213,238.55505545292198
2025-08-18,SOUTH,Sporting Goods,test,245.0,238.55505545292198,3.3280213,238.55505545292198
2025-08-25,SOUTH,Sporting Goods,test,220.0,238.55505545292198,-2.8345785,238.55505545292198
2025-09-01,SOUTH,Sporting Goods,test,307.0,252.2406463385269,9.96301,252.2406463385269
2025-09-08,SOUTH,Sporting Goods,test,242.0,252.2406463385269,11.769464,252.2406463385269
2025-09-15,SOUTH,Sporting Goods,test,275.0,252.2406463385269,11.51405,252.2406463385269
2025-09-22,SOUTH,Sporting Goods,test,266.0,252.2406463385269,11.769464,252.2406463385269
2025-09-29,SOUTH,Sporting Goods,test,212.0,252.2406463385269,-22.06577,252.2406463385269
2025-10-06,SOUTH,Sporting Goods,test,213.0,201.98616185088775,-3.8079953,201.98616185088775
2025-10-13,SOUTH,Sporting Goods,test,190.0,201.98616185088775,0.24331746,201.98616185088775
2025-10-20,SOUTH,Sporting Goods,test,220.0,201.98616185088775,-1.3338972,201.98616185088775
2025-10-27,SOUTH,Sporting Goods,test,196.0,201.98616185088775,-2.8266828,201.98616185088775
2025-11-03,SOUTH,Sporting Goods,test,209.0,201.98616185088775,-2.8266828,201.98616185088775
2025-11-10,SOUTH,Sporting Goods,test,195.0,201.98616185088775,-2.8266828,201.98616185088775
2025-11-17,SOUTH,Sporting Goods,test,183.0,201.98616185088775,-2.8266828,201.98616185088775
2025-11-24,SOUTH,Sporting Goods,test,209.0,201.98616185088775,-2.8266828,201.98616185088775
2025-12-01,SOUTH,Sporting Goods,test,224.0,201.98616185088775,-2.8266828,201.98616185088775
2025-12-08,SOUTH,Sporting Goods,test,223.0,201.98616185088775,-2.8266828,201.98616185088775
2025-12-15,SOUTH,Sporting Goods,test,217.0,201.98616185088775,-2.5910885,201.98616185088775
2025-12-22,SOUTH,Sporting Goods,test,226.0,201.98616185088775,-2.8266828,201.98616185088775
2024-12-30,SOUTH,Vehicles & Parts,test,197.0,189.99894903244927,9.007093,199.0060424620147
2025-01-06,SOUTH,Vehicles & Parts,test,184.0,189.99894903244927,9.295717,199.29466627182916
2025-01-13,SOUTH,Vehicles & Parts,test,182.0,189.99894903244927,10.430441,200.42938993515924
2025-01-20,SOUTH,Vehicles & Parts,test,163.0,189.99894903244927,10.00519,200.00413892807916
2025-01-27,SOUTH,Vehicles & Parts,test,204.0,189.99894903244927,10.430441,200.42938993515924
2025-02-03,SOUTH,Vehicles & Parts,test,175.0,189.99894903244927,9.590773,199.58972166123345
2025-02-10,SOUTH,Vehicles & Parts,test,180.0,189.99894903244927,10.430441,200.42938993515924
2025-02-17,SOUTH,Vehicles & Parts,test,161.0,189.99894903244927,9.994465,199.99341390671685
2025-02-24,SOUTH,Vehicles & Parts,test,193.0,321.46713179288184,10.90847,332.37560194669044
2025-03-03,SOUTH,Vehicles & Parts,test,304.0,345.185573584249,7.1859374,352.3715109888816
2025-03-10,SOUTH,Vehicles & Parts,test,304.0,348.7921645908656,-0.6230318,348.1691327958407
2025-03-17,SOUTH,Vehicles & Parts,test,360.0,352.39875559748214,-0.6230318,351.77572380245726
2025-03-24,SOUTH,Vehicles & Parts,test,383.0,333.0352841300797,-0.45001307,332.5852710587811
2025-03-31,SOUTH,Vehicles & Parts,test,196.0,210.11079981719988,-1.5593199,208.55147996341722
2025-04-07,SOUTH,Vehicles & Parts,test,180.0,210.11079981719988,-3.8600943,206.25070550834673
2025-04-14,SOUTH,Vehicles & Parts,test,190.0,210.11079981719988,-4.0038757,206.106924084778
2025-04-21,SOUTH,Vehicles & Parts,test,195.0,210.11079981719988,-4.2776494,205.83315041458147
2025-04-28,SOUTH,Vehicles & Parts,test,200.0,210.11079981719988,-2.0077376,208.1030621806337
2025-05-05,SOUTH,Vehicles & Parts,test,191.0,210.11079981719988,-2.0077376,208.1030621806337
2025-05-12,SOUTH,Vehicles & Parts,test,223.0,210.11079981719988,-2.0077376,208.1030621806337
2025-05-19,SOUTH,Vehicles & Parts,test,198.0,210.11079981719988,-2.0077376,208.1030621806337
2025-05-26,SOUTH,Vehicles & Parts,test,209.0,232.13905606328606,-3.7649078,228.374148226372
2025-06-02,SOUTH,Vehicles & Parts,test,223.0,232.13905606328606,3.3280213,235.46707735120415
2025-06-09,SOUTH,Vehicles & Parts,test,228.0,232.13905606328606,3.3280213,235.46707735120415
2025-06-16,SOUTH,Vehicles & Parts,test,230.0,232.13905606328606,3.3280213,235.46707735120415
2025-06-23,SOUTH,Vehicles & Parts,test,258.0,232.13905606328606,3.3280213,235.46707735120415
2025-06-30,SOUTH,Vehicles & Parts,test,228.0,232.13905606328606,3.3280213,235.46707735120415
2025-07-07,SOUTH,Vehicles & Parts,test,240.0,232.13905606328606,3.3280213,235.46707735120415
2025-07-14,SOUTH,Vehicles & Parts,test,275.0,232.13905606328606,3.3280213,235.46707735120415
2025-07-21,SOUTH,Vehicles & Parts,test,253.0,232.13905606328606,3.416953,235.5560091501391
2025-07-28,SOUTH,Vehicles & Parts,test,258.0,232.13905606328606,3.416953,235.5560091501391
2025-08-04,SOUTH,Vehicles & Parts,test,232.0,232.13905606328606,3.3280213,235.46707735120415
2025-08-11,SOUTH,Vehicles & Parts,test,286.0,232.13905606328606,3.3280213,235.46707735120415
2025-08-18,SOUTH,Vehicles & Parts,test,235.0,232.13905606328606,3.416953,235.5560091501391
2025-08-25,SOUTH,Vehicles & Parts,test,238.0,232.13905606328606,-2.745647,229.3934091097033
2025-09-01,SOUTH,Vehicles & Parts,test,268.0,243.15906221903774,10.359431,253.5184934858224
2025-09-08,SOUTH,Vehicles & Parts,test,263.0,243.15906221903774,12.06193,255.22099192179653
2025-09-15,SOUTH,Vehicles & Parts,test,257.0,243.15906221903774,11.644447,254.8035095456979
2025-09-22,SOUTH,Vehicles & Parts,test,272.0,243.15906221903774,11.664154,254.8232162717721
2025-09-29,SOUTH,Vehicles & Parts,test,234.0,243.15906221903774,-20.562548,222.59651453532192
2025-10-06,SOUTH,Vehicles & Parts,test,204.0,210.11079981719988,-4.249368,205.8614316264345
2025-10-13,SOUTH,Vehicles & Parts,test,197.0,210.11079981719988,-2.1268237,207.98397615348833
2025-10-20,SOUTH,Vehicles & Parts,test,194.0,210.11079981719988,0.32251704,210.43331685459154
2025-10-27,SOUTH,Vehicles & Parts,test,187.0,210.11079981719988,-2.7377512,207.37304857170122
2025-11-03,SOUTH,Vehicles & Parts,test,215.0,210.11079981719988,-2.8266828,207.28411701118486
2025-11-10,SOUTH,Vehicles & Parts,test,194.0,210.11079981719988,-2.8266828,207.28411701118486
2025-11-17,SOUTH,Vehicles & Parts,test,214.0,210.11079981719988,-2.8266828,207.28411701118486
2025-11-24,SOUTH,Vehicles & Parts,test,201.0,210.11079981719988,-2.8266828,207.28411701118486
2025-12-01,SOUTH,Vehicles & Parts,test,231.0,210.11079981719988,-2.8266828,207.28411701118486
2025-12-08,SOUTH,Vehicles & Parts,test,239.0,210.11079981719988,-2.8266828,207.28411701118486
2025-12-15,SOUTH,Vehicles & Parts,test,199.0,210.11079981719988,-2.8266828,207.28411701118486
2025-12-22,SOUTH,Vehicles & Parts,test,210.0,210.11079981719988,-2.5910885,207.5197112837984
2024-12-30,WEST,Animals & Pet Supplies,test,216.0,202.4978786697149,9.555258,202.4978786697149
2025-01-06,WEST,Animals & Pet Supplies,test,204.0,202.4978786697149,9.831371,202.4978786697149
2025-01-13,WEST,Animals & Pet Supplies,test,223.0,202.4978786697149,9.831371,202.4978786697149
2025-01-20,WEST,Animals & Pet Supplies,test,205.0,202.4978786697149,9.748938,202.4978786697149
2025-01-27,WEST,Animals & Pet Supplies,test,213.0,202.4978786697149,9.334824,202.4978786697149
2025-02-03,WEST,Animals & Pet Supplies,test,217.0,202.4978786697149,9.334824,202.4978786697149
2025-02-10,WEST,Animals & Pet Supplies,test,196.0,202.4978786697149,9.748938,202.4978786697149
2025-02-17,WEST,Animals & Pet Supplies,test,191.0,202.4978786697149,9.334824,202.4978786697149
2025-02-24,WEST,Animals & Pet Supplies,test,260.0,300.40040787478097,10.409824,300.40040787478097
2025-03-03,WEST,Animals & Pet Supplies,test,354.0,344.29651635527125,7.8675575,344.29651635527125
2025-03-10,WEST,Animals & Pet Supplies,test,362.0,361.69450094961167,-0.45001307,361.69450094961167
2025-03-17,WEST,Animals & Pet Supplies,test,411.0,379.0924855439521,-0.7634577,379.0924855439521
2025-03-24,WEST,Animals & Pet Supplies,test,410.0,397.9877713327202,-0.45001307,397.9877713327202
2025-03-31,WEST,Animals & Pet Supplies,test,196.0,228.9960025558648,-1.5593199,228.9960025558648
2025-04-07,WEST,Animals & Pet Supplies,test,216.0,228.9960025558648,-3.8174076,228.9960025558648
2025-04-14,WEST,Animals & Pet Supplies,test,214.0,228.9960025558648,-4.0038757,228.9960025558648
2025-04-21,WEST,Animals & Pet Supplies,test,224.0,228.9960025558648,-4.2776494,228.9960025558648
2025-04-28,WEST,Animals & Pet Supplies,test,252.0,228.9960025558648,-2.0077376,228.9960025558648
2025-05-05,WEST,Animals & Pet Supplies,test,218.0,228.9960025558648,-2.0077376,228.9960025558648
2025-05-12,WEST,Animals & Pet Supplies,test,220.0,228.9960025558648,-2.0077376,228.9960025558648
2025-05-19,WEST,Animals & Pet Supplies,test,222.0,228.9960025558648,-2.0077376,228.9960025558648
2025-05-26,WEST,Animals & Pet Supplies,test,234.0,270.7035444581246,-9.457204,270.7035444581246
2025-06-02,WEST,Animals & Pet Supplies,test,237.0,270.7035444581246,3.3280213,270.7035444581246
2025-06-09,WEST,Animals & Pet Supplies,test,268.0,270.7035444581246,3.3280213,270.7035444581246
2025-06-16,WEST,Animals & Pet Supplies,test,273.0,270.7035444581246,3.416953,270.7035444581246
2025-06-23,WEST,Animals & Pet Supplies,test,292.0,270.7035444581246,3.416953,270.7035444581246
2025-06-30,WEST,Animals & Pet Supplies,test,299.0,270.7035444581246,3.416953,270.7035444581246
2025-07-07,WEST,Animals & Pet Supplies,test,254.0,270.7035444581246,3.3280213,270.7035444581246
2025-07-14,WEST,Animals & Pet Supplies,test,258.0,270.7035444581246,3.416953,270.7035444581246
2025-07-21,WEST,Animals & Pet Supplies,test,268.0,270.7035444581246,3.416953,270.7035444581246
2025-07-28,WEST,Animals & Pet Supplies,test,236.0,270.7035444581246,3.416953,270.7035444581246
2025-08-04,WEST,Animals & Pet Supplies,test,262.0,270.7035444581246,3.3280213,270.7035444581246
2025-08-11,WEST,Animals & Pet Supplies,test,256.0,270.7035444581246,3.3280213,270.7035444581246
2025-08-18,WEST,Animals & Pet Supplies,test,257.0,270.7035444581246,3.3280213,270.7035444581246
2025-08-25,WEST,Animals & Pet Supplies,test,282.0,270.7035444581246,-2.8345785,270.7035444581246
2025-09-01,WEST,Animals & Pet Supplies,test,321.0,276.04258346284786,11.362638,276.04258346284786
2025-09-08,WEST,Animals & Pet Supplies,test,274.0,276.04258346284786,12.034894,276.04258346284786
2025-09-15,WEST,Animals & Pet Supplies,test,282.0,276.04258346284786,12.32736,276.04258346284786
2025-09-22,WEST,Animals & Pet Supplies,test,292.0,276.04258346284786,10.624862,276.04258346284786
2025-09-29,WEST,Animals & Pet Supplies,test,236.0,276.04258346284786,-25.405006,276.04258346284786
2025-10-06,WEST,Animals & Pet Supplies,test,212.0,228.9960025558648,-4.0703135,228.9960025558648
2025-10-13,WEST,Animals & Pet Supplies,test,215.0,228.9960025558648,1.0558679,228.9960025558648
2025-10-20,WEST,Animals & Pet Supplies,test,219.0,228.9960025558648,0.9156934,228.9960025558648
2025-10-27,WEST,Animals & Pet Supplies,test,205.0,228.9960025558648,-2.840304,228.9960025558648
2025-11-03,WEST,Animals & Pet Supplies,test,220.0,228.9960025558648,-2.6709716,228.9960025558648
2025-11-10,WEST,Animals & Pet Supplies,test,212.0,228.9960025558648,-2.6709716,228.9960025558648
2025-11-17,WEST,Animals & Pet Supplies,test,223.0,228.9960025558648,-2.6709716,228.9960025558648
2025-11-24,WEST,Animals & Pet Supplies,test,208.0,228.9960025558648,-2.6709716,228.9960025558648
2025-12-01,WEST,Animals & Pet Supplies,test,241.0,228.9960025558648,-2.6709716,228.9960025558648
2025-12-08,WEST,Animals & Pet Supplies,test,240.0,228.9960025558648,-2.6709716,228.9960025558648
2025-12-15,WEST,Animals & Pet Supplies,test,246.0,228.9960025558648,-2.6709716,228.9960025558648
2025-12-22,WEST,Animals & Pet Supplies,test,284.0,228.9960025558648,-2.6709716,228.9960025558648
2024-12-30,WEST,Apparel & Accessories,test,417.0,406.355095319053,13.66106,406.355095319053
2025-01-06,WEST,Apparel & Accessories,test,397.0,406.355095319053,10.774593,406.355095319053
2025-01-13,WEST,Apparel & Accessories,test,380.0,406.355095319053,10.774593,406.355095319053
2025-01-20,WEST,Apparel & Accessories,test,411.0,406.355095319053,10.040594,406.355095319053
2025-01-27,WEST,Apparel & Accessories,test,393.0,406.355095319053,10.963282,406.355095319053
2025-02-03,WEST,Apparel & Accessories,test,371.0,406.355095319053,11.444452,406.355095319053
2025-02-10,WEST,Apparel & Accessories,test,403.0,406.355095319053,11.847401,406.355095319053
2025-02-17,WEST,Apparel & Accessories,test,409.0,406.355095319053,11.542803,406.355095319053
2025-02-24,WEST,Apparel & Accessories,test,466.0,600.2982577331202,16.561583,600.2982577331202
2025-03-03,WEST,Apparel & Accessories,test,679.0,706.4079690760077,12.543879,706.4079690760077
2025-03-10,WEST,Apparel & Accessories,test,733.0,771.135988025953,-0.37452927,771.135988025953
2025-03-17,WEST,Apparel & Accessories,test,745.0,835.8640069758983,-0.37452927,835.8640069758983
2025-03-24,WEST,Apparel & Accessories,test,854.0,780.9490161497131,-0.37452927,780.9490161497131
2025-03-31,WEST,Apparel & Accessories,test,466.0,447.7367877119951,-1.369866,447.7367877119951
2025-04-07,WEST,Apparel & Accessories,test,461.0,447.7367877119951,-3.134062,447.7367877119951
2025-04-14,WEST,Apparel & Accessories,test,455.0,447.7367877119951,-3.3205295,447.7367877119951
2025-04-21,WEST,Apparel & Accessories,test,465.0,447.7367877119951,-3.9860353,447.7367877119951
2025-04-28,WEST,Apparel & Accessories,test,461.0,447.7367877119951,-1.9919213,447.7367877119951
2025-05-05,WEST,Apparel & Accessories,test,456.0,447.7367877119951,-1.9919213,447.7367877119951
2025-05-12,WEST,Apparel & Accessories,test,430.0,447.7367877119951,-2.323575,447.7367877119951
2025-05-19,WEST,Apparel & Accessories,test,472.0,447.7367877119951,-2.9777496,447.7367877119951
2025-05-26,WEST,Apparel & Accessories,test,481.0,530.2695729498732,-11.258827,530.2695729498732
2025-06-02,WEST,Apparel & Accessories,test,554.0,530.2695729498732,4.0314674,530.2695729498732
2025-06-09,WEST,Apparel & Accessories,test,520.0,530.2695729498732,4.0314674,530.2695729498732
2025-06-16,WEST,Apparel & Accessories,test,515.0,530.2695729498732,3.8432899,530.2695729498732
2025-06-23,WEST,Apparel & Accessories,test,514.0,530.2695729498732,4.0314674,530.2695729498732
2025-06-30,WEST,Apparel & Accessories,test,536.0,530.2695729498732,4.0314674,530.2695729498732
2025-07-07,WEST,Apparel & Accessories,test,503.0,530.2695729498732,3.9425359,530.2695729498732
2025-07-14,WEST,Apparel & Accessories,test,561.0,530.2695729498732,3.6379383,530.2695729498732
2025-07-21,WEST,Apparel & Accessories,test,520.0,530.2695729498732,3.72687,530.2695729498732
2025-07-28,WEST,Apparel & Accessories,test,544.0,530.2695729498732,4.256073,530.2695729498732
2025-08-04,WEST,Apparel & Accessories,test,522.0,530.2695729498732,3.72687,530.2695729498732
2025-08-11,WEST,Apparel & Accessories,test,547.0,530.2695729498732,4.256073,530.2695729498732
2025-08-18,WEST,Apparel & Accessories,test,547.0,530.2695729498732,3.6379383,530.2695729498732
2025-08-25,WEST,Apparel & Accessories,test,516.0,530.2695729498732,-9.69286,530.2695729498732
2025-09-01,WEST,Apparel & Accessories,test,598.0,560.7112933217184,20.19752,560.7112933217184
2025-09-08,WEST,Apparel & Accessories,test,598.0,560.7112933217184,19.757246,560.7112933217184
2025-09-15,WEST,Apparel & Accessories,test,623.0,560.7112933217184,20.618105,560.7112933217184
2025-09-22,WEST,Apparel & Accessories,test,589.0,560.7112933217184,20.618105,560.7112933217184
2025-09-29,WEST,Apparel & Accessories,test,492.0,560.7112933217184,-41.680523,560.7112933217184
2025-10-06,WEST,Apparel & Accessories,test,443.0,447.7367877119951,-7.4403944,447.7367877119951
2025-10-13,WEST,Apparel & Accessories,test,439.0,447.7367877119951,-8.929384,447.7367877119951
2025-10-20,WEST,Apparel & Accessories,test,411.0,447.7367877119951,-7.1569295,447.7367877119951
2025-10-27,WEST,Apparel & Accessories,test,406.0,447.7367877119951,-6.363568,447.7367877119951
2025-11-03,WEST,Apparel & Accessories,test,435.0,447.7367877119951,-6.363568,447.7367877119951
2025-11-10,WEST,Apparel & Accessories,test,431.0,447.7367877119951,-6.4186277,447.7367877119951
2025-11-17,WEST,Apparel & Accessories,test,410.0,447.7367877119951,-6.599162,447.7367877119951
2025-11-24,WEST,Apparel & Accessories,test,471.0,447.7367877119951,-6.599162,447.7367877119951
2025-12-01,WEST,Apparel & Accessories,test,482.0,447.7367877119951,-6.2391872,447.7367877119951
2025-12-08,WEST,Apparel & Accessories,test,482.0,447.7367877119951,-6.2391872,447.7367877119951
2025-12-15,WEST,Apparel & Accessories,test,472.0,447.7367877119951,-6.2391872,447.7367877119951
2025-12-22,WEST,Apparel & Accessories,test,460.0,447.7367877119951,-6.4747815,447.7367877119951
2024-12-30,WEST,Arts & Entertainment,test,397.0,358.6241967771761,11.444452,358.6241967771761
2025-01-06,WEST,Arts & Entertainment,test,343.0,358.6241967771761,12.216299,358.6241967771761
2025-01-13,WEST,Arts & Entertainment,test,345.0,358.6241967771761,10.255011,358.6241967771761
2025-01-20,WEST,Arts & Entertainment,test,324.0,358.6241967771761,10.255011,358.6241967771761
2025-01-27,WEST,Arts & Entertainment,test,351.0,358.6241967771761,10.255011,358.6241967771761
2025-02-03,WEST,Arts & Entertainment,test,367.0,358.6241967771761,11.444452,358.6241967771761
2025-02-10,WEST,Arts & Entertainment,test,349.0,358.6241967771761,12.061817,358.6241967771761
2025-02-17,WEST,Arts & Entertainment,test,355.0,358.6241967771761,12.061817,358.6241967771761
2025-02-24,WEST,Arts & Entertainment,test,381.0,498.4136224082207,11.36484,498.4136224082207
2025-03-03,WEST,Arts & Entertainment,test,590.0,597.6743193596122,12.910568,597.6743193596122
2025-03-10,WEST,Arts & Entertainment,test,632.0,659.2809429608419,-1.462991,659.2809429608419
2025-03-17,WEST,Arts & Entertainment,test,678.0,720.8875665620715,-0.7924486,720.8875665620715
2025-03-24,WEST,Arts & Entertainment,test,723.0,666.0223231230141,-0.37452927,666.0223231230141
2025-03-31,WEST,Arts & Entertainment,test,396.0,396.278270127338,-1.7367085,396.278270127338
2025-04-07,WEST,Arts & Entertainment,test,371.0,396.278270127338,-3.134062,396.278270127338
2025-04-14,WEST,Arts & Entertainment,test,423.0,396.278270127338,-3.3205295,396.278270127338
2025-04-21,WEST,Arts & Entertainment,test,394.0,396.278270127338,-3.3205295,396.278270127338
2025-04-28,WEST,Arts & Entertainment,test,401.0,396.278270127338,-2.050385,396.278270127338
2025-05-05,WEST,Arts & Entertainment,test,395.0,396.278270127338,-1.8111359,396.278270127338
2025-05-12,WEST,Arts & Entertainment,test,384.0,396.278270127338,-2.323575,396.278270127338
2025-05-19,WEST,Arts & Entertainment,test,369.0,396.278270127338,-2.323575,396.278270127338
2025-05-26,WEST,Arts & Entertainment,test,409.0,449.53185904358844,-11.258827,449.53185904358844
2025-06-02,WEST,Arts & Entertainment,test,463.0,449.53185904358844,3.9425359,449.53185904358844
2025-06-09,WEST,Arts & Entertainment,test,466.0,449.53185904358844,4.0314674,449.53185904358844
2025-06-16,WEST,Arts & Entertainment,test,460.0,449.53185904358844,4.0314674,449.53185904358844
2025-06-23,WEST,Arts & Entertainment,test,457.0,449.53185904358844,4.0314674,449.53185904358844
2025-06-30,WEST,Arts & Entertainment,test,483.0,449.53185904358844,3.9425359,449.53185904358844
2025-07-07,WEST,Arts & Entertainment,test,458.0,449.53185904358844,3.9425359,449.53185904358844
2025-07-14,WEST,Arts & Entertainment,test,441.0,449.53185904358844,3.9425359,449.53185904358844
2025-07-21,WEST,Arts & Entertainment,test,468.0,449.53185904358844,3.9425359,449.53185904358844
2025-07-28,WEST,Arts & Entertainment,test,453.0,449.53185904358844,3.9425359,449.53185904358844
2025-08-04,WEST,Arts & Entertainment,test,461.0,449.53185904358844,3.9425359,449.53185904358844
2025-08-11,WEST,Arts & Entertainment,test,490.0,449.53185904358844,3.9425359,449.53185904358844
2025-08-18,WEST,Arts & Entertainment,test,473.0,449.53185904358844,3.9425359,449.53185904358844
2025-08-25,WEST,Arts & Entertainment,test,434.0,449.53185904358844,-10.222063,449.53185904358844
2025-09-01,WEST,Arts & Entertainment,test,505.0,472.7968184304569,20.061846,472.7968184304569
2025-09-08,WEST,Arts & Entertainment,test,498.0,472.7968184304569,20.061846,472.7968184304569
2025-09-15,WEST,Arts & Entertainment,test,529.0,472.7968184304569,20.061846,472.7968184304569
2025-09-22,WEST,Arts & Entertainment,test,495.0,472.7968184304569,20.061846,472.7968184304569
2025-09-29,WEST,Arts & Entertainment,test,398.0,472.7968184304569,-35.628334,472.7968184304569
2025-10-06,WEST,Arts & Entertainment,test,418.0,396.278270127338,-8.022165,396.278270127338
2025-10-13,WEST,Arts & Entertainment,test,387.0,396.278270127338,-7.9820366,396.278270127338
2025-10-20,WEST,Arts & Entertainment,test,418.0,396.278270127338,-6.331876,396.278270127338
2025-10-27,WEST,Arts & Entertainment,test,389.0,396.278270127338,-6.8812494,396.278270127338
2025-11-03,WEST,Arts & Entertainment,test,401.0,396.278270127338,-6.8812494,396.278270127338
2025-11-10,WEST,Arts & Entertainment,test,406.0,396.278270127338,-6.8812494,396.278270127338
2025-11-17,WEST,Arts & Entertainment,test,427.0,396.278270127338,-6.8812494,396.278270127338
2025-11-24,WEST,Arts & Entertainment,test,376.0,396.278270127338,-6.756869,396.278270127338
2025-12-01,WEST,Arts & Entertainment,test,410.0,396.278270127338,-6.5212746,396.278270127338
2025-12-08,WEST,Arts & Entertainment,test,426.0,396.278270127338,-6.5212746,396.278270127338
2025-12-15,WEST,Arts & Entertainment,test,417.0,396.278270127338,-6.5212746,396.278270127338
2025-12-22,WEST,Arts & Entertainment,test,415.0,396.278270127338,-6.5212746,396.278270127338
2024-12-30,WEST,Baby & Toddler,test,193.0,202.22556760014393,9.555258,202.22556760014393
2025-01-06,WEST,Baby & Toddler,test,195.0,202.22556760014393,9.324223,202.22556760014393
2025-01-13,WEST,Baby & Toddler,test,210.0,202.22556760014393,9.600336,202.22556760014393
2025-01-20,WEST,Baby & Toddler,test,173.0,202.22556760014393,10.549162,202.22556760014393
2025-01-27,WEST,Baby & Toddler,test,207.0,202.22556760014393,10.549162,202.22556760014393
2025-02-03,WEST,Baby & Toddler,test,182.0,202.22556760014393,10.549162,202.22556760014393
2025-02-10,WEST,Baby & Toddler,test,208.0,202.22556760014393,11.723431,202.22556760014393
2025-02-17,WEST,Baby & Toddler,test,200.0,202.22556760014393,10.549162,202.22556760014393
2025-02-24,WEST,Baby & Toddler,test,236.0,324.99063243512757,10.409824,324.99063243512757
2025-03-03,WEST,Baby & Toddler,test,329.0,351.5096890935695,8.323181,351.5096890935695
2025-03-10,WEST,Baby & Toddler,test,375.0,356.95537113167995,-0.45001307,356.95537113167995
2025-03-17,WEST,Baby & Toddler,test,354.0,362.40105316979054,-0.7634577,362.40105316979054
2025-03-24,WEST,Baby & Toddler,test,448.0,376.2826670735172,-0.45001307,376.2826670735172
2025-03-31,WEST,Baby & Toddler,test,208.0,223.2989422204753,-1.5593199,223.2989422204753
2025-04-07,WEST,Baby & Toddler,test,241.0,223.2989422204753,-4.091182,223.2989422204753
2025-04-14,WEST,Baby & Toddler,test,219.0,223.2989422204753,-4.0038757,223.2989422204753
2025-04-21,WEST,Baby & Toddler,test,205.0,223.2989422204753,-4.0038757,223.2989422204753
2025-04-28,WEST,Baby & Toddler,test,218.0,223.2989422204753,-2.0077376,223.2989422204753
2025-05-05,WEST,Baby & Toddler,test,216.0,223.2989422204753,-2.0077376,223.2989422204753
2025-05-12,WEST,Baby & Toddler,test,221.0,223.2989422204753,-2.0077376,223.2989422204753
2025-05-19,WEST,Baby & Toddler,test,195.0,223.2989422204753,-2.0077376,223.2989422204753
2025-05-26,WEST,Baby & Toddler,test,236.0,256.90467223237846,-6.5902953,256.90467223237846
2025-06-02,WEST,Baby & Toddler,test,287.0,256.90467223237846,3.3280213,256.90467223237846
2025-06-09,WEST,Baby & Toddler,test,254.0,256.90467223237846,3.416953,256.90467223237846
2025-06-16,WEST,Baby & Toddler,test,275.0,256.90467223237846,3.416953,256.90467223237846
2025-06-23,WEST,Baby & Toddler,test,275.0,256.90467223237846,3.416953,256.90467223237846
2025-06-30,WEST,Baby & Toddler,test,279.0,256.90467223237846,3.3280213,256.90467223237846
2025-07-07,WEST,Baby & Toddler,test,282.0,256.90467223237846,3.3280213,256.90467223237846
2025-07-14,WEST,Baby & Toddler,test,279.0,256.90467223237846,3.3280213,256.90467223237846
2025-07-21,WEST,Baby & Toddler,test,269.0,256.90467223237846,3.3280213,256.90467223237846
2025-07-28,WEST,Baby & Toddler,test,278.0,256.90467223237846,3.3280213,256.90467223237846
2025-08-04,WEST,Baby & Toddler,test,267.0,256.90467223237846,3.3280213,256.90467223237846
2025-08-11,WEST,Baby & Toddler,test,238.0,256.90467223237846,3.3280213,256.90467223237846
2025-08-18,WEST,Baby & Toddler,test,232.0,256.90467223237846,3.3280213,256.90467223237846
2025-08-25,WEST,Baby & Toddler,test,290.0,256.90467223237846,-3.477591,256.90467223237846
2025-09-01,WEST,Baby & Toddler,test,269.0,268.11740844449486,12.06193,268.11740844449486
2025-09-08,WEST,Baby & Toddler,test,292.0,268.11740844449486,12.32736,268.11740844449486
2025-09-15,WEST,Baby & Toddler,test,284.0,268.11740844449486,12.32736,268.11740844449486
2025-09-22,WEST,Baby & Toddler,test,283.0,268.11740844449486,11.95662,268.11740844449486
2025-09-29,WEST,Baby & Toddler,test,241.0,268.11740844449486,-24.994797,268.11740844449486
2025-10-06,WEST,Baby & Toddler,test,221.0,223.2989422204753,-4.0703135,223.2989422204753
2025-10-13,WEST,Baby & Toddler,test,203.0,223.2989422204753,-1.0755806,223.2989422204753
2025-10-20,WEST,Baby & Toddler,test,205.0,223.2989422204753,0.478228,223.2989422204753
2025-10-27,WEST,Baby & Toddler,test,229.0,223.2989422204753,-2.6709716,223.2989422204753
2025-11-03,WEST,Baby & Toddler,test,187.0,223.2989422204753,-2.6709716,223.2989422204753
2025-11-10,WEST,Baby & Toddler,test,205.0,223.2989422204753,-2.6709716,223.2989422204753
2025-11-17,WEST,Baby & Toddler,test,202.0,223.2989422204753,-2.6709716,223.2989422204753
2025-11-24,WEST,Baby & Toddler,test,220.0,223.2989422204753,-2.6709716,223.2989422204753
2025-12-01,WEST,Baby & Toddler,test,259.0,223.2989422204753,-2.6709716,223.2989422204753
2025-12-08,WEST,Baby & Toddler,test,231.0,223.2989422204753,-2.4353774,223.2989422204753
2025-12-15,WEST,Baby & Toddler,test,247.0,223.2989422204753,-2.4353774,223.2989422204753
2025-12-22,WEST,Baby & Toddler,test,248.0,223.2989422204753,-2.6709716,223.2989422204753
2024-12-30,WEST,Business & Industrial,test,144.0,134.62517710211677,7.9632764,134.62517710211677
2025-01-06,WEST,Business & Industrial,test,122.0,134.62517710211677,7.3971043,134.62517710211677
2025-01-13,WEST,Business & Industrial,test,133.0,134.62517710211677,6.8878694,134.62517710211677
2025-01-20,WEST,Business & Industrial,test,143.0,134.62517710211677,7.1531463,134.62517710211677
2025-01-27,WEST,Business & Industrial,test,137.0,134.62517710211677,5.6389465,134.62517710211677
2025-02-03,WEST,Business & Industrial,test,134.0,134.62517710211677,5.164897,134.62517710211677
2025-02-10,WEST,Business & Industrial,test,114.0,134.62517710211677,5.9734488,134.62517710211677
2025-02-17,WEST,Business & Industrial,test,130.0,134.62517710211677,5.647167,134.62517710211677
2025-02-24,WEST,Business & Industrial,test,155.0,218.68630823920628,6.274375,218.68630823920628
2025-03-03,WEST,Business & Industrial,test,232.0,250.4040881911623,6.619718,250.4040881911623
2025-03-10,WEST,Business & Industrial,test,258.0,267.60214321737305,-0.64229876,267.60214321737305
2025-03-17,WEST,Business & Industrial,test,245.0,284.80019824358374,-0.6230318,284.80019824358374
2025-03-24,WEST,Business & Industrial,test,278.0,262.98953434458264,-0.64229876,262.98953434458264
2025-03-31,WEST,Business & Industrial,test,128.0,149.14490202786206,-1.7323385,149.14490202786206
2025-04-07,WEST,Business & Industrial,test,138.0,149.14490202786206,-1.9618586,149.14490202786206
2025-04-14,WEST,Business & Industrial,test,131.0,149.14490202786206,-2.1483262,149.14490202786206
2025-04-21,WEST,Business & Industrial,test,147.0,149.14490202786206,-2.1483262,149.14490202786206
2025-04-28,WEST,Business & Industrial,test,156.0,149.14490202786206,-2.0077376,149.14490202786206
2025-05-05,WEST,Business & Industrial,test,143.0,149.14490202786206,-2.0077376,149.14490202786206
2025-05-12,WEST,Business & Industrial,test,160.0,149.14490202786206,-2.0077376,149.14490202786206
2025-05-19,WEST,Business & Industrial,test,129.0,149.14490202786206,-2.0077376,149.14490202786206
2025-05-26,WEST,Business & Industrial,test,172.0,174.26206572762467,-3.7649078,174.26206572762467
2025-06-02,WEST,Business & Industrial,test,167.0,174.26206572762467,3.416953,174.26206572762467
2025-06-09,WEST,Business & Industrial,test,170.0,174.26206572762467,3.416953,174.26206572762467
2025-06-16,WEST,Business & Industrial,test,175.0,174.26206572762467,3.416953,174.26206572762467
2025-06-23,WEST,Business & Industrial,test,157.0,174.26206572762467,3.3280213,174.26206572762467
2025-06-30,WEST,Business & Industrial,test,190.0,174.26206572762467,3.3280213,174.26206572762467
2025-07-07,WEST,Business & Industrial,test,175.0,174.26206572762467,3.3280213,174.26206572762467
2025-07-14,WEST,Business & Industrial,test,167.0,174.26206572762467,3.3280213,174.26206572762467
2025-07-21,WEST,Business & Industrial,test,193.0,174.26206572762467,3.3280213,174.26206572762467
2025-07-28,WEST,Business & Industrial,test,172.0,174.26206572762467,3.3280213,174.26206572762467
2025-08-04,WEST,Business & Industrial,test,172.0,174.26206572762467,3.3280213,174.26206572762467
2025-08-11,WEST,Business & Industrial,test,172.0,174.26206572762467,3.3280213,174.26206572762467
2025-08-18,WEST,Business & Industrial,test,178.0,174.26206572762467,3.3280213,174.26206572762467
2025-08-25,WEST,Business & Industrial,test,183.0,174.26206572762467,-2.8345785,174.26206572762467
2025-09-01,WEST,Business & Industrial,test,221.0,173.48103001763076,7.827707,173.48103001763076
2025-09-08,WEST,Business & Industrial,test,194.0,173.48103001763076,8.714239,173.48103001763076
2025-09-15,WEST,Business & Industrial,test,202.0,173.48103001763076,8.714239,173.48103001763076
2025-09-22,WEST,Business & Industrial,test,200.0,173.48103001763076,8.625307,173.48103001763076
2025-09-29,WEST,Business & Industrial,test,158.0,173.48103001763076,-17.286877,173.48103001763076
2025-10-06,WEST,Business & Industrial,test,153.0,149.14490202786206,-2.5145767,149.14490202786206
2025-10-13,WEST,Business & Industrial,test,169.0,149.14490202786206,-2.5145767,149.14490202786206
2025-10-20,WEST,Business & Industrial,test,153.0,149.14490202786206,-2.4353774,149.14490202786206
2025-10-27,WEST,Business & Industrial,test,161.0,149.14490202786206,-2.6709716,149.14490202786206
2025-11-03,WEST,Business & Industrial,test,150.0,149.14490202786206,-2.6709716,149.14490202786206
2025-11-10,WEST,Business & Industrial,test,143.0,149.14490202786206,-2.6709716,149.14490202786206
2025-11-17,WEST,Business & Industrial,test,151.0,149.14490202786206,-2.6709716,149.14490202786206
2025-11-24,WEST,Business & Industrial,test,155.0,149.14490202786206,-2.6709716,149.14490202786206
2025-12-01,WEST,Business & Industrial,test,161.0,149.14490202786206,-2.6709716,149.14490202786206
2025-12-08,WEST,Business & Industrial,test,183.0,149.14490202786206,-2.6709716,149.14490202786206
2025-12-15,WEST,Business & Industrial,test,167.0,149.14490202786206,-2.6709716,149.14490202786206
2025-12-22,WEST,Business & Industrial,test,173.0,149.14490202786206,-2.6709716,149.14490202786206
2024-12-30,WEST,Cameras & Optics,test,40.0,38.3749430803966,5.0973783,38.3749430803966
2025-01-06,WEST,Cameras & Optics,test,34.0,38.3749430803966,4.6592193,38.3749430803966
2025-01-13,WEST,Cameras & Optics,test,33.0,38.3749430803966,5.075674,38.3749430803966
2025-01-20,WEST,Cameras & Optics,test,32.0,38.3749430803966,5.075674,38.3749430803966
2025-01-27,WEST,Cameras & Optics,test,41.0,38.3749430803966,4.4971614,38.3749430803966
2025-02-03,WEST,Cameras & Optics,test,32.0,38.3749430803966,4.7735333,38.3749430803966
2025-02-10,WEST,Cameras & Optics,test,36.0,38.3749430803966,5.075674,38.3749430803966
2025-02-17,WEST,Cameras & Optics,test,38.0,38.3749430803966,4.5882893,38.3749430803966
2025-02-24,WEST,Cameras & Optics,test,52.0,49.75534800955516,4.4971614,49.75534800955516
2025-03-03,WEST,Cameras & Optics,test,50.0,66.40090250701115,4.131555,66.40090250701115
2025-03-10,WEST,Cameras & Optics,test,67.0,79.10015212806236,-0.73123056,79.10015212806236
2025-03-17,WEST,Cameras & Optics,test,54.0,91.79940174911357,-0.73123056,91.79940174911357
2025-03-24,WEST,Cameras & Optics,test,92.0,57.00286207198023,-0.73123056,57.00286207198023
2025-03-31,WEST,Cameras & Optics,test,45.0,42.321247956801365,-1.7323385,42.321247956801365
2025-04-07,WEST,Cameras & Optics,test,47.0,42.321247956801365,-1.7323385,42.321247956801365
2025-04-14,WEST,Cameras & Optics,test,37.0,42.321247956801365,-1.918806,42.321247956801365
2025-04-21,WEST,Cameras & Optics,test,41.0,42.321247956801365,-1.918806,42.321247956801365
2025-04-28,WEST,Cameras & Optics,test,51.0,42.321247956801365,-2.0077376,42.321247956801365
2025-05-05,WEST,Cameras & Optics,test,48.0,42.321247956801365,-2.0077376,42.321247956801365
2025-05-12,WEST,Cameras & Optics,test,56.0,42.321247956801365,-2.0077376,42.321247956801365
2025-05-19,WEST,Cameras & Optics,test,41.0,42.321247956801365,-2.0077376,42.321247956801365
2025-05-26,WEST,Cameras & Optics,test,38.0,48.95888895177953,-3.7649078,48.95888895177953
2025-06-02,WEST,Cameras & Optics,test,49.0,48.95888895177953,3.3280213,48.95888895177953
2025-06-09,WEST,Cameras & Optics,test,49.0,48.95888895177953,3.3280213,48.95888895177953
2025-06-16,WEST,Cameras & Optics,test,53.0,48.95888895177953,3.3280213,48.95888895177953
2025-06-23,WEST,Cameras & Optics,test,61.0,48.95888895177953,3.3280213,48.95888895177953
2025-06-30,WEST,Cameras & Optics,test,38.0,48.95888895177953,3.3280213,48.95888895177953
2025-07-07,WEST,Cameras & Optics,test,56.0,48.95888895177953,3.3280213,48.95888895177953
2025-07-14,WEST,Cameras & Optics,test,41.0,48.95888895177953,3.3280213,48.95888895177953
2025-07-21,WEST,Cameras & Optics,test,39.0,48.95888895177953,3.3280213,48.95888895177953
2025-07-28,WEST,Cameras & Optics,test,56.0,48.95888895177953,3.3280213,48.95888895177953
2025-08-04,WEST,Cameras & Optics,test,52.0,48.95888895177953,3.3280213,48.95888895177953
2025-08-11,WEST,Cameras & Optics,test,52.0,48.95888895177953,3.3280213,48.95888895177953
2025-08-18,WEST,Cameras & Optics,test,49.0,48.95888895177953,3.3280213,48.95888895177953
2025-08-25,WEST,Cameras & Optics,test,48.0,48.95888895177953,-2.8345785,48.95888895177953
2025-09-01,WEST,Cameras & Optics,test,61.0,51.893202319552884,4.7331324,51.893202319552884
2025-09-08,WEST,Cameras & Optics,test,64.0,51.893202319552884,4.7331324,51.893202319552884
2025-09-15,WEST,Cameras & Optics,test,53.0,51.893202319552884,4.7331324,51.893202319552884
2025-09-22,WEST,Cameras & Optics,test,48.0,51.893202319552884,4.7331324,51.893202319552884
2025-09-29,WEST,Cameras & Optics,test,44.0,51.893202319552884,-9.165405,51.893202319552884
2025-10-06,WEST,Cameras & Optics,test,35.0,42.321247956801365,-2.6035082,42.321247956801365
2025-10-13,WEST,Cameras & Optics,test,37.0,42.321247956801365,-2.6035082,42.321247956801365
2025-10-20,WEST,Cameras & Optics,test,44.0,42.321247956801365,-2.6709716,42.321247956801365
2025-10-27,WEST,Cameras & Optics,test,45.0,42.321247956801365,-2.6709716,42.321247956801365
2025-11-03,WEST,Cameras & Optics,test,55.0,42.321247956801365,-2.6709716,42.321247956801365
2025-11-10,WEST,Cameras & Optics,test,47.0,42.321247956801365,-2.6709716,42.321247956801365
2025-11-17,WEST,Cameras & Optics,test,38.0,42.321247956801365,-2.6709716,42.321247956801365
2025-11-24,WEST,Cameras & Optics,test,47.0,42.321247956801365,-2.6709716,42.321247956801365
2025-12-01,WEST,Cameras & Optics,test,59.0,42.321247956801365,-2.6709716,42.321247956801365
2025-12-08,WEST,Cameras & Optics,test,48.0,42.321247956801365,-2.6709716,42.321247956801365
2025-12-15,WEST,Cameras & Optics,test,38.0,42.321247956801365,-2.6709716,42.321247956801365
2025-12-22,WEST,Cameras & Optics,test,53.0,42.321247956801365,-2.6709716,42.321247956801365
2024-12-30,WEST,Electronics,test,268.0,252.25006316782097,9.750381,262.0004446375475
2025-01-06,WEST,Electronics,test,261.0,252.25006316782097,10.098972,262.3490354883776
2025-01-13,WEST,Electronics,test,243.0,252.25006316782097,10.781975,263.0320379603014
2025-01-20,WEST,Electronics,test,225.0,252.25006316782097,9.067612,261.3176748621569
2025-01-27,WEST,Electronics,test,233.0,252.25006316782097,11.582304,263.83236716867543
2025-02-03,WEST,Electronics,test,255.0,252.25006316782097,12.054338,264.30440162302114
2025-02-10,WEST,Electronics,test,260.0,252.25006316782097,11.740381,263.99044440866567
2025-02-17,WEST,Electronics,test,272.0,252.25006316782097,11.778225,264.0282881128893
2025-02-24,WEST,Electronics,test,311.0,363.95246591141154,11.778225,375.7306908564799
2025-03-03,WEST,Electronics,test,391.0,432.7138614761891,7.8326516,440.5465130913319
2025-03-10,WEST,Electronics,test,447.0,470.3013892609527,-0.45001307,469.8513761896541
2025-03-17,WEST,Electronics,test,486.0,507.8889170457163,-0.7634577,507.125459330205
2025-03-24,WEST,Electronics,test,531.0,466.93192876688056,-0.45001307,466.48191569558196
2025-03-31,WEST,Electronics,test,256.0,283.4239309478349,-1.7888399,281.6350910115785
2025-04-07,WEST,Electronics,test,293.0,283.4239309478349,-3.580874,279.84305698161785
2025-04-14,WEST,Electronics,test,256.0,283.4239309478349,-3.7673414,279.65658957248394
2025-04-21,WEST,Electronics,test,282.0,283.4239309478349,-3.7673414,279.65658957248394
2025-04-28,WEST,Electronics,test,291.0,283.4239309478349,-1.918806,281.5051249909944
2025-05-05,WEST,Electronics,test,252.0,283.4239309478349,-2.0077376,281.4161933112687
2025-05-12,WEST,Electronics,test,280.0,283.4239309478349,-2.2234035,281.200527494008
2025-05-19,WEST,Electronics,test,230.0,283.4239309478349,-2.3123353,281.11159569507305
2025-05-26,WEST,Electronics,test,258.0,324.2545028660889,-9.368272,314.88623103839114
2025-06-02,WEST,Electronics,test,327.0,324.2545028660889,3.416953,327.6714559529419
2025-06-09,WEST,Electronics,test,327.0,324.2545028660889,3.5899715,327.8444744084473
2025-06-16,WEST,Electronics,test,317.0,324.2545028660889,3.5899715,327.8444744084473
2025-06-23,WEST,Electronics,test,331.0,324.2545028660889,3.416953,327.6714559529419
2025-06-30,WEST,Electronics,test,351.0,324.2545028660889,3.5010397,327.75554260951236
2025-07-07,WEST,Electronics,test,340.0,324.2545028660889,3.5010397,327.75554260951236
2025-07-14,WEST,Electronics,test,312.0,324.2545028660889,3.5010397,327.75554260951236
2025-07-21,WEST,Electronics,test,327.0,324.2545028660889,3.3280213,327.582524154007
2025-07-28,WEST,Electronics,test,341.0,324.2545028660889,3.7217875,327.97629031878665
2025-08-04,WEST,Electronics,test,359.0,324.2545028660889,3.7217875,327.97629031878665
2025-08-11,WEST,Electronics,test,359.0,324.2545028660889,3.5899715,327.8444744084473
2025-08-18,WEST,Electronics,test,311.0,324.2545028660889,3.7217875,327.97629031878665
2025-08-25,WEST,Electronics,test,343.0,324.2545028660889,-4.255745,319.99875793200687
2025-09-01,WEST,Electronics,test,370.0,340.8714114258563,15.050749,355.92216025092955
2025-09-08,WEST,Electronics,test,351.0,340.8714114258563,14.59571,355.4671212265765
2025-09-15,WEST,Electronics,test,362.0,340.8714114258563,14.784273,355.6556845734393
2025-09-22,WEST,Electronics,test,339.0,340.8714114258563,14.961817,355.83322821357604
2025-09-29,WEST,Electronics,test,309.0,340.8714114258563,-28.4457,312.42571173408385
2025-10-06,WEST,Electronics,test,264.0,283.4239309478349,-5.9000587,277.523872201497
2025-10-13,WEST,Electronics,test,264.0,283.4239309478349,-3.2151456,280.20878535991375
2025-10-20,WEST,Electronics,test,277.0,283.4239309478349,-2.4686468,280.95528418307964
2025-10-27,WEST,Electronics,test,243.0,283.4239309478349,-5.898268,277.52566272502605
2025-11-03,WEST,Electronics,test,267.0,283.4239309478349,-4.1721463,279.2517846274919
2025-11-10,WEST,Electronics,test,269.0,283.4239309478349,-1.4463809,281.97755009418194
2025-11-17,WEST,Electronics,test,310.0,283.4239309478349,-3.8657367,279.5581942248887
2025-11-24,WEST,Electronics,test,283.0,283.4239309478349,-3.017913,280.40601784473125
2025-12-01,WEST,Electronics,test,306.0,283.4239309478349,-3.3601356,280.06379539256756
2025-12-08,WEST,Electronics,test,311.0,283.4239309478349,-2.8718195,280.5521114516801
2025-12-15,WEST,Electronics,test,298.0,283.4239309478349,-3.1074142,280.3165167022294
2025-12-22,WEST,Electronics,test,293.0,283.4239309478349,-3.1074142,280.3165167022294
2024-12-30,WEST,Furniture,test,236.0,245.3880573077358,9.788225,245.3880573077358
2025-01-06,WEST,Furniture,test,271.0,245.38774133019908,10.55094,245.38774133019908
2025-01-13,WEST,Furniture,test,251.0,245.38783814839874,10.781975,245.38783814839874
2025-01-20,WEST,Furniture,test,231.0,245.38780848248047,10.781975,245.38780848248047
2025-01-27,WEST,Furniture,test,237.0,245.38781757236967,12.357746,245.38781757236967
2025-02-03,WEST,Furniture,test,241.0,245.38781478715046,12.63386,245.38781478715046
2025-02-10,WEST,Furniture,test,254.0,245.38781564056526,11.302254,245.38781564056526
2025-02-17,WEST,Furniture,test,264.0,245.38781537907172,11.302254,245.38781537907172
2025-02-24,WEST,Furniture,test,280.0,398.70521733093744,9.750381,398.70521733093744
2025-03-03,WEST,Furniture,test,385.0,450.5501210354844,8.012491,450.5501210354844
2025-03-10,WEST,Furniture,test,445.0,475.62339311254806,-0.45001307,475.62339311254806
2025-03-17,WEST,Furniture,test,472.0,500.69666517978413,-1.462991,500.69666517978413
2025-03-24,WEST,Furniture,test,540.0,449.6186364720259,-1.462991,449.6186364720259
2025-03-31,WEST,Furniture,test,247.0,272.1594470999088,-1.7888399,272.1594470999088
2025-04-07,WEST,Furniture,test,285.0,272.1594470999751,-3.8174076,272.1594470999751
2025-04-14,WEST,Furniture,test,268.0,272.1594470999548,-4.0038757,272.1594470999548
2025-04-21,WEST,Furniture,test,264.0,272.159447099961,-4.0038757,272.159447099961
2025-04-28,WEST,Furniture,test,263.0,272.1594470999591,-2.0077376,272.1594470999591
2025-05-05,WEST,Furniture,test,265.0,272.15944709995966,-2.0077376,272.15944709995966
2025-05-12,WEST,Furniture,test,279.0,272.1594470999595,-2.3123353,272.1594470999595
2025-05-19,WEST,Furniture,test,258.0,272.15944709995955,-2.3123353,272.15944709995955
2025-05-26,WEST,Furniture,test,249.0,314.9489143816879,-9.457204,314.9489143816879
2025-06-02,WEST,Furniture,test,305.0,314.9489143816879,3.3280213,314.9489143816879
2025-06-09,WEST,Furniture,test,308.0,314.9489143816879,3.416953,314.9489143816879
2025-06-16,WEST,Furniture,test,342.0,314.9489143816879,3.416953,314.9489143816879
2025-06-23,WEST,Furniture,test,329.0,314.9489143816879,3.5899715,314.9489143816879
2025-06-30,WEST,Furniture,test,370.0,314.9489143816879,3.5010397,314.9489143816879
2025-07-07,WEST,Furniture,test,330.0,314.9489143816879,3.5899715,314.9489143816879
2025-07-14,WEST,Furniture,test,332.0,314.9489143816879,3.5899715,314.9489143816879
2025-07-21,WEST,Furniture,test,320.0,314.9489143816879,3.5899715,314.9489143816879
2025-07-28,WEST,Furniture,test,329.0,314.9489143816879,3.416953,314.9489143816879
2025-08-04,WEST,Furniture,test,357.0,314.9489143816879,3.5010397,314.9489143816879
2025-08-11,WEST,Furniture,test,330.0,314.9489143816879,3.7217875,314.9489143816879
2025-08-18,WEST,Furniture,test,334.0,314.9489143816879,3.7217875,314.9489143816879
2025-08-25,WEST,Furniture,test,320.0,314.9489143816879,-4.171659,314.9489143816879
2025-09-01,WEST,Furniture,test,366.0,336.4765641940364,14.788798,336.4765641940364
2025-09-08,WEST,Furniture,test,337.0,336.4765641940364,14.784273,336.4765641940364
2025-09-15,WEST,Furniture,test,351.0,336.4765641940364,14.59571,336.4765641940364
2025-09-22,WEST,Furniture,test,336.0,336.4765641940364,14.784273,336.4765641940364
2025-09-29,WEST,Furniture,test,300.0,336.4765641940364,-28.4457,336.4765641940364
2025-10-06,WEST,Furniture,test,248.0,272.15944709995955,-5.5072713,272.15944709995955
2025-10-13,WEST,Furniture,test,294.0,272.15944709995955,-3.025747,272.15944709995955
2025-10-20,WEST,Furniture,test,306.0,272.15944709995955,-1.8324163,272.15944709995955
2025-10-27,WEST,Furniture,test,240.0,272.15944709995955,-6.2976456,272.15944709995955
2025-11-03,WEST,Furniture,test,286.0,272.15944709995955,-3.4845154,272.15944709995955
2025-11-10,WEST,Furniture,test,262.0,272.15944709995955,-0.7672505,272.15944709995955
2025-11-17,WEST,Furniture,test,255.0,272.15944709995955,-3.710634,272.15944709995955
2025-11-24,WEST,Furniture,test,249.0,272.15944709995955,-2.5379655,272.15944709995955
2025-12-01,WEST,Furniture,test,295.0,272.15944709995955,-0.9706394,272.15944709995955
2025-12-08,WEST,Furniture,test,317.0,272.15944709995955,-0.29214776,272.15944709995955
2025-12-15,WEST,Furniture,test,319.0,272.15944709995955,-3.220395,272.15944709995955
2025-12-22,WEST,Furniture,test,285.0,272.15944709995955,-3.5709858,272.15944709995955
2024-12-30,WEST,Hardware,test,204.0,194.37581119544217,9.44804,194.37581119544217
2025-01-06,WEST,Hardware,test,211.0,194.37581119544217,9.1719265,194.37581119544217
2025-01-13,WEST,Hardware,test,229.0,194.37581119544217,10.165831,194.37581119544217
2025-01-20,WEST,Hardware,test,191.0,194.37581119544217,9.44804,194.37581119544217
2025-01-27,WEST,Hardware,test,202.0,194.37581119544217,10.342905,194.37581119544217
2025-02-03,WEST,Hardware,test,220.0,194.37581119544217,10.165831,194.37581119544217
2025-02-10,WEST,Hardware,test,186.0,194.37581119544217,10.165831,194.37581119544217
2025-02-17,WEST,Hardware,test,220.0,194.37581119544217,10.165831,194.37581119544217
2025-02-24,WEST,Hardware,test,251.0,262.0648365751231,10.064339,262.0648365751231
2025-03-03,WEST,Hardware,test,337.0,321.6802767671088,8.323181,321.6802767671088
2025-03-10,WEST,Hardware,test,380.0,351.7820652095889,-0.45001307,351.7820652095889
2025-03-17,WEST,Hardware,test,357.0,381.883853652069,-0.45001307,381.883853652069
2025-03-24,WEST,Hardware,test,418.0,402.99584441703644,-0.46928003,402.99584441703644
2025-03-31,WEST,Hardware,test,207.0,223.8894629449478,-1.5593199,223.8894629449478
2025-04-07,WEST,Hardware,test,224.0,223.8894629449478,-4.091182,223.8894629449478
2025-04-14,WEST,Hardware,test,208.0,223.8894629449478,-4.0038757,223.8894629449478
2025-04-21,WEST,Hardware,test,230.0,223.8894629449478,-4.0038757,223.8894629449478
2025-04-28,WEST,Hardware,test,230.0,223.8894629449478,-2.0077376,223.8894629449478
2025-05-05,WEST,Hardware,test,221.0,223.8894629449478,-2.0077376,223.8894629449478
2025-05-12,WEST,Hardware,test,237.0,223.8894629449478,-2.0077376,223.8894629449478
2025-05-19,WEST,Hardware,test,227.0,223.8894629449478,-2.0077376,223.8894629449478
2025-05-26,WEST,Hardware,test,224.0,268.2515446066531,-9.457204,268.2515446066531
2025-06-02,WEST,Hardware,test,286.0,268.2515446066531,3.3280213,268.2515446066531
2025-06-09,WEST,Hardware,test,277.0,268.2515446066531,3.416953,268.2515446066531
2025-06-16,WEST,Hardware,test,262.0,268.2515446066531,3.416953,268.2515446066531
2025-06-23,WEST,Hardware,test,265.0,268.2515446066531,3.416953,268.2515446066531
2025-06-30,WEST,Hardware,test,272.0,268.2515446066531,3.3280213,268.2515446066531
2025-07-07,WEST,Hardware,test,267.0,268.2515446066531,3.3280213,268.2515446066531
2025-07-14,WEST,Hardware,test,290.0,268.2515446066531,3.3280213,268.2515446066531
2025-07-21,WEST,Hardware,test,262.0,268.2515446066531,3.3280213,268.2515446066531
2025-07-28,WEST,Hardware,test,249.0,268.2515446066531,3.3280213,268.2515446066531
2025-08-04,WEST,Hardware,test,285.0,268.2515446066531,3.3280213,268.2515446066531
2025-08-11,WEST,Hardware,test,264.0,268.2515446066531,3.416953,268.2515446066531
2025-08-18,WEST,Hardware,test,284.0,268.2515446066531,3.3280213,268.2515446066531
2025-08-25,WEST,Hardware,test,262.0,268.2515446066531,-3.5665233,268.2515446066531
2025-09-01,WEST,Hardware,test,288.0,269.4419330193523,11.95662,269.4419330193523
2025-09-08,WEST,Hardware,test,263.0,269.4419330193523,12.238428,269.4419330193523
2025-09-15,WEST,Hardware,test,302.0,269.4419330193523,11.945962,269.4419330193523
2025-09-22,WEST,Hardware,test,296.0,269.4419330193523,11.51405,269.4419330193523
2025-09-29,WEST,Hardware,test,263.0,269.4419330193523,-25.533438,269.4419330193523
2025-10-06,WEST,Hardware,test,226.0,223.8894629449478,-3.8891468,223.8894629449478
2025-10-13,WEST,Hardware,test,230.0,223.8894629449478,-1.6101354,223.8894629449478
2025-10-20,WEST,Hardware,test,242.0,223.8894629449478,-0.9963809,223.8894629449478
2025-10-27,WEST,Hardware,test,245.0,223.8894629449478,-1.553521,223.8894629449478
2025-11-03,WEST,Hardware,test,243.0,223.8894629449478,-2.6709716,223.8894629449478
2025-11-10,WEST,Hardware,test,228.0,223.8894629449478,-2.6709716,223.8894629449478
2025-11-17,WEST,Hardware,test,236.0,223.8894629449478,-2.6709716,223.8894629449478
2025-11-24,WEST,Hardware,test,197.0,223.8894629449478,-2.6709716,223.8894629449478
2025-12-01,WEST,Hardware,test,247.0,223.8894629449478,-2.4353774,223.8894629449478
2025-12-08,WEST,Hardware,test,260.0,223.8894629449478,-2.4353774,223.8894629449478
2025-12-15,WEST,Hardware,test,275.0,223.8894629449478,-2.4353774,223.8894629449478
2025-12-22,WEST,Hardware,test,241.0,223.8894629449478,-0.45805645,223.8894629449478
2024-12-30,WEST,Health & Beauty,test,290.0,239.46293192117352,9.788225,239.46293192117352
2025-01-06,WEST,Health & Beauty,test,228.0,239.45105325000674,9.362974,239.45105325000674
2025-01-13,WEST,Health & Beauty,test,271.0,239.455975912306,10.55094,239.455975912306
2025-01-20,WEST,Health & Beauty,test,257.0,239.4539359026305,11.058088,239.4539359026305
2025-01-27,WEST,Health & Beauty,test,246.0,239.4547813068494,10.781975,239.4547813068494
2025-02-03,WEST,Health & Beauty,test,257.0,239.45443096130842,12.357746,239.45443096130842
2025-02-10,WEST,Health & Beauty,test,206.0,239.45457614865828,11.352974,239.45457614865828
2025-02-17,WEST,Health & Beauty,test,247.0,239.4545159812975,10.781975,239.4545159812975
2025-02-24,WEST,Health & Beauty,test,289.0,364.4671378773564,11.058088,364.4671378773564
2025-03-03,WEST,Health & Beauty,test,416.0,432.6480444313584,7.377028,432.6480444313584
2025-03-10,WEST,Health & Beauty,test,427.0,467.9863749386366,-1.462991,467.9863749386366
2025-03-17,WEST,Health & Beauty,test,494.0,503.32469938925175,-1.462991,503.32469938925175
2025-03-24,WEST,Health & Beauty,test,586.0,442.8795248856119,-1.462991,442.8795248856119
2025-03-31,WEST,Health & Beauty,test,302.0,272.2971241823875,-1.7888399,272.2971241823875
2025-04-07,WEST,Health & Beauty,test,280.0,272.29712430868256,-3.8174076,272.29712430868256
2025-04-14,WEST,Health & Beauty,test,280.0,272.2971242563444,-4.0038757,272.2971242563444
2025-04-21,WEST,Health & Beauty,test,299.0,272.29712427803395,-4.0038757,272.29712427803395
2025-04-28,WEST,Health & Beauty,test,264.0,272.2971242690455,-2.0077376,272.2971242690455
2025-05-05,WEST,Health & Beauty,test,273.0,272.2971242727705,-2.0077376,272.2971242727705
2025-05-12,WEST,Health & Beauty,test,274.0,272.2971242712268,-2.3123353,272.2971242712268
2025-05-19,WEST,Health & Beauty,test,252.0,272.2971242718665,-2.3123353,272.2971242718665
2025-05-26,WEST,Health & Beauty,test,287.0,318.8330234471381,-9.457204,318.8330234471381
2025-06-02,WEST,Health & Beauty,test,333.0,318.8330234472479,3.3280213,318.8330234472479
2025-06-09,WEST,Health & Beauty,test,315.0,318.8330234472024,3.5899715,318.8330234472024
2025-06-16,WEST,Health & Beauty,test,321.0,318.83302344722125,3.416953,318.83302344722125
2025-06-23,WEST,Health & Beauty,test,347.0,318.83302344721346,3.416953,318.83302344721346
2025-06-30,WEST,Health & Beauty,test,322.0,318.8330234472167,3.5010397,318.8330234472167
2025-07-07,WEST,Health & Beauty,test,319.0,318.83302344721534,3.3280213,318.83302344721534
2025-07-14,WEST,Health & Beauty,test,321.0,318.8330234472159,3.3280213,318.8330234472159
2025-07-21,WEST,Health & Beauty,test,330.0,318.8330234472157,3.3280213,318.8330234472157
2025-07-28,WEST,Health & Beauty,test,345.0,318.83302344721574,3.7217875,318.83302344721574
2025-08-04,WEST,Health & Beauty,test,333.0,318.83302344721574,3.5010397,318.83302344721574
2025-08-11,WEST,Health & Beauty,test,304.0,318.83302344721574,3.5010397,318.83302344721574
2025-08-18,WEST,Health & Beauty,test,269.0,318.83302344721574,3.548769,318.83302344721574
2025-08-25,WEST,Health & Beauty,test,323.0,318.83302344721574,-5.270756,318.83302344721574
2025-09-01,WEST,Health & Beauty,test,360.0,323.09056338139163,12.766854,323.09056338139163
2025-09-08,WEST,Health & Beauty,test,365.0,323.09056338139163,12.500379,323.09056338139163
2025-09-15,WEST,Health & Beauty,test,345.0,323.09056338139163,14.620413,323.09056338139163
2025-09-22,WEST,Health & Beauty,test,325.0,323.09056338139163,14.784273,323.09056338139163
2025-09-29,WEST,Health & Beauty,test,307.0,323.09056338139163,-26.900908,323.09056338139163
2025-10-06,WEST,Health & Beauty,test,278.0,272.2971242716791,-4.9749675,272.2971242716791
2025-10-13,WEST,Health & Beauty,test,292.0,272.2971242716791,-3.9061434,272.2971242716791
2025-10-20,WEST,Health & Beauty,test,292.0,272.2971242716791,-3.733421,272.2971242716791
2025-10-27,WEST,Health & Beauty,test,300.0,272.2971242716791,-6.2267294,272.2971242716791
2025-11-03,WEST,Health & Beauty,test,245.0,272.2971242716791,-3.7643216,272.2971242716791
2025-11-10,WEST,Health & Beauty,test,286.0,272.2971242716791,-3.4424503,272.2971242716791
2025-11-17,WEST,Health & Beauty,test,249.0,272.2971242716791,-0.3744629,272.2971242716791
2025-11-24,WEST,Health & Beauty,test,271.0,272.2971242716791,-3.5413017,272.2971242716791
2025-12-01,WEST,Health & Beauty,test,287.0,272.2971242716791,-1.6713291,272.2971242716791
2025-12-08,WEST,Health & Beauty,test,303.0,272.2971242716791,-3.0717027,272.2971242716791
2025-12-15,WEST,Health & Beauty,test,267.0,272.2971242716791,-3.3601356,272.2971242716791
2025-12-22,WEST,Health & Beauty,test,297.0,272.2971242716791,-3.4139252,272.2971242716791
2024-12-30,WEST,Home & Garden,test,669.0,625.5473074476054,21.936787,647.4840940992167
2025-01-06,WEST,Home & Garden,test,627.0,625.2051407585245,21.936787,647.1419274101358
2025-01-13,WEST,Home & Garden,test,639.0,625.4300431635393,21.10975,646.5397939112199
2025-01-20,WEST,Home & Garden,test,594.0,625.2822172839445,21.271282,646.5534994799895
2025-01-27,WEST,Home & Garden,test,633.0,625.3793816102955,21.186975,646.5663570894214
2025-02-03,WEST,Home & Garden,test,642.0,625.3155165662239,22.218338,647.5338545789192
2025-02-10,WEST,Home & Garden,test,615.0,625.3574943579448,21.070362,646.4278564490093
2025-02-17,WEST,Home & Garden,test,595.0,625.3299028166974,21.070362,646.4002649077619
2025-02-24,WEST,Home & Garden,test,746.0,887.2395999834401,21.41801,908.6576106951101
2025-03-03,WEST,Home & Garden,test,1050.0,1068.9526919921127,15.755907,1084.7085990508285
2025-03-10,WEST,Home & Garden,test,1112.0,1158.8341635905426,0.75420314,1159.5883667312783
2025-03-17,WEST,Home & Garden,test,1214.0,1248.702650147886,-2.0861065,1246.6165436091135
2025-03-24,WEST,Home & Garden,test,1355.0,1110.6943831362812,0.64955163,1111.3439347663013
2025-03-31,WEST,Home & Garden,test,720.0,717.1913392060299,-5.359729,711.8316103928585
2025-04-07,WEST,Home & Garden,test,715.0,717.1928016208042,-13.056759,704.1360427401889
2025-04-14,WEST,Home & Garden,test,705.0,717.191840391642,-9.415984,707.7758562378945
2025-04-21,WEST,Home & Garden,test,677.0,717.1924721970083,-10.734735,706.457737661791
2025-04-28,WEST,Home & Garden,test,707.0,717.1920569182834,-1.8698751,715.3221818448504
2025-05-05,WEST,Home & Garden,test,741.0,717.1923298764262,-1.9588069,715.2335230040584
2025-05-12,WEST,Home & Garden,test,683.0,717.1921504640381,-5.481098,711.7110522889893
2025-05-19,WEST,Home & Garden,test,687.0,717.1922683898295,-14.114045,703.078223246702
2025-05-26,WEST,Home & Garden,test,669.0,810.5015764119116,-11.023006,799.4785699727026
2025-06-02,WEST,Home & Garden,test,870.0,810.501627359255,5.7329555,816.2345828150351
2025-06-09,WEST,Home & Garden,test,839.0,810.501593872126,1.968803,812.4703969202599
2025-06-16,WEST,Home & Garden,test,819.0,810.5016158828479,2.2425776,812.7441934356433
2025-06-23,WEST,Home & Garden,test,833.0,810.5016014154422,1.968803,812.4704044635761
2025-06-30,WEST,Home & Garden,test,839.0,810.5016109247091,6.011753,816.5133640069845
2025-07-07,WEST,Home & Garden,test,848.0,810.5016046743725,5.9228206,816.4244252424572
2025-07-14,WEST,Home & Garden,test,833.0,810.50160878265,5.9228206,816.4244293507347
2025-07-21,WEST,Home & Garden,test,879.0,810.5016060823243,5.9228206,816.424426650409
2025-07-28,WEST,Home & Garden,test,821.0,810.5016078572187,5.357578,815.8591856579694
2025-08-04,WEST,Home & Garden,test,859.0,810.5016066906002,4.7801175,815.2817242023494
2025-08-11,WEST,Home & Garden,test,859.0,810.5016074574057,5.357578,815.8591852581565
2025-08-18,WEST,Home & Garden,test,808.0,810.5016069533929,5.357578,815.8591847541436
2025-08-25,WEST,Home & Garden,test,849.0,810.501607284675,-10.412575,800.0890325166085
2025-09-01,WEST,Home & Garden,test,902.0,839.9029645719652,32.9944,872.8973645963792
2025-09-08,WEST,Home & Garden,test,978.0,839.9029647150886,32.9944,872.8973647395027
2025-09-15,WEST,Home & Garden,test,920.0,839.9029646210151,38.002415,877.9053793243843
2025-09-22,WEST,Home & Garden,test,855.0,839.9029646828486,32.9944,872.8973647072627
2025-09-29,WEST,Home & Garden,test,746.0,839.9029646422061,-57.314827,782.5881376768741
2025-10-06,WEST,Home & Garden,test,666.0,717.1922216304727,-13.464095,703.728126514811
2025-10-13,WEST,Home & Garden,test,685.0,717.192221612914,-11.288287,705.9039344501332
2025-10-20,WEST,Home & Garden,test,677.0,717.1922216244551,-11.199258,705.9929637738081
2025-10-27,WEST,Home & Garden,test,710.0,717.1922216168692,-5.503208,711.6890134564688
2025-11-03,WEST,Home & Garden,test,663.0,717.1922216218553,-9.218688,707.9735336106859
2025-11-10,WEST,Home & Garden,test,686.0,717.1922216185781,-6.2530212,710.9392003783437
2025-11-17,WEST,Home & Garden,test,676.0,717.1922216207322,-7.1128993,710.0793223172959
2025-11-24,WEST,Home & Garden,test,668.0,717.1922216193163,-5.708912,711.4833097235644
2025-12-01,WEST,Home & Garden,test,753.0,717.192221620247,-6.2708116,710.9214100624772
2025-12-08,WEST,Home & Garden,test,704.0,717.1922216196352,-6.7942395,710.3979820986086
2025-12-15,WEST,Home & Garden,test,750.0,717.1922216200373,-6.458725,710.7334966444514
2025-12-22,WEST,Home & Garden,test,759.0,717.192221619773,-7.5440516,709.6481699725867
2024-12-30,WEST,Luggage & Bags,test,198.0,199.00262668196862,7.5990753,199.00262668196862
2025-01-06,WEST,Luggage & Bags,test,203.0,199.00262668196862,9.1719265,199.00262668196862
2025-01-13,WEST,Luggage & Bags,test,196.0,199.00262668196862,9.44804,199.00262668196862
2025-01-20,WEST,Luggage & Bags,test,174.0,199.00262668196862,10.165831,199.00262668196862
2025-01-27,WEST,Luggage & Bags,test,198.0,199.00262668196862,9.74058,199.00262668196862
2025-02-03,WEST,Luggage & Bags,test,177.0,199.00262668196862,9.74058,199.00262668196862
2025-02-10,WEST,Luggage & Bags,test,213.0,199.00262668196862,9.74058,199.00262668196862
2025-02-17,WEST,Luggage & Bags,test,210.0,199.00262668196862,10.165831,199.00262668196862
2025-02-24,WEST,Luggage & Bags,test,227.0,295.91676681563695,10.064339,295.91676681563695
2025-03-03,WEST,Luggage & Bags,test,310.0,341.6957755083389,8.323181,341.6957755083389
2025-03-10,WEST,Luggage & Bags,test,353.0,365.29937209109676,-0.64229876,365.29937209109676
2025-03-17,WEST,Luggage & Bags,test,385.0,388.9029686738546,-0.45001307,388.9029686738546
2025-03-24,WEST,Luggage & Bags,test,426.0,384.0040721719953,-0.45001307,384.0040721719953
2025-03-31,WEST,Luggage & Bags,test,203.0,221.17803879191268,-1.5593199,221.17803879191268
2025-04-07,WEST,Luggage & Bags,test,216.0,221.17803879191268,-4.091182,221.17803879191268
2025-04-14,WEST,Luggage & Bags,test,234.0,221.17803879191268,-4.0038757,221.17803879191268
2025-04-21,WEST,Luggage & Bags,test,214.0,221.17803879191268,-4.0038757,221.17803879191268
2025-04-28,WEST,Luggage & Bags,test,211.0,221.17803879191268,-2.0077376,221.17803879191268
2025-05-05,WEST,Luggage & Bags,test,206.0,221.17803879191268,-2.0077376,221.17803879191268
2025-05-12,WEST,Luggage & Bags,test,204.0,221.17803879191268,-2.0077376,221.17803879191268
2025-05-19,WEST,Luggage & Bags,test,213.0,221.17803879191268,-2.0077376,221.17803879191268
2025-05-26,WEST,Luggage & Bags,test,202.0,260.3221145127311,-9.457204,260.3221145127311
2025-06-02,WEST,Luggage & Bags,test,258.0,260.3221145127311,3.3280213,260.3221145127311
2025-06-09,WEST,Luggage & Bags,test,255.0,260.3221145127311,3.416953,260.3221145127311
2025-06-16,WEST,Luggage & Bags,test,258.0,260.3221145127311,3.416953,260.3221145127311
2025-06-23,WEST,Luggage & Bags,test,272.0,260.3221145127311,3.416953,260.3221145127311
2025-06-30,WEST,Luggage & Bags,test,255.0,260.3221145127311,3.3280213,260.3221145127311
2025-07-07,WEST,Luggage & Bags,test,243.0,260.3221145127311,3.3280213,260.3221145127311
2025-07-14,WEST,Luggage & Bags,test,273.0,260.3221145127311,3.3280213,260.3221145127311
2025-07-21,WEST,Luggage & Bags,test,262.0,260.3221145127311,3.3280213,260.3221145127311
2025-07-28,WEST,Luggage & Bags,test,241.0,260.3221145127311,3.3280213,260.3221145127311
2025-08-04,WEST,Luggage & Bags,test,255.0,260.3221145127311,3.3280213,260.3221145127311
2025-08-11,WEST,Luggage & Bags,test,245.0,260.3221145127311,3.3280213,260.3221145127311
2025-08-18,WEST,Luggage & Bags,test,255.0,260.3221145127311,3.3280213,260.3221145127311
2025-08-25,WEST,Luggage & Bags,test,263.0,260.3221145127311,-2.8345785,260.3221145127311
2025-09-01,WEST,Luggage & Bags,test,316.0,263.79684856646105,10.627518,263.79684856646105
2025-09-08,WEST,Luggage & Bags,test,275.0,263.79684856646105,12.32736,263.79684856646105
2025-09-15,WEST,Luggage & Bags,test,290.0,263.79684856646105,12.034894,263.79684856646105
2025-09-22,WEST,Luggage & Bags,test,281.0,263.79684856646105,11.51405,263.79684856646105
2025-09-29,WEST,Luggage & Bags,test,244.0,263.79684856646105,-26.03258,263.79684856646105
2025-10-06,WEST,Luggage & Bags,test,229.0,221.17803879191268,-3.97863,221.17803879191268
2025-10-13,WEST,Luggage & Bags,test,222.0,221.17803879191268,-1.3710319,221.17803879191268
2025-10-20,WEST,Luggage & Bags,test,223.0,221.17803879191268,-1.2918323,221.17803879191268
2025-10-27,WEST,Luggage & Bags,test,218.0,221.17803879191268,-2.996015,221.17803879191268
2025-11-03,WEST,Luggage & Bags,test,210.0,221.17803879191268,-2.8266828,221.17803879191268
2025-11-10,WEST,Luggage & Bags,test,191.0,221.17803879191268,-2.8266828,221.17803879191268
2025-11-17,WEST,Luggage & Bags,test,229.0,221.17803879191268,-2.8266828,221.17803879191268
2025-11-24,WEST,Luggage & Bags,test,224.0,221.17803879191268,-2.8266828,221.17803879191268
2025-12-01,WEST,Luggage & Bags,test,253.0,221.17803879191268,-2.8266828,221.17803879191268
2025-12-08,WEST,Luggage & Bags,test,236.0,221.17803879191268,-2.5910885,221.17803879191268
2025-12-15,WEST,Luggage & Bags,test,255.0,221.17803879191268,-2.8266828,221.17803879191268
2025-12-22,WEST,Luggage & Bags,test,241.0,221.17803879191268,-2.8266828,221.17803879191268
2024-12-30,WEST,Media,test,108.0,92.62376657134082,4.5061455,92.62376657134082
2025-01-06,WEST,Media,test,93.0,92.62376657134082,4.6283474,92.62376657134082
2025-01-13,WEST,Media,test,111.0,92.62376657134082,5.626446,92.62376657134082
2025-01-20,WEST,Media,test,110.0,92.62376657134082,5.027487,92.62376657134082
2025-01-27,WEST,Media,test,95.0,92.62376657134082,4.6283474,92.62376657134082
2025-02-03,WEST,Media,test,94.0,92.62376657134082,4.214233,92.62376657134082
2025-02-10,WEST,Media,test,83.0,92.62376657134082,4.324748,92.62376657134082
2025-02-17,WEST,Media,test,89.0,92.62376657134082,5.027487,92.62376657134082
2025-02-24,WEST,Media,test,97.0,156.76642045750924,5.157835,156.76642045750924
2025-03-03,WEST,Media,test,152.0,169.4167108253294,5.135909,169.4167108253294
2025-03-10,WEST,Media,test,173.0,170.1088525872403,-0.64229876,170.1088525872403
2025-03-17,WEST,Media,test,165.0,170.8009943491512,-0.64229876,170.8009943491512
2025-03-24,WEST,Media,test,219.0,151.95834937242495,-0.64229876,151.95834937242495
2025-03-31,WEST,Media,test,107.0,104.5819151772501,-1.7323385,104.5819151772501
2025-04-07,WEST,Media,test,103.0,104.5819151772501,-1.7323385,104.5819151772501
2025-04-14,WEST,Media,test,122.0,104.5819151772501,-1.918806,104.5819151772501
2025-04-21,WEST,Media,test,89.0,104.5819151772501,-1.918806,104.5819151772501
2025-04-28,WEST,Media,test,97.0,104.5819151772501,-2.0077376,104.5819151772501
2025-05-05,WEST,Media,test,100.0,104.5819151772501,-2.0077376,104.5819151772501
2025-05-12,WEST,Media,test,107.0,104.5819151772501,-2.0077376,104.5819151772501
2025-05-19,WEST,Media,test,90.0,104.5819151772501,-2.0077376,104.5819151772501
2025-05-26,WEST,Media,test,93.0,121.27448824342336,-3.7649078,121.27448824342336
2025-06-02,WEST,Media,test,125.0,121.27448824342336,3.3280213,121.27448824342336
2025-06-09,WEST,Media,test,134.0,121.27448824342336,3.3280213,121.27448824342336
2025-06-16,WEST,Media,test,111.0,121.27448824342336,3.416953,121.27448824342336
2025-06-23,WEST,Media,test,141.0,121.27448824342336,3.3280213,121.27448824342336
2025-06-30,WEST,Media,test,114.0,121.27448824342336,3.3280213,121.27448824342336
2025-07-07,WEST,Media,test,111.0,121.27448824342336,3.3280213,121.27448824342336
2025-07-14,WEST,Media,test,152.0,121.27448824342336,3.3280213,121.27448824342336
2025-07-21,WEST,Media,test,110.0,121.27448824342336,3.416953,121.27448824342336
2025-07-28,WEST,Media,test,139.0,121.27448824342336,3.416953,121.27448824342336
2025-08-04,WEST,Media,test,137.0,121.27448824342336,3.416953,121.27448824342336
2025-08-11,WEST,Media,test,134.0,121.27448824342336,3.3280213,121.27448824342336
2025-08-18,WEST,Media,test,116.0,121.27448824342336,3.3280213,121.27448824342336
2025-08-25,WEST,Media,test,138.0,121.27448824342336,-2.8345785,121.27448824342336
2025-09-01,WEST,Media,test,144.0,133.7181012872429,6.6562843,133.7181012872429
2025-09-08,WEST,Media,test,130.0,133.7181012872429,6.6562843,133.7181012872429
2025-09-15,WEST,Media,test,164.0,133.7181012872429,6.6562843,133.7181012872429
2025-09-22,WEST,Media,test,158.0,133.7181012872429,6.938093,133.7181012872429
2025-09-29,WEST,Media,test,115.0,133.7181012872429,-14.697957,133.7181012872429
2025-10-06,WEST,Media,test,102.0,104.5819151772501,-2.6702878,104.5819151772501
2025-10-13,WEST,Media,test,119.0,104.5819151772501,-2.5305474,104.5819151772501
2025-10-20,WEST,Media,test,102.0,104.5819151772501,-2.5910885,104.5819151772501
2025-10-27,WEST,Media,test,121.0,104.5819151772501,-2.8266828,104.5819151772501
2025-11-03,WEST,Media,test,111.0,104.5819151772501,-2.8266828,104.5819151772501
2025-11-10,WEST,Media,test,113.0,104.5819151772501,-2.8266828,104.5819151772501
2025-11-17,WEST,Media,test,107.0,104.5819151772501,-2.8266828,104.5819151772501
2025-11-24,WEST,Media,test,108.0,104.5819151772501,-2.8266828,104.5819151772501
2025-12-01,WEST,Media,test,129.0,104.5819151772501,-2.8266828,104.5819151772501
2025-12-08,WEST,Media,test,112.0,104.5819151772501,-2.8266828,104.5819151772501
2025-12-15,WEST,Media,test,105.0,104.5819151772501,-2.8266828,104.5819151772501
2025-12-22,WEST,Media,test,114.0,104.5819151772501,-2.8266828,104.5819151772501
2024-12-30,WEST,Office Supplies,test,198.0,206.05199572613165,9.004137,206.05199572613165
2025-01-06,WEST,Office Supplies,test,196.0,206.05393020782282,9.004137,206.05393020782282
2025-01-13,WEST,Office Supplies,test,208.0,206.0610643980946,9.049215,206.0610643980946
2025-01-20,WEST,Office Supplies,test,194.0,206.06129023691435,9.998041,206.06129023691435
2025-01-27,WEST,Office Supplies,test,241.0,206.05983801663726,8.574694,206.05983801663726
2025-02-03,WEST,Office Supplies,test,166.0,206.05966419903487,9.998041,206.05966419903487
2025-02-10,WEST,Office Supplies,test,234.0,206.05994861001162,9.490892,206.05994861001162
2025-02-17,WEST,Office Supplies,test,203.0,206.06000938946133,8.927338,206.06000938946133
2025-02-24,WEST,Office Supplies,test,229.0,329.19866288524224,9.332222,329.19866288524224
2025-03-03,WEST,Office Supplies,test,348.0,364.5347323596651,7.8675575,364.5347323596651
2025-03-10,WEST,Office Supplies,test,371.0,386.38539779951856,-0.45001307,386.38539779951856
2025-03-17,WEST,Office Supplies,test,410.0,408.23605812236855,-1.2319037,408.23605812236855
2025-03-24,WEST,Office Supplies,test,435.0,357.0072377724518,-0.45001307,357.0072377724518
2025-03-31,WEST,Office Supplies,test,224.0,219.54538083376494,-1.5593199,219.54538083376494
2025-04-07,WEST,Office Supplies,test,208.0,219.54538106766606,-4.091182,219.54538106766606
2025-04-14,WEST,Office Supplies,test,236.0,219.5453813033027,-4.0038757,219.5453813033027
2025-04-21,WEST,Office Supplies,test,223.0,219.5453812756843,-4.0038757,219.5453812756843
2025-04-28,WEST,Office Supplies,test,245.0,219.54538122464567,-2.0077376,219.54538122464567
2025-05-05,WEST,Office Supplies,test,240.0,219.54538122587303,-2.0077376,219.54538122587303
2025-05-12,WEST,Office Supplies,test,220.0,219.5453812365114,-2.0077376,219.5453812365114
2025-05-19,WEST,Office Supplies,test,233.0,219.54538123719013,-2.0077376,219.54538123719013
2025-05-26,WEST,Office Supplies,test,223.0,266.97196287323396,-9.457204,266.97196287323396
2025-06-02,WEST,Office Supplies,test,267.0,266.97196287290683,3.3280213,266.97196287290683
2025-06-09,WEST,Office Supplies,test,312.0,266.97196287331883,3.416953,266.97196287331883
2025-06-16,WEST,Office Supplies,test,256.0,266.9719628734224,3.416953,266.9719628734224
2025-06-23,WEST,Office Supplies,test,266.0,266.97196287334646,3.416953,266.97196287334646
2025-06-30,WEST,Office Supplies,test,273.0,266.97196287331843,3.416953,266.97196287331843
2025-07-07,WEST,Office Supplies,test,291.0,266.9719628733317,3.416953,266.9719628733317
2025-07-14,WEST,Office Supplies,test,284.0,266.9719628733386,3.3280213,266.9719628733386
2025-07-21,WEST,Office Supplies,test,256.0,266.9719628733365,3.3280213,266.9719628733365
2025-07-28,WEST,Office Supplies,test,254.0,266.97196287333486,3.3280213,266.97196287333486
2025-08-04,WEST,Office Supplies,test,271.0,266.97196287333514,3.416953,266.97196287333514
2025-08-11,WEST,Office Supplies,test,267.0,266.97196287333554,3.3280213,266.97196287333554
2025-08-18,WEST,Office Supplies,test,249.0,266.9719628733355,3.3280213,266.9719628733355
2025-08-25,WEST,Office Supplies,test,273.0,266.9719628733354,-3.5665233,266.9719628733354
2025-09-01,WEST,Office Supplies,test,294.0,275.2689015102749,11.69119,275.2689015102749
2025-09-08,WEST,Office Supplies,test,300.0,275.2689015102749,12.32736,275.2689015102749
2025-09-15,WEST,Office Supplies,test,290.0,275.2689015102749,12.034894,275.2689015102749
2025-09-22,WEST,Office Supplies,test,293.0,275.2689015102749,11.362638,275.2689015102749
2025-09-29,WEST,Office Supplies,test,225.0,275.2689015102749,-25.533438,275.2689015102749
2025-10-06,WEST,Office Supplies,test,220.0,219.54538123515601,-3.3325763,219.54538123515601
2025-10-13,WEST,Office Supplies,test,246.0,219.54538123515601,0.900157,219.54538123515601
2025-10-20,WEST,Office Supplies,test,242.0,219.54538123515601,-0.98163646,219.54538123515601
2025-10-27,WEST,Office Supplies,test,237.0,219.54538123515601,-2.8266828,219.54538123515601
2025-11-03,WEST,Office Supplies,test,204.0,219.54538123515601,-2.8266828,219.54538123515601
2025-11-10,WEST,Office Supplies,test,217.0,219.54538123515601,-2.5910885,219.54538123515601
2025-11-17,WEST,Office Supplies,test,251.0,219.54538123515601,-2.8266828,219.54538123515601
2025-11-24,WEST,Office Supplies,test,219.0,219.54538123515601,-2.5910885,219.54538123515601
2025-12-01,WEST,Office Supplies,test,245.0,219.54538123515601,-2.5910885,219.54538123515601
2025-12-08,WEST,Office Supplies,test,244.0,219.54538123515601,-2.8266828,219.54538123515601
2025-12-15,WEST,Office Supplies,test,224.0,219.54538123515601,-2.2832184,219.54538123515601
2025-12-22,WEST,Office Supplies,test,228.0,219.54538123515601,-2.8266828,219.54538123515601
2024-12-30,WEST,Software,test,21.0,20.750108628016886,4.138646,24.888754753810343
2025-01-06,WEST,Software,test,21.0,20.750108628016886,4.138646,24.888754753810343
2025-01-13,WEST,Software,test,19.0,20.750108628016886,4.138646,24.888754753810343
2025-01-20,WEST,Software,test,21.0,20.750108628016886,4.138646,24.888754753810343
2025-01-27,WEST,Software,test,18.0,20.750108628016886,4.138646,24.888754753810343
2025-02-03,WEST,Software,test,20.0,20.750108628016886,4.138646,24.888754753810343
2025-02-10,WEST,Software,test,21.0,20.750108628016886,4.138646,24.888754753810343
2025-02-17,WEST,Software,test,14.0,20.750108628016886,4.138646,24.888754753810343
2025-02-24,WEST,Software,test,24.0,30.841874550663285,4.138646,34.98052067645674
2025-03-03,WEST,Software,test,23.0,33.40001408769277,3.8062284,37.2062424869695
2025-03-10,WEST,Software,test,42.0,34.10052848629408,-0.73123056,33.36929792932921
2025-03-17,WEST,Software,test,56.0,34.801042884895395,-0.73123056,34.06981232793052
2025-03-24,WEST,Software,test,34.0,39.001293129864386,-0.73123056,38.27006257289951
2025-03-31,WEST,Software,test,14.0,22.607733766445055,-1.8212703,20.786463419803514
2025-04-07,WEST,Software,test,22.0,22.607733766445055,-1.8212703,20.786463419803514
2025-04-14,WEST,Software,test,18.0,22.607733766445055,-1.918806,20.68892780960454
2025-04-21,WEST,Software,test,27.0,22.607733766445055,-2.0077376,20.599996129878893
2025-04-28,WEST,Software,test,23.0,22.607733766445055,-2.0077376,20.599996129878893
2025-05-05,WEST,Software,test,21.0,22.607733766445055,-2.0077376,20.599996129878893
2025-05-12,WEST,Software,test,21.0,22.607733766445055,-2.0077376,20.599996129878893
2025-05-19,WEST,Software,test,28.0,22.607733766445055,-2.0077376,20.599996129878893
2025-05-26,WEST,Software,test,21.0,26.024265777765493,-3.7649078,22.25935794085143
2025-06-02,WEST,Software,test,30.0,26.024265777765493,3.3280213,29.352287065683583
2025-06-09,WEST,Software,test,33.0,26.024265777765493,3.3280213,29.352287065683583
2025-06-16,WEST,Software,test,20.0,26.024265777765493,3.3280213,29.352287065683583
2025-06-23,WEST,Software,test,17.0,26.024265777765493,3.3280213,29.352287065683583
2025-06-30,WEST,Software,test,34.0,26.024265777765493,3.3280213,29.352287065683583
2025-07-07,WEST,Software,test,19.0,26.024265777765493,3.3280213,29.352287065683583
2025-07-14,WEST,Software,test,27.0,26.024265777765493,3.3280213,29.352287065683583
2025-07-21,WEST,Software,test,21.0,26.024265777765493,3.3280213,29.352287065683583
2025-07-28,WEST,Software,test,24.0,26.024265777765493,3.3280213,29.352287065683583
2025-08-04,WEST,Software,test,32.0,26.024265777765493,3.3280213,29.352287065683583
2025-08-11,WEST,Software,test,27.0,26.024265777765493,3.3280213,29.352287065683583
2025-08-18,WEST,Software,test,27.0,26.024265777765493,3.3280213,29.352287065683583
2025-08-25,WEST,Software,test,30.0,26.024265777765493,-2.8345785,23.18968726366637
2025-09-01,WEST,Software,test,27.0,27.2644125439979,4.7331324,31.997544906363622
2025-09-08,WEST,Software,test,27.0,27.2644125439979,4.7331324,31.997544906363622
2025-09-15,WEST,Software,test,35.0,27.2644125439979,4.7331324,31.997544906363622
2025-09-22,WEST,Software,test,27.0,27.2644125439979,4.7331324,31.997544906363622
2025-09-29,WEST,Software,test,24.0,27.2644125439979,-9.165405,18.0990072705604
2025-10-06,WEST,Software,test,21.0,22.607733766445055,-2.7592194,19.848514358409776
2025-10-13,WEST,Software,test,18.0,22.607733766445055,-2.7592194,19.848514358409776
2025-10-20,WEST,Software,test,25.0,22.607733766445055,-2.8266828,19.78105096043004
2025-10-27,WEST,Software,test,30.0,22.607733766445055,-2.8266828,19.78105096043004
2025-11-03,WEST,Software,test,23.0,22.607733766445055,-2.8266828,19.78105096043004
2025-11-10,WEST,Software,test,25.0,22.607733766445055,-2.8266828,19.78105096043004
2025-11-17,WEST,Software,test,20.0,22.607733766445055,-2.8266828,19.78105096043004
2025-11-24,WEST,Software,test,24.0,22.607733766445055,-2.8266828,19.78105096043004
2025-12-01,WEST,Software,test,16.0,22.607733766445055,-2.8266828,19.78105096043004
2025-12-08,WEST,Software,test,19.0,22.607733766445055,-2.8266828,19.78105096043004
2025-12-15,WEST,Software,test,25.0,22.607733766445055,-2.8266828,19.78105096043004
2025-12-22,WEST,Software,test,19.0,22.607733766445055,-2.8266828,19.78105096043004
2024-12-30,WEST,Sporting Goods,test,205.0,203.9848813123055,9.436539,203.9848813123055
2025-01-06,WEST,Sporting Goods,test,203.0,203.9848813123055,9.436539,203.9848813123055
2025-01-13,WEST,Sporting Goods,test,198.0,203.9848813123055,9.712652,203.9848813123055
2025-01-20,WEST,Sporting Goods,test,186.0,203.9848813123055,10.430441,203.9848813123055
2025-01-27,WEST,Sporting Goods,test,223.0,203.9848813123055,9.007093,203.9848813123055
2025-02-03,WEST,Sporting Goods,test,205.0,203.9848813123055,10.430441,203.9848813123055
2025-02-10,WEST,Sporting Goods,test,198.0,203.9848813123055,10.430441,203.9848813123055
2025-02-17,WEST,Sporting Goods,test,218.0,203.9848813123055,10.430441,203.9848813123055
2025-02-24,WEST,Sporting Goods,test,250.0,321.64550414088643,10.291103,321.64550414088643
2025-03-03,WEST,Sporting Goods,test,310.0,364.24440200156243,8.323181,364.24440200156243
2025-03-10,WEST,Sporting Goods,test,358.0,388.1359522710238,-0.64229876,388.1359522710238
2025-03-17,WEST,Sporting Goods,test,370.0,412.0275025404852,-0.45001307,412.0275025404852
2025-03-24,WEST,Sporting Goods,test,433.0,369.4200298221692,-0.46928003,369.4200298221692
2025-03-31,WEST,Sporting Goods,test,231.0,222.69222890352015,-1.5593199,222.69222890352015
2025-04-07,WEST,Sporting Goods,test,205.0,222.69222890352015,-3.8600943,222.69222890352015
2025-04-14,WEST,Sporting Goods,test,233.0,222.69222890352015,-4.0038757,222.69222890352015
2025-04-21,WEST,Sporting Goods,test,207.0,222.69222890352015,-4.0038757,222.69222890352015
2025-04-28,WEST,Sporting Goods,test,236.0,222.69222890352015,-2.0077376,222.69222890352015
2025-05-05,WEST,Sporting Goods,test,226.0,222.69222890352015,-2.0077376,222.69222890352015
2025-05-12,WEST,Sporting Goods,test,212.0,222.69222890352015,-2.0077376,222.69222890352015
2025-05-19,WEST,Sporting Goods,test,200.0,222.69222890352015,-2.0077376,222.69222890352015
2025-05-26,WEST,Sporting Goods,test,223.0,265.1017082859125,-8.616213,265.1017082859125
2025-06-02,WEST,Sporting Goods,test,275.0,265.1017082859125,3.3280213,265.1017082859125
2025-06-09,WEST,Sporting Goods,test,253.0,265.1017082859125,3.416953,265.1017082859125
2025-06-16,WEST,Sporting Goods,test,272.0,265.1017082859125,3.416953,265.1017082859125
2025-06-23,WEST,Sporting Goods,test,267.0,265.1017082859125,3.416953,265.1017082859125
2025-06-30,WEST,Sporting Goods,test,255.0,265.1017082859125,3.3280213,265.1017082859125
2025-07-07,WEST,Sporting Goods,test,270.0,265.1017082859125,3.3280213,265.1017082859125
2025-07-14,WEST,Sporting Goods,test,280.0,265.1017082859125,3.3280213,265.1017082859125
2025-07-21,WEST,Sporting Goods,test,263.0,265.1017082859125,3.3280213,265.1017082859125
2025-07-28,WEST,Sporting Goods,test,251.0,265.1017082859125,3.3280213,265.1017082859125
2025-08-04,WEST,Sporting Goods,test,244.0,265.1017082859125,3.3280213,265.1017082859125
2025-08-11,WEST,Sporting Goods,test,236.0,265.1017082859125,3.3280213,265.1017082859125
2025-08-18,WEST,Sporting Goods,test,279.0,265.1017082859125,3.3280213,265.1017082859125
2025-08-25,WEST,Sporting Goods,test,253.0,265.1017082859125,-2.745647,265.1017082859125
2025-09-01,WEST,Sporting Goods,test,311.0,280.0922940986108,12.32736,280.0922940986108
2025-09-08,WEST,Sporting Goods,test,289.0,280.0922940986108,12.32736,280.0922940986108
2025-09-15,WEST,Sporting Goods,test,301.0,280.0922940986108,12.034894,280.0922940986108
2025-09-22,WEST,Sporting Goods,test,295.0,280.0922940986108,11.733379,280.0922940986108
2025-09-29,WEST,Sporting Goods,test,229.0,280.0922940986108,-26.03258,280.0922940986108
2025-10-06,WEST,Sporting Goods,test,229.0,222.69222890352015,-4.198738,222.69222890352015
2025-10-13,WEST,Sporting Goods,test,213.0,222.69222890352015,1.3012332,222.69222890352015
2025-10-20,WEST,Sporting Goods,test,234.0,222.69222890352015,0.52904356,222.69222890352015
2025-10-27,WEST,Sporting Goods,test,226.0,222.69222890352015,-2.996015,222.69222890352015
2025-11-03,WEST,Sporting Goods,test,235.0,222.69222890352015,-2.8266828,222.69222890352015
2025-11-10,WEST,Sporting Goods,test,237.0,222.69222890352015,-2.8266828,222.69222890352015
2025-11-17,WEST,Sporting Goods,test,221.0,222.69222890352015,-2.8266828,222.69222890352015
2025-11-24,WEST,Sporting Goods,test,218.0,222.69222890352015,-2.8266828,222.69222890352015
2025-12-01,WEST,Sporting Goods,test,251.0,222.69222890352015,-2.8266828,222.69222890352015
2025-12-08,WEST,Sporting Goods,test,251.0,222.69222890352015,-2.8266828,222.69222890352015
2025-12-15,WEST,Sporting Goods,test,239.0,222.69222890352015,-2.7377512,222.69222890352015
2025-12-22,WEST,Sporting Goods,test,243.0,222.69222890352015,-2.8266828,222.69222890352015
2024-12-30,WEST,Vehicles & Parts,test,224.0,200.87317824588504,8.301813,200.87317824588504
2025-01-06,WEST,Vehicles & Parts,test,197.0,200.87317824588504,9.436539,200.87317824588504
2025-01-13,WEST,Vehicles & Parts,test,195.0,200.87317824588504,9.712652,200.87317824588504
2025-01-20,WEST,Vehicles & Parts,test,210.0,200.87317824588504,10.430441,200.87317824588504
2025-01-27,WEST,Vehicles & Parts,test,180.0,200.87317824588504,10.00519,200.87317824588504
2025-02-03,WEST,Vehicles & Parts,test,162.0,200.87317824588504,10.00519,200.87317824588504
2025-02-10,WEST,Vehicles & Parts,test,192.0,200.87317824588504,10.430441,200.87317824588504
2025-02-17,WEST,Vehicles & Parts,test,197.0,200.87317824588504,8.921564,200.87317824588504
2025-02-24,WEST,Vehicles & Parts,test,234.0,280.3976255861392,10.328949,280.3976255861392
2025-03-03,WEST,Vehicles & Parts,test,332.0,340.48087255846616,7.8675575,340.48087255846616
2025-03-10,WEST,Vehicles & Parts,test,371.0,370.9788121734133,-0.45001307,370.9788121734133
2025-03-17,WEST,Vehicles & Parts,test,383.0,401.4767517883604,-0.7634577,401.4767517883604
2025-03-24,WEST,Vehicles & Parts,test,442.0,391.9763297284333,-0.45001307,391.9763297284333
2025-03-31,WEST,Vehicles & Parts,test,235.0,230.45848560326488,-1.5593199,230.45848560326488
2025-04-07,WEST,Vehicles & Parts,test,213.0,230.45848560326488,-4.091182,230.45848560326488
2025-04-14,WEST,Vehicles & Parts,test,212.0,230.45848560326488,-4.0038757,230.45848560326488
2025-04-21,WEST,Vehicles & Parts,test,232.0,230.45848560326488,-4.0038757,230.45848560326488
2025-04-28,WEST,Vehicles & Parts,test,231.0,230.45848560326488,-2.0077376,230.45848560326488
2025-05-05,WEST,Vehicles & Parts,test,219.0,230.45848560326488,-2.0077376,230.45848560326488
2025-05-12,WEST,Vehicles & Parts,test,227.0,230.45848560326488,-2.0077376,230.45848560326488
2025-05-19,WEST,Vehicles & Parts,test,216.0,230.45848560326488,-2.0077376,230.45848560326488
2025-05-26,WEST,Vehicles & Parts,test,239.0,266.4835050417927,-9.457204,266.4835050417927
2025-06-02,WEST,Vehicles & Parts,test,267.0,266.4835050417927,3.3280213,266.4835050417927
2025-06-09,WEST,Vehicles & Parts,test,286.0,266.4835050417927,3.416953,266.4835050417927
2025-06-16,WEST,Vehicles & Parts,test,282.0,266.4835050417927,3.416953,266.4835050417927
2025-06-23,WEST,Vehicles & Parts,test,287.0,266.4835050417927,3.416953,266.4835050417927
2025-06-30,WEST,Vehicles & Parts,test,288.0,266.4835050417927,3.3280213,266.4835050417927
2025-07-07,WEST,Vehicles & Parts,test,254.0,266.4835050417927,3.3280213,266.4835050417927
2025-07-14,WEST,Vehicles & Parts,test,252.0,266.4835050417927,3.3280213,266.4835050417927
2025-07-21,WEST,Vehicles & Parts,test,286.0,266.4835050417927,3.416953,266.4835050417927
2025-07-28,WEST,Vehicles & Parts,test,264.0,266.4835050417927,3.416953,266.4835050417927
2025-08-04,WEST,Vehicles & Parts,test,260.0,266.4835050417927,3.3280213,266.4835050417927
2025-08-11,WEST,Vehicles & Parts,test,287.0,266.4835050417927,3.3280213,266.4835050417927
2025-08-18,WEST,Vehicles & Parts,test,292.0,266.4835050417927,3.3280213,266.4835050417927
2025-08-25,WEST,Vehicles & Parts,test,265.0,266.4835050417927,-3.5665233,266.4835050417927
2025-09-01,WEST,Vehicles & Parts,test,266.0,266.81253122273415,11.644447,266.81253122273415
2025-09-08,WEST,Vehicles & Parts,test,284.0,266.81253122273415,11.644447,266.81253122273415
2025-09-15,WEST,Vehicles & Parts,test,287.0,266.81253122273415,12.238428,266.81253122273415
2025-09-22,WEST,Vehicles & Parts,test,290.0,266.81253122273415,11.664154,266.81253122273415
2025-09-29,WEST,Vehicles & Parts,test,237.0,266.81253122273415,-24.994797,266.81253122273415
2025-10-06,WEST,Vehicles & Parts,test,232.0,230.45848560326488,-4.508935,230.45848560326488
2025-10-13,WEST,Vehicles & Parts,test,235.0,230.45848560326488,-1.2312917,230.45848560326488
2025-10-20,WEST,Vehicles & Parts,test,233.0,230.45848560326488,-1.2918323,230.45848560326488
2025-10-27,WEST,Vehicles & Parts,test,234.0,230.45848560326488,-2.8266828,230.45848560326488
2025-11-03,WEST,Vehicles & Parts,test,217.0,230.45848560326488,-2.8266828,230.45848560326488
2025-11-10,WEST,Vehicles & Parts,test,236.0,230.45848560326488,-2.8266828,230.45848560326488
2025-11-17,WEST,Vehicles & Parts,test,228.0,230.45848560326488,-2.8266828,230.45848560326488
2025-11-24,WEST,Vehicles & Parts,test,242.0,230.45848560326488,-2.8266828,230.45848560326488
2025-12-01,WEST,Vehicles & Parts,test,240.0,230.45848560326488,-2.8266828,230.45848560326488
2025-12-08,WEST,Vehicles & Parts,test,244.0,230.45848560326488,-2.8266828,230.45848560326488
2025-12-15,WEST,Vehicles & Parts,test,253.0,230.45848560326488,-2.8266828,230.45848560326488
2025-12-22,WEST,Vehicles & Parts,test,274.0,230.45848560326488,-2.8266828,230.45848560326488
