week_start,region,parent_category,split,y,sarimax_pred,residual
2024-01-01,EAST,Animals & Pet Supplies,train,256.0,259.490642966173,-3.490642966173027
2024-01-08,EAST,Animals & Pet Supplies,train,240.0,259.490642966173,-19.490642966173027
2024-01-15,EAST,Animals & Pet Supplies,train,254.0,259.490642966173,-5.490642966173027
2024-01-22,EAST,Animals & Pet Supplies,train,262.0,259.490642966173,2.509357033826973
2024-01-29,EAST,Animals & Pet Supplies,train,255.0,259.490642966173,-4.490642966173027
2024-02-05,EAST,Animals & Pet Supplies,train,267.0,259.490642966173,7.509357033826973
2024-02-12,EAST,Animals & Pet Supplies,train,246.0,259.490642966173,-13.490642966173027
2024-02-19,EAST,Animals & Pet Supplies,train,259.0,259.490642966173,-0.49064296617302716
2024-02-26,EAST,Animals & Pet Supplies,train,293.0,259.490642966173,33.50935703382697
2024-03-04,EAST,Animals & Pet Supplies,train,313.0,304.7545836953561,8.245416304643925
2024-03-11,EAST,Animals & Pet Supplies,train,445.0,440.79554922293767,4.204450777062334
2024-03-18,EAST,Animals & Pet Supplies,train,472.0,485.0906386765141,-13.090638676514118
2024-03-25,EAST,Animals & Pet Supplies,train,543.0,529.3857281300906,13.61427186990943
2024-04-01,EAST,Animals & Pet Supplies,train,569.0,573.680817583667,-4.680817583667022
2024-04-08,EAST,Animals & Pet Supplies,train,509.0,508.96922897645084,0.030771023549164056
2024-04-15,EAST,Animals & Pet Supplies,train,286.0,304.7545836953561,-18.754583695356075
2024-04-22,EAST,Animals & Pet Supplies,train,302.0,304.7545836953561,-2.754583695356075
2024-04-29,EAST,Animals & Pet Supplies,train,301.0,304.7545836953561,-3.754583695356075
2024-05-06,EAST,Animals & Pet Supplies,train,317.0,304.7545836953561,12.245416304643925
2024-05-13,EAST,Animals & Pet Supplies,train,262.0,304.7545836953561,-42.754583695356075
2024-05-20,EAST,Animals & Pet Supplies,train,271.0,304.7545836953561,-33.754583695356075
2024-05-27,EAST,Animals & Pet Supplies,train,321.0,337.15622565687016,-16.156225656870163
2024-06-03,EAST,Animals & Pet Supplies,train,334.0,337.15622565687016,-3.1562256568701628
2024-06-10,EAST,Animals & Pet Supplies,train,357.0,337.15622565687016,19.843774343129837
2024-06-17,EAST,Animals & Pet Supplies,train,343.0,337.15622565687016,5.843774343129837
2024-06-24,EAST,Animals & Pet Supplies,train,338.0,337.15622565687016,0.8437743431298372
2024-07-01,EAST,Animals & Pet Supplies,train,334.0,337.15622565687016,-3.1562256568701628
2024-07-08,EAST,Animals & Pet Supplies,train,334.0,337.15622565687016,-3.1562256568701628
2024-07-15,EAST,Animals & Pet Supplies,train,364.0,337.15622565687016,26.843774343129837
2024-07-22,EAST,Animals & Pet Supplies,train,322.0,337.15622565687016,-15.156225656870163
2024-07-29,EAST,Animals & Pet Supplies,train,338.0,337.15622565687016,0.8437743431298372
2024-08-05,EAST,Animals & Pet Supplies,train,351.0,337.15622565687016,13.843774343129837
2024-08-12,EAST,Animals & Pet Supplies,train,336.0,337.15622565687016,-1.1562256568701628
2024-08-19,EAST,Animals & Pet Supplies,train,354.0,337.15622565687016,16.843774343129837
2024-08-26,EAST,Animals & Pet Supplies,train,346.0,388.82118105689676,-42.82118105689676
2024-09-02,EAST,Animals & Pet Supplies,train,393.0,356.4195390953827,36.580460904617325
2024-09-09,EAST,Animals & Pet Supplies,train,363.0,356.4195390953827,6.5804609046173255
2024-09-16,EAST,Animals & Pet Supplies,train,374.0,356.4195390953827,17.580460904617325
2024-09-23,EAST,Animals & Pet Supplies,train,391.0,356.4195390953827,34.580460904617325
2024-09-30,EAST,Animals & Pet Supplies,train,304.0,356.4195390953827,-52.419539095382675
2024-10-07,EAST,Animals & Pet Supplies,train,310.0,304.7545836953561,5.245416304643925
2024-10-14,EAST,Animals & Pet Supplies,train,291.0,304.7545836953561,-13.754583695356075
2024-10-21,EAST,Animals & Pet Supplies,train,324.0,304.7545836953561,19.245416304643925
2024-10-28,EAST,Animals & Pet Supplies,train,332.0,304.7545836953561,27.245416304643925
2024-11-04,EAST,Animals & Pet Supplies,validation,313.0,304.7545836953561,8.245416304643925
2024-11-11,EAST,Animals & Pet Supplies,validation,260.0,304.7545836953561,-44.754583695356075
2024-11-18,EAST,Animals & Pet Supplies,validation,286.0,304.7545836953561,-18.754583695356075
2024-11-25,EAST,Animals & Pet Supplies,validation,288.0,304.7545836953561,-16.754583695356075
2024-12-02,EAST,Animals & Pet Supplies,validation,314.0,304.7545836953561,9.245416304643925
2024-12-09,EAST,Animals & Pet Supplies,validation,341.0,304.7545836953561,36.245416304643925
2024-12-16,EAST,Animals & Pet Supplies,validation,348.0,304.7545836953561,43.245416304643925
2024-12-23,EAST,Animals & Pet Supplies,validation,350.0,304.7545836953561,45.245416304643925
2024-12-30,EAST,Animals & Pet Supplies,test,274.0,259.490642966173,14.509357033826973
2025-01-06,EAST,Animals & Pet Supplies,test,269.0,259.490642966173,9.509357033826973
2025-01-13,EAST,Animals & Pet Supplies,test,240.0,259.490642966173,-19.490642966173027
2025-01-20,EAST,Animals & Pet Supplies,test,265.0,259.490642966173,5.509357033826973
2025-01-27,EAST,Animals & Pet Supplies,test,251.0,259.490642966173,-8.490642966173027
2025-02-03,EAST,Animals & Pet Supplies,test,257.0,259.490642966173,-2.490642966173027
2025-02-10,EAST,Animals & Pet Supplies,test,305.0,259.490642966173,45.50935703382697
2025-02-17,EAST,Animals & Pet Supplies,test,252.0,259.490642966173,-7.490642966173027
2025-02-24,EAST,Animals & Pet Supplies,test,309.0,395.5316084937547,-86.53160849375467
2025-03-03,EAST,Animals & Pet Supplies,test,408.0,485.0906386765141,-77.09063867651412
2025-03-10,EAST,Animals & Pet Supplies,test,498.0,529.3857281300906,-31.38572813009057
2025-03-17,EAST,Animals & Pet Supplies,test,513.0,573.680817583667,-60.68081758366702
2025-03-24,EAST,Animals & Pet Supplies,test,544.0,508.96922897645084,35.030771023549164
2025-03-31,EAST,Animals & Pet Supplies,test,285.0,304.7545836953561,-19.754583695356075
2025-04-07,EAST,Animals & Pet Supplies,test,288.0,304.7545836953561,-16.754583695356075
2025-04-14,EAST,Animals & Pet Supplies,test,262.0,304.7545836953561,-42.754583695356075
2025-04-21,EAST,Animals & Pet Supplies,test,303.0,304.7545836953561,-1.7545836953560752
2025-04-28,EAST,Animals & Pet Supplies,test,292.0,304.7545836953561,-12.754583695356075
2025-05-05,EAST,Animals & Pet Supplies,test,298.0,304.7545836953561,-6.754583695356075
2025-05-12,EAST,Animals & Pet Supplies,test,323.0,304.7545836953561,18.245416304643925
2025-05-19,EAST,Animals & Pet Supplies,test,281.0,304.7545836953561,-23.754583695356075
2025-05-26,EAST,Animals & Pet Supplies,test,298.0,337.15622565687016,-39.15622565687016
2025-06-02,EAST,Animals & Pet Supplies,test,351.0,337.15622565687016,13.843774343129837
2025-06-09,EAST,Animals & Pet Supplies,test,361.0,337.15622565687016,23.843774343129837
2025-06-16,EAST,Animals & Pet Supplies,test,356.0,337.15622565687016,18.843774343129837
2025-06-23,EAST,Animals & Pet Supplies,test,345.0,337.15622565687016,7.843774343129837
2025-06-30,EAST,Animals & Pet Supplies,test,337.0,337.15622565687016,-0.15622565687016277
2025-07-07,EAST,Animals & Pet Supplies,test,343.0,337.15622565687016,5.843774343129837
2025-07-14,EAST,Animals & Pet Supplies,test,339.0,337.15622565687016,1.8437743431298372
2025-07-21,EAST,Animals & Pet Supplies,test,373.0,337.15622565687016,35.84377434312984
2025-07-28,EAST,Animals & Pet Supplies,test,347.0,337.15622565687016,9.843774343129837
2025-08-04,EAST,Animals & Pet Supplies,test,340.0,337.15622565687016,2.8437743431298372
2025-08-11,EAST,Animals & Pet Supplies,test,352.0,337.15622565687016,14.843774343129837
2025-08-18,EAST,Animals & Pet Supplies,test,354.0,337.15622565687016,16.843774343129837
2025-08-25,EAST,Animals & Pet Supplies,test,360.0,337.15622565687016,22.843774343129837
2025-09-01,EAST,Animals & Pet Supplies,test,374.0,356.4195390953827,17.580460904617325
2025-09-08,EAST,Animals & Pet Supplies,test,374.0,356.4195390953827,17.580460904617325
2025-09-15,EAST,Animals & Pet Supplies,test,399.0,356.4195390953827,42.580460904617325
2025-09-22,EAST,Animals & Pet Supplies,test,403.0,356.4195390953827,46.580460904617325
2025-09-29,EAST,Animals & Pet Supplies,test,291.0,356.4195390953827,-65.41953909538267
2025-10-06,EAST,Animals & Pet Supplies,test,268.0,304.7545836953561,-36.754583695356075
2025-10-13,EAST,Animals & Pet Supplies,test,294.0,304.7545836953561,-10.754583695356075
2025-10-20,EAST,Animals & Pet Supplies,test,273.0,304.7545836953561,-31.754583695356075
2025-10-27,EAST,Animals & Pet Supplies,test,288.0,304.7545836953561,-16.754583695356075
2025-11-03,EAST,Animals & Pet Supplies,test,263.0,304.7545836953561,-41.754583695356075
2025-11-10,EAST,Animals & Pet Supplies,test,299.0,304.7545836953561,-5.754583695356075
2025-11-17,EAST,Animals & Pet Supplies,test,304.0,304.7545836953561,-0.7545836953560752
2025-11-24,EAST,Animals & Pet Supplies,test,283.0,304.7545836953561,-21.754583695356075
2025-12-01,EAST,Animals & Pet Supplies,test,315.0,304.7545836953561,10.245416304643925
2025-12-08,EAST,Animals & Pet Supplies,test,327.0,304.7545836953561,22.245416304643925
2025-12-15,EAST,Animals & Pet Supplies,test,309.0,304.7545836953561,4.245416304643925
2025-12-22,EAST,Animals & Pet Supplies,test,339.0,304.7545836953561,34.245416304643925
2024-01-01,EAST,Apparel & Accessories,train,510.0,521.5797178567522,-11.579717856752154
2024-01-08,EAST,Apparel & Accessories,train,517.0,521.5797178567522,-4.579717856752154
2024-01-15,EAST,Apparel & Accessories,train,519.0,521.5797178567522,-2.579717856752154
2024-01-22,EAST,Apparel & Accessories,train,492.0,521.5797178567522,-29.579717856752154
2024-01-29,EAST,Apparel & Accessories,train,530.0,521.5797178567522,8.420282143247846
2024-02-05,EAST,Apparel & Accessories,train,501.0,521.5797178567522,-20.579717856752154
2024-02-12,EAST,Apparel & Accessories,train,540.0,521.5797178567522,18.420282143247846
2024-02-19,EAST,Apparel & Accessories,train,530.0,521.5797178567522,8.420282143247846
2024-02-26,EAST,Apparel & Accessories,train,544.0,521.5797178567522,22.420282143247846
2024-03-04,EAST,Apparel & Accessories,train,637.0,596.7988244429827,40.201175557017336
2024-03-11,EAST,Apparel & Accessories,train,822.0,839.0671577380258,-17.0671577380258
2024-03-18,EAST,Apparel & Accessories,train,947.0,919.1525838447417,27.847416155258315
2024-03-25,EAST,Apparel & Accessories,train,995.0,999.2380099514578,-4.238009951457798
2024-04-01,EAST,Apparel & Accessories,train,1073.0,1079.3234360581737,-6.323436058173684
2024-04-08,EAST,Apparel & Accessories,train,983.0,982.9193772662579,0.08062273374207507
2024-04-15,EAST,Apparel & Accessories,train,536.0,596.7988244429827,-60.798824442982664
2024-04-22,EAST,Apparel & Accessories,train,577.0,596.7988244429827,-19.798824442982664
2024-04-29,EAST,Apparel & Accessories,train,564.0,596.7988244429827,-32.798824442982664
2024-05-06,EAST,Apparel & Accessories,train,578.0,596.7988244429827,-18.798824442982664
2024-05-13,EAST,Apparel & Accessories,train,596.0,596.7988244429827,-0.7988244429826636
2024-05-20,EAST,Apparel & Accessories,train,590.0,596.7988244429827,-6.798824442982664
2024-05-27,EAST,Apparel & Accessories,train,619.0,687.9299808425918,-68.92998084259182
2024-06-03,EAST,Apparel & Accessories,train,685.0,687.9299808425918,-2.9299808425918172
2024-06-10,EAST,Apparel & Accessories,train,686.0,687.9299808425918,-1.9299808425918172
2024-06-17,EAST,Apparel & Accessories,train,696.0,687.9299808425918,8.070019157408183
2024-06-24,EAST,Apparel & Accessories,train,742.0,687.9299808425918,54.07001915740818
2024-07-01,EAST,Apparel & Accessories,train,711.0,687.9299808425918,23.070019157408183
2024-07-08,EAST,Apparel & Accessories,train,710.0,687.9299808425918,22.070019157408183
2024-07-15,EAST,Apparel & Accessories,train,672.0,687.9299808425918,-15.929980842591817
2024-07-22,EAST,Apparel & Accessories,train,703.0,687.9299808425918,15.070019157408183
2024-07-29,EAST,Apparel & Accessories,train,696.0,687.9299808425918,8.070019157408183
2024-08-05,EAST,Apparel & Accessories,train,684.0,687.9299808425918,-3.9299808425918172
2024-08-12,EAST,Apparel & Accessories,train,729.0,687.9299808425918,41.07001915740818
2024-08-19,EAST,Apparel & Accessories,train,693.0,687.9299808425918,5.070019157408183
2024-08-26,EAST,Apparel & Accessories,train,696.0,778.7312289664261,-82.7312289664261
2024-09-02,EAST,Apparel & Accessories,train,676.0,687.600072566817,-11.600072566816948
2024-09-09,EAST,Apparel & Accessories,train,750.0,687.600072566817,62.39992743318305
2024-09-16,EAST,Apparel & Accessories,train,739.0,687.600072566817,51.39992743318305
2024-09-23,EAST,Apparel & Accessories,train,761.0,687.600072566817,73.39992743318305
2024-09-30,EAST,Apparel & Accessories,train,595.0,687.600072566817,-92.60007256681695
2024-10-07,EAST,Apparel & Accessories,train,620.0,596.7988244429827,23.201175557017336
2024-10-14,EAST,Apparel & Accessories,train,622.0,596.7988244429827,25.201175557017336
2024-10-21,EAST,Apparel & Accessories,train,579.0,596.7988244429827,-17.798824442982664
2024-10-28,EAST,Apparel & Accessories,train,582.0,596.7988244429827,-14.798824442982664
2024-11-04,EAST,Apparel & Accessories,validation,595.0,596.7988244429827,-1.7988244429826636
2024-11-11,EAST,Apparel & Accessories,validation,578.0,596.7988244429827,-18.798824442982664
2024-11-18,EAST,Apparel & Accessories,validation,590.0,596.7988244429827,-6.798824442982664
2024-11-25,EAST,Apparel & Accessories,validation,599.0,596.7988244429827,2.2011755570173364
2024-12-02,EAST,Apparel & Accessories,validation,605.0,596.7988244429827,8.201175557017336
2024-12-09,EAST,Apparel & Accessories,validation,681.0,596.7988244429827,84.20117555701734
2024-12-16,EAST,Apparel & Accessories,validation,625.0,596.7988244429827,28.201175557017336
2024-12-23,EAST,Apparel & Accessories,validation,652.0,596.7988244429827,55.201175557017336
2024-12-30,EAST,Apparel & Accessories,test,598.0,521.5797178567522,76.42028214324785
2025-01-06,EAST,Apparel & Accessories,test,544.0,521.5797178567522,22.420282143247846
2025-01-13,EAST,Apparel & Accessories,test,488.0,521.5797178567522,-33.579717856752154
2025-01-20,EAST,Apparel & Accessories,test,518.0,521.5797178567522,-3.579717856752154
2025-01-27,EAST,Apparel & Accessories,test,517.0,521.5797178567522,-4.579717856752154
2025-02-03,EAST,Apparel & Accessories,test,522.0,521.5797178567522,0.42028214324784585
2025-02-10,EAST,Apparel & Accessories,test,535.0,521.5797178567522,13.420282143247846
2025-02-17,EAST,Apparel & Accessories,test,489.0,521.5797178567522,-32.579717856752154
2025-02-24,EAST,Apparel & Accessories,test,670.0,763.8480511517953,-93.84805115179529
2025-03-03,EAST,Apparel & Accessories,test,895.0,919.1525838447417,-24.152583844741685
2025-03-10,EAST,Apparel & Accessories,test,942.0,999.2380099514578,-57.2380099514578
2025-03-17,EAST,Apparel & Accessories,test,1034.0,1079.3234360581737,-45.323436058173684
2025-03-24,EAST,Apparel & Accessories,test,1071.0,982.9193772662579,88.08062273374208
2025-03-31,EAST,Apparel & Accessories,test,593.0,596.7988244429827,-3.7988244429826636
2025-04-07,EAST,Apparel & Accessories,test,572.0,596.7988244429827,-24.798824442982664
2025-04-14,EAST,Apparel & Accessories,test,588.0,596.7988244429827,-8.798824442982664
2025-04-21,EAST,Apparel & Accessories,test,621.0,596.7988244429827,24.201175557017336
2025-04-28,EAST,Apparel & Accessories,test,609.0,596.7988244429827,12.201175557017336
2025-05-05,EAST,Apparel & Accessories,test,574.0,596.7988244429827,-22.798824442982664
2025-05-12,EAST,Apparel & Accessories,test,562.0,596.7988244429827,-34.798824442982664
2025-05-19,EAST,Apparel & Accessories,test,630.0,596.7988244429827,33.201175557017336
2025-05-26,EAST,Apparel & Accessories,test,536.0,687.9299808425918,-151.92998084259182
2025-06-02,EAST,Apparel & Accessories,test,701.0,687.9299808425918,13.070019157408183
2025-06-09,EAST,Apparel & Accessories,test,708.0,687.9299808425918,20.070019157408183
2025-06-16,EAST,Apparel & Accessories,test,752.0,687.9299808425918,64.07001915740818
2025-06-23,EAST,Apparel & Accessories,test,669.0,687.9299808425918,-18.929980842591817
2025-06-30,EAST,Apparel & Accessories,test,665.0,687.9299808425918,-22.929980842591817
2025-07-07,EAST,Apparel & Accessories,test,686.0,687.9299808425918,-1.9299808425918172
2025-07-14,EAST,Apparel & Accessories,test,681.0,687.9299808425918,-6.929980842591817
2025-07-21,EAST,Apparel & Accessories,test,728.0,687.9299808425918,40.07001915740818
2025-07-28,EAST,Apparel & Accessories,test,678.0,687.9299808425918,-9.929980842591817
2025-08-04,EAST,Apparel & Accessories,test,648.0,687.9299808425918,-39.92998084259182
2025-08-11,EAST,Apparel & Accessories,test,654.0,687.9299808425918,-33.92998084259182
2025-08-18,EAST,Apparel & Accessories,test,691.0,687.9299808425918,3.0700191574081828
2025-08-25,EAST,Apparel & Accessories,test,708.0,687.9299808425918,20.070019157408183
2025-09-01,EAST,Apparel & Accessories,test,782.0,687.600072566817,94.39992743318305
2025-09-08,EAST,Apparel & Accessories,test,812.0,687.600072566817,124.39992743318305
2025-09-15,EAST,Apparel & Accessories,test,788.0,687.600072566817,100.39992743318305
2025-09-22,EAST,Apparel & Accessories,test,763.0,687.600072566817,75.39992743318305
2025-09-29,EAST,Apparel & Accessories,test,604.0,687.600072566817,-83.60007256681695
2025-10-06,EAST,Apparel & Accessories,test,584.0,596.7988244429827,-12.798824442982664
2025-10-13,EAST,Apparel & Accessories,test,599.0,596.7988244429827,2.2011755570173364
2025-10-20,EAST,Apparel & Accessories,test,613.0,596.7988244429827,16.201175557017336
2025-10-27,EAST,Apparel & Accessories,test,627.0,596.7988244429827,30.201175557017336
2025-11-03,EAST,Apparel & Accessories,test,579.0,596.7988244429827,-17.798824442982664
2025-11-10,EAST,Apparel & Accessories,test,600.0,596.7988244429827,3.2011755570173364
2025-11-17,EAST,Apparel & Accessories,test,624.0,596.7988244429827,27.201175557017336
2025-11-24,EAST,Apparel & Accessories,test,581.0,596.7988244429827,-15.798824442982664
2025-12-01,EAST,Apparel & Accessories,test,658.0,596.7988244429827,61.201175557017336
2025-12-08,EAST,Apparel & Accessories,test,586.0,596.7988244429827,-10.798824442982664
2025-12-15,EAST,Apparel & Accessories,test,660.0,596.7988244429827,63.201175557017336
2025-12-22,EAST,Apparel & Accessories,test,671.0,596.7988244429827,74.20117555701734
2024-01-01,EAST,Arts & Entertainment,train,455.0,462.48869655159785,-7.4886965515978545
2024-01-08,EAST,Arts & Entertainment,train,477.0,462.48869655159785,14.511303448402145
2024-01-15,EAST,Arts & Entertainment,train,469.0,462.48869655159785,6.5113034484021455
2024-01-22,EAST,Arts & Entertainment,train,498.0,462.48869655159785,35.511303448402145
2024-01-29,EAST,Arts & Entertainment,train,435.0,462.48869655159785,-27.488696551597855
2024-02-05,EAST,Arts & Entertainment,train,460.0,462.48869655159785,-2.4886965515978545
2024-02-12,EAST,Arts & Entertainment,train,473.0,462.48869655159785,10.511303448402145
2024-02-19,EAST,Arts & Entertainment,train,431.0,462.48869655159785,-31.488696551597855
2024-02-26,EAST,Arts & Entertainment,train,457.0,462.48869655159785,-5.4886965515978545
2024-03-04,EAST,Arts & Entertainment,train,566.0,521.8649574807113,44.13504251928873
2024-03-11,EAST,Arts & Entertainment,train,737.0,741.0976606213032,-4.097660621303248
2024-03-18,EAST,Arts & Entertainment,train,822.0,816.1893802455021,5.810619754497907
2024-03-25,EAST,Arts & Entertainment,train,892.0,891.2810998697009,0.7189001302990619
2024-04-01,EAST,Arts & Entertainment,train,964.0,966.3728194938999,-2.3728194938998968
2024-04-08,EAST,Arts & Entertainment,train,878.0,877.9541010971486,0.04589890285137699
2024-04-15,EAST,Arts & Entertainment,train,526.0,521.8649574807113,4.1350425192887315
2024-04-22,EAST,Arts & Entertainment,train,550.0,521.8649574807113,28.13504251928873
2024-04-29,EAST,Arts & Entertainment,train,488.0,521.8649574807113,-33.86495748071127
2024-05-06,EAST,Arts & Entertainment,train,516.0,521.8649574807113,-5.8649574807112685
2024-05-13,EAST,Arts & Entertainment,train,493.0,521.8649574807113,-28.86495748071127
2024-05-20,EAST,Arts & Entertainment,train,513.0,521.8649574807113,-8.864957480711269
2024-05-27,EAST,Arts & Entertainment,train,505.0,603.6170265489171,-98.61702654891712
2024-06-03,EAST,Arts & Entertainment,train,636.0,603.6170265489171,32.382973451082876
2024-06-10,EAST,Arts & Entertainment,train,618.0,603.6170265489171,14.382973451082876
2024-06-17,EAST,Arts & Entertainment,train,635.0,603.6170265489171,31.382973451082876
2024-06-24,EAST,Arts & Entertainment,train,642.0,603.6170265489171,38.382973451082876
2024-07-01,EAST,Arts & Entertainment,train,589.0,603.6170265489171,-14.617026548917124
2024-07-08,EAST,Arts & Entertainment,train,579.0,603.6170265489171,-24.617026548917124
2024-07-15,EAST,Arts & Entertainment,train,641.0,603.6170265489171,37.382973451082876
2024-07-22,EAST,Arts & Entertainment,train,630.0,603.6170265489171,26.382973451082876
2024-07-29,EAST,Arts & Entertainment,train,606.0,603.6170265489171,2.3829734510828757
2024-08-05,EAST,Arts & Entertainment,train,626.0,603.6170265489171,22.382973451082876
2024-08-12,EAST,Arts & Entertainment,train,591.0,603.6170265489171,-12.617026548917124
2024-08-19,EAST,Arts & Entertainment,train,625.0,603.6170265489171,21.382973451082876
2024-08-26,EAST,Arts & Entertainment,train,624.0,699.6053881388614,-75.60538813886137
2024-09-02,EAST,Arts & Entertainment,train,643.0,617.8533190706556,25.14668092934437
2024-09-09,EAST,Arts & Entertainment,train,628.0,617.8533190706556,10.14668092934437
2024-09-16,EAST,Arts & Entertainment,train,665.0,617.8533190706556,47.14668092934437
2024-09-23,EAST,Arts & Entertainment,train,683.0,617.8533190706556,65.14668092934437
2024-09-30,EAST,Arts & Entertainment,train,546.0,617.8533190706556,-71.85331907065563
2024-10-07,EAST,Arts & Entertainment,train,470.0,521.8649574807113,-51.86495748071127
2024-10-14,EAST,Arts & Entertainment,train,496.0,521.8649574807113,-25.86495748071127
2024-10-21,EAST,Arts & Entertainment,train,530.0,521.8649574807113,8.135042519288731
2024-10-28,EAST,Arts & Entertainment,train,516.0,521.8649574807113,-5.8649574807112685
2024-11-04,EAST,Arts & Entertainment,validation,509.0,521.8649574807113,-12.864957480711269
2024-11-11,EAST,Arts & Entertainment,validation,529.0,521.8649574807113,7.1350425192887315
2024-11-18,EAST,Arts & Entertainment,validation,501.0,521.8649574807113,-20.86495748071127
2024-11-25,EAST,Arts & Entertainment,validation,490.0,521.8649574807113,-31.86495748071127
2024-12-02,EAST,Arts & Entertainment,validation,516.0,521.8649574807113,-5.8649574807112685
2024-12-09,EAST,Arts & Entertainment,validation,555.0,521.8649574807113,33.13504251928873
2024-12-16,EAST,Arts & Entertainment,validation,544.0,521.8649574807113,22.13504251928873
2024-12-23,EAST,Arts & Entertainment,validation,548.0,521.8649574807113,26.13504251928873
2024-12-30,EAST,Arts & Entertainment,test,499.0,462.48869655159785,36.511303448402145
2025-01-06,EAST,Arts & Entertainment,test,468.0,462.48869655159785,5.5113034484021455
2025-01-13,EAST,Arts & Entertainment,test,499.0,462.48869655159785,36.511303448402145
2025-01-20,EAST,Arts & Entertainment,test,471.0,462.48869655159785,8.511303448402145
2025-01-27,EAST,Arts & Entertainment,test,487.0,462.48869655159785,24.511303448402145
2025-02-03,EAST,Arts & Entertainment,test,427.0,462.48869655159785,-35.488696551597855
2025-02-10,EAST,Arts & Entertainment,test,453.0,462.48869655159785,-9.488696551597855
2025-02-17,EAST,Arts & Entertainment,test,428.0,462.48869655159785,-34.488696551597855
2025-02-24,EAST,Arts & Entertainment,test,537.0,681.7213996921898,-144.72139969218983
2025-03-03,EAST,Arts & Entertainment,test,770.0,816.1893802455021,-46.18938024550209
2025-03-10,EAST,Arts & Entertainment,test,829.0,891.2810998697009,-62.28109986970094
2025-03-17,EAST,Arts & Entertainment,test,917.0,966.3728194938999,-49.3728194938999
2025-03-24,EAST,Arts & Entertainment,test,938.0,877.9541010971486,60.04589890285138
2025-03-31,EAST,Arts & Entertainment,test,489.0,521.8649574807113,-32.86495748071127
2025-04-07,EAST,Arts & Entertainment,test,510.0,521.8649574807113,-11.864957480711269
2025-04-14,EAST,Arts & Entertainment,test,505.0,521.8649574807113,-16.86495748071127
2025-04-21,EAST,Arts & Entertainment,test,537.0,521.8649574807113,15.135042519288731
2025-04-28,EAST,Arts & Entertainment,test,526.0,521.8649574807113,4.1350425192887315
2025-05-05,EAST,Arts & Entertainment,test,470.0,521.8649574807113,-51.86495748071127
2025-05-12,EAST,Arts & Entertainment,test,479.0,521.8649574807113,-42.86495748071127
2025-05-19,EAST,Arts & Entertainment,test,504.0,521.8649574807113,-17.86495748071127
2025-05-26,EAST,Arts & Entertainment,test,543.0,603.6170265489171,-60.617026548917124
2025-06-02,EAST,Arts & Entertainment,test,570.0,603.6170265489171,-33.617026548917124
2025-06-09,EAST,Arts & Entertainment,test,608.0,603.6170265489171,4.382973451082876
2025-06-16,EAST,Arts & Entertainment,test,671.0,603.6170265489171,67.38297345108288
2025-06-23,EAST,Arts & Entertainment,test,618.0,603.6170265489171,14.382973451082876
2025-06-30,EAST,Arts & Entertainment,test,605.0,603.6170265489171,1.3829734510828757
2025-07-07,EAST,Arts & Entertainment,test,597.0,603.6170265489171,-6.617026548917124
2025-07-14,EAST,Arts & Entertainment,test,612.0,603.6170265489171,8.382973451082876
2025-07-21,EAST,Arts & Entertainment,test,628.0,603.6170265489171,24.382973451082876
2025-07-28,EAST,Arts & Entertainment,test,575.0,603.6170265489171,-28.617026548917124
2025-08-04,EAST,Arts & Entertainment,test,581.0,603.6170265489171,-22.617026548917124
2025-08-11,EAST,Arts & Entertainment,test,567.0,603.6170265489171,-36.617026548917124
2025-08-18,EAST,Arts & Entertainment,test,594.0,603.6170265489171,-9.617026548917124
2025-08-25,EAST,Arts & Entertainment,test,587.0,603.6170265489171,-16.617026548917124
2025-09-01,EAST,Arts & Entertainment,test,681.0,617.8533190706556,63.14668092934437
2025-09-08,EAST,Arts & Entertainment,test,673.0,617.8533190706556,55.14668092934437
2025-09-15,EAST,Arts & Entertainment,test,705.0,617.8533190706556,87.14668092934437
2025-09-22,EAST,Arts & Entertainment,test,690.0,617.8533190706556,72.14668092934437
2025-09-29,EAST,Arts & Entertainment,test,545.0,617.8533190706556,-72.85331907065563
2025-10-06,EAST,Arts & Entertainment,test,520.0,521.8649574807113,-1.8649574807112685
2025-10-13,EAST,Arts & Entertainment,test,471.0,521.8649574807113,-50.86495748071127
2025-10-20,EAST,Arts & Entertainment,test,489.0,521.8649574807113,-32.86495748071127
2025-10-27,EAST,Arts & Entertainment,test,481.0,521.8649574807113,-40.86495748071127
2025-11-03,EAST,Arts & Entertainment,test,522.0,521.8649574807113,0.13504251928873146
2025-11-10,EAST,Arts & Entertainment,test,507.0,521.8649574807113,-14.864957480711269
2025-11-17,EAST,Arts & Entertainment,test,513.0,521.8649574807113,-8.864957480711269
2025-11-24,EAST,Arts & Entertainment,test,514.0,521.8649574807113,-7.8649574807112685
2025-12-01,EAST,Arts & Entertainment,test,570.0,521.8649574807113,48.13504251928873
2025-12-08,EAST,Arts & Entertainment,test,610.0,521.8649574807113,88.13504251928873
2025-12-15,EAST,Arts & Entertainment,test,571.0,521.8649574807113,49.13504251928873
2025-12-22,EAST,Arts & Entertainment,test,569.0,521.8649574807113,47.13504251928873
2024-01-01,EAST,Baby & Toddler,train,265.0,266.62058540209165,-1.620585402091649
2024-01-08,EAST,Baby & Toddler,train,242.0,266.62058540209165,-24.62058540209165
2024-01-15,EAST,Baby & Toddler,train,282.0,266.62058540209165,15.379414597908351
2024-01-22,EAST,Baby & Toddler,train,291.0,266.62058540209165,24.37941459790835
2024-01-29,EAST,Baby & Toddler,train,256.0,266.62058540209165,-10.620585402091649
2024-02-05,EAST,Baby & Toddler,train,272.0,266.62058540209165,5.379414597908351
2024-02-12,EAST,Baby & Toddler,train,268.0,266.62058540209165,1.379414597908351
2024-02-19,EAST,Baby & Toddler,train,251.0,266.62058540209165,-15.620585402091649
2024-02-26,EAST,Baby & Toddler,train,271.0,266.62058540209165,4.379414597908351
2024-03-04,EAST,Baby & Toddler,train,328.0,289.3195106813801,38.68048931861989
2024-03-11,EAST,Baby & Toddler,train,422.0,424.60220298899327,-2.6022029889932696
2024-03-18,EAST,Baby & Toddler,train,464.0,463.7002683504238,0.2997316495761879
2024-03-25,EAST,Baby & Toddler,train,510.0,502.79833371185435,7.2016662881456455
2024-04-01,EAST,Baby & Toddler,train,537.0,541.8963990732849,-4.896399073284897
2024-04-08,EAST,Baby & Toddler,train,500.0,499.99172700013446,0.008272999865539532
2024-04-15,EAST,Baby & Toddler,train,287.0,289.3195106813801,-2.319510681380109
2024-04-22,EAST,Baby & Toddler,train,279.0,289.3195106813801,-10.319510681380109
2024-04-29,EAST,Baby & Toddler,train,280.0,289.3195106813801,-9.319510681380109
2024-05-06,EAST,Baby & Toddler,train,291.0,289.3195106813801,1.680489318619891
2024-05-13,EAST,Baby & Toddler,train,284.0,289.3195106813801,-5.319510681380109
2024-05-20,EAST,Baby & Toddler,train,259.0,289.3195106813801,-30.31951068138011
2024-05-27,EAST,Baby & Toddler,train,287.0,341.66435593440474,-54.66435593440474
2024-06-03,EAST,Baby & Toddler,train,341.0,341.66435593440474,-0.664355934404739
2024-06-10,EAST,Baby & Toddler,train,366.0,341.66435593440474,24.33564406559526
2024-06-17,EAST,Baby & Toddler,train,338.0,341.66435593440474,-3.664355934404739
2024-06-24,EAST,Baby & Toddler,train,351.0,341.66435593440474,9.335644065595261
2024-07-01,EAST,Baby & Toddler,train,339.0,341.66435593440474,-2.664355934404739
2024-07-08,EAST,Baby & Toddler,train,383.0,341.66435593440474,41.33564406559526
2024-07-15,EAST,Baby & Toddler,train,336.0,341.66435593440474,-5.664355934404739
2024-07-22,EAST,Baby & Toddler,train,367.0,341.66435593440474,25.33564406559526
2024-07-29,EAST,Baby & Toddler,train,335.0,341.66435593440474,-6.664355934404739
2024-08-05,EAST,Baby & Toddler,train,356.0,341.66435593440474,14.335644065595261
2024-08-12,EAST,Baby & Toddler,train,340.0,341.66435593440474,-1.664355934404739
2024-08-19,EAST,Baby & Toddler,train,346.0,341.66435593440474,4.335644065595261
2024-08-26,EAST,Baby & Toddler,train,345.0,388.28387866842917,-43.28387866842917
2024-09-02,EAST,Baby & Toddler,train,344.0,335.93903341540454,8.060966584595462
2024-09-09,EAST,Baby & Toddler,train,398.0,335.93903341540454,62.06096658459546
2024-09-16,EAST,Baby & Toddler,train,354.0,335.93903341540454,18.060966584595462
2024-09-23,EAST,Baby & Toddler,train,363.0,335.93903341540454,27.060966584595462
2024-09-30,EAST,Baby & Toddler,train,264.0,335.93903341540454,-71.93903341540454
2024-10-07,EAST,Baby & Toddler,train,280.0,289.3195106813801,-9.319510681380109
2024-10-14,EAST,Baby & Toddler,train,282.0,289.3195106813801,-7.319510681380109
2024-10-21,EAST,Baby & Toddler,train,277.0,289.3195106813801,-12.319510681380109
2024-10-28,EAST,Baby & Toddler,train,292.0,289.3195106813801,2.680489318619891
2024-11-04,EAST,Baby & Toddler,validation,312.0,289.3195106813801,22.68048931861989
2024-11-11,EAST,Baby & Toddler,validation,294.0,289.3195106813801,4.680489318619891
2024-11-18,EAST,Baby & Toddler,validation,266.0,289.3195106813801,-23.31951068138011
2024-11-25,EAST,Baby & Toddler,validation,307.0,289.3195106813801,17.68048931861989
2024-12-02,EAST,Baby & Toddler,validation,342.0,289.3195106813801,52.68048931861989
2024-12-09,EAST,Baby & Toddler,validation,273.0,289.3195106813801,-16.31951068138011
2024-12-16,EAST,Baby & Toddler,validation,323.0,289.3195106813801,33.68048931861989
2024-12-23,EAST,Baby & Toddler,validation,337.0,289.3195106813801,47.68048931861989
2024-12-30,EAST,Baby & Toddler,test,277.0,266.62058540209165,10.379414597908351
2025-01-06,EAST,Baby & Toddler,test,268.0,266.62058540209165,1.379414597908351
2025-01-13,EAST,Baby & Toddler,test,285.0,266.62058540209165,18.37941459790835
2025-01-20,EAST,Baby & Toddler,test,246.0,266.62058540209165,-20.62058540209165
2025-01-27,EAST,Baby & Toddler,test,227.0,266.62058540209165,-39.62058540209165
2025-02-03,EAST,Baby & Toddler,test,290.0,266.62058540209165,23.37941459790835
2025-02-10,EAST,Baby & Toddler,test,271.0,266.62058540209165,4.379414597908351
2025-02-17,EAST,Baby & Toddler,test,262.0,266.62058540209165,-4.620585402091649
2025-02-24,EAST,Baby & Toddler,test,309.0,401.9032777097048,-92.90327770970481
2025-03-03,EAST,Baby & Toddler,test,453.0,463.7002683504238,-10.700268350423812
2025-03-10,EAST,Baby & Toddler,test,464.0,502.79833371185435,-38.798333711854355
2025-03-17,EAST,Baby & Toddler,test,485.0,541.8963990732849,-56.8963990732849
2025-03-24,EAST,Baby & Toddler,test,544.0,499.99172700013446,44.00827299986554
2025-03-31,EAST,Baby & Toddler,test,280.0,289.3195106813801,-9.319510681380109
2025-04-07,EAST,Baby & Toddler,test,268.0,289.3195106813801,-21.31951068138011
2025-04-14,EAST,Baby & Toddler,test,265.0,289.3195106813801,-24.31951068138011
2025-04-21,EAST,Baby & Toddler,test,277.0,289.3195106813801,-12.319510681380109
2025-04-28,EAST,Baby & Toddler,test,281.0,289.3195106813801,-8.319510681380109
2025-05-05,EAST,Baby & Toddler,test,280.0,289.3195106813801,-9.319510681380109
2025-05-12,EAST,Baby & Toddler,test,296.0,289.3195106813801,6.680489318619891
2025-05-19,EAST,Baby & Toddler,test,308.0,289.3195106813801,18.68048931861989
2025-05-26,EAST,Baby & Toddler,test,288.0,341.66435593440474,-53.66435593440474
2025-06-02,EAST,Baby & Toddler,test,351.0,341.66435593440474,9.335644065595261
2025-06-09,EAST,Baby & Toddler,test,340.0,341.66435593440474,-1.664355934404739
2025-06-16,EAST,Baby & Toddler,test,337.0,341.66435593440474,-4.664355934404739
2025-06-23,EAST,Baby & Toddler,test,365.0,341.66435593440474,23.33564406559526
2025-06-30,EAST,Baby & Toddler,test,343.0,341.66435593440474,1.335644065595261
2025-07-07,EAST,Baby & Toddler,test,367.0,341.66435593440474,25.33564406559526
2025-07-14,EAST,Baby & Toddler,test,317.0,341.66435593440474,-24.66435593440474
2025-07-21,EAST,Baby & Toddler,test,352.0,341.66435593440474,10.335644065595261
2025-07-28,EAST,Baby & Toddler,test,352.0,341.66435593440474,10.335644065595261
2025-08-04,EAST,Baby & Toddler,test,324.0,341.66435593440474,-17.66435593440474
2025-08-11,EAST,Baby & Toddler,test,331.0,341.66435593440474,-10.664355934404739
2025-08-18,EAST,Baby & Toddler,test,335.0,341.66435593440474,-6.664355934404739
2025-08-25,EAST,Baby & Toddler,test,358.0,341.66435593440474,16.33564406559526
2025-09-01,EAST,Baby & Toddler,test,354.0,335.93903341540454,18.060966584595462
2025-09-08,EAST,Baby & Toddler,test,347.0,335.93903341540454,11.060966584595462
2025-09-15,EAST,Baby & Toddler,test,353.0,335.93903341540454,17.060966584595462
2025-09-22,EAST,Baby & Toddler,test,374.0,335.93903341540454,38.06096658459546
2025-09-29,EAST,Baby & Toddler,test,301.0,335.93903341540454,-34.93903341540454
2025-10-06,EAST,Baby & Toddler,test,282.0,289.3195106813801,-7.319510681380109
2025-10-13,EAST,Baby & Toddler,test,293.0,289.3195106813801,3.680489318619891
2025-10-20,EAST,Baby & Toddler,test,320.0,289.3195106813801,30.68048931861989
2025-10-27,EAST,Baby & Toddler,test,301.0,289.3195106813801,11.680489318619891
2025-11-03,EAST,Baby & Toddler,test,272.0,289.3195106813801,-17.31951068138011
2025-11-10,EAST,Baby & Toddler,test,283.0,289.3195106813801,-6.319510681380109
2025-11-17,EAST,Baby & Toddler,test,291.0,289.3195106813801,1.680489318619891
2025-11-24,EAST,Baby & Toddler,test,290.0,289.3195106813801,0.680489318619891
2025-12-01,EAST,Baby & Toddler,test,327.0,289.3195106813801,37.68048931861989
2025-12-08,EAST,Baby & Toddler,test,296.0,289.3195106813801,6.680489318619891
2025-12-15,EAST,Baby & Toddler,test,328.0,289.3195106813801,38.68048931861989
2025-12-22,EAST,Baby & Toddler,test,326.0,289.3195106813801,36.68048931861989
2024-01-01,EAST,Business & Industrial,train,172.0,169.00006926546308,2.9999307345369175
2024-01-08,EAST,Business & Industrial,train,180.0,169.00006926546308,10.999930734536917
2024-01-15,EAST,Business & Industrial,train,143.0,169.00006926546308,-26.000069265463083
2024-01-22,EAST,Business & Industrial,train,169.0,169.00006926546308,-6.926546308250181e-05
2024-01-29,EAST,Business & Industrial,train,171.0,169.00006926546308,1.9999307345369175
2024-02-05,EAST,Business & Industrial,train,194.0,169.00006926546308,24.999930734536917
2024-02-12,EAST,Business & Industrial,train,161.0,169.00006926546308,-8.000069265463083
2024-02-19,EAST,Business & Industrial,train,178.0,169.00006926546308,8.999930734536917
2024-02-26,EAST,Business & Industrial,train,156.0,169.00006926546308,-13.000069265463083
2024-03-04,EAST,Business & Industrial,train,245.0,200.85890702925394,44.14109297074606
2024-03-11,EAST,Business & Industrial,train,283.0,284.4071389354941,-1.4071389354941175
2024-03-18,EAST,Business & Industrial,train,317.0,306.81067500674817,10.18932499325183
2024-03-25,EAST,Business & Industrial,train,313.0,329.2142110780022,-16.214211078002222
2024-04-01,EAST,Business & Industrial,train,359.0,351.61774714925633,7.382252850743669
2024-04-08,EAST,Business & Industrial,train,317.0,317.02536560946913,-0.025365609469133688
2024-04-15,EAST,Business & Industrial,train,198.0,200.85890702925394,-2.858907029253942
2024-04-22,EAST,Business & Industrial,train,191.0,200.85890702925394,-9.858907029253942
2024-04-29,EAST,Business & Industrial,train,190.0,200.85890702925394,-10.858907029253942
2024-05-06,EAST,Business & Industrial,train,189.0,200.85890702925394,-11.858907029253942
2024-05-13,EAST,Business & Industrial,train,198.0,200.85890702925394,-2.858907029253942
2024-05-20,EAST,Business & Industrial,train,175.0,200.85890702925394,-25.858907029253942
2024-05-27,EAST,Business & Industrial,train,195.0,223.18018621187582,-28.18018621187582
2024-06-03,EAST,Business & Industrial,train,207.0,223.18018621187582,-16.18018621187582
2024-06-10,EAST,Business & Industrial,train,224.0,223.18018621187582,0.8198137881241792
2024-06-17,EAST,Business & Industrial,train,228.0,223.18018621187582,4.819813788124179
2024-06-24,EAST,Business & Industrial,train,236.0,223.18018621187582,12.81981378812418
2024-07-01,EAST,Business & Industrial,train,207.0,223.18018621187582,-16.18018621187582
2024-07-08,EAST,Business & Industrial,train,237.0,223.18018621187582,13.81981378812418
2024-07-15,EAST,Business & Industrial,train,245.0,223.18018621187582,21.81981378812418
2024-07-22,EAST,Business & Industrial,train,246.0,223.18018621187582,22.81981378812418
2024-07-29,EAST,Business & Industrial,train,211.0,223.18018621187582,-12.18018621187582
2024-08-05,EAST,Business & Industrial,train,215.0,223.18018621187582,-8.18018621187582
2024-08-12,EAST,Business & Industrial,train,239.0,223.18018621187582,15.81981378812418
2024-08-19,EAST,Business & Industrial,train,240.0,223.18018621187582,16.81981378812418
2024-08-26,EAST,Business & Industrial,train,228.0,256.7813388875026,-28.781338887502613
2024-09-02,EAST,Business & Industrial,train,271.0,234.46005970488076,36.53994029511924
2024-09-09,EAST,Business & Industrial,train,242.0,234.46005970488076,7.539940295119237
2024-09-16,EAST,Business & Industrial,train,258.0,234.46005970488076,23.539940295119237
2024-09-23,EAST,Business & Industrial,train,232.0,234.46005970488076,-2.460059704880763
2024-09-30,EAST,Business & Industrial,train,198.0,234.46005970488076,-36.46005970488076
2024-10-07,EAST,Business & Industrial,train,196.0,200.85890702925394,-4.858907029253942
2024-10-14,EAST,Business & Industrial,train,193.0,200.85890702925394,-7.858907029253942
2024-10-21,EAST,Business & Industrial,train,207.0,200.85890702925394,6.141092970746058
2024-10-28,EAST,Business & Industrial,train,199.0,200.85890702925394,-1.8589070292539418
2024-11-04,EAST,Business & Industrial,validation,206.0,200.85890702925394,5.141092970746058
2024-11-11,EAST,Business & Industrial,validation,208.0,200.85890702925394,7.141092970746058
2024-11-18,EAST,Business & Industrial,validation,178.0,200.85890702925394,-22.858907029253942
2024-11-25,EAST,Business & Industrial,validation,229.0,200.85890702925394,28.141092970746058
2024-12-02,EAST,Business & Industrial,validation,207.0,200.85890702925394,6.141092970746058
2024-12-09,EAST,Business & Industrial,validation,218.0,200.85890702925394,17.141092970746058
2024-12-16,EAST,Business & Industrial,validation,219.0,200.85890702925394,18.141092970746058
2024-12-23,EAST,Business & Industrial,validation,213.0,200.85890702925394,12.141092970746058
2024-12-30,EAST,Business & Industrial,test,196.0,169.00006926546308,26.999930734536917
2025-01-06,EAST,Business & Industrial,test,184.0,169.00006926546308,14.999930734536917
2025-01-13,EAST,Business & Industrial,test,161.0,169.00006926546308,-8.000069265463083
2025-01-20,EAST,Business & Industrial,test,156.0,169.00006926546308,-13.000069265463083
2025-01-27,EAST,Business & Industrial,test,177.0,169.00006926546308,7.9999307345369175
2025-02-03,EAST,Business & Industrial,test,158.0,169.00006926546308,-11.000069265463083
2025-02-10,EAST,Business & Industrial,test,208.0,169.00006926546308,38.99993073453692
2025-02-17,EAST,Business & Industrial,test,152.0,169.00006926546308,-17.000069265463083
2025-02-24,EAST,Business & Industrial,test,204.0,252.54830117170323,-48.54830117170323
2025-03-03,EAST,Business & Industrial,test,304.0,306.81067500674817,-2.81067500674817
2025-03-10,EAST,Business & Industrial,test,331.0,329.2142110780022,1.7857889219977778
2025-03-17,EAST,Business & Industrial,test,328.0,351.61774714925633,-23.61774714925633
2025-03-24,EAST,Business & Industrial,test,365.0,317.02536560946913,47.974634390530866
2025-03-31,EAST,Business & Industrial,test,187.0,200.85890702925394,-13.858907029253942
2025-04-07,EAST,Business & Industrial,test,196.0,200.85890702925394,-4.858907029253942
2025-04-14,EAST,Business & Industrial,test,182.0,200.85890702925394,-18.858907029253942
2025-04-21,EAST,Business & Industrial,test,201.0,200.85890702925394,0.1410929707460582
2025-04-28,EAST,Business & Industrial,test,171.0,200.85890702925394,-29.858907029253942
2025-05-05,EAST,Business & Industrial,test,198.0,200.85890702925394,-2.858907029253942
2025-05-12,EAST,Business & Industrial,test,176.0,200.85890702925394,-24.858907029253942
2025-05-19,EAST,Business & Industrial,test,192.0,200.85890702925394,-8.858907029253942
2025-05-26,EAST,Business & Industrial,test,209.0,223.18018621187582,-14.18018621187582
2025-06-02,EAST,Business & Industrial,test,210.0,223.18018621187582,-13.18018621187582
2025-06-09,EAST,Business & Industrial,test,249.0,223.18018621187582,25.81981378812418
2025-06-16,EAST,Business & Industrial,test,218.0,223.18018621187582,-5.180186211875821
2025-06-23,EAST,Business & Industrial,test,245.0,223.18018621187582,21.81981378812418
2025-06-30,EAST,Business & Industrial,test,254.0,223.18018621187582,30.81981378812418
2025-07-07,EAST,Business & Industrial,test,227.0,223.18018621187582,3.819813788124179
2025-07-14,EAST,Business & Industrial,test,280.0,223.18018621187582,56.81981378812418
2025-07-21,EAST,Business & Industrial,test,257.0,223.18018621187582,33.81981378812418
2025-07-28,EAST,Business & Industrial,test,246.0,223.18018621187582,22.81981378812418
2025-08-04,EAST,Business & Industrial,test,214.0,223.18018621187582,-9.18018621187582
2025-08-11,EAST,Business & Industrial,test,231.0,223.18018621187582,7.819813788124179
2025-08-18,EAST,Business & Industrial,test,242.0,223.18018621187582,18.81981378812418
2025-08-25,EAST,Business & Industrial,test,208.0,223.18018621187582,-15.18018621187582
2025-09-01,EAST,Business & Industrial,test,270.0,234.46005970488076,35.53994029511924
2025-09-08,EAST,Business & Industrial,test,260.0,234.46005970488076,25.539940295119237
2025-09-15,EAST,Business & Industrial,test,256.0,234.46005970488076,21.539940295119237
2025-09-22,EAST,Business & Industrial,test,236.0,234.46005970488076,1.5399402951192371
2025-09-29,EAST,Business & Industrial,test,198.0,234.46005970488076,-36.46005970488076
2025-10-06,EAST,Business & Industrial,test,198.0,200.85890702925394,-2.858907029253942
2025-10-13,EAST,Business & Industrial,test,182.0,200.85890702925394,-18.858907029253942
2025-10-20,EAST,Business & Industrial,test,201.0,200.85890702925394,0.1410929707460582
2025-10-27,EAST,Business & Industrial,test,213.0,200.85890702925394,12.141092970746058
2025-11-03,EAST,Business & Industrial,test,188.0,200.85890702925394,-12.858907029253942
2025-11-10,EAST,Business & Industrial,test,194.0,200.85890702925394,-6.858907029253942
2025-11-17,EAST,Business & Industrial,test,167.0,200.85890702925394,-33.85890702925394
2025-11-24,EAST,Business & Industrial,test,221.0,200.85890702925394,20.141092970746058
2025-12-01,EAST,Business & Industrial,test,231.0,200.85890702925394,30.141092970746058
2025-12-08,EAST,Business & Industrial,test,196.0,200.85890702925394,-4.858907029253942
2025-12-15,EAST,Business & Industrial,test,205.0,200.85890702925394,4.141092970746058
2025-12-22,EAST,Business & Industrial,test,221.0,200.85890702925394,20.141092970746058
2024-01-01,EAST,Cameras & Optics,train,32.0,46.46110609342044,-14.46110609342044
2024-01-08,EAST,Cameras & Optics,train,59.0,46.46110609342044,12.53889390657956
2024-01-15,EAST,Cameras & Optics,train,50.0,46.46094074011378,3.5390592598862227
2024-01-22,EAST,Cameras & Optics,train,46.0,45.61299379506145,0.387006204938551
2024-01-29,EAST,Cameras & Optics,train,45.0,46.36271225292555,-1.3627122529255473
2024-02-05,EAST,Cameras & Optics,train,43.0,46.80885777793941,-3.8088577779394086
2024-02-12,EAST,Cameras & Optics,train,46.0,47.43332672779669,-1.4333267277966897
2024-02-19,EAST,Cameras & Optics,train,52.0,46.826972148227185,5.173027851772815
2024-02-26,EAST,Cameras & Optics,train,47.0,45.14065542641589,1.85934457358411
2024-03-04,EAST,Cameras & Optics,train,39.0,51.66207708931606,-12.662077089316057
2024-03-11,EAST,Cameras & Optics,train,76.0,77.64216426258776,-1.6421642625877553
2024-03-18,EAST,Cameras & Optics,train,84.0,82.24806814270892,1.7519318572910834
2024-03-25,EAST,Cameras & Optics,train,89.0,88.80051392454801,0.19948607545198627
2024-04-01,EAST,Cameras & Optics,train,96.0,96.61559837908781,-0.6155983790878139
2024-04-08,EAST,Cameras & Optics,train,82.0,84.16550371204677,-2.165503712046771
2024-04-15,EAST,Cameras & Optics,train,58.0,52.68944715657922,5.31055284342078
2024-04-22,EAST,Cameras & Optics,train,63.0,50.78113255744017,12.218867442559826
2024-04-29,EAST,Cameras & Optics,train,53.0,49.01773797806918,3.982262021930822
2024-05-06,EAST,Cameras & Optics,train,39.0,51.120187879954806,-12.120187879954806
2024-05-13,EAST,Cameras & Optics,train,55.0,55.230448416601014,-0.23044841660101412
2024-05-20,EAST,Cameras & Optics,train,55.0,52.19551104961654,2.8044889503834582
2024-05-27,EAST,Cameras & Optics,train,54.0,65.04340589505007,-11.043405895050071
2024-06-03,EAST,Cameras & Optics,train,60.0,68.57817582419896,-8.578175824198965
2024-06-10,EAST,Cameras & Optics,train,80.0,67.94890897749471,12.05109102250529
2024-06-17,EAST,Cameras & Optics,train,56.0,62.68314743582872,-6.683147435828722
2024-06-24,EAST,Cameras & Optics,train,68.0,67.46519001249234,0.5348099875076571
2024-07-01,EAST,Cameras & Optics,train,67.0,65.62275698316444,1.377243016835564
2024-07-08,EAST,Cameras & Optics,train,79.0,65.40772018712954,13.592279812870458
2024-07-15,EAST,Cameras & Optics,train,75.0,62.28974844976402,12.71025155023598
2024-07-22,EAST,Cameras & Optics,train,61.0,62.514892200075494,-1.5148922000754936
2024-07-29,EAST,Cameras & Optics,train,68.0,66.14595749394596,1.8540425060540429
2024-08-05,EAST,Cameras & Optics,train,69.0,65.28601385446781,3.713986145532189
2024-08-12,EAST,Cameras & Optics,train,53.0,64.81125051172715,-11.811250511727152
2024-08-19,EAST,Cameras & Optics,train,74.0,68.77417341744932,5.225826582550681
2024-08-26,EAST,Cameras & Optics,train,63.0,75.57872998607772,-12.578729986077718
2024-09-02,EAST,Cameras & Optics,train,55.0,66.50088151965514,-11.500881519655138
2024-09-09,EAST,Cameras & Optics,train,77.0,66.22575332220597,10.774246677794025
2024-09-16,EAST,Cameras & Optics,train,70.0,60.53987440709821,9.46012559290179
2024-09-23,EAST,Cameras & Optics,train,70.0,60.87531280737386,9.12468719262614
2024-09-30,EAST,Cameras & Optics,train,53.0,60.96093575466011,-7.960935754660113
2024-10-07,EAST,Cameras & Optics,train,51.0,54.168770847241916,-3.168770847241916
2024-10-14,EAST,Cameras & Optics,train,50.0,52.94553795882564,-2.945537958825639
2024-10-21,EAST,Cameras & Optics,train,50.0,52.88855623633437,-2.8885562363343666
2024-10-28,EAST,Cameras & Optics,train,53.0,52.87401126170671,0.12598873829328738
2024-11-04,EAST,Cameras & Optics,validation,51.0,52.104528026506195,-1.1045280265061947
2024-11-11,EAST,Cameras & Optics,validation,59.0,52.13668751417571,6.863312485824288
2024-11-18,EAST,Cameras & Optics,validation,54.0,52.13668751417571,1.863312485824288
2024-11-25,EAST,Cameras & Optics,validation,66.0,52.13668751417571,13.863312485824288
2024-12-02,EAST,Cameras & Optics,validation,51.0,52.13668751417571,-1.136687514175712
2024-12-09,EAST,Cameras & Optics,validation,64.0,52.13668751417571,11.863312485824288
2024-12-16,EAST,Cameras & Optics,validation,65.0,52.13668751417571,12.863312485824288
2024-12-23,EAST,Cameras & Optics,validation,52.0,52.13668751417571,-0.136687514175712
2024-12-30,EAST,Cameras & Optics,test,58.0,46.46110609342044,11.53889390657956
2025-01-06,EAST,Cameras & Optics,test,50.0,46.46110609342044,3.5388939065795597
2025-01-13,EAST,Cameras & Optics,test,43.0,46.46110609342044,-3.4611060934204403
2025-01-20,EAST,Cameras & Optics,test,49.0,46.46110609342044,2.5388939065795597
2025-01-27,EAST,Cameras & Optics,test,43.0,46.46110609342044,-3.4611060934204403
2025-02-03,EAST,Cameras & Optics,test,44.0,46.46110609342044,-2.4611060934204403
2025-02-10,EAST,Cameras & Optics,test,52.0,46.46110609342044,5.53889390657956
2025-02-17,EAST,Cameras & Optics,test,38.0,46.46110609342044,-8.46110609342044
2025-02-24,EAST,Cameras & Optics,test,60.0,68.7345010112105,-8.734501011210497
2025-03-03,EAST,Cameras & Optics,test,83.0,81.82889447632904,1.1711055236709598
2025-03-10,EAST,Cameras & Optics,test,78.0,89.2477065206923,-11.247706520692304
2025-03-17,EAST,Cameras & Optics,test,111.0,96.66651856505558,14.333481434944417
2025-03-24,EAST,Cameras & Optics,test,111.0,84.00836801285782,26.991631987142185
2025-03-31,EAST,Cameras & Optics,test,55.0,52.13668751417571,2.863312485824288
2025-04-07,EAST,Cameras & Optics,test,43.0,52.13668751417571,-9.136687514175712
2025-04-14,EAST,Cameras & Optics,test,47.0,52.13668751417571,-5.136687514175712
2025-04-21,EAST,Cameras & Optics,test,64.0,52.13668751417571,11.863312485824288
2025-04-28,EAST,Cameras & Optics,test,41.0,52.13668751417571,-11.136687514175712
2025-05-05,EAST,Cameras & Optics,test,64.0,52.13668751417571,11.863312485824288
2025-05-12,EAST,Cameras & Optics,test,54.0,52.13668751417571,1.863312485824288
2025-05-19,EAST,Cameras & Optics,test,56.0,52.13668751417571,3.863312485824288
2025-05-26,EAST,Cameras & Optics,test,59.0,65.7592708925168,-6.7592708925167955
2025-06-02,EAST,Cameras & Optics,test,61.0,65.7592708925168,-4.7592708925167955
2025-06-09,EAST,Cameras & Optics,test,77.0,65.7592708925168,11.240729107483205
2025-06-16,EAST,Cameras & Optics,test,67.0,65.7592708925168,1.2407291074832045
2025-06-23,EAST,Cameras & Optics,test,65.0,65.7592708925168,-0.7592708925167955
2025-06-30,EAST,Cameras & Optics,test,64.0,65.7592708925168,-1.7592708925167955
2025-07-07,EAST,Cameras & Optics,test,78.0,65.7592708925168,12.240729107483205
2025-07-14,EAST,Cameras & Optics,test,62.0,65.7592708925168,-3.7592708925167955
2025-07-21,EAST,Cameras & Optics,test,67.0,65.7592708925168,1.2407291074832045
2025-07-28,EAST,Cameras & Optics,test,69.0,65.7592708925168,3.2407291074832045
2025-08-04,EAST,Cameras & Optics,test,66.0,65.7592708925168,0.24072910748320453
2025-08-11,EAST,Cameras & Optics,test,70.0,65.7592708925168,4.2407291074832045
2025-08-18,EAST,Cameras & Optics,test,66.0,65.7592708925168,0.24072910748320453
2025-08-25,EAST,Cameras & Optics,test,65.0,65.7592708925168,-0.7592708925167955
2025-09-01,EAST,Cameras & Optics,test,70.0,63.29007460655,6.70992539345
2025-09-08,EAST,Cameras & Optics,test,81.0,63.29007460655,17.70992539345
2025-09-15,EAST,Cameras & Optics,test,72.0,63.29007460655,8.70992539345
2025-09-22,EAST,Cameras & Optics,test,73.0,63.29007460655,9.70992539345
2025-09-29,EAST,Cameras & Optics,test,69.0,63.29007460655,5.70992539345
2025-10-06,EAST,Cameras & Optics,test,57.0,52.13668751417571,4.863312485824288
2025-10-13,EAST,Cameras & Optics,test,57.0,52.13668751417571,4.863312485824288
2025-10-20,EAST,Cameras & Optics,test,53.0,52.13668751417571,0.863312485824288
2025-10-27,EAST,Cameras & Optics,test,57.0,52.13668751417571,4.863312485824288
2025-11-03,EAST,Cameras & Optics,test,54.0,52.13668751417571,1.863312485824288
2025-11-10,EAST,Cameras & Optics,test,55.0,52.13668751417571,2.863312485824288
2025-11-17,EAST,Cameras & Optics,test,37.0,52.13668751417571,-15.136687514175712
2025-11-24,EAST,Cameras & Optics,test,73.0,52.13668751417571,20.863312485824288
2025-12-01,EAST,Cameras & Optics,test,70.0,52.13668751417571,17.863312485824288
2025-12-08,EAST,Cameras & Optics,test,55.0,52.13668751417571,2.863312485824288
2025-12-15,EAST,Cameras & Optics,test,76.0,52.13668751417571,23.863312485824288
2025-12-22,EAST,Cameras & Optics,test,54.0,52.13668751417571,1.863312485824288
2024-01-01,EAST,Electronics,train,324.0,336.6170325618785,-12.617032561878489
2024-01-08,EAST,Electronics,train,321.0,336.6170325618785,-15.617032561878489
2024-01-15,EAST,Electronics,train,350.0,336.6170325618785,13.382967438121511
2024-01-22,EAST,Electronics,train,316.0,336.6170325618785,-20.61703256187849
2024-01-29,EAST,Electronics,train,315.0,336.6170325618785,-21.61703256187849
2024-02-05,EAST,Electronics,train,332.0,336.6170325618785,-4.617032561878489
2024-02-12,EAST,Electronics,train,342.0,336.6170325618785,5.382967438121511
2024-02-19,EAST,Electronics,train,344.0,336.6170325618785,7.382967438121511
2024-02-26,EAST,Electronics,train,373.0,336.6170325618785,36.38296743812151
2024-03-04,EAST,Electronics,train,394.0,365.8468440176874,28.153155982312626
2024-03-11,EAST,Electronics,train,552.0,535.7662179717402,16.23378202825984
2024-03-18,EAST,Electronics,train,570.0,575.5659286439013,-5.565928643901316
2024-03-25,EAST,Electronics,train,578.0,615.3656393160625,-37.36563931606247
2024-04-01,EAST,Electronics,train,682.0,655.1653499882236,26.834650011776375
2024-04-08,EAST,Electronics,train,585.0,584.9815245602873,0.018475439712688058
2024-04-15,EAST,Electronics,train,340.0,365.8468440176874,-25.846844017687374
2024-04-22,EAST,Electronics,train,378.0,365.8468440176874,12.153155982312626
2024-04-29,EAST,Electronics,train,344.0,365.8468440176874,-21.846844017687374
2024-05-06,EAST,Electronics,train,361.0,365.8468440176874,-4.846844017687374
2024-05-13,EAST,Electronics,train,383.0,365.8468440176874,17.153155982312626
2024-05-20,EAST,Electronics,train,379.0,365.8468440176874,13.153155982312626
2024-05-27,EAST,Electronics,train,400.0,427.0969190233498,-27.096919023349813
2024-06-03,EAST,Electronics,train,441.0,427.0969190233498,13.903080976650187
2024-06-10,EAST,Electronics,train,439.0,427.0969190233498,11.903080976650187
2024-06-17,EAST,Electronics,train,397.0,427.0969190233498,-30.096919023349813
2024-06-24,EAST,Electronics,train,452.0,427.0969190233498,24.903080976650187
2024-07-01,EAST,Electronics,train,414.0,427.0969190233498,-13.096919023349813
2024-07-08,EAST,Electronics,train,446.0,427.0969190233498,18.903080976650187
2024-07-15,EAST,Electronics,train,445.0,427.0969190233498,17.903080976650187
2024-07-22,EAST,Electronics,train,431.0,427.0969190233498,3.9030809766501875
2024-07-29,EAST,Electronics,train,419.0,427.0969190233498,-8.096919023349813
2024-08-05,EAST,Electronics,train,451.0,427.0969190233498,23.903080976650187
2024-08-12,EAST,Electronics,train,414.0,427.0969190233498,-13.096919023349813
2024-08-19,EAST,Electronics,train,459.0,427.0969190233498,31.903080976650187
2024-08-26,EAST,Electronics,train,448.0,504.0148313137439,-56.01483131374391
2024-09-02,EAST,Electronics,train,456.0,442.7647563080815,13.235243691918527
2024-09-09,EAST,Electronics,train,505.0,442.7647563080815,62.23524369191853
2024-09-16,EAST,Electronics,train,483.0,442.7647563080815,40.23524369191853
2024-09-23,EAST,Electronics,train,466.0,442.7647563080815,23.235243691918527
2024-09-30,EAST,Electronics,train,360.0,442.7647563080815,-82.76475630808147
2024-10-07,EAST,Electronics,train,322.0,365.8468440176874,-43.846844017687374
2024-10-14,EAST,Electronics,train,349.0,365.8468440176874,-16.846844017687374
2024-10-21,EAST,Electronics,train,363.0,365.8468440176874,-2.846844017687374
2024-10-28,EAST,Electronics,train,355.0,365.8468440176874,-10.846844017687374
2024-11-04,EAST,Electronics,validation,370.0,365.8468440176874,4.153155982312626
2024-11-11,EAST,Electronics,validation,352.0,365.8468440176874,-13.846844017687374
2024-11-18,EAST,Electronics,validation,362.0,365.8468440176874,-3.846844017687374
2024-11-25,EAST,Electronics,validation,367.0,365.8468440176874,1.1531559823126258
2024-12-02,EAST,Electronics,validation,383.0,365.8468440176874,17.153155982312626
2024-12-09,EAST,Electronics,validation,441.0,365.8468440176874,75.15315598231263
2024-12-16,EAST,Electronics,validation,418.0,365.8468440176874,52.153155982312626
2024-12-23,EAST,Electronics,validation,371.0,365.8468440176874,5.153155982312626
2024-12-30,EAST,Electronics,test,345.0,336.6170325618785,8.382967438121511
2025-01-06,EAST,Electronics,test,333.0,336.6170325618785,-3.6170325618784887
2025-01-13,EAST,Electronics,test,314.0,336.6170325618785,-22.61703256187849
2025-01-20,EAST,Electronics,test,291.0,336.6170325618785,-45.61703256187849
2025-01-27,EAST,Electronics,test,329.0,336.6170325618785,-7.617032561878489
2025-02-03,EAST,Electronics,test,306.0,336.6170325618785,-30.61703256187849
2025-02-10,EAST,Electronics,test,349.0,336.6170325618785,12.382967438121511
2025-02-17,EAST,Electronics,test,327.0,336.6170325618785,-9.617032561878489
2025-02-24,EAST,Electronics,test,378.0,506.5364065159313,-128.53640651593128
2025-03-03,EAST,Electronics,test,521.0,575.5659286439013,-54.565928643901316
2025-03-10,EAST,Electronics,test,579.0,615.3656393160625,-36.36563931606247
2025-03-17,EAST,Electronics,test,628.0,655.1653499882236,-27.165349988223625
2025-03-24,EAST,Electronics,test,722.0,584.9815245602873,137.0184754397127
2025-03-31,EAST,Electronics,test,364.0,365.8468440176874,-1.8468440176873742
2025-04-07,EAST,Electronics,test,365.0,365.8468440176874,-0.8468440176873742
2025-04-14,EAST,Electronics,test,348.0,365.8468440176874,-17.846844017687374
2025-04-21,EAST,Electronics,test,358.0,365.8468440176874,-7.846844017687374
2025-04-28,EAST,Electronics,test,352.0,365.8468440176874,-13.846844017687374
2025-05-05,EAST,Electronics,test,328.0,365.8468440176874,-37.846844017687374
2025-05-12,EAST,Electronics,test,342.0,365.8468440176874,-23.846844017687374
2025-05-19,EAST,Electronics,test,371.0,365.8468440176874,5.153155982312626
2025-05-26,EAST,Electronics,test,367.0,427.0969190233498,-60.09691902334981
2025-06-02,EAST,Electronics,test,419.0,427.0969190233498,-8.096919023349813
2025-06-09,EAST,Electronics,test,434.0,427.0969190233498,6.9030809766501875
2025-06-16,EAST,Electronics,test,418.0,427.0969190233498,-9.096919023349813
2025-06-23,EAST,Electronics,test,434.0,427.0969190233498,6.9030809766501875
2025-06-30,EAST,Electronics,test,430.0,427.0969190233498,2.9030809766501875
2025-07-07,EAST,Electronics,test,421.0,427.0969190233498,-6.0969190233498125
2025-07-14,EAST,Electronics,test,430.0,427.0969190233498,2.9030809766501875
2025-07-21,EAST,Electronics,test,435.0,427.0969190233498,7.9030809766501875
2025-07-28,EAST,Electronics,test,464.0,427.0969190233498,36.90308097665019
2025-08-04,EAST,Electronics,test,435.0,427.0969190233498,7.9030809766501875
2025-08-11,EAST,Electronics,test,440.0,427.0969190233498,12.903080976650187
2025-08-18,EAST,Electronics,test,466.0,427.0969190233498,38.90308097665019
2025-08-25,EAST,Electronics,test,443.0,427.0969190233498,15.903080976650187
2025-09-01,EAST,Electronics,test,445.0,442.7647563080815,2.2352436919185266
2025-09-08,EAST,Electronics,test,472.0,442.7647563080815,29.235243691918527
2025-09-15,EAST,Electronics,test,478.0,442.7647563080815,35.23524369191853
2025-09-22,EAST,Electronics,test,465.0,442.7647563080815,22.235243691918527
2025-09-29,EAST,Electronics,test,415.0,442.7647563080815,-27.764756308081473
2025-10-06,EAST,Electronics,test,334.0,365.8468440176874,-31.846844017687374
2025-10-13,EAST,Electronics,test,322.0,365.8468440176874,-43.846844017687374
2025-10-20,EAST,Electronics,test,359.0,365.8468440176874,-6.846844017687374
2025-10-27,EAST,Electronics,test,366.0,365.8468440176874,0.15315598231262584
2025-11-03,EAST,Electronics,test,330.0,365.8468440176874,-35.846844017687374
2025-11-10,EAST,Electronics,test,365.0,365.8468440176874,-0.8468440176873742
2025-11-17,EAST,Electronics,test,346.0,365.8468440176874,-19.846844017687374
2025-11-24,EAST,Electronics,test,345.0,365.8468440176874,-20.846844017687374
2025-12-01,EAST,Electronics,test,409.0,365.8468440176874,43.153155982312626
2025-12-08,EAST,Electronics,test,405.0,365.8468440176874,39.153155982312626
2025-12-15,EAST,Electronics,test,420.0,365.8468440176874,54.153155982312626
2025-12-22,EAST,Electronics,test,394.0,365.8468440176874,28.153155982312626
2024-01-01,EAST,Furniture,train,336.0,334.12727276896845,1.872727231031547
2024-01-08,EAST,Furniture,train,315.0,335.59813734125623,-20.598137341256233
2024-01-15,EAST,Furniture,train,327.0,319.1044614304137,7.895538569586279
2024-01-22,EAST,Furniture,train,342.0,328.5294190937523,13.470580906247676
2024-01-29,EAST,Furniture,train,322.0,340.31061617292556,-18.310616172925563
2024-02-05,EAST,Furniture,train,325.0,324.60235340069454,0.3976465993054603
2024-02-12,EAST,Furniture,train,302.0,326.9585928165292,-24.958592816529176
2024-02-19,EAST,Furniture,train,332.0,308.8940906284636,23.105909371536427
2024-02-26,EAST,Furniture,train,343.0,332.45648478681005,10.543515213189949
2024-03-04,EAST,Furniture,train,411.0,410.5969866828071,0.4030133171929151
2024-03-11,EAST,Furniture,train,527.0,533.5777836853448,-6.577783685344798
2024-03-18,EAST,Furniture,train,594.0,574.892578593076,19.107421406924004
2024-03-25,EAST,Furniture,train,607.0,637.7560962183337,-30.75609621833371
2024-04-01,EAST,Furniture,train,653.0,658.2073043585673,-5.207304358567285
2024-04-08,EAST,Furniture,train,645.0,669.0326846701936,-24.03268467019359
2024-04-15,EAST,Furniture,train,351.0,373.6745673195075,-22.674567319507503
2024-04-22,EAST,Furniture,train,354.0,362.29332672622274,-8.293326726222745
2024-04-29,EAST,Furniture,train,349.0,364.64956614205744,-15.649566142057438
2024-05-06,EAST,Furniture,train,367.0,360.72250044899965,6.277499551000346
2024-05-13,EAST,Furniture,train,394.0,374.8599369440076,19.140063055992414
2024-05-20,EAST,Furniture,train,368.0,396.0660916865194,-28.066091686519428
2024-05-27,EAST,Furniture,train,345.0,359.3347039474572,-14.334703947457172
2024-06-03,EAST,Furniture,train,429.0,354.0807975331914,74.9192024668086
2024-06-10,EAST,Furniture,train,414.0,420.0555011765617,-6.055501176561677
2024-06-17,EAST,Furniture,train,409.0,408.2743040973884,0.7256959026116192
2024-06-24,EAST,Furniture,train,424.0,404.34723840433065,19.652761595669347
2024-07-01,EAST,Furniture,train,484.0,416.1284354835039,67.87156451649611
2024-07-08,EAST,Furniture,train,459.0,463.2532238001969,-4.253223800196906
2024-07-15,EAST,Furniture,train,419.0,443.61789533490816,-24.617895334908155
2024-07-22,EAST,Furniture,train,414.0,412.20136979044617,1.798630209553835
2024-07-29,EAST,Furniture,train,385.0,408.2743040973884,-23.27430409738838
2024-08-05,EAST,Furniture,train,436.0,385.49732307765345,50.50267692234655
2024-08-12,EAST,Furniture,train,449.0,425.5533931468425,23.446606853157505
2024-08-19,EAST,Furniture,train,442.0,435.76376394879264,6.2362360512073565
2024-08-26,EAST,Furniture,train,435.0,445.131825340007,-10.131825340007026
2024-09-02,EAST,Furniture,train,474.0,444.2686644167832,29.731335583216776
2024-09-09,EAST,Furniture,train,484.0,462.0891810488338,21.91081895116622
2024-09-16,EAST,Furniture,train,516.0,469.94331243494935,46.05668756505065
2024-09-23,EAST,Furniture,train,450.0,495.0765328705189,-45.07653287051892
2024-09-30,EAST,Furniture,train,380.0,443.2392657221566,-63.239265722156574
2024-10-07,EAST,Furniture,train,357.0,373.39439265785285,-16.394392657852848
2024-10-14,EAST,Furniture,train,331.0,367.0058055578921,-36.005805557892074
2024-10-21,EAST,Furniture,train,348.0,346.5850639539918,1.414936046008222
2024-10-28,EAST,Furniture,train,350.0,359.9370873103881,-9.937087310388108
2024-11-04,EAST,Furniture,validation,363.0,361.5079135876112,1.492086412388801
2024-11-11,EAST,Furniture,validation,333.0,370.54638011732743,-37.54638011732743
2024-11-18,EAST,Furniture,validation,363.0,377.64531048266736,-14.645310482667355
2024-11-25,EAST,Furniture,validation,375.0,383.22090366169374,-8.22090366169374
2024-12-02,EAST,Furniture,validation,407.0,387.6000478000541,19.399952199945915
2024-12-09,EAST,Furniture,validation,401.0,391.039485142196,9.960514857804014
2024-12-16,EAST,Furniture,validation,388.0,393.7408644201455,-5.740864420145499
2024-12-23,EAST,Furniture,validation,415.0,395.86256319741995,19.137436802580055
2024-12-30,EAST,Furniture,test,346.0,328.02801592199745,17.97198407800255
2025-01-06,EAST,Furniture,test,350.0,329.33683630559096,20.663163694409036
2025-01-13,EAST,Furniture,test,307.0,330.36480103094794,-23.364801030947945
2025-01-20,EAST,Furniture,test,335.0,331.1721780322725,3.827821967727516
2025-01-27,EAST,Furniture,test,322.0,331.8063025369256,-9.806302536925614
2025-02-03,EAST,Furniture,test,319.0,332.3043522543957,-13.304352254395724
2025-02-10,EAST,Furniture,test,329.0,332.6955270461785,-3.6955270461784835
2025-02-17,EAST,Furniture,test,337.0,333.0027608671383,3.9972391328616936
2025-02-24,EAST,Furniture,test,375.0,457.403734989175,-82.403734989175
2025-03-03,EAST,Furniture,test,548.0,574.8177227207594,-26.817722720759434
2025-03-10,EAST,Furniture,test,545.0,622.6900836147283,-77.69008361472834
2025-03-17,EAST,Furniture,test,622.0,670.5305021754888,-48.53050217548878
2025-03-24,EAST,Furniture,test,700.0,682.8013714052807,17.198628594719253
2025-03-31,EAST,Furniture,test,332.0,403.36426107875,-71.36426107875002
2025-04-07,EAST,Furniture,test,339.0,403.4209053711585,-64.42090537115848
2025-04-14,EAST,Furniture,test,342.0,403.4653945426434,-61.46539454264342
2025-04-21,EAST,Furniture,test,377.0,403.50033692245364,-26.50033692245364
2025-04-28,EAST,Furniture,test,351.0,403.52778112665095,-52.52778112665095
2025-05-05,EAST,Furniture,test,335.0,403.5493361652063,-68.54933616520628
2025-05-12,EAST,Furniture,test,338.0,403.56626577569085,-65.56626577569085
2025-05-19,EAST,Furniture,test,359.0,403.57956251419705,-44.57956251419705
2025-05-26,EAST,Furniture,test,354.0,387.27935981215853,-33.27935981215853
2025-06-02,EAST,Furniture,test,430.0,387.28756222174593,42.71243777825407
2025-06-09,EAST,Furniture,test,443.0,387.2940045020041,55.7059954979959
2025-06-16,EAST,Furniture,test,419.0,387.2990643535615,31.700935646438495
2025-06-23,EAST,Furniture,test,433.0,387.3030384274541,45.69696157254589
2025-06-30,EAST,Furniture,test,448.0,387.30615971730316,60.69384028269684
2025-07-07,EAST,Furniture,test,431.0,387.30861121936005,43.691388780639954
2025-07-14,EAST,Furniture,test,410.0,387.31053666128486,22.689463338715143
2025-07-21,EAST,Furniture,test,445.0,387.3120489286702,57.68795107132979
2025-07-28,EAST,Furniture,test,401.0,387.3132366833438,13.686763316656197
2025-08-04,EAST,Furniture,test,449.0,387.31416956146984,61.68583043853016
2025-08-11,EAST,Furniture,test,446.0,387.3149022562068,58.68509774379322
2025-08-18,EAST,Furniture,test,440.0,387.31547772427973,52.68452227572027
2025-08-25,EAST,Furniture,test,431.0,387.31592970446513,43.684070295534866
2025-09-01,EAST,Furniture,test,464.0,418.4928841922983,45.50711580770172
2025-09-08,EAST,Furniture,test,507.0,418.49316300703197,88.50683699296803
2025-09-15,EAST,Furniture,test,432.0,418.4933819917871,13.50661800821291
2025-09-22,EAST,Furniture,test,445.0,418.4935539852909,26.506446014709127
2025-09-29,EAST,Furniture,test,404.0,418.4936890712485,-14.493689071248525
2025-10-06,EAST,Furniture,test,367.0,403.6278418080393,-36.62784180803931
2025-10-13,EAST,Furniture,test,390.0,403.62792513902707,-13.62792513902707
2025-10-20,EAST,Furniture,test,367.0,403.6279905882797,-36.627990588279715
2025-10-27,EAST,Furniture,test,382.0,403.6280419929827,-21.628041992982673
2025-11-03,EAST,Furniture,test,322.0,403.62808236691177,-81.62808236691177
2025-11-10,EAST,Furniture,test,363.0,403.62811407712616,-40.628114077126156
2025-11-17,EAST,Furniture,test,402.0,403.62813898274516,-1.6281389827451562
2025-11-24,EAST,Furniture,test,358.0,403.6281585439455,-45.62815854394552
2025-12-01,EAST,Furniture,test,383.0,403.6281739075693,-20.628173907569305
2025-12-08,EAST,Furniture,test,382.0,403.62818597436126,-21.62818597436126
2025-12-15,EAST,Furniture,test,355.0,403.62819545177825,-48.628195451778254
2025-12-22,EAST,Furniture,test,416.0,403.628202895466,12.371797104533982
2024-01-01,EAST,Hardware,train,277.0,265.1237002756932,11.876299724306818
2024-01-08,EAST,Hardware,train,252.0,265.1237002756932,-13.123700275693182
2024-01-15,EAST,Hardware,train,241.0,265.1237002756932,-24.12370027569318
2024-01-22,EAST,Hardware,train,244.0,265.1237002756932,-21.12370027569318
2024-01-29,EAST,Hardware,train,265.0,265.1237002756932,-0.12370027569318154
2024-02-05,EAST,Hardware,train,289.0,265.1237002756932,23.87629972430682
2024-02-12,EAST,Hardware,train,267.0,265.1237002756932,1.8762997243068185
2024-02-19,EAST,Hardware,train,269.0,265.1237002756932,3.8762997243068185
2024-02-26,EAST,Hardware,train,294.0,265.1237002756932,28.87629972430682
2024-03-04,EAST,Hardware,train,336.0,307.7145647126527,28.285435287347298
2024-03-11,EAST,Hardware,train,463.0,455.31818472410407,7.681815275895929
2024-03-18,EAST,Hardware,train,461.0,479.61392695689113,-18.613926956891135
2024-03-25,EAST,Hardware,train,518.0,503.9096691896782,14.090330810321802
2024-04-01,EAST,Hardware,train,525.0,528.2054114224653,-3.2054114224653176
2024-04-08,EAST,Hardware,train,550.0,549.9803225883358,0.019677411664247302
2024-04-15,EAST,Hardware,train,289.0,307.7145647126527,-18.714564712652702
2024-04-22,EAST,Hardware,train,304.0,307.7145647126527,-3.7145647126527024
2024-04-29,EAST,Hardware,train,317.0,307.7145647126527,9.285435287347298
2024-05-06,EAST,Hardware,train,284.0,307.7145647126527,-23.714564712652702
2024-05-13,EAST,Hardware,train,299.0,307.7145647126527,-8.714564712652702
2024-05-20,EAST,Hardware,train,294.0,307.7145647126527,-13.714564712652702
2024-05-27,EAST,Hardware,train,318.0,348.5417580792472,-30.541758079247188
2024-06-03,EAST,Hardware,train,371.0,348.5417580792472,22.458241920752812
2024-06-10,EAST,Hardware,train,346.0,348.5417580792472,-2.541758079247188
2024-06-17,EAST,Hardware,train,352.0,348.5417580792472,3.458241920752812
2024-06-24,EAST,Hardware,train,357.0,348.5417580792472,8.458241920752812
2024-07-01,EAST,Hardware,train,364.0,348.5417580792472,15.458241920752812
2024-07-08,EAST,Hardware,train,351.0,348.5417580792472,2.458241920752812
2024-07-15,EAST,Hardware,train,341.0,348.5417580792472,-7.541758079247188
2024-07-22,EAST,Hardware,train,353.0,348.5417580792472,4.458241920752812
2024-07-29,EAST,Hardware,train,344.0,348.5417580792472,-4.541758079247188
2024-08-05,EAST,Hardware,train,352.0,348.5417580792472,3.458241920752812
2024-08-12,EAST,Hardware,train,357.0,348.5417580792472,8.458241920752812
2024-08-19,EAST,Hardware,train,354.0,348.5417580792472,5.458241920752812
2024-08-26,EAST,Hardware,train,363.0,391.86327536451466,-28.863275364514664
2024-09-02,EAST,Hardware,train,354.0,351.0360819979202,2.963918002079822
2024-09-09,EAST,Hardware,train,357.0,351.0360819979202,5.963918002079822
2024-09-16,EAST,Hardware,train,383.0,351.0360819979202,31.963918002079822
2024-09-23,EAST,Hardware,train,385.0,351.0360819979202,33.96391800207982
2024-09-30,EAST,Hardware,train,305.0,351.0360819979202,-46.03608199792018
2024-10-07,EAST,Hardware,train,282.0,307.7145647126527,-25.714564712652702
2024-10-14,EAST,Hardware,train,309.0,307.7145647126527,1.2854352873472976
2024-10-21,EAST,Hardware,train,341.0,307.7145647126527,33.2854352873473
2024-10-28,EAST,Hardware,train,301.0,307.7145647126527,-6.714564712652702
2024-11-04,EAST,Hardware,validation,298.0,307.7145647126527,-9.714564712652702
2024-11-11,EAST,Hardware,validation,304.0,307.7145647126527,-3.7145647126527024
2024-11-18,EAST,Hardware,validation,295.0,307.7145647126527,-12.714564712652702
2024-11-25,EAST,Hardware,validation,269.0,307.7145647126527,-38.7145647126527
2024-12-02,EAST,Hardware,validation,322.0,307.7145647126527,14.285435287347298
2024-12-09,EAST,Hardware,validation,317.0,307.7145647126527,9.285435287347298
2024-12-16,EAST,Hardware,validation,321.0,307.7145647126527,13.285435287347298
2024-12-23,EAST,Hardware,validation,316.0,307.7145647126527,8.285435287347298
2024-12-30,EAST,Hardware,test,267.0,265.1237002756932,1.8762997243068185
2025-01-06,EAST,Hardware,test,268.0,265.1237002756932,2.8762997243068185
2025-01-13,EAST,Hardware,test,234.0,265.1237002756932,-31.12370027569318
2025-01-20,EAST,Hardware,test,282.0,265.1237002756932,16.87629972430682
2025-01-27,EAST,Hardware,test,271.0,265.1237002756932,5.8762997243068185
2025-02-03,EAST,Hardware,test,259.0,265.1237002756932,-6.1237002756931815
2025-02-10,EAST,Hardware,test,265.0,265.1237002756932,-0.12370027569318154
2025-02-17,EAST,Hardware,test,262.0,265.1237002756932,-3.1237002756931815
2025-02-24,EAST,Hardware,test,312.0,412.7273202871445,-100.7273202871445
2025-03-03,EAST,Hardware,test,448.0,479.61392695689113,-31.613926956891135
2025-03-10,EAST,Hardware,test,466.0,503.9096691896782,-37.9096691896782
2025-03-17,EAST,Hardware,test,493.0,528.2054114224653,-35.20541142246532
2025-03-24,EAST,Hardware,test,545.0,549.9803225883358,-4.980322588335753
2025-03-31,EAST,Hardware,test,314.0,307.7145647126527,6.285435287347298
2025-04-07,EAST,Hardware,test,285.0,307.7145647126527,-22.714564712652702
2025-04-14,EAST,Hardware,test,290.0,307.7145647126527,-17.714564712652702
2025-04-21,EAST,Hardware,test,301.0,307.7145647126527,-6.714564712652702
2025-04-28,EAST,Hardware,test,295.0,307.7145647126527,-12.714564712652702
2025-05-05,EAST,Hardware,test,309.0,307.7145647126527,1.2854352873472976
2025-05-12,EAST,Hardware,test,285.0,307.7145647126527,-22.714564712652702
2025-05-19,EAST,Hardware,test,329.0,307.7145647126527,21.285435287347298
2025-05-26,EAST,Hardware,test,297.0,348.5417580792472,-51.54175807924719
2025-06-02,EAST,Hardware,test,380.0,348.5417580792472,31.458241920752812
2025-06-09,EAST,Hardware,test,376.0,348.5417580792472,27.458241920752812
2025-06-16,EAST,Hardware,test,396.0,348.5417580792472,47.45824192075281
2025-06-23,EAST,Hardware,test,346.0,348.5417580792472,-2.541758079247188
2025-06-30,EAST,Hardware,test,385.0,348.5417580792472,36.45824192075281
2025-07-07,EAST,Hardware,test,385.0,348.5417580792472,36.45824192075281
2025-07-14,EAST,Hardware,test,356.0,348.5417580792472,7.458241920752812
2025-07-21,EAST,Hardware,test,378.0,348.5417580792472,29.458241920752812
2025-07-28,EAST,Hardware,test,356.0,348.5417580792472,7.458241920752812
2025-08-04,EAST,Hardware,test,341.0,348.5417580792472,-7.541758079247188
2025-08-11,EAST,Hardware,test,342.0,348.5417580792472,-6.541758079247188
2025-08-18,EAST,Hardware,test,365.0,348.5417580792472,16.458241920752812
2025-08-25,EAST,Hardware,test,345.0,348.5417580792472,-3.541758079247188
2025-09-01,EAST,Hardware,test,371.0,351.0360819979202,19.963918002079822
2025-09-08,EAST,Hardware,test,384.0,351.0360819979202,32.96391800207982
2025-09-15,EAST,Hardware,test,390.0,351.0360819979202,38.96391800207982
2025-09-22,EAST,Hardware,test,318.0,351.0360819979202,-33.03608199792018
2025-09-29,EAST,Hardware,test,279.0,351.0360819979202,-72.03608199792018
2025-10-06,EAST,Hardware,test,305.0,307.7145647126527,-2.7145647126527024
2025-10-13,EAST,Hardware,test,263.0,307.7145647126527,-44.7145647126527
2025-10-20,EAST,Hardware,test,276.0,307.7145647126527,-31.714564712652702
2025-10-27,EAST,Hardware,test,296.0,307.7145647126527,-11.714564712652702
2025-11-03,EAST,Hardware,test,284.0,307.7145647126527,-23.714564712652702
2025-11-10,EAST,Hardware,test,323.0,307.7145647126527,15.285435287347298
2025-11-17,EAST,Hardware,test,274.0,307.7145647126527,-33.7145647126527
2025-11-24,EAST,Hardware,test,305.0,307.7145647126527,-2.7145647126527024
2025-12-01,EAST,Hardware,test,326.0,307.7145647126527,18.285435287347298
2025-12-08,EAST,Hardware,test,331.0,307.7145647126527,23.285435287347298
2025-12-15,EAST,Hardware,test,334.0,307.7145647126527,26.285435287347298
2025-12-22,EAST,Hardware,test,352.0,307.7145647126527,44.2854352873473
2024-01-01,EAST,Health & Beauty,train,310.0,329.508472643675,-19.50847264367502
2024-01-08,EAST,Health & Beauty,train,317.0,329.508472643675,-12.50847264367502
2024-01-15,EAST,Health & Beauty,train,320.0,329.508472643675,-9.50847264367502
2024-01-22,EAST,Health & Beauty,train,339.0,329.508472643675,9.49152735632498
2024-01-29,EAST,Health & Beauty,train,323.0,329.508472643675,-6.50847264367502
2024-02-05,EAST,Health & Beauty,train,321.0,329.508472643675,-8.50847264367502
2024-02-12,EAST,Health & Beauty,train,330.0,329.508472643675,0.4915273563249798
2024-02-19,EAST,Health & Beauty,train,329.0,329.508472643675,-0.5084726436750202
2024-02-26,EAST,Health & Beauty,train,357.0,329.508472643675,27.49152735632498
2024-03-04,EAST,Health & Beauty,train,381.0,365.99676699163746,15.003233008362542
2024-03-11,EAST,Health & Beauty,train,525.0,513.0690511028829,11.930948897117105
2024-03-18,EAST,Health & Beauty,train,545.0,561.1760647822284,-16.176064782228423
2024-03-25,EAST,Health & Beauty,train,606.0,609.2830784615742,-3.2830784615741777
2024-04-01,EAST,Health & Beauty,train,665.0,657.3900921409197,7.609907859080295
2024-04-08,EAST,Health & Beauty,train,561.0,561.0294241182869,-0.029424118286897283
2024-04-15,EAST,Health & Beauty,train,346.0,365.99676699163746,-19.996766991637458
2024-04-22,EAST,Health & Beauty,train,354.0,365.99676699163746,-11.996766991637458
2024-04-29,EAST,Health & Beauty,train,355.0,365.99676699163746,-10.996766991637458
2024-05-06,EAST,Health & Beauty,train,374.0,365.99676699163746,8.003233008362542
2024-05-13,EAST,Health & Beauty,train,352.0,365.99676699163746,-13.996766991637458
2024-05-20,EAST,Health & Beauty,train,357.0,365.99676699163746,-8.996766991637458
2024-05-27,EAST,Health & Beauty,train,384.0,431.15803177717953,-47.15803177717953
2024-06-03,EAST,Health & Beauty,train,424.0,431.15803177717953,-7.158031777179531
2024-06-10,EAST,Health & Beauty,train,451.0,431.15803177717953,19.84196822282047
2024-06-17,EAST,Health & Beauty,train,446.0,431.15803177717953,14.84196822282047
2024-06-24,EAST,Health & Beauty,train,424.0,431.15803177717953,-7.158031777179531
2024-07-01,EAST,Health & Beauty,train,474.0,431.15803177717953,42.84196822282047
2024-07-08,EAST,Health & Beauty,train,444.0,431.15803177717953,12.84196822282047
2024-07-15,EAST,Health & Beauty,train,435.0,431.15803177717953,3.8419682228204692
2024-07-22,EAST,Health & Beauty,train,451.0,431.15803177717953,19.84196822282047
2024-07-29,EAST,Health & Beauty,train,418.0,431.15803177717953,-13.15803177717953
2024-08-05,EAST,Health & Beauty,train,460.0,431.15803177717953,28.84196822282047
2024-08-12,EAST,Health & Beauty,train,437.0,431.15803177717953,5.841968222820469
2024-08-19,EAST,Health & Beauty,train,430.0,431.15803177717953,-1.1580317771795308
2024-08-26,EAST,Health & Beauty,train,427.0,499.97047205121726,-72.97047205121726
2024-09-02,EAST,Health & Beauty,train,480.0,434.80920726567524,45.19079273432476
2024-09-09,EAST,Health & Beauty,train,492.0,434.80920726567524,57.19079273432476
2024-09-16,EAST,Health & Beauty,train,451.0,434.80920726567524,16.19079273432476
2024-09-23,EAST,Health & Beauty,train,478.0,434.80920726567524,43.19079273432476
2024-09-30,EAST,Health & Beauty,train,346.0,434.80920726567524,-88.80920726567524
2024-10-07,EAST,Health & Beauty,train,355.0,365.99676699163746,-10.996766991637458
2024-10-14,EAST,Health & Beauty,train,382.0,365.99676699163746,16.003233008362542
2024-10-21,EAST,Health & Beauty,train,350.0,365.99676699163746,-15.996766991637458
2024-10-28,EAST,Health & Beauty,train,347.0,365.99676699163746,-18.996766991637458
2024-11-04,EAST,Health & Beauty,validation,324.0,365.99676699163746,-41.99676699163746
2024-11-11,EAST,Health & Beauty,validation,348.0,365.99676699163746,-17.996766991637458
2024-11-18,EAST,Health & Beauty,validation,341.0,365.99676699163746,-24.996766991637458
2024-11-25,EAST,Health & Beauty,validation,356.0,365.99676699163746,-9.996766991637458
2024-12-02,EAST,Health & Beauty,validation,440.0,365.99676699163746,74.00323300836254
2024-12-09,EAST,Health & Beauty,validation,413.0,365.99676699163746,47.00323300836254
2024-12-16,EAST,Health & Beauty,validation,412.0,365.99676699163746,46.00323300836254
2024-12-23,EAST,Health & Beauty,validation,402.0,365.99676699163746,36.00323300836254
2024-12-30,EAST,Health & Beauty,test,351.0,329.508472643675,21.49152735632498
2025-01-06,EAST,Health & Beauty,test,348.0,329.508472643675,18.49152735632498
2025-01-13,EAST,Health & Beauty,test,335.0,329.508472643675,5.49152735632498
2025-01-20,EAST,Health & Beauty,test,342.0,329.508472643675,12.49152735632498
2025-01-27,EAST,Health & Beauty,test,315.0,329.508472643675,-14.50847264367502
2025-02-03,EAST,Health & Beauty,test,352.0,329.508472643675,22.49152735632498
2025-02-10,EAST,Health & Beauty,test,344.0,329.508472643675,14.49152735632498
2025-02-17,EAST,Health & Beauty,test,347.0,329.508472643675,17.49152735632498
2025-02-24,EAST,Health & Beauty,test,365.0,476.58075675492046,-111.58075675492046
2025-03-03,EAST,Health & Beauty,test,608.0,561.1760647822284,46.82393521777158
2025-03-10,EAST,Health & Beauty,test,581.0,609.2830784615742,-28.283078461574178
2025-03-17,EAST,Health & Beauty,test,633.0,657.3900921409197,-24.390092140919705
2025-03-24,EAST,Health & Beauty,test,671.0,561.0294241182869,109.9705758817131
2025-03-31,EAST,Health & Beauty,test,371.0,365.99676699163746,5.0032330083625425
2025-04-07,EAST,Health & Beauty,test,353.0,365.99676699163746,-12.996766991637458
2025-04-14,EAST,Health & Beauty,test,351.0,365.99676699163746,-14.996766991637458
2025-04-21,EAST,Health & Beauty,test,349.0,365.99676699163746,-16.996766991637458
2025-04-28,EAST,Health & Beauty,test,321.0,365.99676699163746,-44.99676699163746
2025-05-05,EAST,Health & Beauty,test,342.0,365.99676699163746,-23.996766991637458
2025-05-12,EAST,Health & Beauty,test,386.0,365.99676699163746,20.003233008362542
2025-05-19,EAST,Health & Beauty,test,366.0,365.99676699163746,0.0032330083625424777
2025-05-26,EAST,Health & Beauty,test,371.0,431.15803177717953,-60.15803177717953
2025-06-02,EAST,Health & Beauty,test,424.0,431.15803177717953,-7.158031777179531
2025-06-09,EAST,Health & Beauty,test,458.0,431.15803177717953,26.84196822282047
2025-06-16,EAST,Health & Beauty,test,428.0,431.15803177717953,-3.1580317771795308
2025-06-23,EAST,Health & Beauty,test,406.0,431.15803177717953,-25.15803177717953
2025-06-30,EAST,Health & Beauty,test,442.0,431.15803177717953,10.84196822282047
2025-07-07,EAST,Health & Beauty,test,425.0,431.15803177717953,-6.158031777179531
2025-07-14,EAST,Health & Beauty,test,447.0,431.15803177717953,15.84196822282047
2025-07-21,EAST,Health & Beauty,test,478.0,431.15803177717953,46.84196822282047
2025-07-28,EAST,Health & Beauty,test,425.0,431.15803177717953,-6.158031777179531
2025-08-04,EAST,Health & Beauty,test,434.0,431.15803177717953,2.8419682228204692
2025-08-11,EAST,Health & Beauty,test,484.0,431.15803177717953,52.84196822282047
2025-08-18,EAST,Health & Beauty,test,422.0,431.15803177717953,-9.15803177717953
2025-08-25,EAST,Health & Beauty,test,457.0,431.15803177717953,25.84196822282047
2025-09-01,EAST,Health & Beauty,test,516.0,434.80920726567524,81.19079273432476
2025-09-08,EAST,Health & Beauty,test,444.0,434.80920726567524,9.19079273432476
2025-09-15,EAST,Health & Beauty,test,459.0,434.80920726567524,24.19079273432476
2025-09-22,EAST,Health & Beauty,test,469.0,434.80920726567524,34.19079273432476
2025-09-29,EAST,Health & Beauty,test,394.0,434.80920726567524,-40.80920726567524
2025-10-06,EAST,Health & Beauty,test,347.0,365.99676699163746,-18.996766991637458
2025-10-13,EAST,Health & Beauty,test,364.0,365.99676699163746,-1.9967669916374575
2025-10-20,EAST,Health & Beauty,test,366.0,365.99676699163746,0.0032330083625424777
2025-10-27,EAST,Health & Beauty,test,388.0,365.99676699163746,22.003233008362542
2025-11-03,EAST,Health & Beauty,test,323.0,365.99676699163746,-42.99676699163746
2025-11-10,EAST,Health & Beauty,test,356.0,365.99676699163746,-9.996766991637458
2025-11-17,EAST,Health & Beauty,test,378.0,365.99676699163746,12.003233008362542
2025-11-24,EAST,Health & Beauty,test,355.0,365.99676699163746,-10.996766991637458
2025-12-01,EAST,Health & Beauty,test,385.0,365.99676699163746,19.003233008362542
2025-12-08,EAST,Health & Beauty,test,371.0,365.99676699163746,5.0032330083625425
2025-12-15,EAST,Health & Beauty,test,361.0,365.99676699163746,-4.9967669916374575
2025-12-22,EAST,Health & Beauty,test,392.0,365.99676699163746,26.003233008362542
2024-01-01,EAST,Home & Garden,train,834.0,846.7414820016751,-12.741482001675081
2024-01-08,EAST,Home & Garden,train,857.0,846.7414820016751,10.258517998324919
2024-01-15,EAST,Home & Garden,train,875.0,846.7414820016751,28.25851799832492
2024-01-22,EAST,Home & Garden,train,823.0,846.7414820016751,-23.74148200167508
2024-01-29,EAST,Home & Garden,train,794.0,846.7414820016751,-52.74148200167508
2024-02-05,EAST,Home & Garden,train,837.0,846.7414820016751,-9.741482001675081
2024-02-12,EAST,Home & Garden,train,835.0,846.7414820016751,-11.741482001675081
2024-02-19,EAST,Home & Garden,train,870.0,846.7414820016751,23.25851799832492
2024-02-26,EAST,Home & Garden,train,883.0,846.7414820016751,36.25851799832492
2024-03-04,EAST,Home & Garden,train,983.0,937.5346796853238,45.465320314676205
2024-03-11,EAST,Home & Garden,train,1396.0,1376.4395314630324,19.56046853696762
2024-03-18,EAST,Home & Garden,train,1440.0,1459.3188081095802,-19.31880810958023
2024-03-25,EAST,Home & Garden,train,1522.0,1542.198084756128,-20.198084756128083
2024-04-01,EAST,Home & Garden,train,1645.0,1625.077361402676,19.922638597324067
2024-04-08,EAST,Home & Garden,train,1584.0,1583.9269670914198,0.07303290858021683
2024-04-15,EAST,Home & Garden,train,922.0,937.5346796853238,-15.534679685323795
2024-04-22,EAST,Home & Garden,train,846.0,937.5346796853238,-91.5346796853238
2024-04-29,EAST,Home & Garden,train,919.0,937.5346796853238,-18.534679685323795
2024-05-06,EAST,Home & Garden,train,939.0,937.5346796853238,1.4653203146762053
2024-05-13,EAST,Home & Garden,train,879.0,937.5346796853238,-58.534679685323795
2024-05-20,EAST,Home & Garden,train,940.0,937.5346796853238,2.4653203146762053
2024-05-27,EAST,Home & Garden,train,971.0,1084.889325030812,-113.88932503081196
2024-06-03,EAST,Home & Garden,train,1088.0,1084.889325030812,3.1106749691880395
2024-06-10,EAST,Home & Garden,train,1107.0,1084.889325030812,22.11067496918804
2024-06-17,EAST,Home & Garden,train,1078.0,1084.889325030812,-6.8893250308119605
2024-06-24,EAST,Home & Garden,train,1137.0,1084.889325030812,52.11067496918804
2024-07-01,EAST,Home & Garden,train,1115.0,1084.889325030812,30.11067496918804
2024-07-08,EAST,Home & Garden,train,1110.0,1084.889325030812,25.11067496918804
2024-07-15,EAST,Home & Garden,train,1080.0,1084.889325030812,-4.8893250308119605
2024-07-22,EAST,Home & Garden,train,1156.0,1084.889325030812,71.11067496918804
2024-07-29,EAST,Home & Garden,train,1104.0,1084.889325030812,19.11067496918804
2024-08-05,EAST,Home & Garden,train,1070.0,1084.889325030812,-14.88932503081196
2024-08-12,EAST,Home & Garden,train,1150.0,1084.889325030812,65.11067496918804
2024-08-19,EAST,Home & Garden,train,1118.0,1084.889325030812,33.11067496918804
2024-08-26,EAST,Home & Garden,train,1070.0,1249.7822276494694,-179.7822276494694
2024-09-02,EAST,Home & Garden,train,1221.0,1102.4275823039811,118.57241769601887
2024-09-09,EAST,Home & Garden,train,1141.0,1102.4275823039811,38.572417696018874
2024-09-16,EAST,Home & Garden,train,1155.0,1102.4275823039811,52.572417696018874
2024-09-23,EAST,Home & Garden,train,1218.0,1102.4275823039811,115.57241769601887
2024-09-30,EAST,Home & Garden,train,957.0,1102.4275823039811,-145.42758230398113
2024-10-07,EAST,Home & Garden,train,889.0,937.5346796853238,-48.534679685323795
2024-10-14,EAST,Home & Garden,train,957.0,937.5346796853238,19.465320314676205
2024-10-21,EAST,Home & Garden,train,936.0,937.5346796853238,-1.5346796853237947
2024-10-28,EAST,Home & Garden,train,921.0,937.5346796853238,-16.534679685323795
2024-11-04,EAST,Home & Garden,validation,905.0,937.5346796853238,-32.534679685323795
2024-11-11,EAST,Home & Garden,validation,870.0,937.5346796853238,-67.5346796853238
2024-11-18,EAST,Home & Garden,validation,850.0,937.5346796853238,-87.5346796853238
2024-11-25,EAST,Home & Garden,validation,974.0,937.5346796853238,36.465320314676205
2024-12-02,EAST,Home & Garden,validation,1009.0,937.5346796853238,71.4653203146762
2024-12-09,EAST,Home & Garden,validation,975.0,937.5346796853238,37.465320314676205
2024-12-16,EAST,Home & Garden,validation,1001.0,937.5346796853238,63.465320314676205
2024-12-23,EAST,Home & Garden,validation,973.0,937.5346796853238,35.465320314676205
2024-12-30,EAST,Home & Garden,test,854.0,846.7414820016751,7.258517998324919
2025-01-06,EAST,Home & Garden,test,811.0,846.7414820016751,-35.74148200167508
2025-01-13,EAST,Home & Garden,test,835.0,846.7414820016751,-11.741482001675081
2025-01-20,EAST,Home & Garden,test,851.0,846.7414820016751,4.258517998324919
2025-01-27,EAST,Home & Garden,test,746.0,846.7414820016751,-100.74148200167508
2025-02-03,EAST,Home & Garden,test,820.0,846.7414820016751,-26.74148200167508
2025-02-10,EAST,Home & Garden,test,825.0,846.7414820016751,-21.74148200167508
2025-02-17,EAST,Home & Garden,test,826.0,846.7414820016751,-20.74148200167508
2025-02-24,EAST,Home & Garden,test,960.0,1285.6463337793837,-325.64633377938367
2025-03-03,EAST,Home & Garden,test,1339.0,1459.3188081095802,-120.31880810958023
2025-03-10,EAST,Home & Garden,test,1453.0,1542.198084756128,-89.19808475612808
2025-03-17,EAST,Home & Garden,test,1555.0,1625.077361402676,-70.07736140267593
2025-03-24,EAST,Home & Garden,test,1722.0,1583.9269670914198,138.07303290858022
2025-03-31,EAST,Home & Garden,test,946.0,937.5346796853238,8.465320314676205
2025-04-07,EAST,Home & Garden,test,947.0,937.5346796853238,9.465320314676205
2025-04-14,EAST,Home & Garden,test,953.0,937.5346796853238,15.465320314676205
2025-04-21,EAST,Home & Garden,test,965.0,937.5346796853238,27.465320314676205
2025-04-28,EAST,Home & Garden,test,873.0,937.5346796853238,-64.5346796853238
2025-05-05,EAST,Home & Garden,test,926.0,937.5346796853238,-11.534679685323795
2025-05-12,EAST,Home & Garden,test,922.0,937.5346796853238,-15.534679685323795
2025-05-19,EAST,Home & Garden,test,916.0,937.5346796853238,-21.534679685323795
2025-05-26,EAST,Home & Garden,test,940.0,1084.889325030812,-144.88932503081196
2025-06-02,EAST,Home & Garden,test,1118.0,1084.889325030812,33.11067496918804
2025-06-09,EAST,Home & Garden,test,1096.0,1084.889325030812,11.11067496918804
2025-06-16,EAST,Home & Garden,test,1075.0,1084.889325030812,-9.88932503081196
2025-06-23,EAST,Home & Garden,test,1075.0,1084.889325030812,-9.88932503081196
2025-06-30,EAST,Home & Garden,test,1094.0,1084.889325030812,9.11067496918804
2025-07-07,EAST,Home & Garden,test,1070.0,1084.889325030812,-14.88932503081196
2025-07-14,EAST,Home & Garden,test,1094.0,1084.889325030812,9.11067496918804
2025-07-21,EAST,Home & Garden,test,1137.0,1084.889325030812,52.11067496918804
2025-07-28,EAST,Home & Garden,test,1076.0,1084.889325030812,-8.88932503081196
2025-08-04,EAST,Home & Garden,test,1136.0,1084.889325030812,51.11067496918804
2025-08-11,EAST,Home & Garden,test,1044.0,1084.889325030812,-40.88932503081196
2025-08-18,EAST,Home & Garden,test,1141.0,1084.889325030812,56.11067496918804
2025-08-25,EAST,Home & Garden,test,1110.0,1084.889325030812,25.11067496918804
2025-09-01,EAST,Home & Garden,test,1177.0,1102.4275823039811,74.57241769601887
2025-09-08,EAST,Home & Garden,test,1207.0,1102.4275823039811,104.57241769601887
2025-09-15,EAST,Home & Garden,test,1203.0,1102.4275823039811,100.57241769601887
2025-09-22,EAST,Home & Garden,test,1232.0,1102.4275823039811,129.57241769601887
2025-09-29,EAST,Home & Garden,test,993.0,1102.4275823039811,-109.42758230398113
2025-10-06,EAST,Home & Garden,test,876.0,937.5346796853238,-61.534679685323795
2025-10-13,EAST,Home & Garden,test,937.0,937.5346796853238,-0.5346796853237947
2025-10-20,EAST,Home & Garden,test,932.0,937.5346796853238,-5.534679685323795
2025-10-27,EAST,Home & Garden,test,929.0,937.5346796853238,-8.534679685323795
2025-11-03,EAST,Home & Garden,test,955.0,937.5346796853238,17.465320314676205
2025-11-10,EAST,Home & Garden,test,941.0,937.5346796853238,3.4653203146762053
2025-11-17,EAST,Home & Garden,test,955.0,937.5346796853238,17.465320314676205
2025-11-24,EAST,Home & Garden,test,930.0,937.5346796853238,-7.534679685323795
2025-12-01,EAST,Home & Garden,test,988.0,937.5346796853238,50.465320314676205
2025-12-08,EAST,Home & Garden,test,970.0,937.5346796853238,32.465320314676205
2025-12-15,EAST,Home & Garden,test,999.0,937.5346796853238,61.465320314676205
2025-12-22,EAST,Home & Garden,test,1000.0,937.5346796853238,62.465320314676205
2024-01-01,EAST,Luggage & Bags,train,274.0,259.12235940855123,14.877640591448767
2024-01-08,EAST,Luggage & Bags,train,266.0,259.12235940855123,6.877640591448767
2024-01-15,EAST,Luggage & Bags,train,245.0,259.12235940855123,-14.122359408551233
2024-01-22,EAST,Luggage & Bags,train,289.0,259.12235940855123,29.877640591448767
2024-01-29,EAST,Luggage & Bags,train,230.0,259.12235940855123,-29.122359408551233
2024-02-05,EAST,Luggage & Bags,train,239.0,259.12235940855123,-20.122359408551233
2024-02-12,EAST,Luggage & Bags,train,273.0,259.12235940855123,13.877640591448767
2024-02-19,EAST,Luggage & Bags,train,253.0,259.12235940855123,-6.122359408551233
2024-02-26,EAST,Luggage & Bags,train,278.0,259.12235940855123,18.877640591448767
2024-03-04,EAST,Luggage & Bags,train,323.0,299.4361879111484,23.56381208885159
2024-03-11,EAST,Luggage & Bags,train,432.0,426.12394876435945,5.876051235640546
2024-03-18,EAST,Luggage & Bags,train,459.0,460.7215742630625,-1.7215742630625073
2024-03-25,EAST,Luggage & Bags,train,481.0,495.3191997617656,-14.319199761765617
2024-04-01,EAST,Luggage & Bags,train,540.0,529.9168252604687,10.083174739531273
2024-04-08,EAST,Luggage & Bags,train,509.0,509.0230452139272,-0.02304521392721881
2024-04-15,EAST,Luggage & Bags,train,266.0,299.4361879111484,-33.43618791114841
2024-04-22,EAST,Luggage & Bags,train,291.0,299.4361879111484,-8.436187911148409
2024-04-29,EAST,Luggage & Bags,train,294.0,299.4361879111484,-5.436187911148409
2024-05-06,EAST,Luggage & Bags,train,313.0,299.4361879111484,13.563812088851591
2024-05-13,EAST,Luggage & Bags,train,325.0,299.4361879111484,25.56381208885159
2024-05-20,EAST,Luggage & Bags,train,303.0,299.4361879111484,3.5638120888515914
2024-05-27,EAST,Luggage & Bags,train,293.0,331.46554304018116,-38.46554304018116
2024-06-03,EAST,Luggage & Bags,train,320.0,331.46554304018116,-11.46554304018116
2024-06-10,EAST,Luggage & Bags,train,332.0,331.46554304018116,0.53445695981884
2024-06-17,EAST,Luggage & Bags,train,351.0,331.46554304018116,19.53445695981884
2024-06-24,EAST,Luggage & Bags,train,326.0,331.46554304018116,-5.46554304018116
2024-07-01,EAST,Luggage & Bags,train,337.0,331.46554304018116,5.53445695981884
2024-07-08,EAST,Luggage & Bags,train,379.0,331.46554304018116,47.53445695981884
2024-07-15,EAST,Luggage & Bags,train,318.0,331.46554304018116,-13.46554304018116
2024-07-22,EAST,Luggage & Bags,train,334.0,331.46554304018116,2.53445695981884
2024-07-29,EAST,Luggage & Bags,train,346.0,331.46554304018116,14.53445695981884
2024-08-05,EAST,Luggage & Bags,train,331.0,331.46554304018116,-0.46554304018116
2024-08-12,EAST,Luggage & Bags,train,368.0,331.46554304018116,36.53445695981884
2024-08-19,EAST,Luggage & Bags,train,344.0,331.46554304018116,12.53445695981884
2024-08-26,EAST,Luggage & Bags,train,321.0,390.71846160494607,-69.71846160494607
2024-09-02,EAST,Luggage & Bags,train,369.0,358.6891064759133,10.31089352408668
2024-09-09,EAST,Luggage & Bags,train,399.0,358.6891064759133,40.31089352408668
2024-09-16,EAST,Luggage & Bags,train,421.0,358.6891064759133,62.31089352408668
2024-09-23,EAST,Luggage & Bags,train,391.0,358.6891064759133,32.31089352408668
2024-09-30,EAST,Luggage & Bags,train,283.0,358.6891064759133,-75.68910647591332
2024-10-07,EAST,Luggage & Bags,train,258.0,299.4361879111484,-41.43618791114841
2024-10-14,EAST,Luggage & Bags,train,295.0,299.4361879111484,-4.436187911148409
2024-10-21,EAST,Luggage & Bags,train,284.0,299.4361879111484,-15.436187911148409
2024-10-28,EAST,Luggage & Bags,train,272.0,299.4361879111484,-27.43618791114841
2024-11-04,EAST,Luggage & Bags,validation,309.0,299.4361879111484,9.563812088851591
2024-11-11,EAST,Luggage & Bags,validation,313.0,299.4361879111484,13.563812088851591
2024-11-18,EAST,Luggage & Bags,validation,248.0,299.4361879111484,-51.43618791114841
2024-11-25,EAST,Luggage & Bags,validation,281.0,299.4361879111484,-18.43618791114841
2024-12-02,EAST,Luggage & Bags,validation,325.0,299.4361879111484,25.56381208885159
2024-12-09,EAST,Luggage & Bags,validation,316.0,299.4361879111484,16.56381208885159
2024-12-16,EAST,Luggage & Bags,validation,335.0,299.4361879111484,35.56381208885159
2024-12-23,EAST,Luggage & Bags,validation,308.0,299.4361879111484,8.563812088851591
2024-12-30,EAST,Luggage & Bags,test,272.0,259.12235940855123,12.877640591448767
2025-01-06,EAST,Luggage & Bags,test,236.0,259.12235940855123,-23.122359408551233
2025-01-13,EAST,Luggage & Bags,test,264.0,259.12235940855123,4.877640591448767
2025-01-20,EAST,Luggage & Bags,test,254.0,259.12235940855123,-5.122359408551233
2025-01-27,EAST,Luggage & Bags,test,270.0,259.12235940855123,10.877640591448767
2025-02-03,EAST,Luggage & Bags,test,254.0,259.12235940855123,-5.122359408551233
2025-02-10,EAST,Luggage & Bags,test,255.0,259.12235940855123,-4.122359408551233
2025-02-17,EAST,Luggage & Bags,test,287.0,259.12235940855123,27.877640591448767
2025-02-24,EAST,Luggage & Bags,test,313.0,385.8101202617623,-72.81012026176228
2025-03-03,EAST,Luggage & Bags,test,413.0,460.7215742630625,-47.72157426306251
2025-03-10,EAST,Luggage & Bags,test,491.0,495.3191997617656,-4.319199761765617
2025-03-17,EAST,Luggage & Bags,test,490.0,529.9168252604687,-39.91682526046873
2025-03-24,EAST,Luggage & Bags,test,579.0,509.0230452139272,69.97695478607278
2025-03-31,EAST,Luggage & Bags,test,311.0,299.4361879111484,11.563812088851591
2025-04-07,EAST,Luggage & Bags,test,298.0,299.4361879111484,-1.4361879111484086
2025-04-14,EAST,Luggage & Bags,test,285.0,299.4361879111484,-14.436187911148409
2025-04-21,EAST,Luggage & Bags,test,286.0,299.4361879111484,-13.436187911148409
2025-04-28,EAST,Luggage & Bags,test,270.0,299.4361879111484,-29.43618791114841
2025-05-05,EAST,Luggage & Bags,test,293.0,299.4361879111484,-6.436187911148409
2025-05-12,EAST,Luggage & Bags,test,282.0,299.4361879111484,-17.43618791114841
2025-05-19,EAST,Luggage & Bags,test,314.0,299.4361879111484,14.563812088851591
2025-05-26,EAST,Luggage & Bags,test,294.0,331.46554304018116,-37.46554304018116
2025-06-02,EAST,Luggage & Bags,test,370.0,331.46554304018116,38.53445695981884
2025-06-09,EAST,Luggage & Bags,test,360.0,331.46554304018116,28.53445695981884
2025-06-16,EAST,Luggage & Bags,test,359.0,331.46554304018116,27.53445695981884
2025-06-23,EAST,Luggage & Bags,test,350.0,331.46554304018116,18.53445695981884
2025-06-30,EAST,Luggage & Bags,test,349.0,331.46554304018116,17.53445695981884
2025-07-07,EAST,Luggage & Bags,test,363.0,331.46554304018116,31.53445695981884
2025-07-14,EAST,Luggage & Bags,test,341.0,331.46554304018116,9.53445695981884
2025-07-21,EAST,Luggage & Bags,test,314.0,331.46554304018116,-17.46554304018116
2025-07-28,EAST,Luggage & Bags,test,319.0,331.46554304018116,-12.46554304018116
2025-08-04,EAST,Luggage & Bags,test,338.0,331.46554304018116,6.53445695981884
2025-08-11,EAST,Luggage & Bags,test,319.0,331.46554304018116,-12.46554304018116
2025-08-18,EAST,Luggage & Bags,test,345.0,331.46554304018116,13.53445695981884
2025-08-25,EAST,Luggage & Bags,test,337.0,331.46554304018116,5.53445695981884
2025-09-01,EAST,Luggage & Bags,test,406.0,358.6891064759133,47.31089352408668
2025-09-08,EAST,Luggage & Bags,test,373.0,358.6891064759133,14.31089352408668
2025-09-15,EAST,Luggage & Bags,test,380.0,358.6891064759133,21.31089352408668
2025-09-22,EAST,Luggage & Bags,test,390.0,358.6891064759133,31.31089352408668
2025-09-29,EAST,Luggage & Bags,test,330.0,358.6891064759133,-28.68910647591332
2025-10-06,EAST,Luggage & Bags,test,277.0,299.4361879111484,-22.43618791114841
2025-10-13,EAST,Luggage & Bags,test,284.0,299.4361879111484,-15.436187911148409
2025-10-20,EAST,Luggage & Bags,test,290.0,299.4361879111484,-9.436187911148409
2025-10-27,EAST,Luggage & Bags,test,264.0,299.4361879111484,-35.43618791114841
2025-11-03,EAST,Luggage & Bags,test,256.0,299.4361879111484,-43.43618791114841
2025-11-10,EAST,Luggage & Bags,test,264.0,299.4361879111484,-35.43618791114841
2025-11-17,EAST,Luggage & Bags,test,315.0,299.4361879111484,15.563812088851591
2025-11-24,EAST,Luggage & Bags,test,267.0,299.4361879111484,-32.43618791114841
2025-12-01,EAST,Luggage & Bags,test,328.0,299.4361879111484,28.56381208885159
2025-12-08,EAST,Luggage & Bags,test,299.0,299.4361879111484,-0.4361879111484086
2025-12-15,EAST,Luggage & Bags,test,324.0,299.4361879111484,24.56381208885159
2025-12-22,EAST,Luggage & Bags,test,304.0,299.4361879111484,4.563812088851591
2024-01-01,EAST,Media,train,116.0,130.50011636853714,-14.500116368537135
2024-01-08,EAST,Media,train,142.0,130.50011636853714,11.499883631462865
2024-01-15,EAST,Media,train,120.0,130.50011636853714,-10.500116368537135
2024-01-22,EAST,Media,train,117.0,130.50011636853714,-13.500116368537135
2024-01-29,EAST,Media,train,124.0,130.50011636853714,-6.500116368537135
2024-02-05,EAST,Media,train,129.0,130.50011636853714,-1.5001163685371353
2024-02-12,EAST,Media,train,124.0,130.50011636853714,-6.500116368537135
2024-02-19,EAST,Media,train,148.0,130.50011636853714,17.499883631462865
2024-02-26,EAST,Media,train,140.0,130.50011636853714,9.499883631462865
2024-03-04,EAST,Media,train,159.0,139.91487760301843,19.085122396981575
2024-03-11,EAST,Media,train,195.0,195.08969383068265,-0.08969383068264847
2024-03-18,EAST,Media,train,214.0,216.69297722530933,-2.6929772253093347
2024-03-25,EAST,Media,train,244.0,238.29626061993602,5.703739380063979
2024-04-01,EAST,Media,train,257.0,259.8995440145627,-2.899544014562707
2024-04-08,EAST,Media,train,271.0,271.01473629405893,-0.014736294058934618
2024-04-15,EAST,Media,train,151.0,139.91487760301843,11.085122396981575
2024-04-22,EAST,Media,train,136.0,139.91487760301843,-3.914877603018425
2024-04-29,EAST,Media,train,117.0,139.91487760301843,-22.914877603018425
2024-05-06,EAST,Media,train,144.0,139.91487760301843,4.085122396981575
2024-05-13,EAST,Media,train,137.0,139.91487760301843,-2.914877603018425
2024-05-20,EAST,Media,train,141.0,139.91487760301843,1.0851223969815749
2024-05-27,EAST,Media,train,151.0,163.38043763716334,-12.38043763716334
2024-06-03,EAST,Media,train,175.0,163.38043763716334,11.61956236283666
2024-06-10,EAST,Media,train,160.0,163.38043763716334,-3.3804376371633396
2024-06-17,EAST,Media,train,204.0,163.38043763716334,40.61956236283666
2024-06-24,EAST,Media,train,163.0,163.38043763716334,-0.38043763716333956
2024-07-01,EAST,Media,train,169.0,163.38043763716334,5.61956236283666
2024-07-08,EAST,Media,train,177.0,163.38043763716334,13.61956236283666
2024-07-15,EAST,Media,train,150.0,163.38043763716334,-13.38043763716334
2024-07-22,EAST,Media,train,162.0,163.38043763716334,-1.3804376371633396
2024-07-29,EAST,Media,train,153.0,163.38043763716334,-10.38043763716334
2024-08-05,EAST,Media,train,154.0,163.38043763716334,-9.38043763716334
2024-08-12,EAST,Media,train,167.0,163.38043763716334,3.6195623628366604
2024-08-19,EAST,Media,train,168.0,163.38043763716334,4.61956236283666
2024-08-26,EAST,Media,train,167.0,196.05453156723115,-29.05453156723115
2024-09-02,EAST,Media,train,186.0,172.58897153308624,13.411028466913763
2024-09-09,EAST,Media,train,193.0,172.58897153308624,20.411028466913763
2024-09-16,EAST,Media,train,196.0,172.58897153308624,23.411028466913763
2024-09-23,EAST,Media,train,150.0,172.58897153308624,-22.588971533086237
2024-09-30,EAST,Media,train,167.0,172.58897153308624,-5.588971533086237
2024-10-07,EAST,Media,train,141.0,139.91487760301843,1.0851223969815749
2024-10-14,EAST,Media,train,126.0,139.91487760301843,-13.914877603018425
2024-10-21,EAST,Media,train,119.0,139.91487760301843,-20.914877603018425
2024-10-28,EAST,Media,train,139.0,139.91487760301843,-0.9148776030184251
2024-11-04,EAST,Media,validation,139.0,139.91487760301843,-0.9148776030184251
2024-11-11,EAST,Media,validation,151.0,139.91487760301843,11.085122396981575
2024-11-18,EAST,Media,validation,123.0,139.91487760301843,-16.914877603018425
2024-11-25,EAST,Media,validation,140.0,139.91487760301843,0.08512239698157487
2024-12-02,EAST,Media,validation,121.0,139.91487760301843,-18.914877603018425
2024-12-09,EAST,Media,validation,138.0,139.91487760301843,-1.9148776030184251
2024-12-16,EAST,Media,validation,147.0,139.91487760301843,7.085122396981575
2024-12-23,EAST,Media,validation,147.0,139.91487760301843,7.085122396981575
2024-12-30,EAST,Media,test,138.0,130.50011636853714,7.499883631462865
2025-01-06,EAST,Media,test,108.0,130.50011636853714,-22.500116368537135
2025-01-13,EAST,Media,test,118.0,130.50011636853714,-12.500116368537135
2025-01-20,EAST,Media,test,132.0,130.50011636853714,1.4998836314628647
2025-01-27,EAST,Media,test,125.0,130.50011636853714,-5.500116368537135
2025-02-03,EAST,Media,test,140.0,130.50011636853714,9.499883631462865
2025-02-10,EAST,Media,test,119.0,130.50011636853714,-11.500116368537135
2025-02-17,EAST,Media,test,133.0,130.50011636853714,2.4998836314628647
2025-02-24,EAST,Media,test,137.0,185.67493259620136,-48.67493259620136
2025-03-03,EAST,Media,test,228.0,216.69297722530933,11.307022774690665
2025-03-10,EAST,Media,test,235.0,238.29626061993602,-3.296260619936021
2025-03-17,EAST,Media,test,246.0,259.8995440145627,-13.899544014562707
2025-03-24,EAST,Media,test,269.0,271.01473629405893,-2.0147362940589346
2025-03-31,EAST,Media,test,120.0,139.91487760301843,-19.914877603018425
2025-04-07,EAST,Media,test,145.0,139.91487760301843,5.085122396981575
2025-04-14,EAST,Media,test,133.0,139.91487760301843,-6.914877603018425
2025-04-21,EAST,Media,test,121.0,139.91487760301843,-18.914877603018425
2025-04-28,EAST,Media,test,141.0,139.91487760301843,1.0851223969815749
2025-05-05,EAST,Media,test,142.0,139.91487760301843,2.085122396981575
2025-05-12,EAST,Media,test,130.0,139.91487760301843,-9.914877603018425
2025-05-19,EAST,Media,test,138.0,139.91487760301843,-1.9148776030184251
2025-05-26,EAST,Media,test,133.0,163.38043763716334,-30.38043763716334
2025-06-02,EAST,Media,test,148.0,163.38043763716334,-15.38043763716334
2025-06-09,EAST,Media,test,152.0,163.38043763716334,-11.38043763716334
2025-06-16,EAST,Media,test,161.0,163.38043763716334,-2.3804376371633396
2025-06-23,EAST,Media,test,196.0,163.38043763716334,32.61956236283666
2025-06-30,EAST,Media,test,166.0,163.38043763716334,2.6195623628366604
2025-07-07,EAST,Media,test,151.0,163.38043763716334,-12.38043763716334
2025-07-14,EAST,Media,test,158.0,163.38043763716334,-5.38043763716334
2025-07-21,EAST,Media,test,141.0,163.38043763716334,-22.38043763716334
2025-07-28,EAST,Media,test,166.0,163.38043763716334,2.6195623628366604
2025-08-04,EAST,Media,test,174.0,163.38043763716334,10.61956236283666
2025-08-11,EAST,Media,test,158.0,163.38043763716334,-5.38043763716334
2025-08-18,EAST,Media,test,190.0,163.38043763716334,26.61956236283666
2025-08-25,EAST,Media,test,167.0,163.38043763716334,3.6195623628366604
2025-09-01,EAST,Media,test,200.0,172.58897153308624,27.411028466913763
2025-09-08,EAST,Media,test,185.0,172.58897153308624,12.411028466913763
2025-09-15,EAST,Media,test,172.0,172.58897153308624,-0.5889715330862373
2025-09-22,EAST,Media,test,160.0,172.58897153308624,-12.588971533086237
2025-09-29,EAST,Media,test,177.0,172.58897153308624,4.411028466913763
2025-10-06,EAST,Media,test,118.0,139.91487760301843,-21.914877603018425
2025-10-13,EAST,Media,test,142.0,139.91487760301843,2.085122396981575
2025-10-20,EAST,Media,test,140.0,139.91487760301843,0.08512239698157487
2025-10-27,EAST,Media,test,140.0,139.91487760301843,0.08512239698157487
2025-11-03,EAST,Media,test,144.0,139.91487760301843,4.085122396981575
2025-11-10,EAST,Media,test,128.0,139.91487760301843,-11.914877603018425
2025-11-17,EAST,Media,test,122.0,139.91487760301843,-17.914877603018425
2025-11-24,EAST,Media,test,151.0,139.91487760301843,11.085122396981575
2025-12-01,EAST,Media,test,162.0,139.91487760301843,22.085122396981575
2025-12-08,EAST,Media,test,144.0,139.91487760301843,4.085122396981575
2025-12-15,EAST,Media,test,139.0,139.91487760301843,-0.9148776030184251
2025-12-22,EAST,Media,test,151.0,139.91487760301843,11.085122396981575
2024-01-01,EAST,Office Supplies,train,306.0,269.4175907819559,36.58240921804412
2024-01-08,EAST,Office Supplies,train,276.0,281.8102358198401,-5.810235819840102
2024-01-15,EAST,Office Supplies,train,269.0,271.64744558586204,-2.6474455858620445
2024-01-22,EAST,Office Supplies,train,274.0,269.27612786460054,4.723872135399461
2024-01-29,EAST,Office Supplies,train,262.0,270.9699262369302,-8.969926236930178
2024-02-05,EAST,Office Supplies,train,279.0,266.904810143339,12.095189856661023
2024-02-12,EAST,Office Supplies,train,261.0,272.6637246092599,-11.663724609259873
2024-02-19,EAST,Office Supplies,train,243.0,266.5660504688731,-23.566050468873073
2024-02-26,EAST,Office Supplies,train,305.0,260.4683763284863,44.53162367151373
2024-03-04,EAST,Office Supplies,train,334.0,317.60649612095904,16.393503879040964
2024-03-11,EAST,Office Supplies,train,440.0,446.86729132507367,-6.867291325073666
2024-03-18,EAST,Office Supplies,train,483.0,468.4419941064122,14.55800589358779
2024-03-25,EAST,Office Supplies,train,500.0,503.0266024937547,-3.0266024937546945
2024-04-01,EAST,Office Supplies,train,526.0,528.8034593449829,-2.8034593449829117
2024-04-08,EAST,Office Supplies,train,441.0,450.9137618024581,-9.913761802458112
2024-04-15,EAST,Office Supplies,train,279.0,301.95892409671416,-22.958924096714156
2024-04-22,EAST,Office Supplies,train,312.0,296.55765698109565,15.442343018904353
2024-04-29,EAST,Office Supplies,train,324.0,307.7367262384714,16.26327376152858
2024-05-06,EAST,Office Supplies,train,313.0,311.8018423320626,1.1981576679373802
2024-05-13,EAST,Office Supplies,train,270.0,308.0754859129374,-38.07548591293738
2024-05-20,EAST,Office Supplies,train,281.0,293.5088199109022,-12.508819910902218
2024-05-27,EAST,Office Supplies,train,320.0,336.95502597910445,-16.955025979104448
2024-06-03,EAST,Office Supplies,train,333.0,336.71116994631876,-3.711169946318762
2024-06-10,EAST,Office Supplies,train,365.0,341.11504571437587,23.884954285624133
2024-06-17,EAST,Office Supplies,train,364.0,351.95535529728573,12.044644702714265
2024-06-24,EAST,Office Supplies,train,393.0,351.61659562281983,41.38340437718017
2024-07-01,EAST,Office Supplies,train,372.0,361.4406261823319,10.559373817668074
2024-07-08,EAST,Office Supplies,train,354.0,354.3266730185473,-0.3266730185472966
2024-07-15,EAST,Office Supplies,train,355.0,348.2289988781605,6.771001121839504
2024-07-22,EAST,Office Supplies,train,354.0,348.5677585526264,5.432241447373599
2024-07-29,EAST,Office Supplies,train,340.0,348.2289988781605,-8.228998878160496
2024-08-05,EAST,Office Supplies,train,345.0,343.48636343563743,1.5136365643625709
2024-08-12,EAST,Office Supplies,train,362.0,345.18016180796707,16.819838192032933
2024-08-19,EAST,Office Supplies,train,367.0,350.93907627388796,16.060923726112037
2024-08-26,EAST,Office Supplies,train,345.0,400.50888614507033,-55.508886145070335
2024-09-02,EAST,Office Supplies,train,419.0,337.11786158766415,81.88213841233585
2024-09-09,EAST,Office Supplies,train,386.0,375.64156083510045,10.35843916489955
2024-09-16,EAST,Office Supplies,train,381.0,364.4624915777246,16.53750842227538
2024-09-23,EAST,Office Supplies,train,347.0,362.7686932053949,-15.768693205394925
2024-09-30,EAST,Office Supplies,train,324.0,351.2508642735532,-27.25086427355319
2024-10-07,EAST,Office Supplies,train,264.0,295.58338026198396,-31.58338026198396
2024-10-14,EAST,Office Supplies,train,272.0,291.4762618641066,-19.47626186410662
2024-10-21,EAST,Office Supplies,train,276.0,294.1863392598341,-18.186339259834085
2024-10-28,EAST,Office Supplies,train,272.0,295.5413779576978,-23.54137795769782
2024-11-04,EAST,Office Supplies,validation,283.0,294.1863392598341,-11.186339259834085
2024-11-11,EAST,Office Supplies,validation,282.0,301.7021763250862,-19.702176325086214
2024-11-18,EAST,Office Supplies,validation,279.0,304.24823884265004,-25.24823884265004
2024-11-25,EAST,Office Supplies,validation,330.0,305.1107421522699,24.889257847730107
2024-12-02,EAST,Office Supplies,validation,284.0,305.40292349266247,-21.402923492662467
2024-12-09,EAST,Office Supplies,validation,344.0,305.5019027484189,38.4980972515811
2024-12-16,EAST,Office Supplies,validation,323.0,305.5354329288778,17.46456707112219
2024-12-23,EAST,Office Supplies,validation,308.0,305.5467916018949,2.4532083981051187
2024-12-30,EAST,Office Supplies,test,296.0,269.4156194866836,26.584380513316376
2025-01-06,EAST,Office Supplies,test,266.0,269.41692298661116,-3.416922986611155
2025-01-13,EAST,Office Supplies,test,229.0,269.4173645598223,-40.41736455982232
2025-01-20,EAST,Office Supplies,test,239.0,269.4175141470196,-30.417514147019574
2025-01-27,EAST,Office Supplies,test,240.0,269.4175648211298,-29.417564821129815
2025-02-03,EAST,Office Supplies,test,249.0,269.4175819874749,-20.417581987474875
2025-02-10,EAST,Office Supplies,test,284.0,269.41758780274034,14.582412197259657
2025-02-17,EAST,Office Supplies,test,286.0,269.4175897727178,16.582410227282196
2025-02-24,EAST,Office Supplies,test,319.0,401.0954426884185,-82.09544268841847
2025-03-03,EAST,Office Supplies,test,462.0,467.50378654004874,-5.503786540048736
2025-03-10,EAST,Office Supplies,test,440.0,497.77711026660694,-57.77711026660694
2025-03-17,EAST,Office Supplies,test,511.0,528.0504339425249,-17.050433942524933
2025-03-24,EAST,Office Supplies,test,538.0,451.60836613734176,86.39163386265824
2025-03-31,EAST,Office Supplies,test,266.0,305.5526107560155,-39.5526107560155
2025-04-07,EAST,Office Supplies,test,287.0,305.55261075702407,-18.55261075702407
2025-04-14,EAST,Office Supplies,test,285.0,305.55261075736576,-20.552610757365755
2025-04-21,EAST,Office Supplies,test,293.0,305.5526107574815,-12.552610757481489
2025-04-28,EAST,Office Supplies,test,298.0,305.5526107575207,-7.552610757520711
2025-05-05,EAST,Office Supplies,test,253.0,305.55261075753396,-52.552610757533955
2025-05-12,EAST,Office Supplies,test,312.0,305.55261075753845,6.447389242461554
2025-05-19,EAST,Office Supplies,test,301.0,305.55261075754,-4.552610757539981
2025-05-26,EAST,Office Supplies,test,283.0,345.2724604066175,-62.27246040661748
2025-06-02,EAST,Office Supplies,test,358.0,345.27246040661765,12.727539593382346
2025-06-09,EAST,Office Supplies,test,325.0,345.2724604066177,-20.27246040661771
2025-06-16,EAST,Office Supplies,test,346.0,345.27246040661777,0.7275395933822324
2025-06-23,EAST,Office Supplies,test,369.0,345.27246040661777,23.727539593382232
2025-06-30,EAST,Office Supplies,test,350.0,345.27246040661777,4.727539593382232
2025-07-07,EAST,Office Supplies,test,350.0,345.27246040661777,4.727539593382232
2025-07-14,EAST,Office Supplies,test,333.0,345.27246040661777,-12.272460406617768
2025-07-21,EAST,Office Supplies,test,371.0,345.27246040661777,25.727539593382232
2025-07-28,EAST,Office Supplies,test,344.0,345.27246040661777,-1.2724604066177676
2025-08-04,EAST,Office Supplies,test,372.0,345.27246040661777,26.727539593382232
2025-08-11,EAST,Office Supplies,test,335.0,345.27246040661777,-10.272460406617768
2025-08-18,EAST,Office Supplies,test,365.0,345.27246040661777,19.727539593382232
2025-08-25,EAST,Office Supplies,test,350.0,345.27246040661777,4.727539593382232
2025-09-01,EAST,Office Supplies,test,414.0,353.4286222563935,60.57137774360649
2025-09-08,EAST,Office Supplies,test,371.0,353.4286222563935,17.57137774360649
2025-09-15,EAST,Office Supplies,test,347.0,353.4286222563935,-6.42862225639351
2025-09-22,EAST,Office Supplies,test,370.0,353.4286222563935,16.57137774360649
2025-09-29,EAST,Office Supplies,test,312.0,353.4286222563935,-41.42862225639351
2025-10-06,EAST,Office Supplies,test,314.0,305.5526107575408,8.447389242459224
2025-10-13,EAST,Office Supplies,test,280.0,305.5526107575408,-25.552610757540776
2025-10-20,EAST,Office Supplies,test,268.0,305.5526107575408,-37.552610757540776
2025-10-27,EAST,Office Supplies,test,276.0,305.5526107575408,-29.552610757540776
2025-11-03,EAST,Office Supplies,test,280.0,305.5526107575408,-25.552610757540776
2025-11-10,EAST,Office Supplies,test,290.0,305.5526107575408,-15.552610757540776
2025-11-17,EAST,Office Supplies,test,301.0,305.5526107575408,-4.552610757540776
2025-11-24,EAST,Office Supplies,test,272.0,305.5526107575408,-33.552610757540776
2025-12-01,EAST,Office Supplies,test,318.0,305.5526107575408,12.447389242459224
2025-12-08,EAST,Office Supplies,test,328.0,305.5526107575408,22.447389242459224
2025-12-15,EAST,Office Supplies,test,327.0,305.5526107575408,21.447389242459224
2025-12-22,EAST,Office Supplies,test,332.0,305.5526107575408,26.447389242459224
2024-01-01,EAST,Software,train,26.0,27.249923491480573,-1.2499234914805726
2024-01-08,EAST,Software,train,14.0,27.249923491480573,-13.249923491480573
2024-01-15,EAST,Software,train,22.0,27.249923491480573,-5.249923491480573
2024-01-22,EAST,Software,train,36.0,27.249923491480573,8.750076508519427
2024-01-29,EAST,Software,train,34.0,27.249923491480573,6.750076508519427
2024-02-05,EAST,Software,train,27.0,27.249923491480573,-0.24992349148057258
2024-02-12,EAST,Software,train,24.0,27.249923491480573,-3.2499234914805726
2024-02-19,EAST,Software,train,37.0,27.249923491480573,9.750076508519427
2024-02-26,EAST,Software,train,24.0,27.249923491480573,-3.2499234914805726
2024-03-04,EAST,Software,train,29.0,26.752631411496854,2.2473685885031465
2024-03-11,EAST,Software,train,43.0,41.39862113390461,1.6013788660953878
2024-03-18,EAST,Software,train,39.0,41.29907819699875,-2.2990781969987495
2024-03-25,EAST,Software,train,41.0,41.19953526009289,-0.1995352600928868
2024-04-01,EAST,Software,train,42.0,41.099992323187024,0.9000076768129759
2024-04-08,EAST,Software,train,44.0,44.002489056235355,-0.0024890562353547807
2024-04-15,EAST,Software,train,27.0,26.752631411496854,0.24736858850314647
2024-04-22,EAST,Software,train,27.0,26.752631411496854,0.24736858850314647
2024-04-29,EAST,Software,train,21.0,26.752631411496854,-5.7526314114968535
2024-05-06,EAST,Software,train,26.0,26.752631411496854,-0.7526314114968535
2024-05-13,EAST,Software,train,26.0,26.752631411496854,-0.7526314114968535
2024-05-20,EAST,Software,train,21.0,26.752631411496854,-5.7526314114968535
2024-05-27,EAST,Software,train,24.0,31.286254679171172,-7.286254679171172
2024-06-03,EAST,Software,train,31.0,31.286254679171172,-0.2862546791711722
2024-06-10,EAST,Software,train,35.0,31.286254679171172,3.713745320828828
2024-06-17,EAST,Software,train,32.0,31.286254679171172,0.7137453208288278
2024-06-24,EAST,Software,train,38.0,31.286254679171172,6.713745320828828
2024-07-01,EAST,Software,train,29.0,31.286254679171172,-2.286254679171172
2024-07-08,EAST,Software,train,36.0,31.286254679171172,4.713745320828828
2024-07-15,EAST,Software,train,28.0,31.286254679171172,-3.286254679171172
2024-07-22,EAST,Software,train,29.0,31.286254679171172,-2.286254679171172
2024-07-29,EAST,Software,train,29.0,31.286254679171172,-2.286254679171172
2024-08-05,EAST,Software,train,34.0,31.286254679171172,2.713745320828828
2024-08-12,EAST,Software,train,39.0,31.286254679171172,7.713745320828828
2024-08-19,EAST,Software,train,31.0,31.286254679171172,-0.2862546791711722
2024-08-26,EAST,Software,train,32.0,40.27782782064945,-8.277827820649449
2024-09-02,EAST,Software,train,41.0,35.744204552975134,5.255795447024866
2024-09-09,EAST,Software,train,37.0,35.744204552975134,1.255795447024866
2024-09-16,EAST,Software,train,44.0,35.744204552975134,8.255795447024866
2024-09-23,EAST,Software,train,33.0,35.744204552975134,-2.744204552975134
2024-09-30,EAST,Software,train,32.0,35.744204552975134,-3.744204552975134
2024-10-07,EAST,Software,train,22.0,26.752631411496854,-4.7526314114968535
2024-10-14,EAST,Software,train,35.0,26.752631411496854,8.247368588503146
2024-10-21,EAST,Software,train,21.0,26.752631411496854,-5.7526314114968535
2024-10-28,EAST,Software,train,31.0,26.752631411496854,4.2473685885031465
2024-11-04,EAST,Software,validation,23.0,26.752631411496854,-3.7526314114968535
2024-11-11,EAST,Software,validation,32.0,26.752631411496854,5.2473685885031465
2024-11-18,EAST,Software,validation,28.0,26.752631411496854,1.2473685885031465
2024-11-25,EAST,Software,validation,19.0,26.752631411496854,-7.7526314114968535
2024-12-02,EAST,Software,validation,29.0,26.752631411496854,2.2473685885031465
2024-12-09,EAST,Software,validation,30.0,26.752631411496854,3.2473685885031465
2024-12-16,EAST,Software,validation,29.0,26.752631411496854,2.2473685885031465
2024-12-23,EAST,Software,validation,38.0,26.752631411496854,11.247368588503146
2024-12-30,EAST,Software,test,28.0,27.249923491480573,0.7500765085194274
2025-01-06,EAST,Software,test,24.0,27.249923491480573,-3.2499234914805726
2025-01-13,EAST,Software,test,22.0,27.249923491480573,-5.249923491480573
2025-01-20,EAST,Software,test,19.0,27.249923491480573,-8.249923491480573
2025-01-27,EAST,Software,test,24.0,27.249923491480573,-3.2499234914805726
2025-02-03,EAST,Software,test,18.0,27.249923491480573,-9.249923491480573
2025-02-10,EAST,Software,test,22.0,27.249923491480573,-5.249923491480573
2025-02-17,EAST,Software,test,15.0,27.249923491480573,-12.249923491480573
2025-02-24,EAST,Software,test,32.0,41.89591321388833,-9.895913213888328
2025-03-03,EAST,Software,test,45.0,41.29907819699875,3.7009218030012505
2025-03-10,EAST,Software,test,42.0,41.19953526009289,0.8004647399071132
2025-03-17,EAST,Software,test,41.0,41.099992323187024,-0.09999232318702411
2025-03-24,EAST,Software,test,54.0,44.002489056235355,9.997510943764645
2025-03-31,EAST,Software,test,25.0,26.752631411496854,-1.7526314114968535
2025-04-07,EAST,Software,test,32.0,26.752631411496854,5.2473685885031465
2025-04-14,EAST,Software,test,35.0,26.752631411496854,8.247368588503146
2025-04-21,EAST,Software,test,33.0,26.752631411496854,6.2473685885031465
2025-04-28,EAST,Software,test,24.0,26.752631411496854,-2.7526314114968535
2025-05-05,EAST,Software,test,29.0,26.752631411496854,2.2473685885031465
2025-05-12,EAST,Software,test,29.0,26.752631411496854,2.2473685885031465
2025-05-19,EAST,Software,test,22.0,26.752631411496854,-4.7526314114968535
2025-05-26,EAST,Software,test,28.0,31.286254679171172,-3.286254679171172
2025-06-02,EAST,Software,test,39.0,31.286254679171172,7.713745320828828
2025-06-09,EAST,Software,test,37.0,31.286254679171172,5.713745320828828
2025-06-16,EAST,Software,test,27.0,31.286254679171172,-4.286254679171172
2025-06-23,EAST,Software,test,36.0,31.286254679171172,4.713745320828828
2025-06-30,EAST,Software,test,33.0,31.286254679171172,1.7137453208288278
2025-07-07,EAST,Software,test,26.0,31.286254679171172,-5.286254679171172
2025-07-14,EAST,Software,test,35.0,31.286254679171172,3.713745320828828
2025-07-21,EAST,Software,test,41.0,31.286254679171172,9.713745320828828
2025-07-28,EAST,Software,test,31.0,31.286254679171172,-0.2862546791711722
2025-08-04,EAST,Software,test,34.0,31.286254679171172,2.713745320828828
2025-08-11,EAST,Software,test,34.0,31.286254679171172,2.713745320828828
2025-08-18,EAST,Software,test,35.0,31.286254679171172,3.713745320828828
2025-08-25,EAST,Software,test,27.0,31.286254679171172,-4.286254679171172
2025-09-01,EAST,Software,test,39.0,35.744204552975134,3.255795447024866
2025-09-08,EAST,Software,test,33.0,35.744204552975134,-2.744204552975134
2025-09-15,EAST,Software,test,33.0,35.744204552975134,-2.744204552975134
2025-09-22,EAST,Software,test,40.0,35.744204552975134,4.255795447024866
2025-09-29,EAST,Software,test,36.0,35.744204552975134,0.255795447024866
2025-10-06,EAST,Software,test,36.0,26.752631411496854,9.247368588503146
2025-10-13,EAST,Software,test,26.0,26.752631411496854,-0.7526314114968535
2025-10-20,EAST,Software,test,29.0,26.752631411496854,2.2473685885031465
2025-10-27,EAST,Software,test,38.0,26.752631411496854,11.247368588503146
2025-11-03,EAST,Software,test,28.0,26.752631411496854,1.2473685885031465
2025-11-10,EAST,Software,test,25.0,26.752631411496854,-1.7526314114968535
2025-11-17,EAST,Software,test,30.0,26.752631411496854,3.2473685885031465
2025-11-24,EAST,Software,test,22.0,26.752631411496854,-4.7526314114968535
2025-12-01,EAST,Software,test,31.0,26.752631411496854,4.2473685885031465
2025-12-08,EAST,Software,test,36.0,26.752631411496854,9.247368588503146
2025-12-15,EAST,Software,test,30.0,26.752631411496854,3.2473685885031465
2025-12-22,EAST,Software,test,33.0,26.752631411496854,6.2473685885031465
2024-01-01,EAST,Sporting Goods,train,262.0,261.0032916558829,0.9967083441171098
2024-01-08,EAST,Sporting Goods,train,240.0,261.0032916558829,-21.00329165588289
2024-01-15,EAST,Sporting Goods,train,254.0,261.0032916558829,-7.00329165588289
2024-01-22,EAST,Sporting Goods,train,281.0,261.0032916558829,19.99670834411711
2024-01-29,EAST,Sporting Goods,train,272.0,261.0032916558829,10.99670834411711
2024-02-05,EAST,Sporting Goods,train,264.0,261.0032916558829,2.99670834411711
2024-02-12,EAST,Sporting Goods,train,281.0,261.0032916558829,19.99670834411711
2024-02-19,EAST,Sporting Goods,train,227.0,261.0032916558829,-34.00329165588289
2024-02-26,EAST,Sporting Goods,train,269.0,261.0032916558829,7.99670834411711
2024-03-04,EAST,Sporting Goods,train,337.0,297.9588576651242,39.041142334875815
2024-03-11,EAST,Sporting Goods,train,446.0,444.09978963885163,1.9002103611483676
2024-03-18,EAST,Sporting Goods,train,472.0,474.20095383156104,-2.200953831561037
2024-03-25,EAST,Sporting Goods,train,503.0,504.3021180242704,-1.302118024270385
2024-04-01,EAST,Sporting Goods,train,536.0,534.4032822169798,1.5967177830201535
2024-04-08,EAST,Sporting Goods,train,509.0,509.00603148550806,-0.006031485508060541
2024-04-15,EAST,Sporting Goods,train,282.0,297.9588576651242,-15.958857665124185
2024-04-22,EAST,Sporting Goods,train,273.0,297.9588576651242,-24.958857665124185
2024-04-29,EAST,Sporting Goods,train,311.0,297.9588576651242,13.041142334875815
2024-05-06,EAST,Sporting Goods,train,271.0,297.9588576651242,-26.958857665124185
2024-05-13,EAST,Sporting Goods,train,305.0,297.9588576651242,7.041142334875815
2024-05-20,EAST,Sporting Goods,train,283.0,297.9588576651242,-14.958857665124185
2024-05-27,EAST,Sporting Goods,train,280.0,340.56861074374405,-60.568610743744046
2024-06-03,EAST,Sporting Goods,train,325.0,340.56861074374405,-15.568610743744046
2024-06-10,EAST,Sporting Goods,train,367.0,340.56861074374405,26.431389256255954
2024-06-17,EAST,Sporting Goods,train,376.0,340.56861074374405,35.431389256255954
2024-06-24,EAST,Sporting Goods,train,343.0,340.56861074374405,2.4313892562559545
2024-07-01,EAST,Sporting Goods,train,313.0,340.56861074374405,-27.568610743744046
2024-07-08,EAST,Sporting Goods,train,359.0,340.56861074374405,18.431389256255954
2024-07-15,EAST,Sporting Goods,train,380.0,340.56861074374405,39.431389256255954
2024-07-22,EAST,Sporting Goods,train,336.0,340.56861074374405,-4.5686107437440455
2024-07-29,EAST,Sporting Goods,train,375.0,340.56861074374405,34.431389256255954
2024-08-05,EAST,Sporting Goods,train,345.0,340.56861074374405,4.4313892562559545
2024-08-12,EAST,Sporting Goods,train,316.0,340.56861074374405,-24.568610743744046
2024-08-19,EAST,Sporting Goods,train,361.0,340.56861074374405,20.431389256255954
2024-08-26,EAST,Sporting Goods,train,351.0,399.6776571945055,-48.677657194505514
2024-09-02,EAST,Sporting Goods,train,387.0,357.06790411588565,29.932095884114347
2024-09-09,EAST,Sporting Goods,train,381.0,357.06790411588565,23.932095884114347
2024-09-16,EAST,Sporting Goods,train,382.0,357.06790411588565,24.932095884114347
2024-09-23,EAST,Sporting Goods,train,378.0,357.06790411588565,20.932095884114347
2024-09-30,EAST,Sporting Goods,train,306.0,357.06790411588565,-51.06790411588565
2024-10-07,EAST,Sporting Goods,train,276.0,297.9588576651242,-21.958857665124185
2024-10-14,EAST,Sporting Goods,train,297.0,297.9588576651242,-0.9588576651241851
2024-10-21,EAST,Sporting Goods,train,287.0,297.9588576651242,-10.958857665124185
2024-10-28,EAST,Sporting Goods,train,307.0,297.9588576651242,9.041142334875815
2024-11-04,EAST,Sporting Goods,validation,310.0,297.9588576651242,12.041142334875815
2024-11-11,EAST,Sporting Goods,validation,292.0,297.9588576651242,-5.958857665124185
2024-11-18,EAST,Sporting Goods,validation,337.0,297.9588576651242,39.041142334875815
2024-11-25,EAST,Sporting Goods,validation,324.0,297.9588576651242,26.041142334875815
2024-12-02,EAST,Sporting Goods,validation,311.0,297.9588576651242,13.041142334875815
2024-12-09,EAST,Sporting Goods,validation,316.0,297.9588576651242,18.041142334875815
2024-12-16,EAST,Sporting Goods,validation,360.0,297.9588576651242,62.041142334875815
2024-12-23,EAST,Sporting Goods,validation,315.0,297.9588576651242,17.041142334875815
2024-12-30,EAST,Sporting Goods,test,258.0,261.0032916558829,-3.00329165588289
2025-01-06,EAST,Sporting Goods,test,261.0,261.0032916558829,-0.0032916558828901543
2025-01-13,EAST,Sporting Goods,test,285.0,261.0032916558829,23.99670834411711
2025-01-20,EAST,Sporting Goods,test,268.0,261.0032916558829,6.99670834411711
2025-01-27,EAST,Sporting Goods,test,275.0,261.0032916558829,13.99670834411711
2025-02-03,EAST,Sporting Goods,test,266.0,261.0032916558829,4.99670834411711
2025-02-10,EAST,Sporting Goods,test,277.0,261.0032916558829,15.99670834411711
2025-02-17,EAST,Sporting Goods,test,242.0,261.0032916558829,-19.00329165588289
2025-02-24,EAST,Sporting Goods,test,286.0,407.14422362961034,-121.14422362961034
2025-03-03,EAST,Sporting Goods,test,431.0,474.20095383156104,-43.20095383156104
2025-03-10,EAST,Sporting Goods,test,526.0,504.3021180242704,21.697881975729615
2025-03-17,EAST,Sporting Goods,test,513.0,534.4032822169798,-21.403282216979846
2025-03-24,EAST,Sporting Goods,test,607.0,509.00603148550806,97.99396851449194
2025-03-31,EAST,Sporting Goods,test,288.0,297.9588576651242,-9.958857665124185
2025-04-07,EAST,Sporting Goods,test,267.0,297.9588576651242,-30.958857665124185
2025-04-14,EAST,Sporting Goods,test,295.0,297.9588576651242,-2.958857665124185
2025-04-21,EAST,Sporting Goods,test,282.0,297.9588576651242,-15.958857665124185
2025-04-28,EAST,Sporting Goods,test,285.0,297.9588576651242,-12.958857665124185
2025-05-05,EAST,Sporting Goods,test,321.0,297.9588576651242,23.041142334875815
2025-05-12,EAST,Sporting Goods,test,280.0,297.9588576651242,-17.958857665124185
2025-05-19,EAST,Sporting Goods,test,291.0,297.9588576651242,-6.958857665124185
2025-05-26,EAST,Sporting Goods,test,297.0,340.56861074374405,-43.568610743744046
2025-06-02,EAST,Sporting Goods,test,340.0,340.56861074374405,-0.5686107437440455
2025-06-09,EAST,Sporting Goods,test,350.0,340.56861074374405,9.431389256255954
2025-06-16,EAST,Sporting Goods,test,359.0,340.56861074374405,18.431389256255954
2025-06-23,EAST,Sporting Goods,test,328.0,340.56861074374405,-12.568610743744046
2025-06-30,EAST,Sporting Goods,test,374.0,340.56861074374405,33.431389256255954
2025-07-07,EAST,Sporting Goods,test,346.0,340.56861074374405,5.4313892562559545
2025-07-14,EAST,Sporting Goods,test,355.0,340.56861074374405,14.431389256255954
2025-07-21,EAST,Sporting Goods,test,359.0,340.56861074374405,18.431389256255954
2025-07-28,EAST,Sporting Goods,test,387.0,340.56861074374405,46.431389256255954
2025-08-04,EAST,Sporting Goods,test,356.0,340.56861074374405,15.431389256255954
2025-08-11,EAST,Sporting Goods,test,346.0,340.56861074374405,5.4313892562559545
2025-08-18,EAST,Sporting Goods,test,381.0,340.56861074374405,40.431389256255954
2025-08-25,EAST,Sporting Goods,test,355.0,340.56861074374405,14.431389256255954
2025-09-01,EAST,Sporting Goods,test,387.0,357.06790411588565,29.932095884114347
2025-09-08,EAST,Sporting Goods,test,377.0,357.06790411588565,19.932095884114347
2025-09-15,EAST,Sporting Goods,test,373.0,357.06790411588565,15.932095884114347
2025-09-22,EAST,Sporting Goods,test,392.0,357.06790411588565,34.93209588411435
2025-09-29,EAST,Sporting Goods,test,331.0,357.06790411588565,-26.067904115885653
2025-10-06,EAST,Sporting Goods,test,292.0,297.9588576651242,-5.958857665124185
2025-10-13,EAST,Sporting Goods,test,290.0,297.9588576651242,-7.958857665124185
2025-10-20,EAST,Sporting Goods,test,316.0,297.9588576651242,18.041142334875815
2025-10-27,EAST,Sporting Goods,test,321.0,297.9588576651242,23.041142334875815
2025-11-03,EAST,Sporting Goods,test,301.0,297.9588576651242,3.041142334875815
2025-11-10,EAST,Sporting Goods,test,300.0,297.9588576651242,2.041142334875815
2025-11-17,EAST,Sporting Goods,test,262.0,297.9588576651242,-35.958857665124185
2025-11-24,EAST,Sporting Goods,test,315.0,297.9588576651242,17.041142334875815
2025-12-01,EAST,Sporting Goods,test,350.0,297.9588576651242,52.041142334875815
2025-12-08,EAST,Sporting Goods,test,301.0,297.9588576651242,3.041142334875815
2025-12-15,EAST,Sporting Goods,test,358.0,297.9588576651242,60.041142334875815
2025-12-22,EAST,Sporting Goods,test,325.0,297.9588576651242,27.041142334875815
2024-01-01,EAST,Vehicles & Parts,train,264.0,263.36134969409744,0.6386503059025586
2024-01-08,EAST,Vehicles & Parts,train,296.0,263.36134969409744,32.63865030590256
2024-01-15,EAST,Vehicles & Parts,train,259.0,263.36134969409744,-4.361349694097441
2024-01-22,EAST,Vehicles & Parts,train,245.0,263.36134969409744,-18.36134969409744
2024-01-29,EAST,Vehicles & Parts,train,262.0,263.36134969409744,-1.3613496940974414
2024-02-05,EAST,Vehicles & Parts,train,253.0,263.36134969409744,-10.361349694097441
2024-02-12,EAST,Vehicles & Parts,train,264.0,263.36134969409744,0.6386503059025586
2024-02-19,EAST,Vehicles & Parts,train,267.0,263.36134969409744,3.6386503059025586
2024-02-26,EAST,Vehicles & Parts,train,261.0,263.36134969409744,-2.3613496940974414
2024-03-04,EAST,Vehicles & Parts,train,327.0,299.2893634610873,27.710636538912695
2024-03-11,EAST,Vehicles & Parts,train,407.0,413.3987679876708,-6.398767987670794
2024-03-18,EAST,Vehicles & Parts,train,471.0,452.7962127992769,18.203787200723127
2024-03-25,EAST,Vehicles & Parts,train,475.0,492.193657610883,-17.193657610883008
2024-04-01,EAST,Vehicles & Parts,train,537.0,531.5911024224891,5.4088975775108565
2024-04-08,EAST,Vehicles & Parts,train,516.0,515.9822306240317,0.01776937596832795
2024-04-15,EAST,Vehicles & Parts,train,296.0,299.2893634610873,-3.289363461087305
2024-04-22,EAST,Vehicles & Parts,train,275.0,299.2893634610873,-24.289363461087305
2024-04-29,EAST,Vehicles & Parts,train,301.0,299.2893634610873,1.710636538912695
2024-05-06,EAST,Vehicles & Parts,train,310.0,299.2893634610873,10.710636538912695
2024-05-13,EAST,Vehicles & Parts,train,319.0,299.2893634610873,19.710636538912695
2024-05-20,EAST,Vehicles & Parts,train,281.0,299.2893634610873,-18.289363461087305
2024-05-27,EAST,Vehicles & Parts,train,294.0,354.1446961132818,-60.14469611328178
2024-06-03,EAST,Vehicles & Parts,train,372.0,354.1446961132818,17.855303886718218
2024-06-10,EAST,Vehicles & Parts,train,364.0,354.1446961132818,9.855303886718218
2024-06-17,EAST,Vehicles & Parts,train,372.0,354.1446961132818,17.855303886718218
2024-06-24,EAST,Vehicles & Parts,train,365.0,354.1446961132818,10.855303886718218
2024-07-01,EAST,Vehicles & Parts,train,353.0,354.1446961132818,-1.144696113281782
2024-07-08,EAST,Vehicles & Parts,train,406.0,354.1446961132818,51.85530388671822
2024-07-15,EAST,Vehicles & Parts,train,326.0,354.1446961132818,-28.144696113281782
2024-07-22,EAST,Vehicles & Parts,train,356.0,354.1446961132818,1.855303886718218
2024-07-29,EAST,Vehicles & Parts,train,352.0,354.1446961132818,-2.144696113281782
2024-08-05,EAST,Vehicles & Parts,train,362.0,354.1446961132818,7.855303886718218
2024-08-12,EAST,Vehicles & Parts,train,371.0,354.1446961132818,16.855303886718218
2024-08-19,EAST,Vehicles & Parts,train,364.0,354.1446961132818,9.855303886718218
2024-08-26,EAST,Vehicles & Parts,train,365.0,418.0419702819822,-53.041970281982174
2024-09-02,EAST,Vehicles & Parts,train,402.0,363.1866376297877,38.8133623702123
2024-09-09,EAST,Vehicles & Parts,train,373.0,363.1866376297877,9.813362370212303
2024-09-16,EAST,Vehicles & Parts,train,368.0,363.1866376297877,4.813362370212303
2024-09-23,EAST,Vehicles & Parts,train,408.0,363.1866376297877,44.8133623702123
2024-09-30,EAST,Vehicles & Parts,train,318.0,363.1866376297877,-45.1866376297877
2024-10-07,EAST,Vehicles & Parts,train,285.0,299.2893634610873,-14.289363461087305
2024-10-14,EAST,Vehicles & Parts,train,273.0,299.2893634610873,-26.289363461087305
2024-10-21,EAST,Vehicles & Parts,train,268.0,299.2893634610873,-31.289363461087305
2024-10-28,EAST,Vehicles & Parts,train,304.0,299.2893634610873,4.710636538912695
2024-11-04,EAST,Vehicles & Parts,validation,281.0,299.2893634610873,-18.289363461087305
2024-11-11,EAST,Vehicles & Parts,validation,278.0,299.2893634610873,-21.289363461087305
2024-11-18,EAST,Vehicles & Parts,validation,320.0,299.2893634610873,20.710636538912695
2024-11-25,EAST,Vehicles & Parts,validation,328.0,299.2893634610873,28.710636538912695
2024-12-02,EAST,Vehicles & Parts,validation,329.0,299.2893634610873,29.710636538912695
2024-12-09,EAST,Vehicles & Parts,validation,328.0,299.2893634610873,28.710636538912695
2024-12-16,EAST,Vehicles & Parts,validation,343.0,299.2893634610873,43.710636538912695
2024-12-23,EAST,Vehicles & Parts,validation,320.0,299.2893634610873,20.710636538912695
2024-12-30,EAST,Vehicles & Parts,test,280.0,263.36134969409744,16.63865030590256
2025-01-06,EAST,Vehicles & Parts,test,248.0,263.36134969409744,-15.361349694097441
2025-01-13,EAST,Vehicles & Parts,test,250.0,263.36134969409744,-13.361349694097441
2025-01-20,EAST,Vehicles & Parts,test,311.0,263.36134969409744,47.63865030590256
2025-01-27,EAST,Vehicles & Parts,test,259.0,263.36134969409744,-4.361349694097441
2025-02-03,EAST,Vehicles & Parts,test,244.0,263.36134969409744,-19.36134969409744
2025-02-10,EAST,Vehicles & Parts,test,265.0,263.36134969409744,1.6386503059025586
2025-02-17,EAST,Vehicles & Parts,test,282.0,263.36134969409744,18.63865030590256
2025-02-24,EAST,Vehicles & Parts,test,342.0,377.47075422068093,-35.47075422068093
2025-03-03,EAST,Vehicles & Parts,test,423.0,452.7962127992769,-29.796212799276873
2025-03-10,EAST,Vehicles & Parts,test,471.0,492.193657610883,-21.193657610883008
2025-03-17,EAST,Vehicles & Parts,test,477.0,531.5911024224891,-54.59110242248914
2025-03-24,EAST,Vehicles & Parts,test,536.0,515.9822306240317,20.017769375968328
2025-03-31,EAST,Vehicles & Parts,test,317.0,299.2893634610873,17.710636538912695
2025-04-07,EAST,Vehicles & Parts,test,278.0,299.2893634610873,-21.289363461087305
2025-04-14,EAST,Vehicles & Parts,test,293.0,299.2893634610873,-6.289363461087305
2025-04-21,EAST,Vehicles & Parts,test,308.0,299.2893634610873,8.710636538912695
2025-04-28,EAST,Vehicles & Parts,test,272.0,299.2893634610873,-27.289363461087305
2025-05-05,EAST,Vehicles & Parts,test,331.0,299.2893634610873,31.710636538912695
2025-05-12,EAST,Vehicles & Parts,test,282.0,299.2893634610873,-17.289363461087305
2025-05-19,EAST,Vehicles & Parts,test,335.0,299.2893634610873,35.710636538912695
2025-05-26,EAST,Vehicles & Parts,test,265.0,354.1446961132818,-89.14469611328178
2025-06-02,EAST,Vehicles & Parts,test,344.0,354.1446961132818,-10.144696113281782
2025-06-09,EAST,Vehicles & Parts,test,335.0,354.1446961132818,-19.144696113281782
2025-06-16,EAST,Vehicles & Parts,test,350.0,354.1446961132818,-4.144696113281782
2025-06-23,EAST,Vehicles & Parts,test,340.0,354.1446961132818,-14.144696113281782
2025-06-30,EAST,Vehicles & Parts,test,344.0,354.1446961132818,-10.144696113281782
2025-07-07,EAST,Vehicles & Parts,test,356.0,354.1446961132818,1.855303886718218
2025-07-14,EAST,Vehicles & Parts,test,343.0,354.1446961132818,-11.144696113281782
2025-07-21,EAST,Vehicles & Parts,test,368.0,354.1446961132818,13.855303886718218
2025-07-28,EAST,Vehicles & Parts,test,334.0,354.1446961132818,-20.144696113281782
2025-08-04,EAST,Vehicles & Parts,test,380.0,354.1446961132818,25.855303886718218
2025-08-11,EAST,Vehicles & Parts,test,356.0,354.1446961132818,1.855303886718218
2025-08-18,EAST,Vehicles & Parts,test,343.0,354.1446961132818,-11.144696113281782
2025-08-25,EAST,Vehicles & Parts,test,352.0,354.1446961132818,-2.144696113281782
2025-09-01,EAST,Vehicles & Parts,test,411.0,363.1866376297877,47.8133623702123
2025-09-08,EAST,Vehicles & Parts,test,398.0,363.1866376297877,34.8133623702123
2025-09-15,EAST,Vehicles & Parts,test,392.0,363.1866376297877,28.813362370212303
2025-09-22,EAST,Vehicles & Parts,test,370.0,363.1866376297877,6.813362370212303
2025-09-29,EAST,Vehicles & Parts,test,287.0,363.1866376297877,-76.1866376297877
2025-10-06,EAST,Vehicles & Parts,test,322.0,299.2893634610873,22.710636538912695
2025-10-13,EAST,Vehicles & Parts,test,313.0,299.2893634610873,13.710636538912695
2025-10-20,EAST,Vehicles & Parts,test,267.0,299.2893634610873,-32.289363461087305
2025-10-27,EAST,Vehicles & Parts,test,284.0,299.2893634610873,-15.289363461087305
2025-11-03,EAST,Vehicles & Parts,test,295.0,299.2893634610873,-4.289363461087305
2025-11-10,EAST,Vehicles & Parts,test,314.0,299.2893634610873,14.710636538912695
2025-11-17,EAST,Vehicles & Parts,test,302.0,299.2893634610873,2.710636538912695
2025-11-24,EAST,Vehicles & Parts,test,299.0,299.2893634610873,-0.28936346108730504
2025-12-01,EAST,Vehicles & Parts,test,291.0,299.2893634610873,-8.289363461087305
2025-12-08,EAST,Vehicles & Parts,test,311.0,299.2893634610873,11.710636538912695
2025-12-15,EAST,Vehicles & Parts,test,323.0,299.2893634610873,23.710636538912695
2025-12-22,EAST,Vehicles & Parts,test,322.0,299.2893634610873,22.710636538912695
2024-01-01,NORTH,Animals & Pet Supplies,train,228.0,238.36681346021243,-10.366813460212427
2024-01-08,NORTH,Animals & Pet Supplies,train,252.0,238.36681346021243,13.633186539787573
2024-01-15,NORTH,Animals & Pet Supplies,train,233.0,238.36681346021243,-5.366813460212427
2024-01-22,NORTH,Animals & Pet Supplies,train,222.0,238.36681346021243,-16.366813460212427
2024-01-29,NORTH,Animals & Pet Supplies,train,223.0,238.36681346021243,-15.366813460212427
2024-02-05,NORTH,Animals & Pet Supplies,train,242.0,238.36681346021243,3.633186539787573
2024-02-12,NORTH,Animals & Pet Supplies,train,210.0,238.36681346021243,-28.366813460212427
2024-02-19,NORTH,Animals & Pet Supplies,train,248.0,238.36681346021243,9.633186539787573
2024-02-26,NORTH,Animals & Pet Supplies,train,277.0,238.36681346021243,38.63318653978757
2024-03-04,NORTH,Animals & Pet Supplies,train,318.0,272.74470392067536,45.25529607932464
2024-03-11,NORTH,Animals & Pet Supplies,train,396.0,400.3857608831521,-4.385760883152102
2024-03-18,NORTH,Animals & Pet Supplies,train,435.0,427.289486718862,7.710513281137992
2024-03-25,NORTH,Animals & Pet Supplies,train,452.0,454.19321255457197,-2.1932125545719714
2024-04-01,NORTH,Animals & Pet Supplies,train,480.0,481.09693839028193,-1.0969383902819345
2024-04-08,NORTH,Animals & Pet Supplies,train,424.0,424.0188296679605,-0.018829667960517327
2024-04-15,NORTH,Animals & Pet Supplies,train,279.0,272.74470392067536,6.255296079324637
2024-04-22,NORTH,Animals & Pet Supplies,train,239.0,272.74470392067536,-33.74470392067536
2024-04-29,NORTH,Animals & Pet Supplies,train,274.0,272.74470392067536,1.255296079324637
2024-05-06,NORTH,Animals & Pet Supplies,train,256.0,272.74470392067536,-16.744703920675363
2024-05-13,NORTH,Animals & Pet Supplies,train,271.0,272.74470392067536,-1.744703920675363
2024-05-20,NORTH,Animals & Pet Supplies,train,245.0,272.74470392067536,-27.744703920675363
2024-05-27,NORTH,Animals & Pet Supplies,train,273.0,312.7507469132773,-39.75074691327728
2024-06-03,NORTH,Animals & Pet Supplies,train,326.0,312.7507469132773,13.249253086722717
2024-06-10,NORTH,Animals & Pet Supplies,train,331.0,312.7507469132773,18.249253086722717
2024-06-17,NORTH,Animals & Pet Supplies,train,321.0,312.7507469132773,8.249253086722717
2024-06-24,NORTH,Animals & Pet Supplies,train,329.0,312.7507469132773,16.249253086722717
2024-07-01,NORTH,Animals & Pet Supplies,train,313.0,312.7507469132773,0.2492530867227174
2024-07-08,NORTH,Animals & Pet Supplies,train,287.0,312.7507469132773,-25.750746913277283
2024-07-15,NORTH,Animals & Pet Supplies,train,343.0,312.7507469132773,30.249253086722717
2024-07-22,NORTH,Animals & Pet Supplies,train,306.0,312.7507469132773,-6.750746913277283
2024-07-29,NORTH,Animals & Pet Supplies,train,330.0,312.7507469132773,17.249253086722717
2024-08-05,NORTH,Animals & Pet Supplies,train,327.0,312.7507469132773,14.249253086722717
2024-08-12,NORTH,Animals & Pet Supplies,train,325.0,312.7507469132773,12.249253086722717
2024-08-19,NORTH,Animals & Pet Supplies,train,323.0,312.7507469132773,10.249253086722717
2024-08-26,NORTH,Animals & Pet Supplies,train,307.0,375.1634345923935,-68.16343459239351
2024-09-02,NORTH,Animals & Pet Supplies,train,366.0,335.1573915997916,30.842608400208405
2024-09-09,NORTH,Animals & Pet Supplies,train,373.0,335.1573915997916,37.842608400208405
2024-09-16,NORTH,Animals & Pet Supplies,train,342.0,335.1573915997916,6.842608400208405
2024-09-23,NORTH,Animals & Pet Supplies,train,378.0,335.1573915997916,42.842608400208405
2024-09-30,NORTH,Animals & Pet Supplies,train,285.0,335.1573915997916,-50.157391599791595
2024-10-07,NORTH,Animals & Pet Supplies,train,262.0,272.74470392067536,-10.744703920675363
2024-10-14,NORTH,Animals & Pet Supplies,train,265.0,272.74470392067536,-7.744703920675363
2024-10-21,NORTH,Animals & Pet Supplies,train,283.0,272.74470392067536,10.255296079324637
2024-10-28,NORTH,Animals & Pet Supplies,train,240.0,272.74470392067536,-32.74470392067536
2024-11-04,NORTH,Animals & Pet Supplies,validation,254.0,272.74470392067536,-18.744703920675363
2024-11-11,NORTH,Animals & Pet Supplies,validation,265.0,272.74470392067536,-7.744703920675363
2024-11-18,NORTH,Animals & Pet Supplies,validation,295.0,272.74470392067536,22.255296079324637
2024-11-25,NORTH,Animals & Pet Supplies,validation,270.0,272.74470392067536,-2.744703920675363
2024-12-02,NORTH,Animals & Pet Supplies,validation,286.0,272.74470392067536,13.255296079324637
2024-12-09,NORTH,Animals & Pet Supplies,validation,271.0,272.74470392067536,-1.744703920675363
2024-12-16,NORTH,Animals & Pet Supplies,validation,279.0,272.74470392067536,6.255296079324637
2024-12-23,NORTH,Animals & Pet Supplies,validation,297.0,272.74470392067536,24.255296079324637
2024-12-30,NORTH,Animals & Pet Supplies,test,269.0,238.36681346021243,30.633186539787573
2025-01-06,NORTH,Animals & Pet Supplies,test,263.0,238.36681346021243,24.633186539787573
2025-01-13,NORTH,Animals & Pet Supplies,test,257.0,238.36681346021243,18.633186539787573
2025-01-20,NORTH,Animals & Pet Supplies,test,249.0,238.36681346021243,10.633186539787573
2025-01-27,NORTH,Animals & Pet Supplies,test,230.0,238.36681346021243,-8.366813460212427
2025-02-03,NORTH,Animals & Pet Supplies,test,222.0,238.36681346021243,-16.366813460212427
2025-02-10,NORTH,Animals & Pet Supplies,test,222.0,238.36681346021243,-16.366813460212427
2025-02-17,NORTH,Animals & Pet Supplies,test,265.0,238.36681346021243,26.633186539787573
2025-02-24,NORTH,Animals & Pet Supplies,test,285.0,366.00787042268917,-81.00787042268917
2025-03-03,NORTH,Animals & Pet Supplies,test,408.0,427.289486718862,-19.28948671886201
2025-03-10,NORTH,Animals & Pet Supplies,test,437.0,454.19321255457197,-17.19321255457197
2025-03-17,NORTH,Animals & Pet Supplies,test,459.0,481.09693839028193,-22.096938390281935
2025-03-24,NORTH,Animals & Pet Supplies,test,504.0,424.0188296679605,79.98117033203948
2025-03-31,NORTH,Animals & Pet Supplies,test,306.0,272.74470392067536,33.25529607932464
2025-04-07,NORTH,Animals & Pet Supplies,test,275.0,272.74470392067536,2.255296079324637
2025-04-14,NORTH,Animals & Pet Supplies,test,292.0,272.74470392067536,19.255296079324637
2025-04-21,NORTH,Animals & Pet Supplies,test,281.0,272.74470392067536,8.255296079324637
2025-04-28,NORTH,Animals & Pet Supplies,test,266.0,272.74470392067536,-6.744703920675363
2025-05-05,NORTH,Animals & Pet Supplies,test,268.0,272.74470392067536,-4.744703920675363
2025-05-12,NORTH,Animals & Pet Supplies,test,255.0,272.74470392067536,-17.744703920675363
2025-05-19,NORTH,Animals & Pet Supplies,test,289.0,272.74470392067536,16.255296079324637
2025-05-26,NORTH,Animals & Pet Supplies,test,315.0,312.7507469132773,2.2492530867227174
2025-06-02,NORTH,Animals & Pet Supplies,test,354.0,312.7507469132773,41.24925308672272
2025-06-09,NORTH,Animals & Pet Supplies,test,307.0,312.7507469132773,-5.750746913277283
2025-06-16,NORTH,Animals & Pet Supplies,test,309.0,312.7507469132773,-3.7507469132772826
2025-06-23,NORTH,Animals & Pet Supplies,test,309.0,312.7507469132773,-3.7507469132772826
2025-06-30,NORTH,Animals & Pet Supplies,test,347.0,312.7507469132773,34.24925308672272
2025-07-07,NORTH,Animals & Pet Supplies,test,337.0,312.7507469132773,24.249253086722717
2025-07-14,NORTH,Animals & Pet Supplies,test,309.0,312.7507469132773,-3.7507469132772826
2025-07-21,NORTH,Animals & Pet Supplies,test,350.0,312.7507469132773,37.24925308672272
2025-07-28,NORTH,Animals & Pet Supplies,test,331.0,312.7507469132773,18.249253086722717
2025-08-04,NORTH,Animals & Pet Supplies,test,328.0,312.7507469132773,15.249253086722717
2025-08-11,NORTH,Animals & Pet Supplies,test,334.0,312.7507469132773,21.249253086722717
2025-08-18,NORTH,Animals & Pet Supplies,test,322.0,312.7507469132773,9.249253086722717
2025-08-25,NORTH,Animals & Pet Supplies,test,324.0,312.7507469132773,11.249253086722717
2025-09-01,NORTH,Animals & Pet Supplies,test,372.0,335.1573915997916,36.842608400208405
2025-09-08,NORTH,Animals & Pet Supplies,test,354.0,335.1573915997916,18.842608400208405
2025-09-15,NORTH,Animals & Pet Supplies,test,349.0,335.1573915997916,13.842608400208405
2025-09-22,NORTH,Animals & Pet Supplies,test,351.0,335.1573915997916,15.842608400208405
2025-09-29,NORTH,Animals & Pet Supplies,test,283.0,335.1573915997916,-52.157391599791595
2025-10-06,NORTH,Animals & Pet Supplies,test,259.0,272.74470392067536,-13.744703920675363
2025-10-13,NORTH,Animals & Pet Supplies,test,259.0,272.74470392067536,-13.744703920675363
2025-10-20,NORTH,Animals & Pet Supplies,test,264.0,272.74470392067536,-8.744703920675363
2025-10-27,NORTH,Animals & Pet Supplies,test,243.0,272.74470392067536,-29.744703920675363
2025-11-03,NORTH,Animals & Pet Supplies,test,301.0,272.74470392067536,28.255296079324637
2025-11-10,NORTH,Animals & Pet Supplies,test,262.0,272.74470392067536,-10.744703920675363
2025-11-17,NORTH,Animals & Pet Supplies,test,288.0,272.74470392067536,15.255296079324637
2025-11-24,NORTH,Animals & Pet Supplies,test,269.0,272.74470392067536,-3.744703920675363
2025-12-01,NORTH,Animals & Pet Supplies,test,290.0,272.74470392067536,17.255296079324637
2025-12-08,NORTH,Animals & Pet Supplies,test,283.0,272.74470392067536,10.255296079324637
2025-12-15,NORTH,Animals & Pet Supplies,test,320.0,272.74470392067536,47.25529607932464
2025-12-22,NORTH,Animals & Pet Supplies,test,317.0,272.74470392067536,44.25529607932464
2024-01-01,NORTH,Apparel & Accessories,train,491.0,499.14852655006075,-8.148526550060751
2024-01-08,NORTH,Apparel & Accessories,train,509.0,499.14852655006075,9.851473449939249
2024-01-15,NORTH,Apparel & Accessories,train,481.0,499.15438849083694,-18.154388490836936
2024-01-22,NORTH,Apparel & Accessories,train,483.0,499.13667321700484,-16.13667321700484
2024-01-29,NORTH,Apparel & Accessories,train,479.0,489.42359763447985,-10.423597634479847
2024-02-05,NORTH,Apparel & Accessories,train,509.0,488.0422572258721,20.957742774127894
2024-02-12,NORTH,Apparel & Accessories,train,501.0,511.7562466690243,-10.756246669024279
2024-02-19,NORTH,Apparel & Accessories,train,468.0,498.031657845319,-30.03165784531899
2024-02-26,NORTH,Apparel & Accessories,train,511.0,472.6499788900421,38.35002110995788
2024-03-04,NORTH,Apparel & Accessories,train,591.0,586.7839358769838,4.216064123016167
2024-03-11,NORTH,Apparel & Accessories,train,767.0,772.7640303514161,-5.764030351416068
2024-03-18,NORTH,Apparel & Accessories,train,814.0,837.7197779460035,-23.719777946003546
2024-03-25,NORTH,Apparel & Accessories,train,907.0,904.766976821657,2.2330231783430463
2024-04-01,NORTH,Apparel & Accessories,train,1021.0,1002.6408443082431,18.359155691756882
2024-04-08,NORTH,Apparel & Accessories,train,895.0,902.174828348707,-7.174828348707024
2024-04-15,NORTH,Apparel & Accessories,train,561.0,568.381198138172,-7.381198138171953
2024-04-22,NORTH,Apparel & Accessories,train,567.0,559.5641738885919,7.435826111408119
2024-04-29,NORTH,Apparel & Accessories,train,523.0,570.8096417696916,-47.80964176969155
2024-05-06,NORTH,Apparel & Accessories,train,519.0,533.6447613017688,-14.644761301768767
2024-05-13,NORTH,Apparel & Accessories,train,522.0,540.2364740903747,-18.236474090374713
2024-05-20,NORTH,Apparel & Accessories,train,537.0,548.7409030017461,-11.74090300174612
2024-05-27,NORTH,Apparel & Accessories,train,563.0,601.1148437368263,-38.11484373682629
2024-06-03,NORTH,Apparel & Accessories,train,633.0,583.1764714245962,49.82352857540377
2024-06-10,NORTH,Apparel & Accessories,train,630.0,641.388913652566,-11.388913652565975
2024-06-17,NORTH,Apparel & Accessories,train,634.0,624.4651316945773,9.53486830542272
2024-06-24,NORTH,Apparel & Accessories,train,620.0,619.6849609619701,0.3150390380299086
2024-07-01,NORTH,Apparel & Accessories,train,628.0,619.7399364920927,8.260063507907262
2024-07-08,NORTH,Apparel & Accessories,train,632.0,622.680630134292,9.31936986570804
2024-07-15,NORTH,Apparel & Accessories,train,631.0,626.1840311543957,4.815968845604289
2024-07-22,NORTH,Apparel & Accessories,train,613.0,623.1041223167172,-10.104122316717167
2024-07-29,NORTH,Apparel & Accessories,train,665.0,610.1826938187263,54.81730618127369
2024-08-05,NORTH,Apparel & Accessories,train,703.0,654.7019564397093,48.298043560290694
2024-08-12,NORTH,Apparel & Accessories,train,629.0,671.7404106537219,-42.74041065372194
2024-08-19,NORTH,Apparel & Accessories,train,610.0,600.0052855221559,9.994714477844127
2024-08-26,NORTH,Apparel & Accessories,train,659.0,685.0910540065018,-26.09105400650185
2024-09-02,NORTH,Apparel & Accessories,train,662.0,626.7858964055127,35.214103594487256
2024-09-09,NORTH,Apparel & Accessories,train,722.0,661.3654793308133,60.63452066918671
2024-09-16,NORTH,Apparel & Accessories,train,753.0,701.5692171525665,51.430782847433534
2024-09-23,NORTH,Apparel & Accessories,train,676.0,703.1614445641826,-27.161444564182602
2024-09-30,NORTH,Apparel & Accessories,train,603.0,640.020852612642,-37.02085261264199
2024-10-07,NORTH,Apparel & Accessories,train,528.0,530.1508177087759,-2.1508177087758895
2024-10-14,NORTH,Apparel & Accessories,train,510.0,553.436692205821,-43.43669220582103
2024-10-21,NORTH,Apparel & Accessories,train,558.0,533.7331324933494,24.266867506650556
2024-10-28,NORTH,Apparel & Accessories,train,557.0,571.4355109624067,-14.435510962406738
2024-11-04,NORTH,Apparel & Accessories,validation,570.0,564.8398889488326,5.160111051167405
2024-11-11,NORTH,Apparel & Accessories,validation,550.0,562.7386919051726,-12.738691905172573
2024-11-18,NORTH,Apparel & Accessories,validation,493.0,567.6342687089249,-74.63426870892488
2024-11-25,NORTH,Apparel & Accessories,validation,579.0,567.6342687089249,11.365731291075122
2024-12-02,NORTH,Apparel & Accessories,validation,557.0,567.6342687089249,-10.634268708924878
2024-12-09,NORTH,Apparel & Accessories,validation,569.0,567.6342687089249,1.3657312910751216
2024-12-16,NORTH,Apparel & Accessories,validation,615.0,567.6342687089249,47.36573129107512
2024-12-23,NORTH,Apparel & Accessories,validation,606.0,567.6342687089249,38.36573129107512
2024-12-30,NORTH,Apparel & Accessories,test,500.0,499.14852655006075,0.8514734499392489
2025-01-06,NORTH,Apparel & Accessories,test,540.0,499.14852655006075,40.85147344993925
2025-01-13,NORTH,Apparel & Accessories,test,502.0,499.14852655006075,2.851473449939249
2025-01-20,NORTH,Apparel & Accessories,test,491.0,499.14852655006075,-8.148526550060751
2025-01-27,NORTH,Apparel & Accessories,test,493.0,499.14852655006075,-6.148526550060751
2025-02-03,NORTH,Apparel & Accessories,test,482.0,499.14852655006075,-17.14852655006075
2025-02-10,NORTH,Apparel & Accessories,test,522.0,499.14852655006075,22.85147344993925
2025-02-17,NORTH,Apparel & Accessories,test,496.0,499.14852655006075,-3.148526550060751
2025-02-24,NORTH,Apparel & Accessories,test,560.0,688.0620592651766,-128.06205926517657
2025-03-03,NORTH,Apparel & Accessories,test,815.0,840.6916329671008,-25.69163296710076
2025-03-10,NORTH,Apparel & Accessories,test,833.0,924.8354645101608,-91.83546451016082
2025-03-17,NORTH,Apparel & Accessories,test,938.0,1008.9792960532209,-70.97929605322088
2025-03-24,NORTH,Apparel & Accessories,test,1050.0,887.397076113453,162.60292388654705
2025-03-31,NORTH,Apparel & Accessories,test,584.0,567.6342687089249,16.36573129107512
2025-04-07,NORTH,Apparel & Accessories,test,538.0,567.6342687089249,-29.63426870892488
2025-04-14,NORTH,Apparel & Accessories,test,511.0,567.6342687089249,-56.63426870892488
2025-04-21,NORTH,Apparel & Accessories,test,543.0,567.6342687089249,-24.63426870892488
2025-04-28,NORTH,Apparel & Accessories,test,522.0,567.6342687089249,-45.63426870892488
2025-05-05,NORTH,Apparel & Accessories,test,509.0,567.6342687089249,-58.63426870892488
2025-05-12,NORTH,Apparel & Accessories,test,525.0,567.6342687089249,-42.63426870892488
2025-05-19,NORTH,Apparel & Accessories,test,529.0,567.6342687089249,-38.63426870892488
2025-05-26,NORTH,Apparel & Accessories,test,556.0,616.265746752185,-60.26574675218501
2025-06-02,NORTH,Apparel & Accessories,test,664.0,616.265746752185,47.73425324781499
2025-06-09,NORTH,Apparel & Accessories,test,622.0,616.265746752185,5.734253247814991
2025-06-16,NORTH,Apparel & Accessories,test,603.0,616.265746752185,-13.26574675218501
2025-06-23,NORTH,Apparel & Accessories,test,635.0,616.265746752185,18.73425324781499
2025-06-30,NORTH,Apparel & Accessories,test,626.0,616.265746752185,9.73425324781499
2025-07-07,NORTH,Apparel & Accessories,test,661.0,616.265746752185,44.73425324781499
2025-07-14,NORTH,Apparel & Accessories,test,657.0,616.265746752185,40.73425324781499
2025-07-21,NORTH,Apparel & Accessories,test,611.0,616.265746752185,-5.265746752185009
2025-07-28,NORTH,Apparel & Accessories,test,664.0,616.265746752185,47.73425324781499
2025-08-04,NORTH,Apparel & Accessories,test,644.0,616.265746752185,27.73425324781499
2025-08-11,NORTH,Apparel & Accessories,test,658.0,616.265746752185,41.73425324781499
2025-08-18,NORTH,Apparel & Accessories,test,623.0,616.265746752185,6.734253247814991
2025-08-25,NORTH,Apparel & Accessories,test,654.0,616.265746752185,37.73425324781499
2025-09-01,NORTH,Apparel & Accessories,test,681.0,643.3215543341018,37.67844566589815
2025-09-08,NORTH,Apparel & Accessories,test,706.0,643.3215543341018,62.67844566589815
2025-09-15,NORTH,Apparel & Accessories,test,691.0,643.3215543341018,47.67844566589815
2025-09-22,NORTH,Apparel & Accessories,test,713.0,643.3215543341018,69.67844566589815
2025-09-29,NORTH,Apparel & Accessories,test,640.0,643.3215543341018,-3.3215543341018474
2025-10-06,NORTH,Apparel & Accessories,test,568.0,567.6342687089249,0.3657312910751216
2025-10-13,NORTH,Apparel & Accessories,test,520.0,567.6342687089249,-47.63426870892488
2025-10-20,NORTH,Apparel & Accessories,test,539.0,567.6342687089249,-28.63426870892488
2025-10-27,NORTH,Apparel & Accessories,test,530.0,567.6342687089249,-37.63426870892488
2025-11-03,NORTH,Apparel & Accessories,test,522.0,567.6342687089249,-45.63426870892488
2025-11-10,NORTH,Apparel & Accessories,test,519.0,567.6342687089249,-48.63426870892488
2025-11-17,NORTH,Apparel & Accessories,test,523.0,567.6342687089249,-44.63426870892488
2025-11-24,NORTH,Apparel & Accessories,test,508.0,567.6342687089249,-59.63426870892488
2025-12-01,NORTH,Apparel & Accessories,test,553.0,567.6342687089249,-14.634268708924878
2025-12-08,NORTH,Apparel & Accessories,test,593.0,567.6342687089249,25.36573129107512
2025-12-15,NORTH,Apparel & Accessories,test,591.0,567.6342687089249,23.36573129107512
2025-12-22,NORTH,Apparel & Accessories,test,557.0,567.6342687089249,-10.634268708924878
2024-01-01,NORTH,Arts & Entertainment,train,410.0,415.75942145065324,-5.759421450653235
2024-01-08,NORTH,Arts & Entertainment,train,423.0,415.75942145065324,7.240578549346765
2024-01-15,NORTH,Arts & Entertainment,train,409.0,415.75942145065324,-6.759421450653235
2024-01-22,NORTH,Arts & Entertainment,train,414.0,415.75942145065324,-1.7594214506532353
2024-01-29,NORTH,Arts & Entertainment,train,447.0,415.75942145065324,31.240578549346765
2024-02-05,NORTH,Arts & Entertainment,train,401.0,415.75942145065324,-14.759421450653235
2024-02-12,NORTH,Arts & Entertainment,train,382.0,415.75942145065324,-33.759421450653235
2024-02-19,NORTH,Arts & Entertainment,train,410.0,415.75942145065324,-5.759421450653235
2024-02-26,NORTH,Arts & Entertainment,train,440.0,415.75942145065324,24.240578549346765
2024-03-04,NORTH,Arts & Entertainment,train,501.0,480.5142304601764,20.485769539823593
2024-03-11,NORTH,Arts & Entertainment,train,673.0,692.894919659252,-19.89491965925197
2024-03-18,NORTH,Arts & Entertainment,train,767.0,747.7883011889903,19.211698811009683
2024-03-25,NORTH,Arts & Entertainment,train,824.0,802.6816827187288,21.31831728127122
2024-04-01,NORTH,Arts & Entertainment,train,837.0,857.5750642484672,-20.575064248467243
2024-04-08,NORTH,Arts & Entertainment,train,762.0,761.9602729502813,0.039727049718749186
2024-04-15,NORTH,Arts & Entertainment,train,447.0,480.5142304601764,-33.51423046017641
2024-04-22,NORTH,Arts & Entertainment,train,439.0,480.5142304601764,-41.51423046017641
2024-04-29,NORTH,Arts & Entertainment,train,487.0,480.5142304601764,6.485769539823593
2024-05-06,NORTH,Arts & Entertainment,train,491.0,480.5142304601764,10.485769539823593
2024-05-13,NORTH,Arts & Entertainment,train,485.0,480.5142304601764,4.485769539823593
2024-05-20,NORTH,Arts & Entertainment,train,437.0,480.5142304601764,-43.51423046017641
2024-05-27,NORTH,Arts & Entertainment,train,501.0,545.2958231953569,-44.29582319535689
2024-06-03,NORTH,Arts & Entertainment,train,492.0,545.2958231953569,-53.29582319535689
2024-06-10,NORTH,Arts & Entertainment,train,582.0,545.2958231953569,36.70417680464311
2024-06-17,NORTH,Arts & Entertainment,train,541.0,545.2958231953569,-4.295823195356888
2024-06-24,NORTH,Arts & Entertainment,train,545.0,545.2958231953569,-0.2958231953568884
2024-07-01,NORTH,Arts & Entertainment,train,583.0,545.2958231953569,37.70417680464311
2024-07-08,NORTH,Arts & Entertainment,train,571.0,545.2958231953569,25.70417680464311
2024-07-15,NORTH,Arts & Entertainment,train,540.0,545.2958231953569,-5.295823195356888
2024-07-22,NORTH,Arts & Entertainment,train,560.0,545.2958231953569,14.704176804643112
2024-07-29,NORTH,Arts & Entertainment,train,595.0,545.2958231953569,49.70417680464311
2024-08-05,NORTH,Arts & Entertainment,train,525.0,545.2958231953569,-20.29582319535689
2024-08-12,NORTH,Arts & Entertainment,train,536.0,545.2958231953569,-9.295823195356888
2024-08-19,NORTH,Arts & Entertainment,train,579.0,545.2958231953569,33.70417680464311
2024-08-26,NORTH,Arts & Entertainment,train,577.0,637.9674280660695,-60.96742806606949
2024-09-02,NORTH,Arts & Entertainment,train,620.0,573.1858353308891,46.81416466911094
2024-09-09,NORTH,Arts & Entertainment,train,596.0,573.1858353308891,22.814164669110937
2024-09-16,NORTH,Arts & Entertainment,train,586.0,573.1858353308891,12.814164669110937
2024-09-23,NORTH,Arts & Entertainment,train,643.0,573.1858353308891,69.81416466911094
2024-09-30,NORTH,Arts & Entertainment,train,482.0,573.1858353308891,-91.18583533088906
2024-10-07,NORTH,Arts & Entertainment,train,482.0,480.5142304601764,1.4857695398235933
2024-10-14,NORTH,Arts & Entertainment,train,501.0,480.5142304601764,20.485769539823593
2024-10-21,NORTH,Arts & Entertainment,train,480.0,480.5142304601764,-0.5142304601764067
2024-10-28,NORTH,Arts & Entertainment,train,474.0,480.5142304601764,-6.514230460176407
2024-11-04,NORTH,Arts & Entertainment,validation,463.0,480.5142304601764,-17.514230460176407
2024-11-11,NORTH,Arts & Entertainment,validation,473.0,480.5142304601764,-7.514230460176407
2024-11-18,NORTH,Arts & Entertainment,validation,476.0,480.5142304601764,-4.514230460176407
2024-11-25,NORTH,Arts & Entertainment,validation,470.0,480.5142304601764,-10.514230460176407
2024-12-02,NORTH,Arts & Entertainment,validation,467.0,480.5142304601764,-13.514230460176407
2024-12-09,NORTH,Arts & Entertainment,validation,525.0,480.5142304601764,44.48576953982359
2024-12-16,NORTH,Arts & Entertainment,validation,551.0,480.5142304601764,70.4857695398236
2024-12-23,NORTH,Arts & Entertainment,validation,486.0,480.5142304601764,5.485769539823593
2024-12-30,NORTH,Arts & Entertainment,test,471.0,415.75942145065324,55.240578549346765
2025-01-06,NORTH,Arts & Entertainment,test,423.0,415.75942145065324,7.240578549346765
2025-01-13,NORTH,Arts & Entertainment,test,424.0,415.75942145065324,8.240578549346765
2025-01-20,NORTH,Arts & Entertainment,test,445.0,415.75942145065324,29.240578549346765
2025-01-27,NORTH,Arts & Entertainment,test,412.0,415.75942145065324,-3.7594214506532353
2025-02-03,NORTH,Arts & Entertainment,test,425.0,415.75942145065324,9.240578549346765
2025-02-10,NORTH,Arts & Entertainment,test,406.0,415.75942145065324,-9.759421450653235
2025-02-17,NORTH,Arts & Entertainment,test,437.0,415.75942145065324,21.240578549346765
2025-02-24,NORTH,Arts & Entertainment,test,467.0,628.1401106497287,-161.14011064972874
2025-03-03,NORTH,Arts & Entertainment,test,676.0,747.7883011889903,-71.78830118899032
2025-03-10,NORTH,Arts & Entertainment,test,772.0,802.6816827187288,-30.68168271872878
2025-03-17,NORTH,Arts & Entertainment,test,755.0,857.5750642484672,-102.57506424846724
2025-03-24,NORTH,Arts & Entertainment,test,880.0,761.9602729502813,118.03972704971875
2025-03-31,NORTH,Arts & Entertainment,test,468.0,480.5142304601764,-12.514230460176407
2025-04-07,NORTH,Arts & Entertainment,test,493.0,480.5142304601764,12.485769539823593
2025-04-14,NORTH,Arts & Entertainment,test,514.0,480.5142304601764,33.48576953982359
2025-04-21,NORTH,Arts & Entertainment,test,466.0,480.5142304601764,-14.514230460176407
2025-04-28,NORTH,Arts & Entertainment,test,475.0,480.5142304601764,-5.514230460176407
2025-05-05,NORTH,Arts & Entertainment,test,456.0,480.5142304601764,-24.514230460176407
2025-05-12,NORTH,Arts & Entertainment,test,443.0,480.5142304601764,-37.51423046017641
2025-05-19,NORTH,Arts & Entertainment,test,470.0,480.5142304601764,-10.514230460176407
2025-05-26,NORTH,Arts & Entertainment,test,481.0,545.2958231953569,-64.29582319535689
2025-06-02,NORTH,Arts & Entertainment,test,560.0,545.2958231953569,14.704176804643112
2025-06-09,NORTH,Arts & Entertainment,test,596.0,545.2958231953569,50.70417680464311
2025-06-16,NORTH,Arts & Entertainment,test,574.0,545.2958231953569,28.70417680464311
2025-06-23,NORTH,Arts & Entertainment,test,595.0,545.2958231953569,49.70417680464311
2025-06-30,NORTH,Arts & Entertainment,test,576.0,545.2958231953569,30.70417680464311
2025-07-07,NORTH,Arts & Entertainment,test,550.0,545.2958231953569,4.704176804643112
2025-07-14,NORTH,Arts & Entertainment,test,559.0,545.2958231953569,13.704176804643112
2025-07-21,NORTH,Arts & Entertainment,test,542.0,545.2958231953569,-3.2958231953568884
2025-07-28,NORTH,Arts & Entertainment,test,593.0,545.2958231953569,47.70417680464311
2025-08-04,NORTH,Arts & Entertainment,test,561.0,545.2958231953569,15.704176804643112
2025-08-11,NORTH,Arts & Entertainment,test,559.0,545.2958231953569,13.704176804643112
2025-08-18,NORTH,Arts & Entertainment,test,601.0,545.2958231953569,55.70417680464311
2025-08-25,NORTH,Arts & Entertainment,test,578.0,545.2958231953569,32.70417680464311
2025-09-01,NORTH,Arts & Entertainment,test,630.0,573.1858353308891,56.81416466911094
2025-09-08,NORTH,Arts & Entertainment,test,608.0,573.1858353308891,34.81416466911094
2025-09-15,NORTH,Arts & Entertainment,test,575.0,573.1858353308891,1.8141646691109372
2025-09-22,NORTH,Arts & Entertainment,test,624.0,573.1858353308891,50.81416466911094
2025-09-29,NORTH,Arts & Entertainment,test,506.0,573.1858353308891,-67.18583533088906
2025-10-06,NORTH,Arts & Entertainment,test,486.0,480.5142304601764,5.485769539823593
2025-10-13,NORTH,Arts & Entertainment,test,473.0,480.5142304601764,-7.514230460176407
2025-10-20,NORTH,Arts & Entertainment,test,434.0,480.5142304601764,-46.51423046017641
2025-10-27,NORTH,Arts & Entertainment,test,466.0,480.5142304601764,-14.514230460176407
2025-11-03,NORTH,Arts & Entertainment,test,479.0,480.5142304601764,-1.5142304601764067
2025-11-10,NORTH,Arts & Entertainment,test,460.0,480.5142304601764,-20.514230460176407
2025-11-17,NORTH,Arts & Entertainment,test,470.0,480.5142304601764,-10.514230460176407
2025-11-24,NORTH,Arts & Entertainment,test,470.0,480.5142304601764,-10.514230460176407
2025-12-01,NORTH,Arts & Entertainment,test,522.0,480.5142304601764,41.48576953982359
2025-12-08,NORTH,Arts & Entertainment,test,531.0,480.5142304601764,50.48576953982359
2025-12-15,NORTH,Arts & Entertainment,test,546.0,480.5142304601764,65.4857695398236
2025-12-22,NORTH,Arts & Entertainment,test,488.0,480.5142304601764,7.485769539823593
2024-01-01,NORTH,Baby & Toddler,train,269.0,238.87451223269682,30.125487767303184
2024-01-08,NORTH,Baby & Toddler,train,214.0,238.87451223269682,-24.874512232696816
2024-01-15,NORTH,Baby & Toddler,train,248.0,238.87451223269682,9.125487767303184
2024-01-22,NORTH,Baby & Toddler,train,239.0,238.87451223269682,0.12548776730318423
2024-01-29,NORTH,Baby & Toddler,train,227.0,238.87451223269682,-11.874512232696816
2024-02-05,NORTH,Baby & Toddler,train,248.0,238.87451223269682,9.125487767303184
2024-02-12,NORTH,Baby & Toddler,train,218.0,238.87451223269682,-20.874512232696816
2024-02-19,NORTH,Baby & Toddler,train,247.0,238.87451223269682,8.125487767303184
2024-02-26,NORTH,Baby & Toddler,train,270.0,238.87451223269682,31.125487767303184
2024-03-04,NORTH,Baby & Toddler,train,267.0,275.6832912504971,-8.68329125049712
2024-03-11,NORTH,Baby & Toddler,train,412.0,398.0260689536406,13.973931046359382
2024-03-18,NORTH,Baby & Toddler,train,402.0,416.0178635883847,-14.017863588384728
2024-03-25,NORTH,Baby & Toddler,train,420.0,434.00965822312884,-14.009658223128838
2024-04-01,NORTH,Baby & Toddler,train,466.0,452.00145285787295,13.998547142127052
2024-04-08,NORTH,Baby & Toddler,train,447.0,446.96015124286197,0.03984875713803149
2024-04-15,NORTH,Baby & Toddler,train,251.0,275.6832912504971,-24.68329125049712
2024-04-22,NORTH,Baby & Toddler,train,263.0,275.6832912504971,-12.68329125049712
2024-04-29,NORTH,Baby & Toddler,train,271.0,275.6832912504971,-4.6832912504971205
2024-05-06,NORTH,Baby & Toddler,train,251.0,275.6832912504971,-24.68329125049712
2024-05-13,NORTH,Baby & Toddler,train,295.0,275.6832912504971,19.31670874950288
2024-05-20,NORTH,Baby & Toddler,train,280.0,275.6832912504971,4.3167087495028795
2024-05-27,NORTH,Baby & Toddler,train,301.0,311.7282656266457,-10.72826562664568
2024-06-03,NORTH,Baby & Toddler,train,293.0,311.7282656266457,-18.72826562664568
2024-06-10,NORTH,Baby & Toddler,train,321.0,311.7282656266457,9.27173437335432
2024-06-17,NORTH,Baby & Toddler,train,340.0,311.7282656266457,28.27173437335432
2024-06-24,NORTH,Baby & Toddler,train,324.0,311.7282656266457,12.27173437335432
2024-07-01,NORTH,Baby & Toddler,train,346.0,311.7282656266457,34.27173437335432
2024-07-08,NORTH,Baby & Toddler,train,296.0,311.7282656266457,-15.72826562664568
2024-07-15,NORTH,Baby & Toddler,train,315.0,311.7282656266457,3.2717343733543203
2024-07-22,NORTH,Baby & Toddler,train,307.0,311.7282656266457,-4.72826562664568
2024-07-29,NORTH,Baby & Toddler,train,291.0,311.7282656266457,-20.72826562664568
2024-08-05,NORTH,Baby & Toddler,train,320.0,311.7282656266457,8.27173437335432
2024-08-12,NORTH,Baby & Toddler,train,342.0,311.7282656266457,30.27173437335432
2024-08-19,NORTH,Baby & Toddler,train,283.0,311.7282656266457,-28.72826562664568
2024-08-26,NORTH,Baby & Toddler,train,330.0,356.53747692533284,-26.53747692533284
2024-09-02,NORTH,Baby & Toddler,train,328.0,320.4925025491842,7.507497450815777
2024-09-09,NORTH,Baby & Toddler,train,327.0,320.4925025491842,6.507497450815777
2024-09-16,NORTH,Baby & Toddler,train,355.0,320.4925025491842,34.50749745081578
2024-09-23,NORTH,Baby & Toddler,train,349.0,320.4925025491842,28.507497450815777
2024-09-30,NORTH,Baby & Toddler,train,270.0,320.4925025491842,-50.49250254918422
2024-10-07,NORTH,Baby & Toddler,train,266.0,275.6832912504971,-9.68329125049712
2024-10-14,NORTH,Baby & Toddler,train,280.0,275.6832912504971,4.3167087495028795
2024-10-21,NORTH,Baby & Toddler,train,301.0,275.6832912504971,25.31670874950288
2024-10-28,NORTH,Baby & Toddler,train,281.0,275.6832912504971,5.3167087495028795
2024-11-04,NORTH,Baby & Toddler,validation,269.0,275.6832912504971,-6.6832912504971205
2024-11-11,NORTH,Baby & Toddler,validation,262.0,275.6832912504971,-13.68329125049712
2024-11-18,NORTH,Baby & Toddler,validation,257.0,275.6832912504971,-18.68329125049712
2024-11-25,NORTH,Baby & Toddler,validation,285.0,275.6832912504971,9.31670874950288
2024-12-02,NORTH,Baby & Toddler,validation,272.0,275.6832912504971,-3.6832912504971205
2024-12-09,NORTH,Baby & Toddler,validation,283.0,275.6832912504971,7.3167087495028795
2024-12-16,NORTH,Baby & Toddler,validation,265.0,275.6832912504971,-10.68329125049712
2024-12-23,NORTH,Baby & Toddler,validation,287.0,275.6832912504971,11.31670874950288
2024-12-30,NORTH,Baby & Toddler,test,266.0,238.87451223269682,27.125487767303184
2025-01-06,NORTH,Baby & Toddler,test,246.0,238.87451223269682,7.125487767303184
2025-01-13,NORTH,Baby & Toddler,test,235.0,238.87451223269682,-3.8745122326968158
2025-01-20,NORTH,Baby & Toddler,test,254.0,238.87451223269682,15.125487767303184
2025-01-27,NORTH,Baby & Toddler,test,227.0,238.87451223269682,-11.874512232696816
2025-02-03,NORTH,Baby & Toddler,test,252.0,238.87451223269682,13.125487767303184
2025-02-10,NORTH,Baby & Toddler,test,255.0,238.87451223269682,16.125487767303184
2025-02-17,NORTH,Baby & Toddler,test,236.0,238.87451223269682,-2.8745122326968158
2025-02-24,NORTH,Baby & Toddler,test,296.0,361.2172899358403,-65.21728993584031
2025-03-03,NORTH,Baby & Toddler,test,403.0,416.0178635883847,-13.017863588384728
2025-03-10,NORTH,Baby & Toddler,test,424.0,434.00965822312884,-10.009658223128838
2025-03-17,NORTH,Baby & Toddler,test,449.0,452.00145285787295,-3.0014528578729482
2025-03-24,NORTH,Baby & Toddler,test,555.0,446.96015124286197,108.03984875713803
2025-03-31,NORTH,Baby & Toddler,test,262.0,275.6832912504971,-13.68329125049712
2025-04-07,NORTH,Baby & Toddler,test,277.0,275.6832912504971,1.3167087495028795
2025-04-14,NORTH,Baby & Toddler,test,271.0,275.6832912504971,-4.6832912504971205
2025-04-21,NORTH,Baby & Toddler,test,249.0,275.6832912504971,-26.68329125049712
2025-04-28,NORTH,Baby & Toddler,test,268.0,275.6832912504971,-7.6832912504971205
2025-05-05,NORTH,Baby & Toddler,test,258.0,275.6832912504971,-17.68329125049712
2025-05-12,NORTH,Baby & Toddler,test,229.0,275.6832912504971,-46.68329125049712
2025-05-19,NORTH,Baby & Toddler,test,239.0,275.6832912504971,-36.68329125049712
2025-05-26,NORTH,Baby & Toddler,test,251.0,311.7282656266457,-60.72826562664568
2025-06-02,NORTH,Baby & Toddler,test,310.0,311.7282656266457,-1.7282656266456797
2025-06-09,NORTH,Baby & Toddler,test,329.0,311.7282656266457,17.27173437335432
2025-06-16,NORTH,Baby & Toddler,test,302.0,311.7282656266457,-9.72826562664568
2025-06-23,NORTH,Baby & Toddler,test,308.0,311.7282656266457,-3.7282656266456797
2025-06-30,NORTH,Baby & Toddler,test,317.0,311.7282656266457,5.27173437335432
2025-07-07,NORTH,Baby & Toddler,test,334.0,311.7282656266457,22.27173437335432
2025-07-14,NORTH,Baby & Toddler,test,304.0,311.7282656266457,-7.72826562664568
2025-07-21,NORTH,Baby & Toddler,test,330.0,311.7282656266457,18.27173437335432
2025-07-28,NORTH,Baby & Toddler,test,313.0,311.7282656266457,1.2717343733543203
2025-08-04,NORTH,Baby & Toddler,test,313.0,311.7282656266457,1.2717343733543203
2025-08-11,NORTH,Baby & Toddler,test,324.0,311.7282656266457,12.27173437335432
2025-08-18,NORTH,Baby & Toddler,test,297.0,311.7282656266457,-14.72826562664568
2025-08-25,NORTH,Baby & Toddler,test,315.0,311.7282656266457,3.2717343733543203
2025-09-01,NORTH,Baby & Toddler,test,360.0,320.4925025491842,39.50749745081578
2025-09-08,NORTH,Baby & Toddler,test,349.0,320.4925025491842,28.507497450815777
2025-09-15,NORTH,Baby & Toddler,test,317.0,320.4925025491842,-3.4925025491842234
2025-09-22,NORTH,Baby & Toddler,test,325.0,320.4925025491842,4.507497450815777
2025-09-29,NORTH,Baby & Toddler,test,311.0,320.4925025491842,-9.492502549184223
2025-10-06,NORTH,Baby & Toddler,test,268.0,275.6832912504971,-7.6832912504971205
2025-10-13,NORTH,Baby & Toddler,test,266.0,275.6832912504971,-9.68329125049712
2025-10-20,NORTH,Baby & Toddler,test,268.0,275.6832912504971,-7.6832912504971205
2025-10-27,NORTH,Baby & Toddler,test,246.0,275.6832912504971,-29.68329125049712
2025-11-03,NORTH,Baby & Toddler,test,279.0,275.6832912504971,3.3167087495028795
2025-11-10,NORTH,Baby & Toddler,test,262.0,275.6832912504971,-13.68329125049712
2025-11-17,NORTH,Baby & Toddler,test,261.0,275.6832912504971,-14.68329125049712
2025-11-24,NORTH,Baby & Toddler,test,267.0,275.6832912504971,-8.68329125049712
2025-12-01,NORTH,Baby & Toddler,test,269.0,275.6832912504971,-6.6832912504971205
2025-12-08,NORTH,Baby & Toddler,test,311.0,275.6832912504971,35.31670874950288
2025-12-15,NORTH,Baby & Toddler,test,285.0,275.6832912504971,9.31670874950288
2025-12-22,NORTH,Baby & Toddler,test,268.0,275.6832912504971,-7.6832912504971205
2024-01-01,NORTH,Business & Industrial,train,156.0,162.37606458254257,-6.376064582542568
2024-01-08,NORTH,Business & Industrial,train,172.0,162.37606458254257,9.623935417457432
2024-01-15,NORTH,Business & Industrial,train,175.0,162.37606458254257,12.623935417457432
2024-01-22,NORTH,Business & Industrial,train,131.0,162.37606458254257,-31.37606458254257
2024-01-29,NORTH,Business & Industrial,train,179.0,162.37606458254257,16.62393541745743
2024-02-05,NORTH,Business & Industrial,train,148.0,162.37606458254257,-14.376064582542568
2024-02-12,NORTH,Business & Industrial,train,134.0,162.37606458254257,-28.37606458254257
2024-02-19,NORTH,Business & Industrial,train,165.0,162.37606458254257,2.6239354174574316
2024-02-26,NORTH,Business & Industrial,train,195.0,162.37606458254257,32.62393541745743
2024-03-04,NORTH,Business & Industrial,train,188.0,183.25794346717495,4.742056532825046
2024-03-11,NORTH,Business & Industrial,train,271.0,273.5894209765604,-2.5894209765604046
2024-03-18,NORTH,Business & Industrial,train,299.0,290.1916157478315,8.80838425216848
2024-03-25,NORTH,Business & Industrial,train,297.0,306.7938105191027,-9.793810519102692
2024-04-01,NORTH,Business & Industrial,train,327.0,323.3960052903738,3.6039947096261926
2024-04-08,NORTH,Business & Industrial,train,306.0,306.009362583217,-0.009362583217011888
2024-04-15,NORTH,Business & Industrial,train,188.0,183.25794346717495,4.742056532825046
2024-04-22,NORTH,Business & Industrial,train,192.0,183.25794346717495,8.742056532825046
2024-04-29,NORTH,Business & Industrial,train,175.0,183.25794346717495,-8.257943467174954
2024-05-06,NORTH,Business & Industrial,train,168.0,183.25794346717495,-15.257943467174954
2024-05-13,NORTH,Business & Industrial,train,183.0,183.25794346717495,-0.25794346717495387
2024-05-20,NORTH,Business & Industrial,train,185.0,183.25794346717495,1.7420565328250461
2024-05-27,NORTH,Business & Industrial,train,198.0,202.86321593652394,-4.863215936523943
2024-06-03,NORTH,Business & Industrial,train,213.0,202.86321593652394,10.136784063476057
2024-06-10,NORTH,Business & Industrial,train,199.0,202.86321593652394,-3.863215936523943
2024-06-17,NORTH,Business & Industrial,train,218.0,202.86321593652394,15.136784063476057
2024-06-24,NORTH,Business & Industrial,train,208.0,202.86321593652394,5.136784063476057
2024-07-01,NORTH,Business & Industrial,train,214.0,202.86321593652394,11.136784063476057
2024-07-08,NORTH,Business & Industrial,train,193.0,202.86321593652394,-9.863215936523943
2024-07-15,NORTH,Business & Industrial,train,210.0,202.86321593652394,7.136784063476057
2024-07-22,NORTH,Business & Industrial,train,212.0,202.86321593652394,9.136784063476057
2024-07-29,NORTH,Business & Industrial,train,175.0,202.86321593652394,-27.863215936523943
2024-08-05,NORTH,Business & Industrial,train,222.0,202.86321593652394,19.136784063476057
2024-08-12,NORTH,Business & Industrial,train,233.0,202.86321593652394,30.136784063476057
2024-08-19,NORTH,Business & Industrial,train,187.0,202.86321593652394,-15.863215936523943
2024-08-26,NORTH,Business & Industrial,train,195.0,239.83288790523082,-44.83288790523082
2024-09-02,NORTH,Business & Industrial,train,237.0,220.22761543588183,16.77238456411817
2024-09-09,NORTH,Business & Industrial,train,248.0,220.22761543588183,27.77238456411817
2024-09-16,NORTH,Business & Industrial,train,233.0,220.22761543588183,12.77238456411817
2024-09-23,NORTH,Business & Industrial,train,227.0,220.22761543588183,6.77238456411817
2024-09-30,NORTH,Business & Industrial,train,201.0,220.22761543588183,-19.22761543588183
2024-10-07,NORTH,Business & Industrial,train,166.0,183.25794346717495,-17.257943467174954
2024-10-14,NORTH,Business & Industrial,train,164.0,183.25794346717495,-19.257943467174954
2024-10-21,NORTH,Business & Industrial,train,183.0,183.25794346717495,-0.25794346717495387
2024-10-28,NORTH,Business & Industrial,train,179.0,183.25794346717495,-4.257943467174954
2024-11-04,NORTH,Business & Industrial,validation,185.0,183.25794346717495,1.7420565328250461
2024-11-11,NORTH,Business & Industrial,validation,196.0,183.25794346717495,12.742056532825046
2024-11-18,NORTH,Business & Industrial,validation,181.0,183.25794346717495,-2.257943467174954
2024-11-25,NORTH,Business & Industrial,validation,142.0,183.25794346717495,-41.257943467174954
2024-12-02,NORTH,Business & Industrial,validation,178.0,183.25794346717495,-5.257943467174954
2024-12-09,NORTH,Business & Industrial,validation,194.0,183.25794346717495,10.742056532825046
2024-12-16,NORTH,Business & Industrial,validation,212.0,183.25794346717495,28.742056532825046
2024-12-23,NORTH,Business & Industrial,validation,212.0,183.25794346717495,28.742056532825046
2024-12-30,NORTH,Business & Industrial,test,176.0,162.37606458254257,13.623935417457432
2025-01-06,NORTH,Business & Industrial,test,150.0,162.37606458254257,-12.376064582542568
2025-01-13,NORTH,Business & Industrial,test,170.0,162.37606458254257,7.623935417457432
2025-01-20,NORTH,Business & Industrial,test,171.0,162.37606458254257,8.623935417457432
2025-01-27,NORTH,Business & Industrial,test,189.0,162.37606458254257,26.62393541745743
2025-02-03,NORTH,Business & Industrial,test,167.0,162.37606458254257,4.623935417457432
2025-02-10,NORTH,Business & Industrial,test,159.0,162.37606458254257,-3.3760645825425684
2025-02-17,NORTH,Business & Industrial,test,165.0,162.37606458254257,2.6239354174574316
2025-02-24,NORTH,Business & Industrial,test,177.0,252.70754209192805,-75.70754209192805
2025-03-03,NORTH,Business & Industrial,test,260.0,290.1916157478315,-30.19161574783152
2025-03-10,NORTH,Business & Industrial,test,301.0,306.7938105191027,-5.793810519102692
2025-03-17,NORTH,Business & Industrial,test,305.0,323.3960052903738,-18.396005290373807
2025-03-24,NORTH,Business & Industrial,test,336.0,306.009362583217,29.990637416782988
2025-03-31,NORTH,Business & Industrial,test,183.0,183.25794346717495,-0.25794346717495387
2025-04-07,NORTH,Business & Industrial,test,191.0,183.25794346717495,7.742056532825046
2025-04-14,NORTH,Business & Industrial,test,177.0,183.25794346717495,-6.257943467174954
2025-04-21,NORTH,Business & Industrial,test,146.0,183.25794346717495,-37.257943467174954
2025-04-28,NORTH,Business & Industrial,test,181.0,183.25794346717495,-2.257943467174954
2025-05-05,NORTH,Business & Industrial,test,194.0,183.25794346717495,10.742056532825046
2025-05-12,NORTH,Business & Industrial,test,177.0,183.25794346717495,-6.257943467174954
2025-05-19,NORTH,Business & Industrial,test,195.0,183.25794346717495,11.742056532825046
2025-05-26,NORTH,Business & Industrial,test,176.0,202.86321593652394,-26.863215936523943
2025-06-02,NORTH,Business & Industrial,test,230.0,202.86321593652394,27.136784063476057
2025-06-09,NORTH,Business & Industrial,test,193.0,202.86321593652394,-9.863215936523943
2025-06-16,NORTH,Business & Industrial,test,187.0,202.86321593652394,-15.863215936523943
2025-06-23,NORTH,Business & Industrial,test,242.0,202.86321593652394,39.13678406347606
2025-06-30,NORTH,Business & Industrial,test,221.0,202.86321593652394,18.136784063476057
2025-07-07,NORTH,Business & Industrial,test,215.0,202.86321593652394,12.136784063476057
2025-07-14,NORTH,Business & Industrial,test,191.0,202.86321593652394,-11.863215936523943
2025-07-21,NORTH,Business & Industrial,test,243.0,202.86321593652394,40.13678406347606
2025-07-28,NORTH,Business & Industrial,test,216.0,202.86321593652394,13.136784063476057
2025-08-04,NORTH,Business & Industrial,test,222.0,202.86321593652394,19.136784063476057
2025-08-11,NORTH,Business & Industrial,test,207.0,202.86321593652394,4.136784063476057
2025-08-18,NORTH,Business & Industrial,test,223.0,202.86321593652394,20.136784063476057
2025-08-25,NORTH,Business & Industrial,test,229.0,202.86321593652394,26.136784063476057
2025-09-01,NORTH,Business & Industrial,test,242.0,220.22761543588183,21.77238456411817
2025-09-08,NORTH,Business & Industrial,test,227.0,220.22761543588183,6.77238456411817
2025-09-15,NORTH,Business & Industrial,test,226.0,220.22761543588183,5.77238456411817
2025-09-22,NORTH,Business & Industrial,test,251.0,220.22761543588183,30.77238456411817
2025-09-29,NORTH,Business & Industrial,test,199.0,220.22761543588183,-21.22761543588183
2025-10-06,NORTH,Business & Industrial,test,179.0,183.25794346717495,-4.257943467174954
2025-10-13,NORTH,Business & Industrial,test,177.0,183.25794346717495,-6.257943467174954
2025-10-20,NORTH,Business & Industrial,test,176.0,183.25794346717495,-7.257943467174954
2025-10-27,NORTH,Business & Industrial,test,186.0,183.25794346717495,2.742056532825046
2025-11-03,NORTH,Business & Industrial,test,179.0,183.25794346717495,-4.257943467174954
2025-11-10,NORTH,Business & Industrial,test,183.0,183.25794346717495,-0.25794346717495387
2025-11-17,NORTH,Business & Industrial,test,192.0,183.25794346717495,8.742056532825046
2025-11-24,NORTH,Business & Industrial,test,155.0,183.25794346717495,-28.257943467174954
2025-12-01,NORTH,Business & Industrial,test,203.0,183.25794346717495,19.742056532825046
2025-12-08,NORTH,Business & Industrial,test,212.0,183.25794346717495,28.742056532825046
2025-12-15,NORTH,Business & Industrial,test,185.0,183.25794346717495,1.7420565328250461
2025-12-22,NORTH,Business & Industrial,test,213.0,183.25794346717495,29.742056532825046
2024-01-01,NORTH,Cameras & Optics,train,41.0,46.500013108501776,-5.500013108501776
2024-01-08,NORTH,Cameras & Optics,train,58.0,46.500013108501776,11.499986891498224
2024-01-15,NORTH,Cameras & Optics,train,50.0,46.500013108501776,3.4999868914982244
2024-01-22,NORTH,Cameras & Optics,train,42.0,46.500013108501776,-4.500013108501776
2024-01-29,NORTH,Cameras & Optics,train,36.0,46.500013108501776,-10.500013108501776
2024-02-05,NORTH,Cameras & Optics,train,47.0,46.500013108501776,0.4999868914982244
2024-02-12,NORTH,Cameras & Optics,train,44.0,46.500013108501776,-2.5000131085017756
2024-02-19,NORTH,Cameras & Optics,train,42.0,46.500013108501776,-4.500013108501776
2024-02-26,NORTH,Cameras & Optics,train,53.0,46.500013108501776,6.499986891498224
2024-03-04,NORTH,Cameras & Optics,train,59.0,51.444280867090974,7.555719132909026
2024-03-11,NORTH,Cameras & Optics,train,75.0,71.49292688903162,3.5070731109683777
2024-03-18,NORTH,Cameras & Optics,train,69.0,77.49510652854013,-8.495106528540134
2024-03-25,NORTH,Cameras & Optics,train,90.0,83.49728616804865,6.502713831951354
2024-04-01,NORTH,Cameras & Optics,train,88.0,89.49946580755716,-1.4994658075571579
2024-04-08,NORTH,Cameras & Optics,train,83.0,83.0114888922893,-0.011488892289293062
2024-04-15,NORTH,Cameras & Optics,train,50.0,51.444280867090974,-1.4442808670909741
2024-04-22,NORTH,Cameras & Optics,train,42.0,51.444280867090974,-9.444280867090974
2024-04-29,NORTH,Cameras & Optics,train,43.0,51.444280867090974,-8.444280867090974
2024-05-06,NORTH,Cameras & Optics,train,51.0,51.444280867090974,-0.44428086709097414
2024-05-13,NORTH,Cameras & Optics,train,56.0,51.444280867090974,4.555719132909026
2024-05-20,NORTH,Cameras & Optics,train,62.0,51.444280867090974,10.555719132909026
2024-05-27,NORTH,Cameras & Optics,train,63.0,62.70149393768988,0.29850606231011767
2024-06-03,NORTH,Cameras & Optics,train,53.0,62.70149393768988,-9.701493937689882
2024-06-10,NORTH,Cameras & Optics,train,61.0,62.70149393768988,-1.7014939376898823
2024-06-17,NORTH,Cameras & Optics,train,54.0,62.70149393768988,-8.701493937689882
2024-06-24,NORTH,Cameras & Optics,train,67.0,62.70149393768988,4.298506062310118
2024-07-01,NORTH,Cameras & Optics,train,55.0,62.70149393768988,-7.701493937689882
2024-07-08,NORTH,Cameras & Optics,train,74.0,62.70149393768988,11.298506062310118
2024-07-15,NORTH,Cameras & Optics,train,65.0,62.70149393768988,2.2985060623101177
2024-07-22,NORTH,Cameras & Optics,train,67.0,62.70149393768988,4.298506062310118
2024-07-29,NORTH,Cameras & Optics,train,68.0,62.70149393768988,5.298506062310118
2024-08-05,NORTH,Cameras & Optics,train,51.0,62.70149393768988,-11.701493937689882
2024-08-12,NORTH,Cameras & Optics,train,63.0,62.70149393768988,0.29850606231011767
2024-08-19,NORTH,Cameras & Optics,train,68.0,62.70149393768988,5.298506062310118
2024-08-26,NORTH,Cameras & Optics,train,79.0,72.88060438476806,6.119395615231937
2024-09-02,NORTH,Cameras & Optics,train,58.0,61.62339131416915,-3.6233913141691474
2024-09-09,NORTH,Cameras & Optics,train,64.0,61.62339131416915,2.3766086858308526
2024-09-16,NORTH,Cameras & Optics,train,63.0,61.62339131416915,1.3766086858308526
2024-09-23,NORTH,Cameras & Optics,train,65.0,61.62339131416915,3.3766086858308526
2024-09-30,NORTH,Cameras & Optics,train,52.0,61.62339131416915,-9.623391314169147
2024-10-07,NORTH,Cameras & Optics,train,52.0,51.444280867090974,0.5557191329090259
2024-10-14,NORTH,Cameras & Optics,train,57.0,51.444280867090974,5.555719132909026
2024-10-21,NORTH,Cameras & Optics,train,53.0,51.444280867090974,1.5557191329090259
2024-10-28,NORTH,Cameras & Optics,train,47.0,51.444280867090974,-4.444280867090974
2024-11-04,NORTH,Cameras & Optics,validation,45.0,51.444280867090974,-6.444280867090974
2024-11-11,NORTH,Cameras & Optics,validation,60.0,51.444280867090974,8.555719132909026
2024-11-18,NORTH,Cameras & Optics,validation,56.0,51.444280867090974,4.555719132909026
2024-11-25,NORTH,Cameras & Optics,validation,49.0,51.444280867090974,-2.444280867090974
2024-12-02,NORTH,Cameras & Optics,validation,72.0,51.444280867090974,20.555719132909026
2024-12-09,NORTH,Cameras & Optics,validation,47.0,51.444280867090974,-4.444280867090974
2024-12-16,NORTH,Cameras & Optics,validation,60.0,51.444280867090974,8.555719132909026
2024-12-23,NORTH,Cameras & Optics,validation,50.0,51.444280867090974,-1.4442808670909741
2024-12-30,NORTH,Cameras & Optics,test,38.0,46.500013108501776,-8.500013108501776
2025-01-06,NORTH,Cameras & Optics,test,38.0,46.500013108501776,-8.500013108501776
2025-01-13,NORTH,Cameras & Optics,test,40.0,46.500013108501776,-6.500013108501776
2025-01-20,NORTH,Cameras & Optics,test,48.0,46.500013108501776,1.4999868914982244
2025-01-27,NORTH,Cameras & Optics,test,42.0,46.500013108501776,-4.500013108501776
2025-02-03,NORTH,Cameras & Optics,test,53.0,46.500013108501776,6.499986891498224
2025-02-10,NORTH,Cameras & Optics,test,41.0,46.500013108501776,-5.500013108501776
2025-02-17,NORTH,Cameras & Optics,test,49.0,46.500013108501776,2.4999868914982244
2025-02-24,NORTH,Cameras & Optics,test,54.0,66.54865913044242,-12.548659130442417
2025-03-03,NORTH,Cameras & Optics,test,72.0,77.49510652854013,-5.495106528540134
2025-03-10,NORTH,Cameras & Optics,test,78.0,83.49728616804865,-5.497286168048646
2025-03-17,NORTH,Cameras & Optics,test,81.0,89.49946580755716,-8.499465807557158
2025-03-24,NORTH,Cameras & Optics,test,104.0,83.0114888922893,20.988511107710707
2025-03-31,NORTH,Cameras & Optics,test,65.0,51.444280867090974,13.555719132909026
2025-04-07,NORTH,Cameras & Optics,test,45.0,51.444280867090974,-6.444280867090974
2025-04-14,NORTH,Cameras & Optics,test,54.0,51.444280867090974,2.555719132909026
2025-04-21,NORTH,Cameras & Optics,test,49.0,51.444280867090974,-2.444280867090974
2025-04-28,NORTH,Cameras & Optics,test,56.0,51.444280867090974,4.555719132909026
2025-05-05,NORTH,Cameras & Optics,test,55.0,51.444280867090974,3.555719132909026
2025-05-12,NORTH,Cameras & Optics,test,40.0,51.444280867090974,-11.444280867090974
2025-05-19,NORTH,Cameras & Optics,test,52.0,51.444280867090974,0.5557191329090259
2025-05-26,NORTH,Cameras & Optics,test,50.0,62.70149393768988,-12.701493937689882
2025-06-02,NORTH,Cameras & Optics,test,70.0,62.70149393768988,7.298506062310118
2025-06-09,NORTH,Cameras & Optics,test,54.0,62.70149393768988,-8.701493937689882
2025-06-16,NORTH,Cameras & Optics,test,57.0,62.70149393768988,-5.701493937689882
2025-06-23,NORTH,Cameras & Optics,test,51.0,62.70149393768988,-11.701493937689882
2025-06-30,NORTH,Cameras & Optics,test,60.0,62.70149393768988,-2.7014939376898823
2025-07-07,NORTH,Cameras & Optics,test,60.0,62.70149393768988,-2.7014939376898823
2025-07-14,NORTH,Cameras & Optics,test,58.0,62.70149393768988,-4.701493937689882
2025-07-21,NORTH,Cameras & Optics,test,67.0,62.70149393768988,4.298506062310118
2025-07-28,NORTH,Cameras & Optics,test,63.0,62.70149393768988,0.29850606231011767
2025-08-04,NORTH,Cameras & Optics,test,69.0,62.70149393768988,6.298506062310118
2025-08-11,NORTH,Cameras & Optics,test,54.0,62.70149393768988,-8.701493937689882
2025-08-18,NORTH,Cameras & Optics,test,57.0,62.70149393768988,-5.701493937689882
2025-08-25,NORTH,Cameras & Optics,test,59.0,62.70149393768988,-3.7014939376898823
2025-09-01,NORTH,Cameras & Optics,test,45.0,61.62339131416915,-16.623391314169147
2025-09-08,NORTH,Cameras & Optics,test,59.0,61.62339131416915,-2.6233913141691474
2025-09-15,NORTH,Cameras & Optics,test,61.0,61.62339131416915,-0.6233913141691474
2025-09-22,NORTH,Cameras & Optics,test,61.0,61.62339131416915,-0.6233913141691474
2025-09-29,NORTH,Cameras & Optics,test,50.0,61.62339131416915,-11.623391314169147
2025-10-06,NORTH,Cameras & Optics,test,45.0,51.444280867090974,-6.444280867090974
2025-10-13,NORTH,Cameras & Optics,test,40.0,51.444280867090974,-11.444280867090974
2025-10-20,NORTH,Cameras & Optics,test,53.0,51.444280867090974,1.5557191329090259
2025-10-27,NORTH,Cameras & Optics,test,52.0,51.444280867090974,0.5557191329090259
2025-11-03,NORTH,Cameras & Optics,test,59.0,51.444280867090974,7.555719132909026
2025-11-10,NORTH,Cameras & Optics,test,49.0,51.444280867090974,-2.444280867090974
2025-11-17,NORTH,Cameras & Optics,test,34.0,51.444280867090974,-17.444280867090974
2025-11-24,NORTH,Cameras & Optics,test,47.0,51.444280867090974,-4.444280867090974
2025-12-01,NORTH,Cameras & Optics,test,61.0,51.444280867090974,9.555719132909026
2025-12-08,NORTH,Cameras & Optics,test,72.0,51.444280867090974,20.555719132909026
2025-12-15,NORTH,Cameras & Optics,test,54.0,51.444280867090974,2.555719132909026
2025-12-22,NORTH,Cameras & Optics,test,65.0,51.444280867090974,13.555719132909026
2024-01-01,NORTH,Electronics,train,285.0,294.75291755776306,-9.752917557763055
2024-01-08,NORTH,Electronics,train,308.0,294.75291755776306,13.247082442236945
2024-01-15,NORTH,Electronics,train,298.0,294.75291755776306,3.2470824422369446
2024-01-22,NORTH,Electronics,train,307.0,294.75291755776306,12.247082442236945
2024-01-29,NORTH,Electronics,train,295.0,294.75291755776306,0.24708244223694464
2024-02-05,NORTH,Electronics,train,284.0,294.75291755776306,-10.752917557763055
2024-02-12,NORTH,Electronics,train,288.0,294.75291755776306,-6.752917557763055
2024-02-19,NORTH,Electronics,train,273.0,294.75291755776306,-21.752917557763055
2024-02-26,NORTH,Electronics,train,305.0,294.75291755776306,10.247082442236945
2024-03-04,NORTH,Electronics,train,343.0,336.9777910660512,6.022208933948775
2024-03-11,NORTH,Electronics,train,513.0,504.98874337078155,8.011256629218451
2024-03-18,NORTH,Electronics,train,528.0,538.9920688542819,-10.99206885428191
2024-03-25,NORTH,Electronics,train,571.0,572.9953943377823,-1.9953943377822725
2024-04-01,NORTH,Electronics,train,612.0,606.9987198212826,5.001280178717366
2024-04-08,NORTH,Electronics,train,516.0,516.0175577552669,-0.01755775526692105
2024-04-15,NORTH,Electronics,train,310.0,336.9777910660512,-26.977791066051225
2024-04-22,NORTH,Electronics,train,338.0,336.9777910660512,1.0222089339487752
2024-04-29,NORTH,Electronics,train,342.0,336.9777910660512,5.022208933948775
2024-05-06,NORTH,Electronics,train,325.0,336.9777910660512,-11.977791066051225
2024-05-13,NORTH,Electronics,train,343.0,336.9777910660512,6.022208933948775
2024-05-20,NORTH,Electronics,train,322.0,336.9777910660512,-14.977791066051225
2024-05-27,NORTH,Electronics,train,316.0,385.6376004054417,-69.63760040544167
2024-06-03,NORTH,Electronics,train,390.0,385.6376004054417,4.362399594558326
2024-06-10,NORTH,Electronics,train,409.0,385.6376004054417,23.362399594558326
2024-06-17,NORTH,Electronics,train,398.0,385.6376004054417,12.362399594558326
2024-06-24,NORTH,Electronics,train,382.0,385.6376004054417,-3.637600405441674
2024-07-01,NORTH,Electronics,train,380.0,385.6376004054417,-5.637600405441674
2024-07-08,NORTH,Electronics,train,410.0,385.6376004054417,24.362399594558326
2024-07-15,NORTH,Electronics,train,398.0,385.6376004054417,12.362399594558326
2024-07-22,NORTH,Electronics,train,358.0,385.6376004054417,-27.637600405441674
2024-07-29,NORTH,Electronics,train,442.0,385.6376004054417,56.362399594558326
2024-08-05,NORTH,Electronics,train,389.0,385.6376004054417,3.362399594558326
2024-08-12,NORTH,Electronics,train,415.0,385.6376004054417,29.362399594558326
2024-08-19,NORTH,Electronics,train,386.0,385.6376004054417,0.36239959455832604
2024-08-26,NORTH,Electronics,train,392.0,451.72289985446105,-59.72289985446105
2024-09-02,NORTH,Electronics,train,430.0,403.0630905150706,26.9369094849294
2024-09-09,NORTH,Electronics,train,436.0,403.0630905150706,32.9369094849294
2024-09-16,NORTH,Electronics,train,419.0,403.0630905150706,15.936909484929402
2024-09-23,NORTH,Electronics,train,446.0,403.0630905150706,42.9369094849294
2024-09-30,NORTH,Electronics,train,344.0,403.0630905150706,-59.0630905150706
2024-10-07,NORTH,Electronics,train,346.0,336.9777910660512,9.022208933948775
2024-10-14,NORTH,Electronics,train,323.0,336.9777910660512,-13.977791066051225
2024-10-21,NORTH,Electronics,train,335.0,336.9777910660512,-1.9777910660512248
2024-10-28,NORTH,Electronics,train,320.0,336.9777910660512,-16.977791066051225
2024-11-04,NORTH,Electronics,validation,317.0,336.9777910660512,-19.977791066051225
2024-11-11,NORTH,Electronics,validation,348.0,336.9777910660512,11.022208933948775
2024-11-18,NORTH,Electronics,validation,335.0,336.9777910660512,-1.9777910660512248
2024-11-25,NORTH,Electronics,validation,348.0,336.9777910660512,11.022208933948775
2024-12-02,NORTH,Electronics,validation,385.0,336.9777910660512,48.022208933948775
2024-12-09,NORTH,Electronics,validation,368.0,336.9777910660512,31.022208933948775
2024-12-16,NORTH,Electronics,validation,316.0,336.9777910660512,-20.977791066051225
2024-12-23,NORTH,Electronics,validation,389.0,336.9777910660512,52.022208933948775
2024-12-30,NORTH,Electronics,test,326.0,294.75291755776306,31.247082442236945
2025-01-06,NORTH,Electronics,test,310.0,294.75291755776306,15.247082442236945
2025-01-13,NORTH,Electronics,test,327.0,294.75291755776306,32.247082442236945
2025-01-20,NORTH,Electronics,test,298.0,294.75291755776306,3.2470824422369446
2025-01-27,NORTH,Electronics,test,286.0,294.75291755776306,-8.752917557763055
2025-02-03,NORTH,Electronics,test,305.0,294.75291755776306,10.247082442236945
2025-02-10,NORTH,Electronics,test,303.0,294.75291755776306,8.247082442236945
2025-02-17,NORTH,Electronics,test,317.0,294.75291755776306,22.247082442236945
2025-02-24,NORTH,Electronics,test,334.0,462.7638698624934,-128.76386986249338
2025-03-03,NORTH,Electronics,test,470.0,538.9920688542819,-68.99206885428191
2025-03-10,NORTH,Electronics,test,556.0,572.9953943377823,-16.995394337782272
2025-03-17,NORTH,Electronics,test,580.0,606.9987198212826,-26.998719821282634
2025-03-24,NORTH,Electronics,test,653.0,516.0175577552669,136.98244224473308
2025-03-31,NORTH,Electronics,test,332.0,336.9777910660512,-4.977791066051225
2025-04-07,NORTH,Electronics,test,342.0,336.9777910660512,5.022208933948775
2025-04-14,NORTH,Electronics,test,334.0,336.9777910660512,-2.977791066051225
2025-04-21,NORTH,Electronics,test,337.0,336.9777910660512,0.02220893394877521
2025-04-28,NORTH,Electronics,test,313.0,336.9777910660512,-23.977791066051225
2025-05-05,NORTH,Electronics,test,344.0,336.9777910660512,7.022208933948775
2025-05-12,NORTH,Electronics,test,326.0,336.9777910660512,-10.977791066051225
2025-05-19,NORTH,Electronics,test,356.0,336.9777910660512,19.022208933948775
2025-05-26,NORTH,Electronics,test,343.0,385.6376004054417,-42.637600405441674
2025-06-02,NORTH,Electronics,test,408.0,385.6376004054417,22.362399594558326
2025-06-09,NORTH,Electronics,test,398.0,385.6376004054417,12.362399594558326
2025-06-16,NORTH,Electronics,test,420.0,385.6376004054417,34.362399594558326
2025-06-23,NORTH,Electronics,test,435.0,385.6376004054417,49.362399594558326
2025-06-30,NORTH,Electronics,test,407.0,385.6376004054417,21.362399594558326
2025-07-07,NORTH,Electronics,test,363.0,385.6376004054417,-22.637600405441674
2025-07-14,NORTH,Electronics,test,361.0,385.6376004054417,-24.637600405441674
2025-07-21,NORTH,Electronics,test,388.0,385.6376004054417,2.362399594558326
2025-07-28,NORTH,Electronics,test,388.0,385.6376004054417,2.362399594558326
2025-08-04,NORTH,Electronics,test,435.0,385.6376004054417,49.362399594558326
2025-08-11,NORTH,Electronics,test,413.0,385.6376004054417,27.362399594558326
2025-08-18,NORTH,Electronics,test,393.0,385.6376004054417,7.362399594558326
2025-08-25,NORTH,Electronics,test,410.0,385.6376004054417,24.362399594558326
2025-09-01,NORTH,Electronics,test,413.0,403.0630905150706,9.936909484929402
2025-09-08,NORTH,Electronics,test,407.0,403.0630905150706,3.9369094849294015
2025-09-15,NORTH,Electronics,test,450.0,403.0630905150706,46.9369094849294
2025-09-22,NORTH,Electronics,test,449.0,403.0630905150706,45.9369094849294
2025-09-29,NORTH,Electronics,test,363.0,403.0630905150706,-40.0630905150706
2025-10-06,NORTH,Electronics,test,306.0,336.9777910660512,-30.977791066051225
2025-10-13,NORTH,Electronics,test,350.0,336.9777910660512,13.022208933948775
2025-10-20,NORTH,Electronics,test,318.0,336.9777910660512,-18.977791066051225
2025-10-27,NORTH,Electronics,test,311.0,336.9777910660512,-25.977791066051225
2025-11-03,NORTH,Electronics,test,326.0,336.9777910660512,-10.977791066051225
2025-11-10,NORTH,Electronics,test,325.0,336.9777910660512,-11.977791066051225
2025-11-17,NORTH,Electronics,test,315.0,336.9777910660512,-21.977791066051225
2025-11-24,NORTH,Electronics,test,335.0,336.9777910660512,-1.9777910660512248
2025-12-01,NORTH,Electronics,test,386.0,336.9777910660512,49.022208933948775
2025-12-08,NORTH,Electronics,test,385.0,336.9777910660512,48.022208933948775
2025-12-15,NORTH,Electronics,test,397.0,336.9777910660512,60.022208933948775
2025-12-22,NORTH,Electronics,test,345.0,336.9777910660512,8.022208933948775
2024-01-01,NORTH,Furniture,train,267.0,306.75073498884365,-39.75073498884365
2024-01-08,NORTH,Furniture,train,286.0,306.75073498884365,-20.750734988843647
2024-01-15,NORTH,Furniture,train,297.0,306.75073498884365,-9.750734988843647
2024-01-22,NORTH,Furniture,train,291.0,306.75073498884365,-15.750734988843647
2024-01-29,NORTH,Furniture,train,315.0,306.75073498884365,8.249265011156353
2024-02-05,NORTH,Furniture,train,283.0,306.75073498884365,-23.750734988843647
2024-02-12,NORTH,Furniture,train,349.0,306.75073498884365,42.24926501115635
2024-02-19,NORTH,Furniture,train,299.0,306.75073498884365,-7.7507349888436465
2024-02-26,NORTH,Furniture,train,334.0,306.75073498884365,27.249265011156353
2024-03-04,NORTH,Furniture,train,358.0,337.11781845990356,20.88218154009644
2024-03-11,NORTH,Furniture,train,494.0,479.659064420697,14.340935579302993
2024-03-18,NORTH,Furniture,train,508.0,517.8720113227711,-9.872011322771073
2024-03-25,NORTH,Furniture,train,533.0,556.0849582248451,-23.08495822484508
2024-04-01,NORTH,Furniture,train,613.0,594.2979051269191,18.70209487308091
2024-04-08,NORTH,Furniture,train,540.0,540.0629805490828,-0.06298054908279482
2024-04-15,NORTH,Furniture,train,339.0,337.11781845990356,1.8821815400964397
2024-04-22,NORTH,Furniture,train,349.0,337.11781845990356,11.88218154009644
2024-04-29,NORTH,Furniture,train,352.0,337.11781845990356,14.88218154009644
2024-05-06,NORTH,Furniture,train,321.0,337.11781845990356,-16.11781845990356
2024-05-13,NORTH,Furniture,train,312.0,337.11781845990356,-25.11781845990356
2024-05-20,NORTH,Furniture,train,316.0,337.11781845990356,-21.11781845990356
2024-05-27,NORTH,Furniture,train,326.0,390.2118018138485,-64.21180181384852
2024-06-03,NORTH,Furniture,train,418.0,390.2118018138485,27.788198186151476
2024-06-10,NORTH,Furniture,train,398.0,390.2118018138485,7.788198186151476
2024-06-17,NORTH,Furniture,train,403.0,390.2118018138485,12.788198186151476
2024-06-24,NORTH,Furniture,train,431.0,390.2118018138485,40.788198186151476
2024-07-01,NORTH,Furniture,train,386.0,390.2118018138485,-4.211801813848524
2024-07-08,NORTH,Furniture,train,402.0,390.2118018138485,11.788198186151476
2024-07-15,NORTH,Furniture,train,378.0,390.2118018138485,-12.211801813848524
2024-07-22,NORTH,Furniture,train,363.0,390.2118018138485,-27.211801813848524
2024-07-29,NORTH,Furniture,train,436.0,390.2118018138485,45.788198186151476
2024-08-05,NORTH,Furniture,train,402.0,390.2118018138485,11.788198186151476
2024-08-12,NORTH,Furniture,train,423.0,390.2118018138485,32.788198186151476
2024-08-19,NORTH,Furniture,train,371.0,390.2118018138485,-19.211801813848524
2024-08-26,NORTH,Furniture,train,389.0,453.2428020253723,-64.24280202537233
2024-09-02,NORTH,Furniture,train,449.0,400.14881867142736,48.851181328572636
2024-09-09,NORTH,Furniture,train,399.0,400.14881867142736,-1.1488186714273638
2024-09-16,NORTH,Furniture,train,433.0,400.14881867142736,32.851181328572636
2024-09-23,NORTH,Furniture,train,441.0,400.14881867142736,40.851181328572636
2024-09-30,NORTH,Furniture,train,343.0,400.14881867142736,-57.148818671427364
2024-10-07,NORTH,Furniture,train,333.0,337.11781845990356,-4.11781845990356
2024-10-14,NORTH,Furniture,train,310.0,337.11781845990356,-27.11781845990356
2024-10-21,NORTH,Furniture,train,314.0,337.11781845990356,-23.11781845990356
2024-10-28,NORTH,Furniture,train,340.0,337.11781845990356,2.8821815400964397
2024-11-04,NORTH,Furniture,validation,332.0,337.11781845990356,-5.11781845990356
2024-11-11,NORTH,Furniture,validation,347.0,337.11781845990356,9.88218154009644
2024-11-18,NORTH,Furniture,validation,324.0,337.11781845990356,-13.11781845990356
2024-11-25,NORTH,Furniture,validation,319.0,337.11781845990356,-18.11781845990356
2024-12-02,NORTH,Furniture,validation,363.0,337.11781845990356,25.88218154009644
2024-12-09,NORTH,Furniture,validation,328.0,337.11781845990356,-9.11781845990356
2024-12-16,NORTH,Furniture,validation,375.0,337.11781845990356,37.88218154009644
2024-12-23,NORTH,Furniture,validation,344.0,337.11781845990356,6.88218154009644
2024-12-30,NORTH,Furniture,test,343.0,306.75073498884365,36.24926501115635
2025-01-06,NORTH,Furniture,test,277.0,306.75073498884365,-29.750734988843647
2025-01-13,NORTH,Furniture,test,299.0,306.75073498884365,-7.7507349888436465
2025-01-20,NORTH,Furniture,test,291.0,306.75073498884365,-15.750734988843647
2025-01-27,NORTH,Furniture,test,313.0,306.75073498884365,6.2492650111563535
2025-02-03,NORTH,Furniture,test,303.0,306.75073498884365,-3.7507349888436465
2025-02-10,NORTH,Furniture,test,284.0,306.75073498884365,-22.750734988843647
2025-02-17,NORTH,Furniture,test,270.0,306.75073498884365,-36.75073498884365
2025-02-24,NORTH,Furniture,test,372.0,449.2919809496371,-77.2919809496371
2025-03-03,NORTH,Furniture,test,490.0,517.8720113227711,-27.872011322771073
2025-03-10,NORTH,Furniture,test,484.0,556.0849582248451,-72.08495822484508
2025-03-17,NORTH,Furniture,test,571.0,594.2979051269191,-23.29790512691909
2025-03-24,NORTH,Furniture,test,591.0,540.0629805490828,50.937019450917205
2025-03-31,NORTH,Furniture,test,354.0,337.11781845990356,16.88218154009644
2025-04-07,NORTH,Furniture,test,335.0,337.11781845990356,-2.1178184599035603
2025-04-14,NORTH,Furniture,test,344.0,337.11781845990356,6.88218154009644
2025-04-21,NORTH,Furniture,test,325.0,337.11781845990356,-12.11781845990356
2025-04-28,NORTH,Furniture,test,354.0,337.11781845990356,16.88218154009644
2025-05-05,NORTH,Furniture,test,328.0,337.11781845990356,-9.11781845990356
2025-05-12,NORTH,Furniture,test,326.0,337.11781845990356,-11.11781845990356
2025-05-19,NORTH,Furniture,test,335.0,337.11781845990356,-2.1178184599035603
2025-05-26,NORTH,Furniture,test,300.0,390.2118018138485,-90.21180181384852
2025-06-02,NORTH,Furniture,test,393.0,390.2118018138485,2.788198186151476
2025-06-09,NORTH,Furniture,test,421.0,390.2118018138485,30.788198186151476
2025-06-16,NORTH,Furniture,test,410.0,390.2118018138485,19.788198186151476
2025-06-23,NORTH,Furniture,test,389.0,390.2118018138485,-1.211801813848524
2025-06-30,NORTH,Furniture,test,415.0,390.2118018138485,24.788198186151476
2025-07-07,NORTH,Furniture,test,391.0,390.2118018138485,0.788198186151476
2025-07-14,NORTH,Furniture,test,380.0,390.2118018138485,-10.211801813848524
2025-07-21,NORTH,Furniture,test,373.0,390.2118018138485,-17.211801813848524
2025-07-28,NORTH,Furniture,test,384.0,390.2118018138485,-6.211801813848524
2025-08-04,NORTH,Furniture,test,391.0,390.2118018138485,0.788198186151476
2025-08-11,NORTH,Furniture,test,383.0,390.2118018138485,-7.211801813848524
2025-08-18,NORTH,Furniture,test,434.0,390.2118018138485,43.788198186151476
2025-08-25,NORTH,Furniture,test,393.0,390.2118018138485,2.788198186151476
2025-09-01,NORTH,Furniture,test,412.0,400.14881867142736,11.851181328572636
2025-09-08,NORTH,Furniture,test,446.0,400.14881867142736,45.851181328572636
2025-09-15,NORTH,Furniture,test,423.0,400.14881867142736,22.851181328572636
2025-09-22,NORTH,Furniture,test,432.0,400.14881867142736,31.851181328572636
2025-09-29,NORTH,Furniture,test,349.0,400.14881867142736,-51.148818671427364
2025-10-06,NORTH,Furniture,test,359.0,337.11781845990356,21.88218154009644
2025-10-13,NORTH,Furniture,test,354.0,337.11781845990356,16.88218154009644
2025-10-20,NORTH,Furniture,test,323.0,337.11781845990356,-14.11781845990356
2025-10-27,NORTH,Furniture,test,301.0,337.11781845990356,-36.11781845990356
2025-11-03,NORTH,Furniture,test,353.0,337.11781845990356,15.88218154009644
2025-11-10,NORTH,Furniture,test,338.0,337.11781845990356,0.8821815400964397
2025-11-17,NORTH,Furniture,test,322.0,337.11781845990356,-15.11781845990356
2025-11-24,NORTH,Furniture,test,329.0,337.11781845990356,-8.11781845990356
2025-12-01,NORTH,Furniture,test,378.0,337.11781845990356,40.88218154009644
2025-12-08,NORTH,Furniture,test,366.0,337.11781845990356,28.88218154009644
2025-12-15,NORTH,Furniture,test,384.0,337.11781845990356,46.88218154009644
2025-12-22,NORTH,Furniture,test,411.0,337.11781845990356,73.88218154009644
2024-01-01,NORTH,Hardware,train,268.0,250.49963282296937,17.500367177030625
2024-01-08,NORTH,Hardware,train,250.0,250.49963282296937,-0.4996328229693745
2024-01-15,NORTH,Hardware,train,250.0,250.49963282296937,-0.4996328229693745
2024-01-22,NORTH,Hardware,train,241.0,250.49963282296937,-9.499632822969375
2024-01-29,NORTH,Hardware,train,264.0,250.49963282296937,13.500367177030625
2024-02-05,NORTH,Hardware,train,230.0,250.49963282296937,-20.499632822969375
2024-02-12,NORTH,Hardware,train,261.0,250.49963282296937,10.500367177030625
2024-02-19,NORTH,Hardware,train,238.0,250.49963282296937,-12.499632822969375
2024-02-26,NORTH,Hardware,train,270.0,250.49963282296937,19.500367177030625
2024-03-04,NORTH,Hardware,train,309.0,275.98303336479705,33.01696663520295
2024-03-11,NORTH,Hardware,train,412.0,415.81879428528345,-3.8187942852834453
2024-03-18,NORTH,Hardware,train,447.0,438.112423326151,8.887576673849026
2024-03-25,NORTH,Hardware,train,454.0,460.40605236701856,-6.40605236701856
2024-04-01,NORTH,Hardware,train,484.0,482.6996814078861,1.3003185921139107
2024-04-08,NORTH,Hardware,train,457.0,456.96437918585787,0.035620814142134805
2024-04-15,NORTH,Hardware,train,273.0,275.98303336479705,-2.983033364797052
2024-04-22,NORTH,Hardware,train,278.0,275.98303336479705,2.016966635202948
2024-04-29,NORTH,Hardware,train,273.0,275.98303336479705,-2.983033364797052
2024-05-06,NORTH,Hardware,train,265.0,275.98303336479705,-10.983033364797052
2024-05-13,NORTH,Hardware,train,276.0,275.98303336479705,0.016966635202948055
2024-05-20,NORTH,Hardware,train,269.0,275.98303336479705,-6.983033364797052
2024-05-27,NORTH,Hardware,train,291.0,317.39599173138623,-26.395991731386232
2024-06-03,NORTH,Hardware,train,325.0,317.39599173138623,7.604008268613768
2024-06-10,NORTH,Hardware,train,334.0,317.39599173138623,16.604008268613768
2024-06-17,NORTH,Hardware,train,314.0,317.39599173138623,-3.395991731386232
2024-06-24,NORTH,Hardware,train,327.0,317.39599173138623,9.604008268613768
2024-07-01,NORTH,Hardware,train,305.0,317.39599173138623,-12.395991731386232
2024-07-08,NORTH,Hardware,train,316.0,317.39599173138623,-1.395991731386232
2024-07-15,NORTH,Hardware,train,322.0,317.39599173138623,4.604008268613768
2024-07-22,NORTH,Hardware,train,330.0,317.39599173138623,12.604008268613768
2024-07-29,NORTH,Hardware,train,323.0,317.39599173138623,5.604008268613768
2024-08-05,NORTH,Hardware,train,320.0,317.39599173138623,2.604008268613768
2024-08-12,NORTH,Hardware,train,326.0,317.39599173138623,8.604008268613768
2024-08-19,NORTH,Hardware,train,334.0,317.39599173138623,16.604008268613768
2024-08-26,NORTH,Hardware,train,336.0,376.8465735640085,-40.84657356400851
2024-09-02,NORTH,Hardware,train,354.0,335.43361519741933,18.56638480258067
2024-09-09,NORTH,Hardware,train,347.0,335.43361519741933,11.566384802580671
2024-09-16,NORTH,Hardware,train,370.0,335.43361519741933,34.56638480258067
2024-09-23,NORTH,Hardware,train,366.0,335.43361519741933,30.56638480258067
2024-09-30,NORTH,Hardware,train,281.0,335.43361519741933,-54.43361519741933
2024-10-07,NORTH,Hardware,train,261.0,275.98303336479705,-14.983033364797052
2024-10-14,NORTH,Hardware,train,275.0,275.98303336479705,-0.983033364797052
2024-10-21,NORTH,Hardware,train,279.0,275.98303336479705,3.016966635202948
2024-10-28,NORTH,Hardware,train,237.0,275.98303336479705,-38.98303336479705
2024-11-04,NORTH,Hardware,validation,269.0,275.98303336479705,-6.983033364797052
2024-11-11,NORTH,Hardware,validation,283.0,275.98303336479705,7.016966635202948
2024-11-18,NORTH,Hardware,validation,275.0,275.98303336479705,-0.983033364797052
2024-11-25,NORTH,Hardware,validation,266.0,275.98303336479705,-9.983033364797052
2024-12-02,NORTH,Hardware,validation,334.0,275.98303336479705,58.01696663520295
2024-12-09,NORTH,Hardware,validation,292.0,275.98303336479705,16.016966635202948
2024-12-16,NORTH,Hardware,validation,340.0,275.98303336479705,64.01696663520295
2024-12-23,NORTH,Hardware,validation,322.0,275.98303336479705,46.01696663520295
2024-12-30,NORTH,Hardware,test,223.0,250.49963282296937,-27.499632822969375
2025-01-06,NORTH,Hardware,test,251.0,250.49963282296937,0.5003671770306255
2025-01-13,NORTH,Hardware,test,228.0,250.49963282296937,-22.499632822969375
2025-01-20,NORTH,Hardware,test,239.0,250.49963282296937,-11.499632822969375
2025-01-27,NORTH,Hardware,test,238.0,250.49963282296937,-12.499632822969375
2025-02-03,NORTH,Hardware,test,222.0,250.49963282296937,-28.499632822969375
2025-02-10,NORTH,Hardware,test,268.0,250.49963282296937,17.500367177030625
2025-02-17,NORTH,Hardware,test,229.0,250.49963282296937,-21.499632822969375
2025-02-24,NORTH,Hardware,test,299.0,390.33539374345577,-91.33539374345577
2025-03-03,NORTH,Hardware,test,415.0,438.112423326151,-23.112423326150974
2025-03-10,NORTH,Hardware,test,414.0,460.40605236701856,-46.40605236701856
2025-03-17,NORTH,Hardware,test,524.0,482.6996814078861,41.30031859211391
2025-03-24,NORTH,Hardware,test,537.0,456.96437918585787,80.03562081414213
2025-03-31,NORTH,Hardware,test,280.0,275.98303336479705,4.016966635202948
2025-04-07,NORTH,Hardware,test,258.0,275.98303336479705,-17.983033364797052
2025-04-14,NORTH,Hardware,test,249.0,275.98303336479705,-26.983033364797052
2025-04-21,NORTH,Hardware,test,263.0,275.98303336479705,-12.983033364797052
2025-04-28,NORTH,Hardware,test,245.0,275.98303336479705,-30.983033364797052
2025-05-05,NORTH,Hardware,test,290.0,275.98303336479705,14.016966635202948
2025-05-12,NORTH,Hardware,test,279.0,275.98303336479705,3.016966635202948
2025-05-19,NORTH,Hardware,test,228.0,275.98303336479705,-47.98303336479705
2025-05-26,NORTH,Hardware,test,254.0,317.39599173138623,-63.39599173138623
2025-06-02,NORTH,Hardware,test,314.0,317.39599173138623,-3.395991731386232
2025-06-09,NORTH,Hardware,test,341.0,317.39599173138623,23.604008268613768
2025-06-16,NORTH,Hardware,test,314.0,317.39599173138623,-3.395991731386232
2025-06-23,NORTH,Hardware,test,322.0,317.39599173138623,4.604008268613768
2025-06-30,NORTH,Hardware,test,322.0,317.39599173138623,4.604008268613768
2025-07-07,NORTH,Hardware,test,314.0,317.39599173138623,-3.395991731386232
2025-07-14,NORTH,Hardware,test,332.0,317.39599173138623,14.604008268613768
2025-07-21,NORTH,Hardware,test,364.0,317.39599173138623,46.60400826861377
2025-07-28,NORTH,Hardware,test,339.0,317.39599173138623,21.604008268613768
2025-08-04,NORTH,Hardware,test,326.0,317.39599173138623,8.604008268613768
2025-08-11,NORTH,Hardware,test,302.0,317.39599173138623,-15.395991731386232
2025-08-18,NORTH,Hardware,test,348.0,317.39599173138623,30.604008268613768
2025-08-25,NORTH,Hardware,test,295.0,317.39599173138623,-22.395991731386232
2025-09-01,NORTH,Hardware,test,377.0,335.43361519741933,41.56638480258067
2025-09-08,NORTH,Hardware,test,343.0,335.43361519741933,7.5663848025806715
2025-09-15,NORTH,Hardware,test,333.0,335.43361519741933,-2.4336151974193285
2025-09-22,NORTH,Hardware,test,352.0,335.43361519741933,16.56638480258067
2025-09-29,NORTH,Hardware,test,284.0,335.43361519741933,-51.43361519741933
2025-10-06,NORTH,Hardware,test,260.0,275.98303336479705,-15.983033364797052
2025-10-13,NORTH,Hardware,test,277.0,275.98303336479705,1.016966635202948
2025-10-20,NORTH,Hardware,test,270.0,275.98303336479705,-5.983033364797052
2025-10-27,NORTH,Hardware,test,269.0,275.98303336479705,-6.983033364797052
2025-11-03,NORTH,Hardware,test,265.0,275.98303336479705,-10.983033364797052
2025-11-10,NORTH,Hardware,test,281.0,275.98303336479705,5.016966635202948
2025-11-17,NORTH,Hardware,test,274.0,275.98303336479705,-1.983033364797052
2025-11-24,NORTH,Hardware,test,259.0,275.98303336479705,-16.983033364797052
2025-12-01,NORTH,Hardware,test,327.0,275.98303336479705,51.01696663520295
2025-12-08,NORTH,Hardware,test,289.0,275.98303336479705,13.016966635202948
2025-12-15,NORTH,Hardware,test,290.0,275.98303336479705,14.016966635202948
2025-12-22,NORTH,Hardware,test,296.0,275.98303336479705,20.016966635202948
2024-01-01,NORTH,Health & Beauty,train,323.0,307.42698597630806,15.57301402369194
2024-01-08,NORTH,Health & Beauty,train,323.0,307.42698597630806,15.57301402369194
2024-01-15,NORTH,Health & Beauty,train,313.0,307.4296394005137,5.570360599486321
2024-01-22,NORTH,Health & Beauty,train,290.0,308.72786958335644,-18.727869583356437
2024-01-29,NORTH,Health & Beauty,train,320.0,302.80123990485566,17.198760095144337
2024-02-05,NORTH,Health & Beauty,train,298.0,311.6892166240696,-13.689216624069616
2024-02-12,NORTH,Health & Beauty,train,283.0,304.0338044193484,-21.033804419348428
2024-02-19,NORTH,Health & Beauty,train,306.0,302.21321701856965,3.786782981430349
2024-02-26,NORTH,Health & Beauty,train,335.0,308.3656381756149,26.63436182438511
2024-03-04,NORTH,Health & Beauty,train,368.0,351.49352053105383,16.506479468946168
2024-03-11,NORTH,Health & Beauty,train,503.0,486.09412317583,16.90587682416998
2024-03-18,NORTH,Health & Beauty,train,495.0,528.6781700766138,-33.67817007661381
2024-03-25,NORTH,Health & Beauty,train,546.0,558.6246497517544,-12.624649751754419
2024-04-01,NORTH,Health & Beauty,train,628.0,606.3283560100605,21.671643989939525
2024-04-08,NORTH,Health & Beauty,train,548.0,555.1007561331587,-7.100756133158711
2024-04-15,NORTH,Health & Beauty,train,308.0,343.13139776339165,-35.13139776339165
2024-04-22,NORTH,Health & Beauty,train,321.0,336.1832771895388,-15.183277189538785
2024-04-29,NORTH,Health & Beauty,train,330.0,341.1279355672262,-11.127935567226189
2024-05-06,NORTH,Health & Beauty,train,327.0,342.13315702921375,-15.133157029213749
2024-05-13,NORTH,Health & Beauty,train,332.0,341.1403591471682,-9.140359147168226
2024-05-20,NORTH,Health & Beauty,train,334.0,342.62582932685444,-8.625829326854443
2024-05-27,NORTH,Health & Beauty,train,306.0,388.69299396870434,-82.69299396870434
2024-06-03,NORTH,Health & Beauty,train,406.0,370.33352873477537,35.66647126522463
2024-06-10,NORTH,Health & Beauty,train,403.0,399.67198792349035,3.3280120765096513
2024-06-17,NORTH,Health & Beauty,train,382.0,391.65606318727356,-9.65606318727356
2024-06-24,NORTH,Health & Beauty,train,438.0,388.4376238214246,49.56237617857539
2024-07-01,NORTH,Health & Beauty,train,425.0,403.11644788607,21.883552113930023
2024-07-08,NORTH,Health & Beauty,train,414.0,396.2555344085779,17.744465591422113
2024-07-15,NORTH,Health & Beauty,train,416.0,395.22955460392814,20.770445396071864
2024-07-22,NORTH,Health & Beauty,train,402.0,395.9796220770206,6.020377922979378
2024-07-29,NORTH,Health & Beauty,train,399.0,392.3234357996086,6.676564200391397
2024-08-05,NORTH,Health & Beauty,train,403.0,392.4860885649113,10.513911435088687
2024-08-12,NORTH,Health & Beauty,train,402.0,393.43727447146796,8.562725528532042
2024-08-19,NORTH,Health & Beauty,train,366.0,392.9536225051806,-26.95362250518059
2024-08-26,NORTH,Health & Beauty,train,388.0,422.9534923689861,-34.953492368986076
2024-09-02,NORTH,Health & Beauty,train,400.0,375.030892313115,24.969107686885025
2024-09-09,NORTH,Health & Beauty,train,435.0,389.88426084385503,45.11573915614497
2024-09-16,NORTH,Health & Beauty,train,420.0,394.87812528877083,25.121874711229168
2024-09-23,NORTH,Health & Beauty,train,407.0,389.92212810778904,17.077871892210965
2024-09-30,NORTH,Health & Beauty,train,328.0,387.9282136544478,-59.9282136544478
2024-10-07,NORTH,Health & Beauty,train,353.0,330.0367440872476,22.963255912752402
2024-10-14,NORTH,Health & Beauty,train,328.0,350.5835418628494,-22.583541862849415
2024-10-21,NORTH,Health & Beauty,train,353.0,339.2935882873149,13.70641171268511
2024-10-28,NORTH,Health & Beauty,train,346.0,348.28899325836556,-2.288993258365565
2024-11-04,NORTH,Health & Beauty,validation,318.0,344.3241178255251,-26.324117825525093
2024-11-11,NORTH,Health & Beauty,validation,327.0,344.89150409379755,-17.89150409379755
2024-11-18,NORTH,Health & Beauty,validation,296.0,344.89150409379755,-48.89150409379755
2024-11-25,NORTH,Health & Beauty,validation,358.0,344.89150409379755,13.10849590620245
2024-12-02,NORTH,Health & Beauty,validation,345.0,344.89150409379755,0.10849590620244953
2024-12-09,NORTH,Health & Beauty,validation,391.0,344.89150409379755,46.10849590620245
2024-12-16,NORTH,Health & Beauty,validation,370.0,344.89150409379755,25.10849590620245
2024-12-23,NORTH,Health & Beauty,validation,346.0,344.89150409379755,1.1084959062024495
2024-12-30,NORTH,Health & Beauty,test,336.0,307.42698597630806,28.57301402369194
2025-01-06,NORTH,Health & Beauty,test,305.0,307.42698597630806,-2.4269859763080603
2025-01-13,NORTH,Health & Beauty,test,324.0,307.42698597630806,16.57301402369194
2025-01-20,NORTH,Health & Beauty,test,308.0,307.42698597630806,0.5730140236919397
2025-01-27,NORTH,Health & Beauty,test,293.0,307.42698597630806,-14.42698597630806
2025-02-03,NORTH,Health & Beauty,test,283.0,307.42698597630806,-24.42698597630806
2025-02-10,NORTH,Health & Beauty,test,281.0,307.42698597630806,-26.42698597630806
2025-02-17,NORTH,Health & Beauty,test,314.0,307.42698597630806,6.57301402369194
2025-02-24,NORTH,Health & Beauty,test,358.0,444.5380465741952,-86.53804657419522
2025-03-03,NORTH,Health & Beauty,test,523.0,524.4876106121109,-1.4876106121108705
2025-03-10,NORTH,Health & Beauty,test,512.0,566.9726565325369,-54.97265653253692
2025-03-17,NORTH,Health & Beauty,test,607.0,609.4577024529631,-2.457702452963076
2025-03-24,NORTH,Health & Beauty,test,680.0,549.7288778343293,130.2711221656707
2025-03-31,NORTH,Health & Beauty,test,347.0,344.89150409379755,2.1084959062024495
2025-04-07,NORTH,Health & Beauty,test,320.0,344.89150409379755,-24.89150409379755
2025-04-14,NORTH,Health & Beauty,test,307.0,344.89150409379755,-37.89150409379755
2025-04-21,NORTH,Health & Beauty,test,279.0,344.89150409379755,-65.89150409379755
2025-04-28,NORTH,Health & Beauty,test,332.0,344.89150409379755,-12.89150409379755
2025-05-05,NORTH,Health & Beauty,test,302.0,344.89150409379755,-42.89150409379755
2025-05-12,NORTH,Health & Beauty,test,324.0,344.89150409379755,-20.89150409379755
2025-05-19,NORTH,Health & Beauty,test,340.0,344.89150409379755,-4.8915040937975505
2025-05-26,NORTH,Health & Beauty,test,348.0,390.8311291924025,-42.8311291924025
2025-06-02,NORTH,Health & Beauty,test,382.0,390.8311291924025,-8.8311291924025
2025-06-09,NORTH,Health & Beauty,test,377.0,390.8311291924025,-13.8311291924025
2025-06-16,NORTH,Health & Beauty,test,383.0,390.8311291924025,-7.8311291924025
2025-06-23,NORTH,Health & Beauty,test,425.0,390.8311291924025,34.1688708075975
2025-06-30,NORTH,Health & Beauty,test,377.0,390.8311291924025,-13.8311291924025
2025-07-07,NORTH,Health & Beauty,test,375.0,390.8311291924025,-15.8311291924025
2025-07-14,NORTH,Health & Beauty,test,401.0,390.8311291924025,10.1688708075975
2025-07-21,NORTH,Health & Beauty,test,410.0,390.8311291924025,19.1688708075975
2025-07-28,NORTH,Health & Beauty,test,420.0,390.8311291924025,29.1688708075975
2025-08-04,NORTH,Health & Beauty,test,413.0,390.8311291924025,22.1688708075975
2025-08-11,NORTH,Health & Beauty,test,420.0,390.8311291924025,29.1688708075975
2025-08-18,NORTH,Health & Beauty,test,394.0,390.8311291924025,3.1688708075975
2025-08-25,NORTH,Health & Beauty,test,402.0,390.8311291924025,11.1688708075975
2025-09-01,NORTH,Health & Beauty,test,444.0,383.6950207572894,60.3049792427106
2025-09-08,NORTH,Health & Beauty,test,420.0,383.6950207572894,36.3049792427106
2025-09-15,NORTH,Health & Beauty,test,456.0,383.6950207572894,72.3049792427106
2025-09-22,NORTH,Health & Beauty,test,413.0,383.6950207572894,29.3049792427106
2025-09-29,NORTH,Health & Beauty,test,384.0,383.6950207572894,0.3049792427106013
2025-10-06,NORTH,Health & Beauty,test,305.0,344.89150409379755,-39.89150409379755
2025-10-13,NORTH,Health & Beauty,test,326.0,344.89150409379755,-18.89150409379755
2025-10-20,NORTH,Health & Beauty,test,325.0,344.89150409379755,-19.89150409379755
2025-10-27,NORTH,Health & Beauty,test,344.0,344.89150409379755,-0.8915040937975505
2025-11-03,NORTH,Health & Beauty,test,326.0,344.89150409379755,-18.89150409379755
2025-11-10,NORTH,Health & Beauty,test,360.0,344.89150409379755,15.10849590620245
2025-11-17,NORTH,Health & Beauty,test,305.0,344.89150409379755,-39.89150409379755
2025-11-24,NORTH,Health & Beauty,test,352.0,344.89150409379755,7.1084959062024495
2025-12-01,NORTH,Health & Beauty,test,350.0,344.89150409379755,5.1084959062024495
2025-12-08,NORTH,Health & Beauty,test,351.0,344.89150409379755,6.1084959062024495
2025-12-15,NORTH,Health & Beauty,test,366.0,344.89150409379755,21.10849590620245
2025-12-22,NORTH,Health & Beauty,test,371.0,344.89150409379755,26.10849590620245
2024-01-01,NORTH,Home & Garden,train,779.0,779.2666474282018,-0.26664742820184983
2024-01-08,NORTH,Home & Garden,train,770.0,779.2666474282018,-9.26664742820185
2024-01-15,NORTH,Home & Garden,train,784.0,779.2540123157574,4.74598768424255
2024-01-22,NORTH,Home & Garden,train,771.0,781.4218126172741,-10.4218126172741
2024-01-29,NORTH,Home & Garden,train,776.0,773.3093059006475,2.690694099352527
2024-02-05,NORTH,Home & Garden,train,766.0,780.9154714420348,-14.9154714420348
2024-02-12,NORTH,Home & Garden,train,767.0,769.8901029557376,-2.890102955737575
2024-02-19,NORTH,Home & Garden,train,727.0,777.431502542184,-50.431502542184035
2024-02-26,NORTH,Home & Garden,train,807.0,747.1146401299761,59.885359870023876
2024-03-04,NORTH,Home & Garden,train,930.0,924.5539490944999,5.446050905500101
2024-03-11,NORTH,Home & Garden,train,1235.0,1246.0128684692163,-11.0128684692163
2024-03-18,NORTH,Home & Garden,train,1320.0,1331.752955758638,-11.752955758638109
2024-03-25,NORTH,Home & Garden,train,1466.0,1427.5384401534996,38.46155984650045
2024-04-01,NORTH,Home & Garden,train,1520.0,1555.8986586583128,-35.8986586583128
2024-04-08,NORTH,Home & Garden,train,1425.0,1386.7209048627512,38.27909513724876
2024-04-15,NORTH,Home & Garden,train,894.0,910.7840124403505,-16.784012440350466
2024-04-22,NORTH,Home & Garden,train,830.0,875.5822549874559,-45.58225498745594
2024-04-29,NORTH,Home & Garden,train,935.0,857.1715075394079,77.82849246059209
2024-05-06,NORTH,Home & Garden,train,875.0,936.068098679299,-61.068098679299055
2024-05-13,NORTH,Home & Garden,train,840.0,847.2713698335735,-7.271369833573544
2024-05-20,NORTH,Home & Garden,train,827.0,881.6636757612273,-54.663675761227296
2024-05-27,NORTH,Home & Garden,train,866.0,928.8037505488116,-62.80375054881165
2024-06-03,NORTH,Home & Garden,train,971.0,923.5997908104407,47.40020918955929
2024-06-10,NORTH,Home & Garden,train,1014.0,994.0533100051997,19.946689994800295
2024-06-17,NORTH,Home & Garden,train,981.0,976.5022433351703,4.497756664829694
2024-06-24,NORTH,Home & Garden,train,967.0,966.6257222966935,0.37427770330646126
2024-07-01,NORTH,Home & Garden,train,984.0,963.9895773994548,20.010422600545212
2024-07-08,NORTH,Home & Garden,train,997.0,976.5429876840151,20.45701231598491
2024-07-15,NORTH,Home & Garden,train,1061.0,976.8284930096987,84.17150699030128
2024-07-22,NORTH,Home & Garden,train,1016.0,1017.5612436074517,-1.561243607451729
2024-07-29,NORTH,Home & Garden,train,954.0,962.7521963729426,-8.752196372942649
2024-08-05,NORTH,Home & Garden,train,963.0,958.1550119009236,4.844988099076431
2024-08-12,NORTH,Home & Garden,train,987.0,966.8477077586826,20.152292241317355
2024-08-19,NORTH,Home & Garden,train,985.0,976.6336851119232,8.366314888076772
2024-08-26,NORTH,Home & Garden,train,1026.0,1098.365592578195,-72.36559257819499
2024-09-02,NORTH,Home & Garden,train,1062.0,969.3155596290662,92.68444037093377
2024-09-09,NORTH,Home & Garden,train,1147.0,1074.8322377837144,72.16776221628561
2024-09-16,NORTH,Home & Garden,train,1117.0,1061.7159015615116,55.2840984384884
2024-09-23,NORTH,Home & Garden,train,1101.0,1050.9221556586422,50.07784434135783
2024-09-30,NORTH,Home & Garden,train,910.0,1047.5937913551488,-137.59379135514882
2024-10-07,NORTH,Home & Garden,train,783.0,798.3483997313092,-15.3483997313092
2024-10-14,NORTH,Home & Garden,train,859.0,876.5000208693554,-17.500020869355353
2024-10-21,NORTH,Home & Garden,train,840.0,875.12448697168,-35.12448697167997
2024-10-28,NORTH,Home & Garden,train,806.0,863.8571452805712,-57.85714528057122
2024-11-04,NORTH,Home & Garden,validation,821.0,849.324130366734,-28.32413036673404
2024-11-11,NORTH,Home & Garden,validation,885.0,886.3122706805184,-1.3122706805183952
2024-11-18,NORTH,Home & Garden,validation,843.0,886.3122706805184,-43.312270680518395
2024-11-25,NORTH,Home & Garden,validation,826.0,886.3122706805184,-60.312270680518395
2024-12-02,NORTH,Home & Garden,validation,912.0,886.3122706805184,25.687729319481605
2024-12-09,NORTH,Home & Garden,validation,923.0,886.3122706805184,36.687729319481605
2024-12-16,NORTH,Home & Garden,validation,868.0,886.3122706805184,-18.312270680518395
2024-12-23,NORTH,Home & Garden,validation,935.0,886.3122706805184,48.687729319481605
2024-12-30,NORTH,Home & Garden,test,817.0,779.2666474282018,37.73335257179815
2025-01-06,NORTH,Home & Garden,test,704.0,779.2666474282018,-75.26664742820185
2025-01-13,NORTH,Home & Garden,test,770.0,779.2666474282018,-9.26664742820185
2025-01-20,NORTH,Home & Garden,test,807.0,779.2666474282018,27.73335257179815
2025-01-27,NORTH,Home & Garden,test,735.0,779.2666474282018,-44.26664742820185
2025-02-03,NORTH,Home & Garden,test,760.0,779.2666474282018,-19.26664742820185
2025-02-10,NORTH,Home & Garden,test,689.0,779.2666474282018,-90.26664742820185
2025-02-17,NORTH,Home & Garden,test,742.0,779.2666474282018,-37.26664742820185
2025-02-24,NORTH,Home & Garden,test,863.0,1135.487179817837,-272.48717981783693
2025-03-03,NORTH,Home & Garden,test,1305.0,1338.792172216311,-33.79217221631097
2025-03-10,NORTH,Home & Garden,test,1421.0,1435.0515413624685,-14.05154136246847
2025-03-17,NORTH,Home & Garden,test,1485.0,1531.310910508626,-46.310910508625966
2025-03-24,NORTH,Home & Garden,test,1611.0,1409.6706646981474,201.32933530185255
2025-03-31,NORTH,Home & Garden,test,881.0,886.3122706805184,-5.312270680518395
2025-04-07,NORTH,Home & Garden,test,842.0,886.3122706805184,-44.312270680518395
2025-04-14,NORTH,Home & Garden,test,873.0,886.3122706805184,-13.312270680518395
2025-04-21,NORTH,Home & Garden,test,821.0,886.3122706805184,-65.3122706805184
2025-04-28,NORTH,Home & Garden,test,874.0,886.3122706805184,-12.312270680518395
2025-05-05,NORTH,Home & Garden,test,858.0,886.3122706805184,-28.312270680518395
2025-05-12,NORTH,Home & Garden,test,833.0,886.3122706805184,-53.312270680518395
2025-05-19,NORTH,Home & Garden,test,819.0,886.3122706805184,-67.3122706805184
2025-05-26,NORTH,Home & Garden,test,843.0,963.7503012282018,-120.7503012282018
2025-06-02,NORTH,Home & Garden,test,1047.0,963.7503012282018,83.2496987717982
2025-06-09,NORTH,Home & Garden,test,983.0,963.7503012282018,19.249698771798194
2025-06-16,NORTH,Home & Garden,test,988.0,963.7503012282018,24.249698771798194
2025-06-23,NORTH,Home & Garden,test,1005.0,963.7503012282018,41.249698771798194
2025-06-30,NORTH,Home & Garden,test,987.0,963.7503012282018,23.249698771798194
2025-07-07,NORTH,Home & Garden,test,990.0,963.7503012282018,26.249698771798194
2025-07-14,NORTH,Home & Garden,test,952.0,963.7503012282018,-11.750301228201806
2025-07-21,NORTH,Home & Garden,test,964.0,963.7503012282018,0.24969877179819377
2025-07-28,NORTH,Home & Garden,test,987.0,963.7503012282018,23.249698771798194
2025-08-04,NORTH,Home & Garden,test,1001.0,963.7503012282018,37.249698771798194
2025-08-11,NORTH,Home & Garden,test,1031.0,963.7503012282018,67.2496987717982
2025-08-18,NORTH,Home & Garden,test,1005.0,963.7503012282018,41.249698771798194
2025-08-25,NORTH,Home & Garden,test,1064.0,963.7503012282018,100.2496987717982
2025-09-01,NORTH,Home & Garden,test,1100.0,1015.5789671855921,84.42103281440791
2025-09-08,NORTH,Home & Garden,test,1039.0,1015.5789671855921,23.42103281440791
2025-09-15,NORTH,Home & Garden,test,1155.0,1015.5789671855921,139.4210328144079
2025-09-22,NORTH,Home & Garden,test,1125.0,1015.5789671855921,109.42103281440791
2025-09-29,NORTH,Home & Garden,test,857.0,1015.5789671855921,-158.5789671855921
2025-10-06,NORTH,Home & Garden,test,894.0,886.3122706805184,7.687729319481605
2025-10-13,NORTH,Home & Garden,test,882.0,886.3122706805184,-4.312270680518395
2025-10-20,NORTH,Home & Garden,test,785.0,886.3122706805184,-101.3122706805184
2025-10-27,NORTH,Home & Garden,test,817.0,886.3122706805184,-69.3122706805184
2025-11-03,NORTH,Home & Garden,test,849.0,886.3122706805184,-37.312270680518395
2025-11-10,NORTH,Home & Garden,test,802.0,886.3122706805184,-84.3122706805184
2025-11-17,NORTH,Home & Garden,test,854.0,886.3122706805184,-32.312270680518395
2025-11-24,NORTH,Home & Garden,test,866.0,886.3122706805184,-20.312270680518395
2025-12-01,NORTH,Home & Garden,test,967.0,886.3122706805184,80.6877293194816
2025-12-08,NORTH,Home & Garden,test,930.0,886.3122706805184,43.687729319481605
2025-12-15,NORTH,Home & Garden,test,934.0,886.3122706805184,47.687729319481605
2025-12-22,NORTH,Home & Garden,test,887.0,886.3122706805184,0.6877293194816048
2024-01-01,NORTH,Luggage & Bags,train,220.0,233.99778729738486,-13.99778729738486
2024-01-08,NORTH,Luggage & Bags,train,249.0,233.99778729738486,15.00221270261514
2024-01-15,NORTH,Luggage & Bags,train,226.0,233.99778729738486,-7.9977872973848605
2024-01-22,NORTH,Luggage & Bags,train,250.0,233.99778729738486,16.00221270261514
2024-01-29,NORTH,Luggage & Bags,train,255.0,233.99778729738486,21.00221270261514
2024-02-05,NORTH,Luggage & Bags,train,210.0,233.99778729738486,-23.99778729738486
2024-02-12,NORTH,Luggage & Bags,train,226.0,233.99778729738486,-7.9977872973848605
2024-02-19,NORTH,Luggage & Bags,train,234.0,233.99778729738486,0.0022127026151395057
2024-02-26,NORTH,Luggage & Bags,train,222.0,233.99778729738486,-11.99778729738486
2024-03-04,NORTH,Luggage & Bags,train,309.0,278.40966647597463,30.590333524025368
2024-03-11,NORTH,Luggage & Bags,train,387.0,387.97583441296945,-0.9758344129694478
2024-03-18,NORTH,Luggage & Bags,train,421.0,413.4762349803219,7.5237650196780805
2024-03-25,NORTH,Luggage & Bags,train,427.0,438.9766355476745,-11.976635547674505
2024-04-01,NORTH,Luggage & Bags,train,470.0,464.47703611502703,5.522963884972967
2024-04-08,NORTH,Luggage & Bags,train,415.0,414.971174973609,0.028825026391018582
2024-04-15,NORTH,Luggage & Bags,train,275.0,278.40966647597463,-3.409666475974632
2024-04-22,NORTH,Luggage & Bags,train,302.0,278.40966647597463,23.590333524025368
2024-04-29,NORTH,Luggage & Bags,train,245.0,278.40966647597463,-33.40966647597463
2024-05-06,NORTH,Luggage & Bags,train,269.0,278.40966647597463,-9.409666475974632
2024-05-13,NORTH,Luggage & Bags,train,265.0,278.40966647597463,-13.409666475974632
2024-05-20,NORTH,Luggage & Bags,train,244.0,278.40966647597463,-34.40966647597463
2024-05-27,NORTH,Luggage & Bags,train,301.0,321.5918418475325,-20.59184184753252
2024-06-03,NORTH,Luggage & Bags,train,315.0,321.5918418475325,-6.591841847532521
2024-06-10,NORTH,Luggage & Bags,train,334.0,321.5918418475325,12.408158152467479
2024-06-17,NORTH,Luggage & Bags,train,331.0,321.5918418475325,9.408158152467479
2024-06-24,NORTH,Luggage & Bags,train,328.0,321.5918418475325,6.408158152467479
2024-07-01,NORTH,Luggage & Bags,train,322.0,321.5918418475325,0.4081581524674789
2024-07-08,NORTH,Luggage & Bags,train,350.0,321.5918418475325,28.40815815246748
2024-07-15,NORTH,Luggage & Bags,train,343.0,321.5918418475325,21.40815815246748
2024-07-22,NORTH,Luggage & Bags,train,335.0,321.5918418475325,13.408158152467479
2024-07-29,NORTH,Luggage & Bags,train,298.0,321.5918418475325,-23.59184184753252
2024-08-05,NORTH,Luggage & Bags,train,340.0,321.5918418475325,18.40815815246748
2024-08-12,NORTH,Luggage & Bags,train,310.0,321.5918418475325,-11.591841847532521
2024-08-19,NORTH,Luggage & Bags,train,334.0,321.5918418475325,12.408158152467479
2024-08-26,NORTH,Luggage & Bags,train,309.0,369.4572181543307,-60.45721815433069
2024-09-02,NORTH,Luggage & Bags,train,359.0,326.2750427827728,32.7249572172272
2024-09-09,NORTH,Luggage & Bags,train,334.0,326.2750427827728,7.7249572172272
2024-09-16,NORTH,Luggage & Bags,train,373.0,326.2750427827728,46.7249572172272
2024-09-23,NORTH,Luggage & Bags,train,340.0,326.2750427827728,13.7249572172272
2024-09-30,NORTH,Luggage & Bags,train,286.0,326.2750427827728,-40.2750427827728
2024-10-07,NORTH,Luggage & Bags,train,256.0,278.40966647597463,-22.409666475974632
2024-10-14,NORTH,Luggage & Bags,train,267.0,278.40966647597463,-11.409666475974632
2024-10-21,NORTH,Luggage & Bags,train,318.0,278.40966647597463,39.59033352402537
2024-10-28,NORTH,Luggage & Bags,train,252.0,278.40966647597463,-26.409666475974632
2024-11-04,NORTH,Luggage & Bags,validation,245.0,278.40966647597463,-33.40966647597463
2024-11-11,NORTH,Luggage & Bags,validation,263.0,278.40966647597463,-15.409666475974632
2024-11-18,NORTH,Luggage & Bags,validation,255.0,278.40966647597463,-23.409666475974632
2024-11-25,NORTH,Luggage & Bags,validation,231.0,278.40966647597463,-47.40966647597463
2024-12-02,NORTH,Luggage & Bags,validation,287.0,278.40966647597463,8.590333524025368
2024-12-09,NORTH,Luggage & Bags,validation,318.0,278.40966647597463,39.59033352402537
2024-12-16,NORTH,Luggage & Bags,validation,271.0,278.40966647597463,-7.409666475974632
2024-12-23,NORTH,Luggage & Bags,validation,300.0,278.40966647597463,21.590333524025368
2024-12-30,NORTH,Luggage & Bags,test,279.0,233.99778729738486,45.00221270261514
2025-01-06,NORTH,Luggage & Bags,test,240.0,233.99778729738486,6.0022127026151395
2025-01-13,NORTH,Luggage & Bags,test,221.0,233.99778729738486,-12.99778729738486
2025-01-20,NORTH,Luggage & Bags,test,251.0,233.99778729738486,17.00221270261514
2025-01-27,NORTH,Luggage & Bags,test,213.0,233.99778729738486,-20.99778729738486
2025-02-03,NORTH,Luggage & Bags,test,235.0,233.99778729738486,1.0022127026151395
2025-02-10,NORTH,Luggage & Bags,test,240.0,233.99778729738486,6.0022127026151395
2025-02-17,NORTH,Luggage & Bags,test,240.0,233.99778729738486,6.0022127026151395
2025-02-24,NORTH,Luggage & Bags,test,263.0,343.56395523437965,-80.56395523437965
2025-03-03,NORTH,Luggage & Bags,test,398.0,413.4762349803219,-15.47623498032192
2025-03-10,NORTH,Luggage & Bags,test,420.0,438.9766355476745,-18.976635547674505
2025-03-17,NORTH,Luggage & Bags,test,475.0,464.47703611502703,10.522963884972967
2025-03-24,NORTH,Luggage & Bags,test,490.0,414.971174973609,75.02882502639102
2025-03-31,NORTH,Luggage & Bags,test,264.0,278.40966647597463,-14.409666475974632
2025-04-07,NORTH,Luggage & Bags,test,253.0,278.40966647597463,-25.409666475974632
2025-04-14,NORTH,Luggage & Bags,test,263.0,278.40966647597463,-15.409666475974632
2025-04-21,NORTH,Luggage & Bags,test,268.0,278.40966647597463,-10.409666475974632
2025-04-28,NORTH,Luggage & Bags,test,278.0,278.40966647597463,-0.4096664759746318
2025-05-05,NORTH,Luggage & Bags,test,246.0,278.40966647597463,-32.40966647597463
2025-05-12,NORTH,Luggage & Bags,test,242.0,278.40966647597463,-36.40966647597463
2025-05-19,NORTH,Luggage & Bags,test,240.0,278.40966647597463,-38.40966647597463
2025-05-26,NORTH,Luggage & Bags,test,257.0,321.5918418475325,-64.59184184753252
2025-06-02,NORTH,Luggage & Bags,test,324.0,321.5918418475325,2.408158152467479
2025-06-09,NORTH,Luggage & Bags,test,305.0,321.5918418475325,-16.59184184753252
2025-06-16,NORTH,Luggage & Bags,test,303.0,321.5918418475325,-18.59184184753252
2025-06-23,NORTH,Luggage & Bags,test,325.0,321.5918418475325,3.408158152467479
2025-06-30,NORTH,Luggage & Bags,test,298.0,321.5918418475325,-23.59184184753252
2025-07-07,NORTH,Luggage & Bags,test,281.0,321.5918418475325,-40.59184184753252
2025-07-14,NORTH,Luggage & Bags,test,355.0,321.5918418475325,33.40815815246748
2025-07-21,NORTH,Luggage & Bags,test,314.0,321.5918418475325,-7.591841847532521
2025-07-28,NORTH,Luggage & Bags,test,358.0,321.5918418475325,36.40815815246748
2025-08-04,NORTH,Luggage & Bags,test,306.0,321.5918418475325,-15.591841847532521
2025-08-11,NORTH,Luggage & Bags,test,312.0,321.5918418475325,-9.591841847532521
2025-08-18,NORTH,Luggage & Bags,test,313.0,321.5918418475325,-8.591841847532521
2025-08-25,NORTH,Luggage & Bags,test,299.0,321.5918418475325,-22.59184184753252
2025-09-01,NORTH,Luggage & Bags,test,327.0,326.2750427827728,0.7249572172271996
2025-09-08,NORTH,Luggage & Bags,test,359.0,326.2750427827728,32.7249572172272
2025-09-15,NORTH,Luggage & Bags,test,368.0,326.2750427827728,41.7249572172272
2025-09-22,NORTH,Luggage & Bags,test,350.0,326.2750427827728,23.7249572172272
2025-09-29,NORTH,Luggage & Bags,test,294.0,326.2750427827728,-32.2750427827728
2025-10-06,NORTH,Luggage & Bags,test,232.0,278.40966647597463,-46.40966647597463
2025-10-13,NORTH,Luggage & Bags,test,266.0,278.40966647597463,-12.409666475974632
2025-10-20,NORTH,Luggage & Bags,test,280.0,278.40966647597463,1.5903335240253682
2025-10-27,NORTH,Luggage & Bags,test,261.0,278.40966647597463,-17.409666475974632
2025-11-03,NORTH,Luggage & Bags,test,249.0,278.40966647597463,-29.409666475974632
2025-11-10,NORTH,Luggage & Bags,test,244.0,278.40966647597463,-34.40966647597463
2025-11-17,NORTH,Luggage & Bags,test,254.0,278.40966647597463,-24.409666475974632
2025-11-24,NORTH,Luggage & Bags,test,269.0,278.40966647597463,-9.409666475974632
2025-12-01,NORTH,Luggage & Bags,test,292.0,278.40966647597463,13.590333524025368
2025-12-08,NORTH,Luggage & Bags,test,275.0,278.40966647597463,-3.409666475974632
2025-12-15,NORTH,Luggage & Bags,test,285.0,278.40966647597463,6.590333524025368
2025-12-22,NORTH,Luggage & Bags,test,295.0,278.40966647597463,16.590333524025368
2024-01-01,NORTH,Media,train,110.0,116.12453481096273,-6.124534810962729
2024-01-08,NORTH,Media,train,106.0,116.12453481096273,-10.124534810962729
2024-01-15,NORTH,Media,train,130.0,116.12453481096273,13.875465189037271
2024-01-22,NORTH,Media,train,128.0,116.12453481096273,11.875465189037271
2024-01-29,NORTH,Media,train,123.0,116.12453481096273,6.875465189037271
2024-02-05,NORTH,Media,train,101.0,116.12453481096273,-15.124534810962729
2024-02-12,NORTH,Media,train,118.0,116.12453481096273,1.8754651890372713
2024-02-19,NORTH,Media,train,108.0,116.12453481096273,-8.124534810962729
2024-02-26,NORTH,Media,train,115.0,116.12453481096273,-1.1245348109627287
2024-03-04,NORTH,Media,train,130.0,129.12752333479983,0.8724766652001676
2024-03-11,NORTH,Media,train,181.0,178.99581021335564,2.0041897866443605
2024-03-18,NORTH,Media,train,199.0,197.997460131149,1.0025398688509881
2024-03-25,NORTH,Media,train,209.0,216.9991100489424,-7.999110048942413
2024-04-01,NORTH,Media,train,241.0,236.00075996673579,4.999240033264215
2024-04-08,NORTH,Media,train,211.0,211.0083339553117,-0.00833395531171277
2024-04-15,NORTH,Media,train,136.0,129.12752333479983,6.872476665200168
2024-04-22,NORTH,Media,train,115.0,129.12752333479983,-14.127523334799832
2024-04-29,NORTH,Media,train,132.0,129.12752333479983,2.8724766652001676
2024-05-06,NORTH,Media,train,133.0,129.12752333479983,3.8724766652001676
2024-05-13,NORTH,Media,train,126.0,129.12752333479983,-3.1275233347998324
2024-05-20,NORTH,Media,train,132.0,129.12752333479983,2.8724766652001676
2024-05-27,NORTH,Media,train,128.0,151.81465649172924,-23.814656491729238
2024-06-03,NORTH,Media,train,169.0,151.81465649172924,17.185343508270762
2024-06-10,NORTH,Media,train,144.0,151.81465649172924,-7.814656491729238
2024-06-17,NORTH,Media,train,162.0,151.81465649172924,10.185343508270762
2024-06-24,NORTH,Media,train,187.0,151.81465649172924,35.18534350827076
2024-07-01,NORTH,Media,train,160.0,151.81465649172924,8.185343508270762
2024-07-08,NORTH,Media,train,158.0,151.81465649172924,6.185343508270762
2024-07-15,NORTH,Media,train,142.0,151.81465649172924,-9.814656491729238
2024-07-22,NORTH,Media,train,147.0,151.81465649172924,-4.814656491729238
2024-07-29,NORTH,Media,train,147.0,151.81465649172924,-4.814656491729238
2024-08-05,NORTH,Media,train,156.0,151.81465649172924,4.185343508270762
2024-08-12,NORTH,Media,train,147.0,151.81465649172924,-4.814656491729238
2024-08-19,NORTH,Media,train,148.0,151.81465649172924,-3.814656491729238
2024-08-26,NORTH,Media,train,157.0,178.40485650358676,-21.404856503586757
2024-09-02,NORTH,Media,train,175.0,155.71772334665735,19.28227665334265
2024-09-09,NORTH,Media,train,157.0,155.71772334665735,1.2822766533426488
2024-09-16,NORTH,Media,train,174.0,155.71772334665735,18.28227665334265
2024-09-23,NORTH,Media,train,173.0,155.71772334665735,17.28227665334265
2024-09-30,NORTH,Media,train,121.0,155.71772334665735,-34.71772334665735
2024-10-07,NORTH,Media,train,128.0,129.12752333479983,-1.1275233347998324
2024-10-14,NORTH,Media,train,119.0,129.12752333479983,-10.127523334799832
2024-10-21,NORTH,Media,train,121.0,129.12752333479983,-8.127523334799832
2024-10-28,NORTH,Media,train,127.0,129.12752333479983,-2.1275233347998324
2024-11-04,NORTH,Media,validation,145.0,129.12752333479983,15.872476665200168
2024-11-11,NORTH,Media,validation,117.0,129.12752333479983,-12.127523334799832
2024-11-18,NORTH,Media,validation,120.0,129.12752333479983,-9.127523334799832
2024-11-25,NORTH,Media,validation,128.0,129.12752333479983,-1.1275233347998324
2024-12-02,NORTH,Media,validation,141.0,129.12752333479983,11.872476665200168
2024-12-09,NORTH,Media,validation,143.0,129.12752333479983,13.872476665200168
2024-12-16,NORTH,Media,validation,156.0,129.12752333479983,26.872476665200168
2024-12-23,NORTH,Media,validation,152.0,129.12752333479983,22.872476665200168
2024-12-30,NORTH,Media,test,130.0,116.12453481096273,13.875465189037271
2025-01-06,NORTH,Media,test,88.0,116.12453481096273,-28.12453481096273
2025-01-13,NORTH,Media,test,98.0,116.12453481096273,-18.12453481096273
2025-01-20,NORTH,Media,test,110.0,116.12453481096273,-6.124534810962729
2025-01-27,NORTH,Media,test,115.0,116.12453481096273,-1.1245348109627287
2025-02-03,NORTH,Media,test,118.0,116.12453481096273,1.8754651890372713
2025-02-10,NORTH,Media,test,120.0,116.12453481096273,3.8754651890372713
2025-02-17,NORTH,Media,test,117.0,116.12453481096273,0.8754651890372713
2025-02-24,NORTH,Media,test,144.0,165.99282168951856,-21.992821689518564
2025-03-03,NORTH,Media,test,206.0,197.997460131149,8.002539868850988
2025-03-10,NORTH,Media,test,202.0,216.9991100489424,-14.999110048942413
2025-03-17,NORTH,Media,test,198.0,236.00075996673579,-38.000759966735785
2025-03-24,NORTH,Media,test,270.0,211.0083339553117,58.99166604468829
2025-03-31,NORTH,Media,test,126.0,129.12752333479983,-3.1275233347998324
2025-04-07,NORTH,Media,test,122.0,129.12752333479983,-7.127523334799832
2025-04-14,NORTH,Media,test,118.0,129.12752333479983,-11.127523334799832
2025-04-21,NORTH,Media,test,133.0,129.12752333479983,3.8724766652001676
2025-04-28,NORTH,Media,test,124.0,129.12752333479983,-5.127523334799832
2025-05-05,NORTH,Media,test,127.0,129.12752333479983,-2.1275233347998324
2025-05-12,NORTH,Media,test,124.0,129.12752333479983,-5.127523334799832
2025-05-19,NORTH,Media,test,127.0,129.12752333479983,-2.1275233347998324
2025-05-26,NORTH,Media,test,139.0,151.81465649172924,-12.814656491729238
2025-06-02,NORTH,Media,test,141.0,151.81465649172924,-10.814656491729238
2025-06-09,NORTH,Media,test,158.0,151.81465649172924,6.185343508270762
2025-06-16,NORTH,Media,test,147.0,151.81465649172924,-4.814656491729238
2025-06-23,NORTH,Media,test,157.0,151.81465649172924,5.185343508270762
2025-06-30,NORTH,Media,test,141.0,151.81465649172924,-10.814656491729238
2025-07-07,NORTH,Media,test,161.0,151.81465649172924,9.185343508270762
2025-07-14,NORTH,Media,test,153.0,151.81465649172924,1.185343508270762
2025-07-21,NORTH,Media,test,156.0,151.81465649172924,4.185343508270762
2025-07-28,NORTH,Media,test,157.0,151.81465649172924,5.185343508270762
2025-08-04,NORTH,Media,test,172.0,151.81465649172924,20.185343508270762
2025-08-11,NORTH,Media,test,140.0,151.81465649172924,-11.814656491729238
2025-08-18,NORTH,Media,test,147.0,151.81465649172924,-4.814656491729238
2025-08-25,NORTH,Media,test,156.0,151.81465649172924,4.185343508270762
2025-09-01,NORTH,Media,test,174.0,155.71772334665735,18.28227665334265
2025-09-08,NORTH,Media,test,165.0,155.71772334665735,9.282276653342649
2025-09-15,NORTH,Media,test,170.0,155.71772334665735,14.282276653342649
2025-09-22,NORTH,Media,test,186.0,155.71772334665735,30.28227665334265
2025-09-29,NORTH,Media,test,138.0,155.71772334665735,-17.71772334665735
2025-10-06,NORTH,Media,test,122.0,129.12752333479983,-7.127523334799832
2025-10-13,NORTH,Media,test,117.0,129.12752333479983,-12.127523334799832
2025-10-20,NORTH,Media,test,142.0,129.12752333479983,12.872476665200168
2025-10-27,NORTH,Media,test,113.0,129.12752333479983,-16.127523334799832
2025-11-03,NORTH,Media,test,127.0,129.12752333479983,-2.1275233347998324
2025-11-10,NORTH,Media,test,133.0,129.12752333479983,3.8724766652001676
2025-11-17,NORTH,Media,test,112.0,129.12752333479983,-17.127523334799832
2025-11-24,NORTH,Media,test,109.0,129.12752333479983,-20.127523334799832
2025-12-01,NORTH,Media,test,145.0,129.12752333479983,15.872476665200168
2025-12-08,NORTH,Media,test,140.0,129.12752333479983,10.872476665200168
2025-12-15,NORTH,Media,test,146.0,129.12752333479983,16.872476665200168
2025-12-22,NORTH,Media,test,150.0,129.12752333479983,20.872476665200168
2024-01-01,NORTH,Office Supplies,train,238.0,248.12773502349748,-10.127735023497479
2024-01-08,NORTH,Office Supplies,train,243.0,248.12773502349748,-5.127735023497479
2024-01-15,NORTH,Office Supplies,train,223.0,248.12773502349748,-25.12773502349748
2024-01-22,NORTH,Office Supplies,train,267.0,248.12773502349748,18.87226497650252
2024-01-29,NORTH,Office Supplies,train,269.0,248.12773502349748,20.87226497650252
2024-02-05,NORTH,Office Supplies,train,228.0,248.12773502349748,-20.12773502349748
2024-02-12,NORTH,Office Supplies,train,242.0,248.12773502349748,-6.127735023497479
2024-02-19,NORTH,Office Supplies,train,232.0,248.12773502349748,-16.12773502349748
2024-02-26,NORTH,Office Supplies,train,281.0,248.12773502349748,32.87226497650252
2024-03-04,NORTH,Office Supplies,train,308.0,282.778928035553,25.221071964446992
2024-03-11,NORTH,Office Supplies,train,420.0,420.17647909388853,-0.17647909388853122
2024-03-18,NORTH,Office Supplies,train,439.0,439.3784250157529,-0.3784250157528959
2024-03-25,NORTH,Office Supplies,train,460.0,458.58037093761726,1.4196290623827394
2024-04-01,NORTH,Office Supplies,train,477.0,477.7823168594816,-0.7823168594816252
2024-04-08,NORTH,Office Supplies,train,478.0,477.99626094808923,0.0037390519107702858
2024-04-15,NORTH,Office Supplies,train,298.0,282.778928035553,15.221071964446992
2024-04-22,NORTH,Office Supplies,train,266.0,282.778928035553,-16.778928035553008
2024-04-29,NORTH,Office Supplies,train,265.0,282.778928035553,-17.778928035553008
2024-05-06,NORTH,Office Supplies,train,260.0,282.778928035553,-22.778928035553008
2024-05-13,NORTH,Office Supplies,train,295.0,282.778928035553,12.221071964446992
2024-05-20,NORTH,Office Supplies,train,286.0,282.778928035553,3.221071964446992
2024-05-27,NORTH,Office Supplies,train,304.0,311.49134379491164,-7.491343794911643
2024-06-03,NORTH,Office Supplies,train,328.0,311.49134379491164,16.508656205088357
2024-06-10,NORTH,Office Supplies,train,307.0,311.49134379491164,-4.491343794911643
2024-06-17,NORTH,Office Supplies,train,321.0,311.49134379491164,9.508656205088357
2024-06-24,NORTH,Office Supplies,train,294.0,311.49134379491164,-17.491343794911643
2024-07-01,NORTH,Office Supplies,train,275.0,311.49134379491164,-36.49134379491164
2024-07-08,NORTH,Office Supplies,train,344.0,311.49134379491164,32.50865620508836
2024-07-15,NORTH,Office Supplies,train,309.0,311.49134379491164,-2.491343794911643
2024-07-22,NORTH,Office Supplies,train,329.0,311.49134379491164,17.508656205088357
2024-07-29,NORTH,Office Supplies,train,320.0,311.49134379491164,8.508656205088357
2024-08-05,NORTH,Office Supplies,train,320.0,311.49134379491164,8.508656205088357
2024-08-12,NORTH,Office Supplies,train,332.0,311.49134379491164,20.508656205088357
2024-08-19,NORTH,Office Supplies,train,321.0,311.49134379491164,9.508656205088357
2024-08-26,NORTH,Office Supplies,train,307.0,361.59456190017397,-54.59456190017397
2024-09-02,NORTH,Office Supplies,train,336.0,332.8821461408154,3.1178538591846063
2024-09-09,NORTH,Office Supplies,train,355.0,332.8821461408154,22.117853859184606
2024-09-16,NORTH,Office Supplies,train,373.0,332.8821461408154,40.117853859184606
2024-09-23,NORTH,Office Supplies,train,364.0,332.8821461408154,31.117853859184606
2024-09-30,NORTH,Office Supplies,train,291.0,332.8821461408154,-41.882146140815394
2024-10-07,NORTH,Office Supplies,train,289.0,282.778928035553,6.221071964446992
2024-10-14,NORTH,Office Supplies,train,267.0,282.778928035553,-15.778928035553008
2024-10-21,NORTH,Office Supplies,train,287.0,282.778928035553,4.221071964446992
2024-10-28,NORTH,Office Supplies,train,235.0,282.778928035553,-47.77892803555301
2024-11-04,NORTH,Office Supplies,validation,267.0,282.778928035553,-15.778928035553008
2024-11-11,NORTH,Office Supplies,validation,267.0,282.778928035553,-15.778928035553008
2024-11-18,NORTH,Office Supplies,validation,249.0,282.778928035553,-33.77892803555301
2024-11-25,NORTH,Office Supplies,validation,276.0,282.778928035553,-6.778928035553008
2024-12-02,NORTH,Office Supplies,validation,291.0,282.778928035553,8.221071964446992
2024-12-09,NORTH,Office Supplies,validation,317.0,282.778928035553,34.22107196444699
2024-12-16,NORTH,Office Supplies,validation,333.0,282.778928035553,50.22107196444699
2024-12-23,NORTH,Office Supplies,validation,316.0,282.778928035553,33.22107196444699
2024-12-30,NORTH,Office Supplies,test,274.0,248.12773502349748,25.87226497650252
2025-01-06,NORTH,Office Supplies,test,234.0,248.12773502349748,-14.127735023497479
2025-01-13,NORTH,Office Supplies,test,244.0,248.12773502349748,-4.127735023497479
2025-01-20,NORTH,Office Supplies,test,238.0,248.12773502349748,-10.127735023497479
2025-01-27,NORTH,Office Supplies,test,218.0,248.12773502349748,-30.12773502349748
2025-02-03,NORTH,Office Supplies,test,270.0,248.12773502349748,21.87226497650252
2025-02-10,NORTH,Office Supplies,test,282.0,248.12773502349748,33.87226497650252
2025-02-17,NORTH,Office Supplies,test,237.0,248.12773502349748,-11.127735023497479
2025-02-24,NORTH,Office Supplies,test,289.0,385.525286081833,-96.52528608183297
2025-03-03,NORTH,Office Supplies,test,394.0,439.3784250157529,-45.378425015752896
2025-03-10,NORTH,Office Supplies,test,415.0,458.58037093761726,-43.58037093761726
2025-03-17,NORTH,Office Supplies,test,486.0,477.7823168594816,8.217683140518375
2025-03-24,NORTH,Office Supplies,test,523.0,477.99626094808923,45.00373905191077
2025-03-31,NORTH,Office Supplies,test,258.0,282.778928035553,-24.778928035553008
2025-04-07,NORTH,Office Supplies,test,245.0,282.778928035553,-37.77892803555301
2025-04-14,NORTH,Office Supplies,test,271.0,282.778928035553,-11.778928035553008
2025-04-21,NORTH,Office Supplies,test,278.0,282.778928035553,-4.778928035553008
2025-04-28,NORTH,Office Supplies,test,290.0,282.778928035553,7.221071964446992
2025-05-05,NORTH,Office Supplies,test,279.0,282.778928035553,-3.778928035553008
2025-05-12,NORTH,Office Supplies,test,257.0,282.778928035553,-25.778928035553008
2025-05-19,NORTH,Office Supplies,test,247.0,282.778928035553,-35.77892803555301
2025-05-26,NORTH,Office Supplies,test,269.0,311.49134379491164,-42.49134379491164
2025-06-02,NORTH,Office Supplies,test,353.0,311.49134379491164,41.50865620508836
2025-06-09,NORTH,Office Supplies,test,309.0,311.49134379491164,-2.491343794911643
2025-06-16,NORTH,Office Supplies,test,352.0,311.49134379491164,40.50865620508836
2025-06-23,NORTH,Office Supplies,test,340.0,311.49134379491164,28.508656205088357
2025-06-30,NORTH,Office Supplies,test,343.0,311.49134379491164,31.508656205088357
2025-07-07,NORTH,Office Supplies,test,294.0,311.49134379491164,-17.491343794911643
2025-07-14,NORTH,Office Supplies,test,319.0,311.49134379491164,7.508656205088357
2025-07-21,NORTH,Office Supplies,test,327.0,311.49134379491164,15.508656205088357
2025-07-28,NORTH,Office Supplies,test,310.0,311.49134379491164,-1.4913437949116428
2025-08-04,NORTH,Office Supplies,test,350.0,311.49134379491164,38.50865620508836
2025-08-11,NORTH,Office Supplies,test,312.0,311.49134379491164,0.5086562050883572
2025-08-18,NORTH,Office Supplies,test,314.0,311.49134379491164,2.508656205088357
2025-08-25,NORTH,Office Supplies,test,314.0,311.49134379491164,2.508656205088357
2025-09-01,NORTH,Office Supplies,test,335.0,332.8821461408154,2.1178538591846063
2025-09-08,NORTH,Office Supplies,test,366.0,332.8821461408154,33.117853859184606
2025-09-15,NORTH,Office Supplies,test,344.0,332.8821461408154,11.117853859184606
2025-09-22,NORTH,Office Supplies,test,364.0,332.8821461408154,31.117853859184606
2025-09-29,NORTH,Office Supplies,test,279.0,332.8821461408154,-53.882146140815394
2025-10-06,NORTH,Office Supplies,test,230.0,282.778928035553,-52.77892803555301
2025-10-13,NORTH,Office Supplies,test,258.0,282.778928035553,-24.778928035553008
2025-10-20,NORTH,Office Supplies,test,274.0,282.778928035553,-8.778928035553008
2025-10-27,NORTH,Office Supplies,test,258.0,282.778928035553,-24.778928035553008
2025-11-03,NORTH,Office Supplies,test,256.0,282.778928035553,-26.778928035553008
2025-11-10,NORTH,Office Supplies,test,259.0,282.778928035553,-23.778928035553008
2025-11-17,NORTH,Office Supplies,test,275.0,282.778928035553,-7.778928035553008
2025-11-24,NORTH,Office Supplies,test,298.0,282.778928035553,15.221071964446992
2025-12-01,NORTH,Office Supplies,test,290.0,282.778928035553,7.221071964446992
2025-12-08,NORTH,Office Supplies,test,277.0,282.778928035553,-5.778928035553008
2025-12-15,NORTH,Office Supplies,test,310.0,282.778928035553,27.221071964446992
2025-12-22,NORTH,Office Supplies,test,285.0,282.778928035553,2.221071964446992
2024-01-01,NORTH,Software,train,21.0,22.624857647276706,-1.6248576472767056
2024-01-08,NORTH,Software,train,19.0,22.624857647276706,-3.6248576472767056
2024-01-15,NORTH,Software,train,26.0,22.624857647276706,3.3751423527232944
2024-01-22,NORTH,Software,train,21.0,22.624857647276706,-1.6248576472767056
2024-01-29,NORTH,Software,train,13.0,22.624857647276706,-9.624857647276706
2024-02-05,NORTH,Software,train,24.0,22.624857647276706,1.3751423527232944
2024-02-12,NORTH,Software,train,28.0,22.624857647276706,5.375142352723294
2024-02-19,NORTH,Software,train,24.0,22.624857647276706,1.3751423527232944
2024-02-26,NORTH,Software,train,26.0,22.624857647276706,3.3751423527232944
2024-03-04,NORTH,Software,train,31.0,26.562295151044435,4.4377048489555655
2024-03-11,NORTH,Software,train,39.0,38.797950337144,0.20204966285599824
2024-03-18,NORTH,Software,train,34.0,39.09854408079229,-5.098544080792287
2024-03-25,NORTH,Software,train,49.0,39.399137824440565,9.600862175559435
2024-04-01,NORTH,Software,train,35.0,39.69973156808885,-4.6997315680888505
2024-04-08,NORTH,Software,train,43.0,43.00300676125469,-0.0030067612546886835
2024-04-15,NORTH,Software,train,29.0,26.562295151044435,2.4377048489555655
2024-04-22,NORTH,Software,train,30.0,26.562295151044435,3.4377048489555655
2024-04-29,NORTH,Software,train,28.0,26.562295151044435,1.4377048489555655
2024-05-06,NORTH,Software,train,34.0,26.562295151044435,7.4377048489555655
2024-05-13,NORTH,Software,train,29.0,26.562295151044435,2.4377048489555655
2024-05-20,NORTH,Software,train,23.0,26.562295151044435,-3.5622951510444345
2024-05-27,NORTH,Software,train,18.0,29.98555983626266,-11.98555983626266
2024-06-03,NORTH,Software,train,21.0,29.98555983626266,-8.98555983626266
2024-06-10,NORTH,Software,train,36.0,29.98555983626266,6.014440163737341
2024-06-17,NORTH,Software,train,41.0,29.98555983626266,11.01444016373734
2024-06-24,NORTH,Software,train,32.0,29.98555983626266,2.0144401637373406
2024-07-01,NORTH,Software,train,32.0,29.98555983626266,2.0144401637373406
2024-07-08,NORTH,Software,train,30.0,29.98555983626266,0.014440163737340583
2024-07-15,NORTH,Software,train,24.0,29.98555983626266,-5.985559836262659
2024-07-22,NORTH,Software,train,37.0,29.98555983626266,7.014440163737341
2024-07-29,NORTH,Software,train,31.0,29.98555983626266,1.0144401637373406
2024-08-05,NORTH,Software,train,36.0,29.98555983626266,6.014440163737341
2024-08-12,NORTH,Software,train,29.0,29.98555983626266,-0.9855598362626594
2024-08-19,NORTH,Software,train,29.0,29.98555983626266,-0.9855598362626594
2024-08-26,NORTH,Software,train,29.0,35.18568056539149,-6.185680565391493
2024-09-02,NORTH,Software,train,43.0,31.76241588017327,11.237584119826732
2024-09-09,NORTH,Software,train,35.0,31.76241588017327,3.2375841198267317
2024-09-16,NORTH,Software,train,28.0,31.76241588017327,-3.7624158801732683
2024-09-23,NORTH,Software,train,37.0,31.76241588017327,5.237584119826732
2024-09-30,NORTH,Software,train,22.0,31.76241588017327,-9.762415880173268
2024-10-07,NORTH,Software,train,20.0,26.562295151044435,-6.5622951510444345
2024-10-14,NORTH,Software,train,22.0,26.562295151044435,-4.5622951510444345
2024-10-21,NORTH,Software,train,18.0,26.562295151044435,-8.562295151044435
2024-10-28,NORTH,Software,train,22.0,26.562295151044435,-4.5622951510444345
2024-11-04,NORTH,Software,validation,29.0,26.562295151044435,2.4377048489555655
2024-11-11,NORTH,Software,validation,13.0,26.562295151044435,-13.562295151044435
2024-11-18,NORTH,Software,validation,31.0,26.562295151044435,4.4377048489555655
2024-11-25,NORTH,Software,validation,26.0,26.562295151044435,-0.5622951510444345
2024-12-02,NORTH,Software,validation,32.0,26.562295151044435,5.4377048489555655
2024-12-09,NORTH,Software,validation,23.0,26.562295151044435,-3.5622951510444345
2024-12-16,NORTH,Software,validation,16.0,26.562295151044435,-10.562295151044435
2024-12-23,NORTH,Software,validation,38.0,26.562295151044435,11.437704848955565
2024-12-30,NORTH,Software,test,21.0,22.624857647276706,-1.6248576472767056
2025-01-06,NORTH,Software,test,25.0,22.624857647276706,2.3751423527232944
2025-01-13,NORTH,Software,test,20.0,22.624857647276706,-2.6248576472767056
2025-01-20,NORTH,Software,test,20.0,22.624857647276706,-2.6248576472767056
2025-01-27,NORTH,Software,test,18.0,22.624857647276706,-4.624857647276706
2025-02-03,NORTH,Software,test,19.0,22.624857647276706,-3.6248576472767056
2025-02-10,NORTH,Software,test,20.0,22.624857647276706,-2.6248576472767056
2025-02-17,NORTH,Software,test,19.0,22.624857647276706,-3.6248576472767056
2025-02-24,NORTH,Software,test,25.0,34.860512833376276,-9.860512833376276
2025-03-03,NORTH,Software,test,38.0,39.09854408079229,-1.098544080792287
2025-03-10,NORTH,Software,test,39.0,39.399137824440565,-0.3991378244405652
2025-03-17,NORTH,Software,test,41.0,39.69973156808885,1.3002684319111495
2025-03-24,NORTH,Software,test,48.0,43.00300676125469,4.996993238745311
2025-03-31,NORTH,Software,test,20.0,26.562295151044435,-6.5622951510444345
2025-04-07,NORTH,Software,test,30.0,26.562295151044435,3.4377048489555655
2025-04-14,NORTH,Software,test,29.0,26.562295151044435,2.4377048489555655
2025-04-21,NORTH,Software,test,33.0,26.562295151044435,6.4377048489555655
2025-04-28,NORTH,Software,test,22.0,26.562295151044435,-4.5622951510444345
2025-05-05,NORTH,Software,test,25.0,26.562295151044435,-1.5622951510444345
2025-05-12,NORTH,Software,test,25.0,26.562295151044435,-1.5622951510444345
2025-05-19,NORTH,Software,test,26.0,26.562295151044435,-0.5622951510444345
2025-05-26,NORTH,Software,test,33.0,29.98555983626266,3.0144401637373406
2025-06-02,NORTH,Software,test,29.0,29.98555983626266,-0.9855598362626594
2025-06-09,NORTH,Software,test,21.0,29.98555983626266,-8.98555983626266
2025-06-16,NORTH,Software,test,38.0,29.98555983626266,8.01444016373734
2025-06-23,NORTH,Software,test,31.0,29.98555983626266,1.0144401637373406
2025-06-30,NORTH,Software,test,35.0,29.98555983626266,5.014440163737341
2025-07-07,NORTH,Software,test,26.0,29.98555983626266,-3.9855598362626594
2025-07-14,NORTH,Software,test,36.0,29.98555983626266,6.014440163737341
2025-07-21,NORTH,Software,test,39.0,29.98555983626266,9.01444016373734
2025-07-28,NORTH,Software,test,30.0,29.98555983626266,0.014440163737340583
2025-08-04,NORTH,Software,test,34.0,29.98555983626266,4.014440163737341
2025-08-11,NORTH,Software,test,26.0,29.98555983626266,-3.9855598362626594
2025-08-18,NORTH,Software,test,34.0,29.98555983626266,4.014440163737341
2025-08-25,NORTH,Software,test,32.0,29.98555983626266,2.0144401637373406
2025-09-01,NORTH,Software,test,27.0,31.76241588017327,-4.762415880173268
2025-09-08,NORTH,Software,test,37.0,31.76241588017327,5.237584119826732
2025-09-15,NORTH,Software,test,31.0,31.76241588017327,-0.7624158801732683
2025-09-22,NORTH,Software,test,18.0,31.76241588017327,-13.762415880173268
2025-09-29,NORTH,Software,test,30.0,31.76241588017327,-1.7624158801732683
2025-10-06,NORTH,Software,test,26.0,26.562295151044435,-0.5622951510444345
2025-10-13,NORTH,Software,test,36.0,26.562295151044435,9.437704848955565
2025-10-20,NORTH,Software,test,27.0,26.562295151044435,0.4377048489555655
2025-10-27,NORTH,Software,test,30.0,26.562295151044435,3.4377048489555655
2025-11-03,NORTH,Software,test,34.0,26.562295151044435,7.4377048489555655
2025-11-10,NORTH,Software,test,24.0,26.562295151044435,-2.5622951510444345
2025-11-17,NORTH,Software,test,19.0,26.562295151044435,-7.5622951510444345
2025-11-24,NORTH,Software,test,19.0,26.562295151044435,-7.5622951510444345
2025-12-01,NORTH,Software,test,33.0,26.562295151044435,6.4377048489555655
2025-12-08,NORTH,Software,test,20.0,26.562295151044435,-6.5622951510444345
2025-12-15,NORTH,Software,test,22.0,26.562295151044435,-4.5622951510444345
2025-12-22,NORTH,Software,test,21.0,26.562295151044435,-5.5622951510444345
2024-01-01,NORTH,Sporting Goods,train,244.0,236.8773335619576,7.122666438042387
2024-01-08,NORTH,Sporting Goods,train,228.0,236.8773335619576,-8.877333561957613
2024-01-15,NORTH,Sporting Goods,train,227.0,236.8773335619576,-9.877333561957613
2024-01-22,NORTH,Sporting Goods,train,242.0,236.8773335619576,5.122666438042387
2024-01-29,NORTH,Sporting Goods,train,237.0,236.8773335619576,0.12266643804238697
2024-02-05,NORTH,Sporting Goods,train,233.0,236.8773335619576,-3.877333561957613
2024-02-12,NORTH,Sporting Goods,train,257.0,236.8773335619576,20.122666438042387
2024-02-19,NORTH,Sporting Goods,train,251.0,236.8773335619576,14.122666438042387
2024-02-26,NORTH,Sporting Goods,train,220.0,236.8773335619576,-16.877333561957613
2024-03-04,NORTH,Sporting Goods,train,273.0,272.87798444601685,0.12201555398314667
2024-03-11,NORTH,Sporting Goods,train,364.0,371.1233385747736,-7.123338574773584
2024-03-18,NORTH,Sporting Goods,train,418.0,407.2231335801854,10.77686641981461
2024-03-25,NORTH,Sporting Goods,train,443.0,443.32292858559714,-0.3229285855971398
2024-04-01,NORTH,Sporting Goods,train,476.0,479.42272359100895,-3.422723591008946
2024-04-08,NORTH,Sporting Goods,train,428.0,428.01367541693685,-0.013675416936848706
2024-04-15,NORTH,Sporting Goods,train,273.0,272.87798444601685,0.12201555398314667
2024-04-22,NORTH,Sporting Goods,train,255.0,272.87798444601685,-17.877984446016853
2024-04-29,NORTH,Sporting Goods,train,261.0,272.87798444601685,-11.877984446016853
2024-05-06,NORTH,Sporting Goods,train,266.0,272.87798444601685,-6.877984446016853
2024-05-13,NORTH,Sporting Goods,train,250.0,272.87798444601685,-22.877984446016853
2024-05-20,NORTH,Sporting Goods,train,285.0,272.87798444601685,12.122015553983147
2024-05-27,NORTH,Sporting Goods,train,290.0,319.9388092844869,-29.938809284486922
2024-06-03,NORTH,Sporting Goods,train,353.0,319.9388092844869,33.06119071551308
2024-06-10,NORTH,Sporting Goods,train,347.0,319.9388092844869,27.061190715513078
2024-06-17,NORTH,Sporting Goods,train,320.0,319.9388092844869,0.061190715513077976
2024-06-24,NORTH,Sporting Goods,train,314.0,319.9388092844869,-5.938809284486922
2024-07-01,NORTH,Sporting Goods,train,343.0,319.9388092844869,23.061190715513078
2024-07-08,NORTH,Sporting Goods,train,317.0,319.9388092844869,-2.938809284486922
2024-07-15,NORTH,Sporting Goods,train,295.0,319.9388092844869,-24.938809284486922
2024-07-22,NORTH,Sporting Goods,train,283.0,319.9388092844869,-36.93880928448692
2024-07-29,NORTH,Sporting Goods,train,338.0,319.9388092844869,18.061190715513078
2024-08-05,NORTH,Sporting Goods,train,309.0,319.9388092844869,-10.938809284486922
2024-08-12,NORTH,Sporting Goods,train,366.0,319.9388092844869,46.06119071551308
2024-08-19,NORTH,Sporting Goods,train,327.0,319.9388092844869,7.061190715513078
2024-08-26,NORTH,Sporting Goods,train,323.0,365.73652500689866,-42.73652500689866
2024-09-02,NORTH,Sporting Goods,train,362.0,318.6757001684286,43.32429983157141
2024-09-09,NORTH,Sporting Goods,train,342.0,318.6757001684286,23.32429983157141
2024-09-16,NORTH,Sporting Goods,train,334.0,318.6757001684286,15.324299831571409
2024-09-23,NORTH,Sporting Goods,train,315.0,318.6757001684286,-3.675700168428591
2024-09-30,NORTH,Sporting Goods,train,283.0,318.6757001684286,-35.67570016842859
2024-10-07,NORTH,Sporting Goods,train,277.0,272.87798444601685,4.122015553983147
2024-10-14,NORTH,Sporting Goods,train,235.0,272.87798444601685,-37.87798444601685
2024-10-21,NORTH,Sporting Goods,train,282.0,272.87798444601685,9.122015553983147
2024-10-28,NORTH,Sporting Goods,train,302.0,272.87798444601685,29.122015553983147
2024-11-04,NORTH,Sporting Goods,validation,273.0,272.87798444601685,0.12201555398314667
2024-11-11,NORTH,Sporting Goods,validation,276.0,272.87798444601685,3.1220155539831467
2024-11-18,NORTH,Sporting Goods,validation,248.0,272.87798444601685,-24.877984446016853
2024-11-25,NORTH,Sporting Goods,validation,286.0,272.87798444601685,13.122015553983147
2024-12-02,NORTH,Sporting Goods,validation,268.0,272.87798444601685,-4.877984446016853
2024-12-09,NORTH,Sporting Goods,validation,244.0,272.87798444601685,-28.877984446016853
2024-12-16,NORTH,Sporting Goods,validation,297.0,272.87798444601685,24.122015553983147
2024-12-23,NORTH,Sporting Goods,validation,293.0,272.87798444601685,20.122015553983147
2024-12-30,NORTH,Sporting Goods,test,257.0,236.8773335619576,20.122666438042387
2025-01-06,NORTH,Sporting Goods,test,259.0,236.8773335619576,22.122666438042387
2025-01-13,NORTH,Sporting Goods,test,227.0,236.8773335619576,-9.877333561957613
2025-01-20,NORTH,Sporting Goods,test,226.0,236.8773335619576,-10.877333561957613
2025-01-27,NORTH,Sporting Goods,test,272.0,236.8773335619576,35.12266643804239
2025-02-03,NORTH,Sporting Goods,test,225.0,236.8773335619576,-11.877333561957613
2025-02-10,NORTH,Sporting Goods,test,243.0,236.8773335619576,6.122666438042387
2025-02-17,NORTH,Sporting Goods,test,217.0,236.8773335619576,-19.877333561957613
2025-02-24,NORTH,Sporting Goods,test,265.0,335.1226876907143,-70.12268769071432
2025-03-03,NORTH,Sporting Goods,test,401.0,407.2231335801854,-6.22313358018539
2025-03-10,NORTH,Sporting Goods,test,464.0,443.32292858559714,20.67707141440286
2025-03-17,NORTH,Sporting Goods,test,490.0,479.42272359100895,10.577276408991054
2025-03-24,NORTH,Sporting Goods,test,523.0,428.01367541693685,94.98632458306315
2025-03-31,NORTH,Sporting Goods,test,271.0,272.87798444601685,-1.8779844460168533
2025-04-07,NORTH,Sporting Goods,test,269.0,272.87798444601685,-3.8779844460168533
2025-04-14,NORTH,Sporting Goods,test,226.0,272.87798444601685,-46.87798444601685
2025-04-21,NORTH,Sporting Goods,test,255.0,272.87798444601685,-17.877984446016853
2025-04-28,NORTH,Sporting Goods,test,256.0,272.87798444601685,-16.877984446016853
2025-05-05,NORTH,Sporting Goods,test,266.0,272.87798444601685,-6.877984446016853
2025-05-12,NORTH,Sporting Goods,test,295.0,272.87798444601685,22.122015553983147
2025-05-19,NORTH,Sporting Goods,test,268.0,272.87798444601685,-4.877984446016853
2025-05-26,NORTH,Sporting Goods,test,295.0,319.9388092844869,-24.938809284486922
2025-06-02,NORTH,Sporting Goods,test,350.0,319.9388092844869,30.061190715513078
2025-06-09,NORTH,Sporting Goods,test,318.0,319.9388092844869,-1.938809284486922
2025-06-16,NORTH,Sporting Goods,test,326.0,319.9388092844869,6.061190715513078
2025-06-23,NORTH,Sporting Goods,test,327.0,319.9388092844869,7.061190715513078
2025-06-30,NORTH,Sporting Goods,test,304.0,319.9388092844869,-15.938809284486922
2025-07-07,NORTH,Sporting Goods,test,324.0,319.9388092844869,4.061190715513078
2025-07-14,NORTH,Sporting Goods,test,295.0,319.9388092844869,-24.938809284486922
2025-07-21,NORTH,Sporting Goods,test,312.0,319.9388092844869,-7.938809284486922
2025-07-28,NORTH,Sporting Goods,test,333.0,319.9388092844869,13.061190715513078
2025-08-04,NORTH,Sporting Goods,test,316.0,319.9388092844869,-3.938809284486922
2025-08-11,NORTH,Sporting Goods,test,335.0,319.9388092844869,15.061190715513078
2025-08-18,NORTH,Sporting Goods,test,335.0,319.9388092844869,15.061190715513078
2025-08-25,NORTH,Sporting Goods,test,328.0,319.9388092844869,8.061190715513078
2025-09-01,NORTH,Sporting Goods,test,345.0,318.6757001684286,26.32429983157141
2025-09-08,NORTH,Sporting Goods,test,347.0,318.6757001684286,28.32429983157141
2025-09-15,NORTH,Sporting Goods,test,362.0,318.6757001684286,43.32429983157141
2025-09-22,NORTH,Sporting Goods,test,365.0,318.6757001684286,46.32429983157141
2025-09-29,NORTH,Sporting Goods,test,291.0,318.6757001684286,-27.67570016842859
2025-10-06,NORTH,Sporting Goods,test,286.0,272.87798444601685,13.122015553983147
2025-10-13,NORTH,Sporting Goods,test,282.0,272.87798444601685,9.122015553983147
2025-10-20,NORTH,Sporting Goods,test,261.0,272.87798444601685,-11.877984446016853
2025-10-27,NORTH,Sporting Goods,test,310.0,272.87798444601685,37.12201555398315
2025-11-03,NORTH,Sporting Goods,test,255.0,272.87798444601685,-17.877984446016853
2025-11-10,NORTH,Sporting Goods,test,251.0,272.87798444601685,-21.877984446016853
2025-11-17,NORTH,Sporting Goods,test,252.0,272.87798444601685,-20.877984446016853
2025-11-24,NORTH,Sporting Goods,test,271.0,272.87798444601685,-1.8779844460168533
2025-12-01,NORTH,Sporting Goods,test,282.0,272.87798444601685,9.122015553983147
2025-12-08,NORTH,Sporting Goods,test,274.0,272.87798444601685,1.1220155539831467
2025-12-15,NORTH,Sporting Goods,test,318.0,272.87798444601685,45.12201555398315
2025-12-22,NORTH,Sporting Goods,test,300.0,272.87798444601685,27.122015553983147
2024-01-01,NORTH,Vehicles & Parts,train,281.0,244.62591619765385,36.37408380234615
2024-01-08,NORTH,Vehicles & Parts,train,260.0,244.62591619765385,15.37408380234615
2024-01-15,NORTH,Vehicles & Parts,train,249.0,244.62591619765385,4.374083802346149
2024-01-22,NORTH,Vehicles & Parts,train,260.0,244.62591619765385,15.37408380234615
2024-01-29,NORTH,Vehicles & Parts,train,243.0,244.62591619765385,-1.6259161976538508
2024-02-05,NORTH,Vehicles & Parts,train,206.0,244.62591619765385,-38.62591619765385
2024-02-12,NORTH,Vehicles & Parts,train,258.0,244.62591619765385,13.37408380234615
2024-02-19,NORTH,Vehicles & Parts,train,214.0,244.62591619765385,-30.62591619765385
2024-02-26,NORTH,Vehicles & Parts,train,267.0,244.62591619765385,22.37408380234615
2024-03-04,NORTH,Vehicles & Parts,train,294.0,277.5982425795184,16.4017574204816
2024-03-11,NORTH,Vehicles & Parts,train,353.0,361.1455990181895,-8.1455990181895
2024-03-18,NORTH,Vehicles & Parts,train,428.0,412.23581222030987,15.764187779690133
2024-03-25,NORTH,Vehicles & Parts,train,456.0,463.3260254224303,-7.326025422430291
2024-04-01,NORTH,Vehicles & Parts,train,514.0,514.4162386245507,-0.41623862455071503
2024-04-08,NORTH,Vehicles & Parts,train,420.0,419.96110702596894,0.03889297403105729
2024-04-15,NORTH,Vehicles & Parts,train,285.0,277.5982425795184,7.4017574204816015
2024-04-22,NORTH,Vehicles & Parts,train,274.0,277.5982425795184,-3.5982425795183985
2024-04-29,NORTH,Vehicles & Parts,train,290.0,277.5982425795184,12.401757420481601
2024-05-06,NORTH,Vehicles & Parts,train,263.0,277.5982425795184,-14.598242579518399
2024-05-13,NORTH,Vehicles & Parts,train,256.0,277.5982425795184,-21.5982425795184
2024-05-20,NORTH,Vehicles & Parts,train,303.0,277.5982425795184,25.4017574204816
2024-05-27,NORTH,Vehicles & Parts,train,281.0,318.33878979258213,-37.33878979258213
2024-06-03,NORTH,Vehicles & Parts,train,313.0,318.33878979258213,-5.3387897925821335
2024-06-10,NORTH,Vehicles & Parts,train,325.0,318.33878979258213,6.6612102074178665
2024-06-17,NORTH,Vehicles & Parts,train,356.0,318.33878979258213,37.66121020741787
2024-06-24,NORTH,Vehicles & Parts,train,332.0,318.33878979258213,13.661210207417867
2024-07-01,NORTH,Vehicles & Parts,train,314.0,318.33878979258213,-4.3387897925821335
2024-07-08,NORTH,Vehicles & Parts,train,319.0,318.33878979258213,0.6612102074178665
2024-07-15,NORTH,Vehicles & Parts,train,310.0,318.33878979258213,-8.338789792582133
2024-07-22,NORTH,Vehicles & Parts,train,329.0,318.33878979258213,10.661210207417867
2024-07-29,NORTH,Vehicles & Parts,train,323.0,318.33878979258213,4.6612102074178665
2024-08-05,NORTH,Vehicles & Parts,train,324.0,318.33878979258213,5.6612102074178665
2024-08-12,NORTH,Vehicles & Parts,train,307.0,318.33878979258213,-11.338789792582133
2024-08-19,NORTH,Vehicles & Parts,train,335.0,318.33878979258213,16.661210207417867
2024-08-26,NORTH,Vehicles & Parts,train,335.0,364.6078630213591,-29.607863021359094
2024-09-02,NORTH,Vehicles & Parts,train,331.0,323.86731580829536,7.132684191704641
2024-09-09,NORTH,Vehicles & Parts,train,352.0,323.86731580829536,28.13268419170464
2024-09-16,NORTH,Vehicles & Parts,train,361.0,323.86731580829536,37.13268419170464
2024-09-23,NORTH,Vehicles & Parts,train,331.0,323.86731580829536,7.132684191704641
2024-09-30,NORTH,Vehicles & Parts,train,274.0,323.86731580829536,-49.86731580829536
2024-10-07,NORTH,Vehicles & Parts,train,275.0,277.5982425795184,-2.5982425795183985
2024-10-14,NORTH,Vehicles & Parts,train,271.0,277.5982425795184,-6.5982425795183985
2024-10-21,NORTH,Vehicles & Parts,train,250.0,277.5982425795184,-27.5982425795184
2024-10-28,NORTH,Vehicles & Parts,train,263.0,277.5982425795184,-14.598242579518399
2024-11-04,NORTH,Vehicles & Parts,validation,301.0,277.5982425795184,23.4017574204816
2024-11-11,NORTH,Vehicles & Parts,validation,268.0,277.5982425795184,-9.598242579518399
2024-11-18,NORTH,Vehicles & Parts,validation,284.0,277.5982425795184,6.4017574204816015
2024-11-25,NORTH,Vehicles & Parts,validation,288.0,277.5982425795184,10.401757420481601
2024-12-02,NORTH,Vehicles & Parts,validation,280.0,277.5982425795184,2.4017574204816015
2024-12-09,NORTH,Vehicles & Parts,validation,286.0,277.5982425795184,8.401757420481601
2024-12-16,NORTH,Vehicles & Parts,validation,307.0,277.5982425795184,29.4017574204816
2024-12-23,NORTH,Vehicles & Parts,validation,332.0,277.5982425795184,54.4017574204816
2024-12-30,NORTH,Vehicles & Parts,test,289.0,244.62591619765385,44.37408380234615
2025-01-06,NORTH,Vehicles & Parts,test,254.0,244.62591619765385,9.37408380234615
2025-01-13,NORTH,Vehicles & Parts,test,260.0,244.62591619765385,15.37408380234615
2025-01-20,NORTH,Vehicles & Parts,test,237.0,244.62591619765385,-7.625916197653851
2025-01-27,NORTH,Vehicles & Parts,test,249.0,244.62591619765385,4.374083802346149
2025-02-03,NORTH,Vehicles & Parts,test,236.0,244.62591619765385,-8.62591619765385
2025-02-10,NORTH,Vehicles & Parts,test,264.0,244.62591619765385,19.37408380234615
2025-02-17,NORTH,Vehicles & Parts,test,259.0,244.62591619765385,14.37408380234615
2025-02-24,NORTH,Vehicles & Parts,test,265.0,328.173272636325,-63.17327263632501
2025-03-03,NORTH,Vehicles & Parts,test,415.0,412.23581222030987,2.7641877796901326
2025-03-10,NORTH,Vehicles & Parts,test,432.0,463.3260254224303,-31.32602542243029
2025-03-17,NORTH,Vehicles & Parts,test,454.0,514.4162386245507,-60.416238624550715
2025-03-24,NORTH,Vehicles & Parts,test,498.0,419.96110702596894,78.03889297403106
2025-03-31,NORTH,Vehicles & Parts,test,270.0,277.5982425795184,-7.5982425795183985
2025-04-07,NORTH,Vehicles & Parts,test,244.0,277.5982425795184,-33.5982425795184
2025-04-14,NORTH,Vehicles & Parts,test,249.0,277.5982425795184,-28.5982425795184
2025-04-21,NORTH,Vehicles & Parts,test,265.0,277.5982425795184,-12.598242579518399
2025-04-28,NORTH,Vehicles & Parts,test,258.0,277.5982425795184,-19.5982425795184
2025-05-05,NORTH,Vehicles & Parts,test,262.0,277.5982425795184,-15.598242579518399
2025-05-12,NORTH,Vehicles & Parts,test,243.0,277.5982425795184,-34.5982425795184
2025-05-19,NORTH,Vehicles & Parts,test,252.0,277.5982425795184,-25.5982425795184
2025-05-26,NORTH,Vehicles & Parts,test,312.0,318.33878979258213,-6.3387897925821335
2025-06-02,NORTH,Vehicles & Parts,test,340.0,318.33878979258213,21.661210207417867
2025-06-09,NORTH,Vehicles & Parts,test,321.0,318.33878979258213,2.6612102074178665
2025-06-16,NORTH,Vehicles & Parts,test,331.0,318.33878979258213,12.661210207417867
2025-06-23,NORTH,Vehicles & Parts,test,324.0,318.33878979258213,5.6612102074178665
2025-06-30,NORTH,Vehicles & Parts,test,337.0,318.33878979258213,18.661210207417867
2025-07-07,NORTH,Vehicles & Parts,test,346.0,318.33878979258213,27.661210207417867
2025-07-14,NORTH,Vehicles & Parts,test,331.0,318.33878979258213,12.661210207417867
2025-07-21,NORTH,Vehicles & Parts,test,337.0,318.33878979258213,18.661210207417867
2025-07-28,NORTH,Vehicles & Parts,test,346.0,318.33878979258213,27.661210207417867
2025-08-04,NORTH,Vehicles & Parts,test,288.0,318.33878979258213,-30.338789792582133
2025-08-11,NORTH,Vehicles & Parts,test,328.0,318.33878979258213,9.661210207417867
2025-08-18,NORTH,Vehicles & Parts,test,350.0,318.33878979258213,31.661210207417867
2025-08-25,NORTH,Vehicles & Parts,test,332.0,318.33878979258213,13.661210207417867
2025-09-01,NORTH,Vehicles & Parts,test,358.0,323.86731580829536,34.13268419170464
2025-09-08,NORTH,Vehicles & Parts,test,355.0,323.86731580829536,31.13268419170464
2025-09-15,NORTH,Vehicles & Parts,test,355.0,323.86731580829536,31.13268419170464
2025-09-22,NORTH,Vehicles & Parts,test,322.0,323.86731580829536,-1.8673158082953591
2025-09-29,NORTH,Vehicles & Parts,test,290.0,323.86731580829536,-33.86731580829536
2025-10-06,NORTH,Vehicles & Parts,test,278.0,277.5982425795184,0.40175742048160146
2025-10-13,NORTH,Vehicles & Parts,test,257.0,277.5982425795184,-20.5982425795184
2025-10-20,NORTH,Vehicles & Parts,test,281.0,277.5982425795184,3.4017574204816015
2025-10-27,NORTH,Vehicles & Parts,test,269.0,277.5982425795184,-8.598242579518399
2025-11-03,NORTH,Vehicles & Parts,test,290.0,277.5982425795184,12.401757420481601
2025-11-10,NORTH,Vehicles & Parts,test,272.0,277.5982425795184,-5.5982425795183985
2025-11-17,NORTH,Vehicles & Parts,test,287.0,277.5982425795184,9.401757420481601
2025-11-24,NORTH,Vehicles & Parts,test,294.0,277.5982425795184,16.4017574204816
2025-12-01,NORTH,Vehicles & Parts,test,280.0,277.5982425795184,2.4017574204816015
2025-12-08,NORTH,Vehicles & Parts,test,274.0,277.5982425795184,-3.5982425795183985
2025-12-15,NORTH,Vehicles & Parts,test,323.0,277.5982425795184,45.4017574204816
2025-12-22,NORTH,Vehicles & Parts,test,301.0,277.5982425795184,23.4017574204816
2024-01-01,SOUTH,Animals & Pet Supplies,train,179.0,176.25039018425736,2.7496098157426445
2024-01-08,SOUTH,Animals & Pet Supplies,train,197.0,176.25039018425736,20.749609815742645
2024-01-15,SOUTH,Animals & Pet Supplies,train,144.0,176.25039018425736,-32.250390184257355
2024-01-22,SOUTH,Animals & Pet Supplies,train,175.0,176.25039018425736,-1.2503901842573555
2024-01-29,SOUTH,Animals & Pet Supplies,train,169.0,176.25039018425736,-7.2503901842573555
2024-02-05,SOUTH,Animals & Pet Supplies,train,167.0,176.25039018425736,-9.250390184257355
2024-02-12,SOUTH,Animals & Pet Supplies,train,186.0,176.25039018425736,9.749609815742645
2024-02-19,SOUTH,Animals & Pet Supplies,train,176.0,176.25039018425736,-0.2503901842573555
2024-02-26,SOUTH,Animals & Pet Supplies,train,196.0,176.25039018425736,19.749609815742645
2024-03-04,SOUTH,Animals & Pet Supplies,train,200.0,203.00234867210764,-3.002348672107644
2024-03-11,SOUTH,Animals & Pet Supplies,train,314.0,322.0039829866762,-8.003982986676192
2024-03-18,SOUTH,Animals & Pet Supplies,train,344.0,333.00286700632466,10.997132993675336
2024-03-25,SOUTH,Animals & Pet Supplies,train,346.0,344.00175102597314,1.9982489740268647
2024-04-01,SOUTH,Animals & Pet Supplies,train,350.0,355.00063504562155,-5.00063504562155
2024-04-08,SOUTH,Animals & Pet Supplies,train,326.0,325.9943044716358,0.00569552836418552
2024-04-15,SOUTH,Animals & Pet Supplies,train,199.0,203.00234867210764,-4.002348672107644
2024-04-22,SOUTH,Animals & Pet Supplies,train,193.0,203.00234867210764,-10.002348672107644
2024-04-29,SOUTH,Animals & Pet Supplies,train,187.0,203.00234867210764,-16.002348672107644
2024-05-06,SOUTH,Animals & Pet Supplies,train,198.0,203.00234867210764,-5.002348672107644
2024-05-13,SOUTH,Animals & Pet Supplies,train,217.0,203.00234867210764,13.997651327892356
2024-05-20,SOUTH,Animals & Pet Supplies,train,207.0,203.00234867210764,3.997651327892356
2024-05-27,SOUTH,Animals & Pet Supplies,train,222.0,238.22851895210442,-16.228518952104423
2024-06-03,SOUTH,Animals & Pet Supplies,train,228.0,238.22851895210442,-10.228518952104423
2024-06-10,SOUTH,Animals & Pet Supplies,train,227.0,238.22851895210442,-11.228518952104423
2024-06-17,SOUTH,Animals & Pet Supplies,train,223.0,238.22851895210442,-15.228518952104423
2024-06-24,SOUTH,Animals & Pet Supplies,train,243.0,238.22851895210442,4.771481047895577
2024-07-01,SOUTH,Animals & Pet Supplies,train,235.0,238.22851895210442,-3.228518952104423
2024-07-08,SOUTH,Animals & Pet Supplies,train,253.0,238.22851895210442,14.771481047895577
2024-07-15,SOUTH,Animals & Pet Supplies,train,250.0,238.22851895210442,11.771481047895577
2024-07-22,SOUTH,Animals & Pet Supplies,train,251.0,238.22851895210442,12.771481047895577
2024-07-29,SOUTH,Animals & Pet Supplies,train,230.0,238.22851895210442,-8.228518952104423
2024-08-05,SOUTH,Animals & Pet Supplies,train,248.0,238.22851895210442,9.771481047895577
2024-08-12,SOUTH,Animals & Pet Supplies,train,265.0,238.22851895210442,26.771481047895577
2024-08-19,SOUTH,Animals & Pet Supplies,train,244.0,238.22851895210442,5.771481047895577
2024-08-26,SOUTH,Animals & Pet Supplies,train,252.0,274.02406902751716,-22.024069027517157
2024-09-02,SOUTH,Animals & Pet Supplies,train,233.0,238.79789874752035,-5.79789874752035
2024-09-09,SOUTH,Animals & Pet Supplies,train,273.0,238.79789874752035,34.20210125247965
2024-09-16,SOUTH,Animals & Pet Supplies,train,262.0,238.79789874752035,23.20210125247965
2024-09-23,SOUTH,Animals & Pet Supplies,train,246.0,238.79789874752035,7.20210125247965
2024-09-30,SOUTH,Animals & Pet Supplies,train,202.0,238.79789874752035,-36.79789874752035
2024-10-07,SOUTH,Animals & Pet Supplies,train,215.0,203.00234867210764,11.997651327892356
2024-10-14,SOUTH,Animals & Pet Supplies,train,216.0,203.00234867210764,12.997651327892356
2024-10-21,SOUTH,Animals & Pet Supplies,train,201.0,203.00234867210764,-2.002348672107644
2024-10-28,SOUTH,Animals & Pet Supplies,train,178.0,203.00234867210764,-25.002348672107644
2024-11-04,SOUTH,Animals & Pet Supplies,validation,188.0,203.00234867210764,-15.002348672107644
2024-11-11,SOUTH,Animals & Pet Supplies,validation,163.0,203.00234867210764,-40.002348672107644
2024-11-18,SOUTH,Animals & Pet Supplies,validation,209.0,203.00234867210764,5.997651327892356
2024-11-25,SOUTH,Animals & Pet Supplies,validation,203.0,203.00234867210764,-0.002348672107643779
2024-12-02,SOUTH,Animals & Pet Supplies,validation,231.0,203.00234867210764,27.997651327892356
2024-12-09,SOUTH,Animals & Pet Supplies,validation,249.0,203.00234867210764,45.997651327892356
2024-12-16,SOUTH,Animals & Pet Supplies,validation,220.0,203.00234867210764,16.997651327892356
2024-12-23,SOUTH,Animals & Pet Supplies,validation,208.0,203.00234867210764,4.997651327892356
2024-12-30,SOUTH,Animals & Pet Supplies,test,185.0,176.25039018425736,8.749609815742645
2025-01-06,SOUTH,Animals & Pet Supplies,test,181.0,176.25039018425736,4.7496098157426445
2025-01-13,SOUTH,Animals & Pet Supplies,test,183.0,176.25039018425736,6.7496098157426445
2025-01-20,SOUTH,Animals & Pet Supplies,test,170.0,176.25039018425736,-6.2503901842573555
2025-01-27,SOUTH,Animals & Pet Supplies,test,191.0,176.25039018425736,14.749609815742645
2025-02-03,SOUTH,Animals & Pet Supplies,test,182.0,176.25039018425736,5.7496098157426445
2025-02-10,SOUTH,Animals & Pet Supplies,test,172.0,176.25039018425736,-4.2503901842573555
2025-02-17,SOUTH,Animals & Pet Supplies,test,163.0,176.25039018425736,-13.250390184257355
2025-02-24,SOUTH,Animals & Pet Supplies,test,208.0,295.2520244988259,-87.2520244988259
2025-03-03,SOUTH,Animals & Pet Supplies,test,297.0,333.00286700632466,-36.002867006324664
2025-03-10,SOUTH,Animals & Pet Supplies,test,301.0,344.00175102597314,-43.001751025973135
2025-03-17,SOUTH,Animals & Pet Supplies,test,368.0,355.00063504562155,12.99936495437845
2025-03-24,SOUTH,Animals & Pet Supplies,test,384.0,325.9943044716358,58.005695528364186
2025-03-31,SOUTH,Animals & Pet Supplies,test,207.0,203.00234867210764,3.997651327892356
2025-04-07,SOUTH,Animals & Pet Supplies,test,211.0,203.00234867210764,7.997651327892356
2025-04-14,SOUTH,Animals & Pet Supplies,test,189.0,203.00234867210764,-14.002348672107644
2025-04-21,SOUTH,Animals & Pet Supplies,test,223.0,203.00234867210764,19.997651327892356
2025-04-28,SOUTH,Animals & Pet Supplies,test,218.0,203.00234867210764,14.997651327892356
2025-05-05,SOUTH,Animals & Pet Supplies,test,193.0,203.00234867210764,-10.002348672107644
2025-05-12,SOUTH,Animals & Pet Supplies,test,199.0,203.00234867210764,-4.002348672107644
2025-05-19,SOUTH,Animals & Pet Supplies,test,203.0,203.00234867210764,-0.002348672107643779
2025-05-26,SOUTH,Animals & Pet Supplies,test,226.0,238.22851895210442,-12.228518952104423
2025-06-02,SOUTH,Animals & Pet Supplies,test,229.0,238.22851895210442,-9.228518952104423
2025-06-09,SOUTH,Animals & Pet Supplies,test,240.0,238.22851895210442,1.771481047895577
2025-06-16,SOUTH,Animals & Pet Supplies,test,229.0,238.22851895210442,-9.228518952104423
2025-06-23,SOUTH,Animals & Pet Supplies,test,241.0,238.22851895210442,2.771481047895577
2025-06-30,SOUTH,Animals & Pet Supplies,test,248.0,238.22851895210442,9.771481047895577
2025-07-07,SOUTH,Animals & Pet Supplies,test,269.0,238.22851895210442,30.771481047895577
2025-07-14,SOUTH,Animals & Pet Supplies,test,220.0,238.22851895210442,-18.228518952104423
2025-07-21,SOUTH,Animals & Pet Supplies,test,245.0,238.22851895210442,6.771481047895577
2025-07-28,SOUTH,Animals & Pet Supplies,test,228.0,238.22851895210442,-10.228518952104423
2025-08-04,SOUTH,Animals & Pet Supplies,test,242.0,238.22851895210442,3.771481047895577
2025-08-11,SOUTH,Animals & Pet Supplies,test,237.0,238.22851895210442,-1.228518952104423
2025-08-18,SOUTH,Animals & Pet Supplies,test,250.0,238.22851895210442,11.771481047895577
2025-08-25,SOUTH,Animals & Pet Supplies,test,223.0,238.22851895210442,-15.228518952104423
2025-09-01,SOUTH,Animals & Pet Supplies,test,275.0,238.79789874752035,36.20210125247965
2025-09-08,SOUTH,Animals & Pet Supplies,test,255.0,238.79789874752035,16.20210125247965
2025-09-15,SOUTH,Animals & Pet Supplies,test,266.0,238.79789874752035,27.20210125247965
2025-09-22,SOUTH,Animals & Pet Supplies,test,242.0,238.79789874752035,3.2021012524796504
2025-09-29,SOUTH,Animals & Pet Supplies,test,197.0,238.79789874752035,-41.79789874752035
2025-10-06,SOUTH,Animals & Pet Supplies,test,198.0,203.00234867210764,-5.002348672107644
2025-10-13,SOUTH,Animals & Pet Supplies,test,214.0,203.00234867210764,10.997651327892356
2025-10-20,SOUTH,Animals & Pet Supplies,test,196.0,203.00234867210764,-7.002348672107644
2025-10-27,SOUTH,Animals & Pet Supplies,test,207.0,203.00234867210764,3.997651327892356
2025-11-03,SOUTH,Animals & Pet Supplies,test,178.0,203.00234867210764,-25.002348672107644
2025-11-10,SOUTH,Animals & Pet Supplies,test,188.0,203.00234867210764,-15.002348672107644
2025-11-17,SOUTH,Animals & Pet Supplies,test,203.0,203.00234867210764,-0.002348672107643779
2025-11-24,SOUTH,Animals & Pet Supplies,test,216.0,203.00234867210764,12.997651327892356
2025-12-01,SOUTH,Animals & Pet Supplies,test,205.0,203.00234867210764,1.9976513278923562
2025-12-08,SOUTH,Animals & Pet Supplies,test,241.0,203.00234867210764,37.997651327892356
2025-12-15,SOUTH,Animals & Pet Supplies,test,212.0,203.00234867210764,8.997651327892356
2025-12-22,SOUTH,Animals & Pet Supplies,test,234.0,203.00234867210764,30.997651327892356
2024-01-01,SOUTH,Apparel & Accessories,train,386.0,363.5876168034583,22.412383196541725
2024-01-08,SOUTH,Apparel & Accessories,train,377.0,372.9478940824302,4.052105917569804
2024-01-15,SOUTH,Apparel & Accessories,train,374.0,369.1891463057214,4.810853694278592
2024-01-22,SOUTH,Apparel & Accessories,train,347.0,367.93623038015176,-20.936230380151756
2024-01-29,SOUTH,Apparel & Accessories,train,329.0,356.65998705002534,-27.659987050025336
2024-02-05,SOUTH,Apparel & Accessories,train,353.0,349.14249149660765,3.857508503392353
2024-02-12,SOUTH,Apparel & Accessories,train,367.0,359.1658189011645,7.834181098835472
2024-02-19,SOUTH,Apparel & Accessories,train,376.0,365.01275988715605,10.98724011284395
2024-02-26,SOUTH,Apparel & Accessories,train,397.0,368.77150766386484,28.22849233613516
2024-03-04,SOUTH,Apparel & Accessories,train,457.0,441.2726595899474,15.72734041005259
2024-03-11,SOUTH,Apparel & Accessories,train,614.0,610.783414717367,3.216585282632991
2024-03-18,SOUTH,Apparel & Accessories,train,618.0,642.8247738814206,-24.824773881420583
2024-03-25,SOUTH,Apparel & Accessories,train,671.0,666.5767574264624,4.42324257353755
2024-04-01,SOUTH,Apparel & Accessories,train,725.0,710.7930344224744,14.20696557752558
2024-04-08,SOUTH,Apparel & Accessories,train,649.0,649.4697879629383,-0.4697879629383124
2024-04-15,SOUTH,Apparel & Accessories,train,430.0,429.3655046015876,0.6344953984124118
2024-04-22,SOUTH,Apparel & Accessories,train,437.0,428.4383148863768,8.561685113623184
2024-04-29,SOUTH,Apparel & Accessories,train,421.0,431.3617853793725,-10.36178537937252
2024-05-06,SOUTH,Apparel & Accessories,train,370.0,424.67956710966797,-54.67956710966797
2024-05-13,SOUTH,Apparel & Accessories,train,399.0,403.37999637498467,-4.379996374984671
2024-05-20,SOUTH,Apparel & Accessories,train,397.0,415.4915169888242,-18.491516988824173
2024-05-27,SOUTH,Apparel & Accessories,train,424.0,458.1590407455456,-34.15904074554561
2024-06-03,SOUTH,Apparel & Accessories,train,516.0,451.2668333321899,64.73316666781011
2024-06-10,SOUTH,Apparel & Accessories,train,502.0,489.6895883829912,12.31041161700881
2024-06-17,SOUTH,Apparel & Accessories,train,509.0,483.8426473969997,25.157352603000277
2024-06-24,SOUTH,Apparel & Accessories,train,464.0,486.7661178899954,-22.766117889995428
2024-07-01,SOUTH,Apparel & Accessories,train,490.0,467.9723790064513,22.02762099354868
2024-07-08,SOUTH,Apparel & Accessories,train,479.0,478.8309836947213,0.16901630527871703
2024-07-15,SOUTH,Apparel & Accessories,train,465.0,474.23695863429936,-9.236958634299356
2024-07-22,SOUTH,Apparel & Accessories,train,462.0,468.3900176483079,-6.390017648307889
2024-07-29,SOUTH,Apparel & Accessories,train,500.0,467.13710172273824,32.86289827726176
2024-08-05,SOUTH,Apparel & Accessories,train,495.0,483.00737011328664,11.99262988671336
2024-08-12,SOUTH,Apparel & Accessories,train,459.0,480.91917690400396,-21.91917690400396
2024-08-19,SOUTH,Apparel & Accessories,train,513.0,465.88418579716864,47.11581420283136
2024-08-26,SOUTH,Apparel & Accessories,train,479.0,533.8021639770118,-54.80216397701179
2024-09-02,SOUTH,Apparel & Accessories,train,510.0,457.1532668480594,52.84673315194061
2024-09-09,SOUTH,Apparel & Accessories,train,527.0,488.26851548909406,38.73148451090594
2024-09-16,SOUTH,Apparel & Accessories,train,533.0,495.3683724006552,37.631627599344824
2024-09-23,SOUTH,Apparel & Accessories,train,493.0,497.8742042517944,-4.874204251794424
2024-09-30,SOUTH,Apparel & Accessories,train,416.0,481.16865857753294,-65.16865857753294
2024-10-07,SOUTH,Apparel & Accessories,train,361.0,403.6449916349894,-42.644991634989424
2024-10-14,SOUTH,Apparel & Accessories,train,393.0,399.6212485982758,-6.621248598275827
2024-10-21,SOUTH,Apparel & Accessories,train,406.0,412.985685137685,-6.985685137684982
2024-10-28,SOUTH,Apparel & Accessories,train,403.0,418.41498748181994,-15.414987481819935
2024-11-04,SOUTH,Apparel & Accessories,validation,401.0,417.16207155625034,-16.16207155625034
2024-11-11,SOUTH,Apparel & Accessories,validation,430.0,423.0766998868778,6.923300113122195
2024-11-18,SOUTH,Apparel & Accessories,validation,424.0,425.54687722996727,-1.546877229967265
2024-11-25,SOUTH,Apparel & Accessories,validation,398.0,426.5785187406799,-28.578518740679897
2024-12-02,SOUTH,Apparel & Accessories,validation,439.0,427.00937210009675,11.990627899903245
2024-12-09,SOUTH,Apparel & Accessories,validation,456.0,427.189313111963,28.810686888037026
2024-12-16,SOUTH,Apparel & Accessories,validation,407.0,427.26446343177304,-20.264463431773038
2024-12-23,SOUTH,Apparel & Accessories,validation,485.0,427.2958491092736,57.704150890726396
2024-12-30,SOUTH,Apparel & Accessories,test,376.0,363.5782165339034,12.4217834660966
2025-01-06,SOUTH,Apparel & Accessories,test,346.0,363.5836908876483,-17.583690887648288
2025-01-13,SOUTH,Apparel & Accessories,test,389.0,363.58597718931134,25.414022810688664
2025-01-20,SOUTH,Apparel & Accessories,test,356.0,363.58693203723277,-7.586932037232771
2025-01-27,SOUTH,Apparel & Accessories,test,371.0,363.58733081862187,7.412669181378135
2025-02-03,SOUTH,Apparel & Accessories,test,361.0,363.5874973651396,-2.5874973651395976
2025-02-10,SOUTH,Apparel & Accessories,test,398.0,363.5875669214011,34.412433078598895
2025-02-17,SOUTH,Apparel & Accessories,test,337.0,363.58759597078364,-26.58759597078364
2025-02-24,SOUTH,Apparel & Accessories,test,435.0,534.6564646037921,-99.65646460379207
2025-03-03,SOUTH,Apparel & Accessories,test,579.0,636.3042674032887,-57.30426740328869
2025-03-10,SOUTH,Apparel & Accessories,test,671.0,674.2213268049508,-3.2213268049507633
2025-03-17,SOUTH,Apparel & Accessories,test,685.0,712.1383849742701,-27.13838497427014
2025-03-24,SOUTH,Apparel & Accessories,test,778.0,644.0982805315109,133.9017194684891
2025-03-31,SOUTH,Apparel & Accessories,test,418.0,427.318357140006,-9.318357140006015
2025-04-07,SOUTH,Apparel & Accessories,test,419.0,427.31835720438465,-8.318357204384654
2025-04-14,SOUTH,Apparel & Accessories,test,364.0,427.31835723127165,-63.31835723127165
2025-04-21,SOUTH,Apparel & Accessories,test,402.0,427.31835724250067,-25.318357242500667
2025-04-28,SOUTH,Apparel & Accessories,test,442.0,427.31835724719036,14.681642752809637
2025-05-05,SOUTH,Apparel & Accessories,test,408.0,427.31835724914896,-19.31835724914896
2025-05-12,SOUTH,Apparel & Accessories,test,408.0,427.31835724996694,-19.318357249966937
2025-05-19,SOUTH,Apparel & Accessories,test,401.0,427.31835725030857,-26.318357250308566
2025-05-26,SOUTH,Apparel & Accessories,test,411.0,470.8211582908857,-59.821158290885705
2025-06-02,SOUTH,Apparel & Accessories,test,485.0,470.8211582909453,14.178841709054723
2025-06-09,SOUTH,Apparel & Accessories,test,465.0,470.8211582909702,-5.821158290970175
2025-06-16,SOUTH,Apparel & Accessories,test,510.0,470.8211582909806,39.17884170901942
2025-06-23,SOUTH,Apparel & Accessories,test,492.0,470.8211582909849,21.178841709015103
2025-06-30,SOUTH,Apparel & Accessories,test,480.0,470.8211582909867,9.178841709013284
2025-07-07,SOUTH,Apparel & Accessories,test,495.0,470.82115829098746,24.178841709012545
2025-07-14,SOUTH,Apparel & Accessories,test,495.0,470.8211582909878,24.178841709012204
2025-07-21,SOUTH,Apparel & Accessories,test,483.0,470.8211582909879,12.17884170901209
2025-07-28,SOUTH,Apparel & Accessories,test,483.0,470.82115829098797,12.178841709012033
2025-08-04,SOUTH,Apparel & Accessories,test,490.0,470.821158290988,19.178841709011976
2025-08-11,SOUTH,Apparel & Accessories,test,490.0,470.821158290988,19.178841709011976
2025-08-18,SOUTH,Apparel & Accessories,test,467.0,470.821158290988,-3.8211582909880235
2025-08-25,SOUTH,Apparel & Accessories,test,532.0,470.821158290988,61.17884170901198
2025-09-01,SOUTH,Apparel & Accessories,test,498.0,472.68384877014387,25.316151229856132
2025-09-08,SOUTH,Apparel & Accessories,test,547.0,472.68384877014387,74.31615122985613
2025-09-15,SOUTH,Apparel & Accessories,test,476.0,472.68384877014387,3.316151229856132
2025-09-22,SOUTH,Apparel & Accessories,test,535.0,472.68384877014387,62.31615122985613
2025-09-29,SOUTH,Apparel & Accessories,test,418.0,472.68384877014387,-54.68384877014387
2025-10-06,SOUTH,Apparel & Accessories,test,408.0,427.31835725055356,-19.31835725055356
2025-10-13,SOUTH,Apparel & Accessories,test,415.0,427.31835725055356,-12.31835725055356
2025-10-20,SOUTH,Apparel & Accessories,test,421.0,427.31835725055356,-6.318357250553561
2025-10-27,SOUTH,Apparel & Accessories,test,371.0,427.31835725055356,-56.31835725055356
2025-11-03,SOUTH,Apparel & Accessories,test,383.0,427.31835725055356,-44.31835725055356
2025-11-10,SOUTH,Apparel & Accessories,test,406.0,427.31835725055356,-21.31835725055356
2025-11-17,SOUTH,Apparel & Accessories,test,417.0,427.31835725055356,-10.31835725055356
2025-11-24,SOUTH,Apparel & Accessories,test,387.0,427.31835725055356,-40.31835725055356
2025-12-01,SOUTH,Apparel & Accessories,test,413.0,427.31835725055356,-14.31835725055356
2025-12-08,SOUTH,Apparel & Accessories,test,451.0,427.31835725055356,23.68164274944644
2025-12-15,SOUTH,Apparel & Accessories,test,449.0,427.31835725055356,21.68164274944644
2025-12-22,SOUTH,Apparel & Accessories,test,461.0,427.31835725055356,33.68164274944644
2024-01-01,SOUTH,Arts & Entertainment,train,344.0,319.75092275414926,24.249077245850742
2024-01-08,SOUTH,Arts & Entertainment,train,313.0,319.75092275414926,-6.750922754149258
2024-01-15,SOUTH,Arts & Entertainment,train,319.0,319.75092275414926,-0.7509227541492578
2024-01-22,SOUTH,Arts & Entertainment,train,343.0,319.75092275414926,23.249077245850742
2024-01-29,SOUTH,Arts & Entertainment,train,324.0,319.75092275414926,4.249077245850742
2024-02-05,SOUTH,Arts & Entertainment,train,275.0,319.75092275414926,-44.75092275414926
2024-02-12,SOUTH,Arts & Entertainment,train,331.0,319.75092275414926,11.249077245850742
2024-02-19,SOUTH,Arts & Entertainment,train,330.0,319.75092275414926,10.249077245850742
2024-02-26,SOUTH,Arts & Entertainment,train,323.0,319.75092275414926,3.249077245850742
2024-03-04,SOUTH,Arts & Entertainment,train,381.0,360.21579189832164,20.78420810167836
2024-03-11,SOUTH,Arts & Entertainment,train,516.0,504.2293553529021,11.770644647097924
2024-03-18,SOUTH,Arts & Entertainment,train,538.0,557.4216408088848,-19.42164080888483
2024-03-25,SOUTH,Arts & Entertainment,train,614.0,610.6139262648676,3.3860737351324133
2024-04-01,SOUTH,Arts & Entertainment,train,668.0,663.8062117208505,4.193788279149544
2024-04-08,SOUTH,Arts & Entertainment,train,634.0,633.9630976287359,0.036902371264091016
2024-04-15,SOUTH,Arts & Entertainment,train,376.0,360.21579189832164,15.78420810167836
2024-04-22,SOUTH,Arts & Entertainment,train,366.0,360.21579189832164,5.7842081016783595
2024-04-29,SOUTH,Arts & Entertainment,train,339.0,360.21579189832164,-21.21579189832164
2024-05-06,SOUTH,Arts & Entertainment,train,371.0,360.21579189832164,10.78420810167836
2024-05-13,SOUTH,Arts & Entertainment,train,375.0,360.21579189832164,14.78420810167836
2024-05-20,SOUTH,Arts & Entertainment,train,329.0,360.21579189832164,-31.21579189832164
2024-05-27,SOUTH,Arts & Entertainment,train,387.0,409.8897235609487,-22.88972356094871
2024-06-03,SOUTH,Arts & Entertainment,train,422.0,409.8897235609487,12.11027643905129
2024-06-10,SOUTH,Arts & Entertainment,train,403.0,409.8897235609487,-6.88972356094871
2024-06-17,SOUTH,Arts & Entertainment,train,438.0,409.8897235609487,28.11027643905129
2024-06-24,SOUTH,Arts & Entertainment,train,393.0,409.8897235609487,-16.88972356094871
2024-07-01,SOUTH,Arts & Entertainment,train,402.0,409.8897235609487,-7.88972356094871
2024-07-08,SOUTH,Arts & Entertainment,train,394.0,409.8897235609487,-15.88972356094871
2024-07-15,SOUTH,Arts & Entertainment,train,411.0,409.8897235609487,1.1102764390512903
2024-07-22,SOUTH,Arts & Entertainment,train,424.0,409.8897235609487,14.11027643905129
2024-07-29,SOUTH,Arts & Entertainment,train,458.0,409.8897235609487,48.11027643905129
2024-08-05,SOUTH,Arts & Entertainment,train,439.0,409.8897235609487,29.11027643905129
2024-08-12,SOUTH,Arts & Entertainment,train,436.0,409.8897235609487,26.11027643905129
2024-08-19,SOUTH,Arts & Entertainment,train,378.0,409.8897235609487,-31.88972356094871
2024-08-26,SOUTH,Arts & Entertainment,train,431.0,487.38815293065386,-56.38815293065386
2024-09-02,SOUTH,Arts & Entertainment,train,459.0,437.7142212680268,21.28577873197321
2024-09-09,SOUTH,Arts & Entertainment,train,430.0,437.7142212680268,-7.71422126802679
2024-09-16,SOUTH,Arts & Entertainment,train,499.0,437.7142212680268,61.28577873197321
2024-09-23,SOUTH,Arts & Entertainment,train,484.0,437.7142212680268,46.28577873197321
2024-09-30,SOUTH,Arts & Entertainment,train,373.0,437.7142212680268,-64.71422126802679
2024-10-07,SOUTH,Arts & Entertainment,train,348.0,360.21579189832164,-12.21579189832164
2024-10-14,SOUTH,Arts & Entertainment,train,373.0,360.21579189832164,12.78420810167836
2024-10-21,SOUTH,Arts & Entertainment,train,342.0,360.21579189832164,-18.21579189832164
2024-10-28,SOUTH,Arts & Entertainment,train,306.0,360.21579189832164,-54.21579189832164
2024-11-04,SOUTH,Arts & Entertainment,validation,330.0,360.21579189832164,-30.21579189832164
2024-11-11,SOUTH,Arts & Entertainment,validation,345.0,360.21579189832164,-15.21579189832164
2024-11-18,SOUTH,Arts & Entertainment,validation,367.0,360.21579189832164,6.7842081016783595
2024-11-25,SOUTH,Arts & Entertainment,validation,347.0,360.21579189832164,-13.21579189832164
2024-12-02,SOUTH,Arts & Entertainment,validation,354.0,360.21579189832164,-6.2157918983216405
2024-12-09,SOUTH,Arts & Entertainment,validation,397.0,360.21579189832164,36.78420810167836
2024-12-16,SOUTH,Arts & Entertainment,validation,406.0,360.21579189832164,45.78420810167836
2024-12-23,SOUTH,Arts & Entertainment,validation,378.0,360.21579189832164,17.78420810167836
2024-12-30,SOUTH,Arts & Entertainment,test,362.0,319.75092275414926,42.24907724585074
2025-01-06,SOUTH,Arts & Entertainment,test,313.0,319.75092275414926,-6.750922754149258
2025-01-13,SOUTH,Arts & Entertainment,test,328.0,319.75092275414926,8.249077245850742
2025-01-20,SOUTH,Arts & Entertainment,test,297.0,319.75092275414926,-22.750922754149258
2025-01-27,SOUTH,Arts & Entertainment,test,337.0,319.75092275414926,17.249077245850742
2025-02-03,SOUTH,Arts & Entertainment,test,325.0,319.75092275414926,5.249077245850742
2025-02-10,SOUTH,Arts & Entertainment,test,322.0,319.75092275414926,2.249077245850742
2025-02-17,SOUTH,Arts & Entertainment,test,345.0,319.75092275414926,25.249077245850742
2025-02-24,SOUTH,Arts & Entertainment,test,370.0,463.7644862087297,-93.76448620872969
2025-03-03,SOUTH,Arts & Entertainment,test,495.0,557.4216408088848,-62.42164080888483
2025-03-10,SOUTH,Arts & Entertainment,test,606.0,610.6139262648676,-4.613926264867587
2025-03-17,SOUTH,Arts & Entertainment,test,610.0,663.8062117208505,-53.806211720850456
2025-03-24,SOUTH,Arts & Entertainment,test,686.0,633.9630976287359,52.03690237126409
2025-03-31,SOUTH,Arts & Entertainment,test,363.0,360.21579189832164,2.7842081016783595
2025-04-07,SOUTH,Arts & Entertainment,test,365.0,360.21579189832164,4.7842081016783595
2025-04-14,SOUTH,Arts & Entertainment,test,331.0,360.21579189832164,-29.21579189832164
2025-04-21,SOUTH,Arts & Entertainment,test,361.0,360.21579189832164,0.7842081016783595
2025-04-28,SOUTH,Arts & Entertainment,test,329.0,360.21579189832164,-31.21579189832164
2025-05-05,SOUTH,Arts & Entertainment,test,369.0,360.21579189832164,8.78420810167836
2025-05-12,SOUTH,Arts & Entertainment,test,352.0,360.21579189832164,-8.21579189832164
2025-05-19,SOUTH,Arts & Entertainment,test,337.0,360.21579189832164,-23.21579189832164
2025-05-26,SOUTH,Arts & Entertainment,test,373.0,409.8897235609487,-36.88972356094871
2025-06-02,SOUTH,Arts & Entertainment,test,414.0,409.8897235609487,4.11027643905129
2025-06-09,SOUTH,Arts & Entertainment,test,415.0,409.8897235609487,5.11027643905129
2025-06-16,SOUTH,Arts & Entertainment,test,410.0,409.8897235609487,0.11027643905129025
2025-06-23,SOUTH,Arts & Entertainment,test,410.0,409.8897235609487,0.11027643905129025
2025-06-30,SOUTH,Arts & Entertainment,test,403.0,409.8897235609487,-6.88972356094871
2025-07-07,SOUTH,Arts & Entertainment,test,391.0,409.8897235609487,-18.88972356094871
2025-07-14,SOUTH,Arts & Entertainment,test,424.0,409.8897235609487,14.11027643905129
2025-07-21,SOUTH,Arts & Entertainment,test,406.0,409.8897235609487,-3.8897235609487097
2025-07-28,SOUTH,Arts & Entertainment,test,435.0,409.8897235609487,25.11027643905129
2025-08-04,SOUTH,Arts & Entertainment,test,422.0,409.8897235609487,12.11027643905129
2025-08-11,SOUTH,Arts & Entertainment,test,444.0,409.8897235609487,34.11027643905129
2025-08-18,SOUTH,Arts & Entertainment,test,450.0,409.8897235609487,40.11027643905129
2025-08-25,SOUTH,Arts & Entertainment,test,427.0,409.8897235609487,17.11027643905129
2025-09-01,SOUTH,Arts & Entertainment,test,449.0,437.7142212680268,11.28577873197321
2025-09-08,SOUTH,Arts & Entertainment,test,424.0,437.7142212680268,-13.71422126802679
2025-09-15,SOUTH,Arts & Entertainment,test,435.0,437.7142212680268,-2.7142212680267903
2025-09-22,SOUTH,Arts & Entertainment,test,459.0,437.7142212680268,21.28577873197321
2025-09-29,SOUTH,Arts & Entertainment,test,380.0,437.7142212680268,-57.71422126802679
2025-10-06,SOUTH,Arts & Entertainment,test,341.0,360.21579189832164,-19.21579189832164
2025-10-13,SOUTH,Arts & Entertainment,test,347.0,360.21579189832164,-13.21579189832164
2025-10-20,SOUTH,Arts & Entertainment,test,375.0,360.21579189832164,14.78420810167836
2025-10-27,SOUTH,Arts & Entertainment,test,347.0,360.21579189832164,-13.21579189832164
2025-11-03,SOUTH,Arts & Entertainment,test,406.0,360.21579189832164,45.78420810167836
2025-11-10,SOUTH,Arts & Entertainment,test,338.0,360.21579189832164,-22.21579189832164
2025-11-17,SOUTH,Arts & Entertainment,test,351.0,360.21579189832164,-9.21579189832164
2025-11-24,SOUTH,Arts & Entertainment,test,350.0,360.21579189832164,-10.21579189832164
2025-12-01,SOUTH,Arts & Entertainment,test,405.0,360.21579189832164,44.78420810167836
2025-12-08,SOUTH,Arts & Entertainment,test,357.0,360.21579189832164,-3.2157918983216405
2025-12-15,SOUTH,Arts & Entertainment,test,379.0,360.21579189832164,18.78420810167836
2025-12-22,SOUTH,Arts & Entertainment,test,417.0,360.21579189832164,56.78420810167836
2024-01-01,SOUTH,Baby & Toddler,train,192.0,175.74860109163996,16.251398908360045
2024-01-08,SOUTH,Baby & Toddler,train,167.0,175.74860109163996,-8.748601091639955
2024-01-15,SOUTH,Baby & Toddler,train,172.0,175.74860109163996,-3.748601091639955
2024-01-22,SOUTH,Baby & Toddler,train,176.0,175.74860109163996,0.25139890836004497
2024-01-29,SOUTH,Baby & Toddler,train,185.0,175.74860109163996,9.251398908360045
2024-02-05,SOUTH,Baby & Toddler,train,140.0,175.74860109163996,-35.748601091639955
2024-02-12,SOUTH,Baby & Toddler,train,214.0,175.74860109163996,38.251398908360045
2024-02-19,SOUTH,Baby & Toddler,train,167.0,175.74860109163996,-8.748601091639955
2024-02-26,SOUTH,Baby & Toddler,train,185.0,175.74860109163996,9.251398908360045
2024-03-04,SOUTH,Baby & Toddler,train,238.0,204.74016621088296,33.25983378911704
2024-03-11,SOUTH,Baby & Toddler,train,287.0,282.11670357970314,4.883296420296858
2024-03-18,SOUTH,Baby & Toddler,train,302.0,299.2115894870665,2.788410512933524
2024-03-25,SOUTH,Baby & Toddler,train,296.0,316.3064753944298,-20.30647539442981
2024-04-01,SOUTH,Baby & Toddler,train,346.0,333.40136130179314,12.598638698206855
2024-04-08,SOUTH,Baby & Toddler,train,371.0,370.9736054015482,0.02639459845181591
2024-04-15,SOUTH,Baby & Toddler,train,192.0,204.74016621088296,-12.740166210882961
2024-04-22,SOUTH,Baby & Toddler,train,192.0,204.74016621088296,-12.740166210882961
2024-04-29,SOUTH,Baby & Toddler,train,186.0,204.74016621088296,-18.74016621088296
2024-05-06,SOUTH,Baby & Toddler,train,197.0,204.74016621088296,-7.740166210882961
2024-05-13,SOUTH,Baby & Toddler,train,202.0,204.74016621088296,-2.740166210882961
2024-05-20,SOUTH,Baby & Toddler,train,200.0,204.74016621088296,-4.740166210882961
2024-05-27,SOUTH,Baby & Toddler,train,220.0,229.14086529054265,-9.14086529054265
2024-06-03,SOUTH,Baby & Toddler,train,255.0,229.14086529054265,25.85913470945735
2024-06-10,SOUTH,Baby & Toddler,train,244.0,229.14086529054265,14.85913470945735
2024-06-17,SOUTH,Baby & Toddler,train,212.0,229.14086529054265,-17.14086529054265
2024-06-24,SOUTH,Baby & Toddler,train,215.0,229.14086529054265,-14.14086529054265
2024-07-01,SOUTH,Baby & Toddler,train,237.0,229.14086529054265,7.859134709457351
2024-07-08,SOUTH,Baby & Toddler,train,228.0,229.14086529054265,-1.1408652905426493
2024-07-15,SOUTH,Baby & Toddler,train,241.0,229.14086529054265,11.85913470945735
2024-07-22,SOUTH,Baby & Toddler,train,264.0,229.14086529054265,34.85913470945735
2024-07-29,SOUTH,Baby & Toddler,train,223.0,229.14086529054265,-6.140865290542649
2024-08-05,SOUTH,Baby & Toddler,train,228.0,229.14086529054265,-1.1408652905426493
2024-08-12,SOUTH,Baby & Toddler,train,241.0,229.14086529054265,11.85913470945735
2024-08-19,SOUTH,Baby & Toddler,train,201.0,229.14086529054265,-28.14086529054265
2024-08-26,SOUTH,Baby & Toddler,train,237.0,267.1641735362673,-30.1641735362673
2024-09-02,SOUTH,Baby & Toddler,train,252.0,242.76347445660758,9.236525543392418
2024-09-09,SOUTH,Baby & Toddler,train,273.0,242.76347445660758,30.236525543392418
2024-09-16,SOUTH,Baby & Toddler,train,239.0,242.76347445660758,-3.7634744566075824
2024-09-23,SOUTH,Baby & Toddler,train,260.0,242.76347445660758,17.236525543392418
2024-09-30,SOUTH,Baby & Toddler,train,220.0,242.76347445660758,-22.763474456607582
2024-10-07,SOUTH,Baby & Toddler,train,209.0,204.74016621088296,4.259833789117039
2024-10-14,SOUTH,Baby & Toddler,train,199.0,204.74016621088296,-5.740166210882961
2024-10-21,SOUTH,Baby & Toddler,train,215.0,204.74016621088296,10.259833789117039
2024-10-28,SOUTH,Baby & Toddler,train,192.0,204.74016621088296,-12.740166210882961
2024-11-04,SOUTH,Baby & Toddler,validation,220.0,204.74016621088296,15.259833789117039
2024-11-11,SOUTH,Baby & Toddler,validation,199.0,204.74016621088296,-5.740166210882961
2024-11-18,SOUTH,Baby & Toddler,validation,195.0,204.74016621088296,-9.740166210882961
2024-11-25,SOUTH,Baby & Toddler,validation,210.0,204.74016621088296,5.259833789117039
2024-12-02,SOUTH,Baby & Toddler,validation,214.0,204.74016621088296,9.259833789117039
2024-12-09,SOUTH,Baby & Toddler,validation,211.0,204.74016621088296,6.259833789117039
2024-12-16,SOUTH,Baby & Toddler,validation,196.0,204.74016621088296,-8.740166210882961
2024-12-23,SOUTH,Baby & Toddler,validation,187.0,204.74016621088296,-17.74016621088296
2024-12-30,SOUTH,Baby & Toddler,test,213.0,175.74860109163996,37.251398908360045
2025-01-06,SOUTH,Baby & Toddler,test,180.0,175.74860109163996,4.251398908360045
2025-01-13,SOUTH,Baby & Toddler,test,188.0,175.74860109163996,12.251398908360045
2025-01-20,SOUTH,Baby & Toddler,test,178.0,175.74860109163996,2.251398908360045
2025-01-27,SOUTH,Baby & Toddler,test,170.0,175.74860109163996,-5.748601091639955
2025-02-03,SOUTH,Baby & Toddler,test,173.0,175.74860109163996,-2.748601091639955
2025-02-10,SOUTH,Baby & Toddler,test,171.0,175.74860109163996,-4.748601091639955
2025-02-17,SOUTH,Baby & Toddler,test,174.0,175.74860109163996,-1.748601091639955
2025-02-24,SOUTH,Baby & Toddler,test,203.0,253.1251384604601,-50.12513846046011
2025-03-03,SOUTH,Baby & Toddler,test,278.0,299.2115894870665,-21.211589487066476
2025-03-10,SOUTH,Baby & Toddler,test,334.0,316.3064753944298,17.69352460557019
2025-03-17,SOUTH,Baby & Toddler,test,360.0,333.40136130179314,26.598638698206855
2025-03-24,SOUTH,Baby & Toddler,test,368.0,370.9736054015482,-2.973605401548184
2025-03-31,SOUTH,Baby & Toddler,test,218.0,204.74016621088296,13.259833789117039
2025-04-07,SOUTH,Baby & Toddler,test,209.0,204.74016621088296,4.259833789117039
2025-04-14,SOUTH,Baby & Toddler,test,198.0,204.74016621088296,-6.740166210882961
2025-04-21,SOUTH,Baby & Toddler,test,187.0,204.74016621088296,-17.74016621088296
2025-04-28,SOUTH,Baby & Toddler,test,215.0,204.74016621088296,10.259833789117039
2025-05-05,SOUTH,Baby & Toddler,test,207.0,204.74016621088296,2.259833789117039
2025-05-12,SOUTH,Baby & Toddler,test,202.0,204.74016621088296,-2.740166210882961
2025-05-19,SOUTH,Baby & Toddler,test,196.0,204.74016621088296,-8.740166210882961
2025-05-26,SOUTH,Baby & Toddler,test,212.0,229.14086529054265,-17.14086529054265
2025-06-02,SOUTH,Baby & Toddler,test,220.0,229.14086529054265,-9.14086529054265
2025-06-09,SOUTH,Baby & Toddler,test,265.0,229.14086529054265,35.85913470945735
2025-06-16,SOUTH,Baby & Toddler,test,261.0,229.14086529054265,31.85913470945735
2025-06-23,SOUTH,Baby & Toddler,test,220.0,229.14086529054265,-9.14086529054265
2025-06-30,SOUTH,Baby & Toddler,test,222.0,229.14086529054265,-7.140865290542649
2025-07-07,SOUTH,Baby & Toddler,test,235.0,229.14086529054265,5.859134709457351
2025-07-14,SOUTH,Baby & Toddler,test,257.0,229.14086529054265,27.85913470945735
2025-07-21,SOUTH,Baby & Toddler,test,208.0,229.14086529054265,-21.14086529054265
2025-07-28,SOUTH,Baby & Toddler,test,239.0,229.14086529054265,9.85913470945735
2025-08-04,SOUTH,Baby & Toddler,test,240.0,229.14086529054265,10.85913470945735
2025-08-11,SOUTH,Baby & Toddler,test,236.0,229.14086529054265,6.859134709457351
2025-08-18,SOUTH,Baby & Toddler,test,229.0,229.14086529054265,-0.1408652905426493
2025-08-25,SOUTH,Baby & Toddler,test,218.0,229.14086529054265,-11.14086529054265
2025-09-01,SOUTH,Baby & Toddler,test,263.0,242.76347445660758,20.236525543392418
2025-09-08,SOUTH,Baby & Toddler,test,268.0,242.76347445660758,25.236525543392418
2025-09-15,SOUTH,Baby & Toddler,test,239.0,242.76347445660758,-3.7634744566075824
2025-09-22,SOUTH,Baby & Toddler,test,231.0,242.76347445660758,-11.763474456607582
2025-09-29,SOUTH,Baby & Toddler,test,213.0,242.76347445660758,-29.763474456607582
2025-10-06,SOUTH,Baby & Toddler,test,224.0,204.74016621088296,19.25983378911704
2025-10-13,SOUTH,Baby & Toddler,test,193.0,204.74016621088296,-11.740166210882961
2025-10-20,SOUTH,Baby & Toddler,test,203.0,204.74016621088296,-1.7401662108829612
2025-10-27,SOUTH,Baby & Toddler,test,201.0,204.74016621088296,-3.740166210882961
2025-11-03,SOUTH,Baby & Toddler,test,205.0,204.74016621088296,0.2598337891170388
2025-11-10,SOUTH,Baby & Toddler,test,216.0,204.74016621088296,11.259833789117039
2025-11-17,SOUTH,Baby & Toddler,test,221.0,204.74016621088296,16.25983378911704
2025-11-24,SOUTH,Baby & Toddler,test,181.0,204.74016621088296,-23.74016621088296
2025-12-01,SOUTH,Baby & Toddler,test,207.0,204.74016621088296,2.259833789117039
2025-12-08,SOUTH,Baby & Toddler,test,215.0,204.74016621088296,10.259833789117039
2025-12-15,SOUTH,Baby & Toddler,test,194.0,204.74016621088296,-10.740166210882961
2025-12-22,SOUTH,Baby & Toddler,test,208.0,204.74016621088296,3.259833789117039
2024-01-01,SOUTH,Business & Industrial,train,125.0,116.444707103226,8.555292896774006
2024-01-08,SOUTH,Business & Industrial,train,122.0,112.81697133112303,9.183028668876972
2024-01-15,SOUTH,Business & Industrial,train,101.0,110.30740743975183,-9.307407439751827
2024-01-22,SOUTH,Business & Industrial,train,112.0,120.53820265446416,-8.538202654464158
2024-01-29,SOUTH,Business & Industrial,train,114.0,125.15638415752808,-11.15638415752808
2024-02-05,SOUTH,Business & Industrial,train,120.0,119.44602454109877,0.5539754589012347
2024-02-12,SOUTH,Business & Industrial,train,131.0,116.01776705618113,14.982232943818872
2024-02-19,SOUTH,Business & Industrial,train,115.0,108.70123317737415,6.298766822625851
2024-02-26,SOUTH,Business & Industrial,train,117.0,110.62348704194866,6.376512958051336
2024-03-04,SOUTH,Business & Industrial,train,142.0,134.76414255693737,7.235857443062628
2024-03-11,SOUTH,Business & Industrial,train,191.0,185.14415427466875,5.85584572533125
2024-03-18,SOUTH,Business & Industrial,train,206.0,204.08097790758575,1.9190220924142523
2024-03-25,SOUTH,Business & Industrial,train,222.0,228.29366549757904,-6.293665497579042
2024-04-01,SOUTH,Business & Industrial,train,258.0,251.8906948393276,6.109305160672392
2024-04-08,SOUTH,Business & Industrial,train,222.0,227.97626467546175,-5.976264675461749
2024-04-15,SOUTH,Business & Industrial,train,127.0,133.12710946884368,-6.127109468843685
2024-04-22,SOUTH,Business & Industrial,train,155.0,140.7432333547916,14.256766645208387
2024-04-29,SOUTH,Business & Industrial,train,146.0,128.8631303978488,17.136869602151194
2024-05-06,SOUTH,Business & Industrial,train,128.0,120.30269526085497,7.697304739145025
2024-05-13,SOUTH,Business & Industrial,train,117.0,131.91354720248242,-14.91354720248242
2024-05-20,SOUTH,Business & Industrial,train,148.0,144.53439902878756,3.4656009712124387
2024-05-27,SOUTH,Business & Industrial,train,138.0,163.84646389530445,-25.846463895304453
2024-06-03,SOUTH,Business & Industrial,train,162.0,166.0851317536508,-4.085131753650813
2024-06-10,SOUTH,Business & Industrial,train,159.0,172.5262247221355,-13.52622472213551
2024-06-17,SOUTH,Business & Industrial,train,184.0,163.18969107397314,20.810308926026863
2024-06-24,SOUTH,Business & Industrial,train,144.0,153.91491850389792,-9.914918503897923
2024-07-01,SOUTH,Business & Industrial,train,154.0,159.82561940439632,-5.8256194043963205
2024-07-08,SOUTH,Business & Industrial,train,193.0,173.26633840661034,19.733661593389655
2024-07-15,SOUTH,Business & Industrial,train,149.0,152.30874424152026,-3.308744241520259
2024-07-22,SOUTH,Business & Industrial,train,145.0,153.72721053238274,-8.727210532382742
2024-07-29,SOUTH,Business & Industrial,train,183.0,174.872512668988,8.127487331011992
2024-08-05,SOUTH,Business & Industrial,train,181.0,160.5273235249238,20.472676475076213
2024-08-12,SOUTH,Business & Industrial,train,150.0,144.57838485573555,5.42161514426445
2024-08-19,SOUTH,Business & Industrial,train,157.0,158.60749439760292,-1.6074943976029203
2024-08-26,SOUTH,Business & Industrial,train,173.0,193.24967417446445,-20.249674174464445
2024-09-02,SOUTH,Business & Industrial,train,177.0,165.91374937184537,11.08625062815463
2024-09-09,SOUTH,Business & Industrial,train,153.0,156.01183202840915,-3.0118320284091453
2024-09-16,SOUTH,Business & Industrial,train,159.0,152.22289803367352,6.777101966326484
2024-09-23,SOUTH,Business & Industrial,train,176.0,160.28732943500194,15.712670564998064
2024-09-30,SOUTH,Business & Industrial,train,134.0,150.42659106252702,-16.426591062527024
2024-10-07,SOUTH,Business & Industrial,train,141.0,136.81397510414305,4.186024895856946
2024-10-14,SOUTH,Business & Industrial,train,134.0,142.27321339597677,-8.273213395976768
2024-10-21,SOUTH,Business & Industrial,train,130.0,131.57947518693874,-1.579475186938737
2024-10-28,SOUTH,Business & Industrial,train,118.0,136.3697969854246,-18.369796985424614
2024-11-04,SOUTH,Business & Industrial,validation,132.0,143.2263119552599,-11.226311955259888
2024-11-11,SOUTH,Business & Industrial,validation,145.0,137.83381386355114,7.166186136448857
2024-11-18,SOUTH,Business & Industrial,validation,148.0,128.96971857193194,19.030281428068065
2024-11-25,SOUTH,Business & Industrial,validation,144.0,135.11202411828003,8.887975881719967
2024-12-02,SOUTH,Business & Industrial,validation,142.0,136.42564220150246,5.5743577984975445
2024-12-09,SOUTH,Business & Industrial,validation,129.0,133.15356156741015,-4.153561567410151
2024-12-16,SOUTH,Business & Industrial,validation,150.0,133.96038127831085,16.039618721689152
2024-12-23,SOUTH,Business & Industrial,validation,154.0,135.06460855872504,18.93539144127496
2024-12-30,SOUTH,Business & Industrial,test,125.0,116.32344311829068,8.676556881709317
2025-01-06,SOUTH,Business & Industrial,test,141.0,116.18511656939381,24.814883430606187
2025-01-13,SOUTH,Business & Industrial,test,135.0,116.60838423131403,18.391615768685966
2025-01-20,SOUTH,Business & Industrial,test,130.0,116.4900483163945,13.509951683605493
2025-01-27,SOUTH,Business & Industrial,test,116.0,116.35313125616801,-0.35313125616801244
2025-02-03,SOUTH,Business & Industrial,test,111.0,116.4634963659278,-5.463496365927796
2025-02-10,SOUTH,Business & Industrial,test,101.0,116.47721876621847,-15.47721876621847
2025-02-17,SOUTH,Business & Industrial,test,131.0,116.4226156980982,14.577384301901802
2025-02-24,SOUTH,Business & Industrial,test,118.0,170.70749863928032,-52.70749863928032
2025-03-03,SOUTH,Business & Industrial,test,185.0,208.47497073444978,-23.474970734449784
2025-03-10,SOUTH,Business & Industrial,test,232.0,228.29453762461648,3.7054623753835187
2025-03-17,SOUTH,Business & Industrial,test,241.0,248.12759371378618,-7.127593713786183
2025-03-24,SOUTH,Business & Industrial,test,269.0,229.38014900712392,39.61985099287608
2025-03-31,SOUTH,Business & Industrial,test,125.0,134.3615399116129,-9.361539911612908
2025-04-07,SOUTH,Business & Industrial,test,124.0,134.35946813140987,-10.35946813140987
2025-04-14,SOUTH,Business & Industrial,test,145.0,134.36142369694332,10.63857630305668
2025-04-21,SOUTH,Business & Industrial,test,140.0,134.36151025224987,5.638489747750128
2025-04-28,SOUTH,Business & Industrial,test,148.0,134.36060913807017,13.639390861929826
2025-05-05,SOUTH,Business & Industrial,test,124.0,134.36095298145557,-10.360952981455569
2025-05-12,SOUTH,Business & Industrial,test,122.0,134.3612054964842,-12.361205496484189
2025-05-19,SOUTH,Business & Industrial,test,111.0,134.3609464336191,-23.36094643361909
2025-05-26,SOUTH,Business & Industrial,test,125.0,161.9557746320314,-36.95577463203139
2025-06-02,SOUTH,Business & Industrial,test,133.0,161.95588989388597,-28.955889893885967
2025-06-09,SOUTH,Business & Industrial,test,163.0,161.95584179992528,1.044158200074719
2025-06-16,SOUTH,Business & Industrial,test,174.0,161.95581124461012,12.044188755389882
2025-06-23,SOUTH,Business & Industrial,test,164.0,161.95584545991005,2.0441545400899486
2025-06-30,SOUTH,Business & Industrial,test,172.0,161.95584445771564,10.044155542284358
2025-07-07,SOUTH,Business & Industrial,test,152.0,161.9558297586111,-9.955829758611088
2025-07-14,SOUTH,Business & Industrial,test,164.0,161.9558364345289,2.0441635654711092
2025-07-21,SOUTH,Business & Industrial,test,148.0,161.95584010110588,-13.955840101105878
2025-07-28,SOUTH,Business & Industrial,test,160.0,161.95583559541973,-1.9558355954197282
2025-08-04,SOUTH,Business & Industrial,test,160.0,161.95583588526003,-1.9558358852600293
2025-08-11,SOUTH,Business & Industrial,test,154.0,161.95583775399052,-7.955837753990522
2025-08-18,SOUTH,Business & Industrial,test,179.0,161.955836833468,17.044163166532
2025-08-25,SOUTH,Business & Industrial,test,151.0,161.95583639777254,-10.955836397772543
2025-09-01,SOUTH,Business & Industrial,test,177.0,158.26860401259347,18.73139598740653
2025-09-08,SOUTH,Business & Industrial,test,175.0,158.26860395430475,16.73139604569525
2025-09-15,SOUTH,Business & Industrial,test,167.0,158.26860371749837,8.731396282501635
2025-09-22,SOUTH,Business & Industrial,test,210.0,158.2686038436775,51.73139615632249
2025-09-29,SOUTH,Business & Industrial,test,154.0,158.26860389484793,-4.268603894847928
2025-10-06,SOUTH,Business & Industrial,test,136.0,134.3610068289383,1.6389931710617134
2025-10-13,SOUTH,Business & Industrial,test,126.0,134.36100683917059,-8.361006839170585
2025-10-20,SOUTH,Business & Industrial,test,130.0,134.36100686907665,-4.361006869076647
2025-10-27,SOUTH,Business & Industrial,test,134.0,134.3610068518725,-0.3610068518725029
2025-11-03,SOUTH,Business & Industrial,test,144.0,134.36100684594837,9.638993154051633
2025-11-10,SOUTH,Business & Industrial,test,120.0,134.3610068560651,-14.361006856065103
2025-11-17,SOUTH,Business & Industrial,test,127.0,134.36100685439388,-7.361006854393878
2025-11-24,SOUTH,Business & Industrial,test,123.0,134.36100685063067,-11.361006850630673
2025-12-01,SOUTH,Business & Industrial,test,145.0,134.36100685296512,10.638993147034881
2025-12-08,SOUTH,Business & Industrial,test,126.0,134.36100685363868,-8.361006853638685
2025-12-15,SOUTH,Business & Industrial,test,166.0,134.3610068523212,31.638993147678804
2025-12-22,SOUTH,Business & Industrial,test,157.0,134.3610068525821,22.638993147417892
2024-01-01,SOUTH,Cameras & Optics,train,28.0,37.6251927039904,-9.6251927039904
2024-01-08,SOUTH,Cameras & Optics,train,33.0,37.6251927039904,-4.6251927039904
2024-01-15,SOUTH,Cameras & Optics,train,41.0,37.6251927039904,3.3748072960095996
2024-01-22,SOUTH,Cameras & Optics,train,44.0,37.6251927039904,6.3748072960096
2024-01-29,SOUTH,Cameras & Optics,train,34.0,37.6251927039904,-3.6251927039904004
2024-02-05,SOUTH,Cameras & Optics,train,31.0,37.6251927039904,-6.6251927039904
2024-02-12,SOUTH,Cameras & Optics,train,41.0,37.6251927039904,3.3748072960095996
2024-02-19,SOUTH,Cameras & Optics,train,37.0,37.6251927039904,-0.6251927039904004
2024-02-26,SOUTH,Cameras & Optics,train,40.0,37.6251927039904,2.3748072960095996
2024-03-04,SOUTH,Cameras & Optics,train,48.0,37.315188211301994,10.684811788698006
2024-03-11,SOUTH,Cameras & Optics,train,71.0,63.78793906898815,7.212060931011848
2024-03-18,SOUTH,Cameras & Optics,train,59.0,65.09142287796959,-6.091422877969592
2024-03-25,SOUTH,Cameras & Optics,train,57.0,66.39490668695102,-9.394906686951018
2024-04-01,SOUTH,Cameras & Optics,train,76.0,67.69839049593244,8.301609504067557
2024-04-08,SOUTH,Cameras & Optics,train,54.0,54.01759299690812,-0.017592996908120995
2024-04-15,SOUTH,Cameras & Optics,train,31.0,37.315188211301994,-6.315188211301994
2024-04-22,SOUTH,Cameras & Optics,train,36.0,37.315188211301994,-1.3151882113019937
2024-04-29,SOUTH,Cameras & Optics,train,31.0,37.315188211301994,-6.315188211301994
2024-05-06,SOUTH,Cameras & Optics,train,33.0,37.315188211301994,-4.315188211301994
2024-05-13,SOUTH,Cameras & Optics,train,44.0,37.315188211301994,6.684811788698006
2024-05-20,SOUTH,Cameras & Optics,train,29.0,37.315188211301994,-8.315188211301994
2024-05-27,SOUTH,Cameras & Optics,train,43.0,46.657364337079244,-3.657364337079244
2024-06-03,SOUTH,Cameras & Optics,train,52.0,46.657364337079244,5.342635662920756
2024-06-10,SOUTH,Cameras & Optics,train,59.0,46.657364337079244,12.342635662920756
2024-06-17,SOUTH,Cameras & Optics,train,55.0,46.657364337079244,8.342635662920756
2024-06-24,SOUTH,Cameras & Optics,train,42.0,46.657364337079244,-4.657364337079244
2024-07-01,SOUTH,Cameras & Optics,train,51.0,46.657364337079244,4.342635662920756
2024-07-08,SOUTH,Cameras & Optics,train,49.0,46.657364337079244,2.342635662920756
2024-07-15,SOUTH,Cameras & Optics,train,39.0,46.657364337079244,-7.657364337079244
2024-07-22,SOUTH,Cameras & Optics,train,51.0,46.657364337079244,4.342635662920756
2024-07-29,SOUTH,Cameras & Optics,train,43.0,46.657364337079244,-3.657364337079244
2024-08-05,SOUTH,Cameras & Optics,train,33.0,46.657364337079244,-13.657364337079244
2024-08-12,SOUTH,Cameras & Optics,train,48.0,46.657364337079244,1.342635662920756
2024-08-19,SOUTH,Cameras & Optics,train,57.0,46.657364337079244,10.342635662920756
2024-08-26,SOUTH,Cameras & Optics,train,39.0,54.45200502198336,-15.45200502198336
2024-09-02,SOUTH,Cameras & Optics,train,54.0,45.1098288962061,8.890171103793897
2024-09-09,SOUTH,Cameras & Optics,train,48.0,45.1098288962061,2.8901711037938966
2024-09-16,SOUTH,Cameras & Optics,train,43.0,45.1098288962061,-2.1098288962061034
2024-09-23,SOUTH,Cameras & Optics,train,46.0,45.1098288962061,0.8901711037938966
2024-09-30,SOUTH,Cameras & Optics,train,50.0,45.1098288962061,4.890171103793897
2024-10-07,SOUTH,Cameras & Optics,train,40.0,37.315188211301994,2.6848117886980063
2024-10-14,SOUTH,Cameras & Optics,train,34.0,37.315188211301994,-3.3151882113019937
2024-10-21,SOUTH,Cameras & Optics,train,40.0,37.315188211301994,2.6848117886980063
2024-10-28,SOUTH,Cameras & Optics,train,29.0,37.315188211301994,-8.315188211301994
2024-11-04,SOUTH,Cameras & Optics,validation,29.0,37.315188211301994,-8.315188211301994
2024-11-11,SOUTH,Cameras & Optics,validation,32.0,37.315188211301994,-5.315188211301994
2024-11-18,SOUTH,Cameras & Optics,validation,38.0,37.315188211301994,0.6848117886980063
2024-11-25,SOUTH,Cameras & Optics,validation,44.0,37.315188211301994,6.684811788698006
2024-12-02,SOUTH,Cameras & Optics,validation,44.0,37.315188211301994,6.684811788698006
2024-12-09,SOUTH,Cameras & Optics,validation,44.0,37.315188211301994,6.684811788698006
2024-12-16,SOUTH,Cameras & Optics,validation,33.0,37.315188211301994,-4.315188211301994
2024-12-23,SOUTH,Cameras & Optics,validation,49.0,37.315188211301994,11.684811788698006
2024-12-30,SOUTH,Cameras & Optics,test,41.0,37.6251927039904,3.3748072960095996
2025-01-06,SOUTH,Cameras & Optics,test,29.0,37.6251927039904,-8.6251927039904
2025-01-13,SOUTH,Cameras & Optics,test,34.0,37.6251927039904,-3.6251927039904004
2025-01-20,SOUTH,Cameras & Optics,test,31.0,37.6251927039904,-6.6251927039904
2025-01-27,SOUTH,Cameras & Optics,test,26.0,37.6251927039904,-11.6251927039904
2025-02-03,SOUTH,Cameras & Optics,test,39.0,37.6251927039904,1.3748072960095996
2025-02-10,SOUTH,Cameras & Optics,test,30.0,37.6251927039904,-7.6251927039904
2025-02-17,SOUTH,Cameras & Optics,test,52.0,37.6251927039904,14.3748072960096
2025-02-24,SOUTH,Cameras & Optics,test,51.0,64.09794356167656,-13.097943561676558
2025-03-03,SOUTH,Cameras & Optics,test,47.0,65.09142287796959,-18.091422877969592
2025-03-10,SOUTH,Cameras & Optics,test,80.0,66.39490668695102,13.605093313048982
2025-03-17,SOUTH,Cameras & Optics,test,77.0,67.69839049593244,9.301609504067557
2025-03-24,SOUTH,Cameras & Optics,test,64.0,54.01759299690812,9.982407003091879
2025-03-31,SOUTH,Cameras & Optics,test,37.0,37.315188211301994,-0.3151882113019937
2025-04-07,SOUTH,Cameras & Optics,test,36.0,37.315188211301994,-1.3151882113019937
2025-04-14,SOUTH,Cameras & Optics,test,28.0,37.315188211301994,-9.315188211301994
2025-04-21,SOUTH,Cameras & Optics,test,42.0,37.315188211301994,4.684811788698006
2025-04-28,SOUTH,Cameras & Optics,test,34.0,37.315188211301994,-3.3151882113019937
2025-05-05,SOUTH,Cameras & Optics,test,44.0,37.315188211301994,6.684811788698006
2025-05-12,SOUTH,Cameras & Optics,test,44.0,37.315188211301994,6.684811788698006
2025-05-19,SOUTH,Cameras & Optics,test,32.0,37.315188211301994,-5.315188211301994
2025-05-26,SOUTH,Cameras & Optics,test,31.0,46.657364337079244,-15.657364337079244
2025-06-02,SOUTH,Cameras & Optics,test,49.0,46.657364337079244,2.342635662920756
2025-06-09,SOUTH,Cameras & Optics,test,54.0,46.657364337079244,7.342635662920756
2025-06-16,SOUTH,Cameras & Optics,test,39.0,46.657364337079244,-7.657364337079244
2025-06-23,SOUTH,Cameras & Optics,test,43.0,46.657364337079244,-3.657364337079244
2025-06-30,SOUTH,Cameras & Optics,test,54.0,46.657364337079244,7.342635662920756
2025-07-07,SOUTH,Cameras & Optics,test,45.0,46.657364337079244,-1.657364337079244
2025-07-14,SOUTH,Cameras & Optics,test,44.0,46.657364337079244,-2.657364337079244
2025-07-21,SOUTH,Cameras & Optics,test,47.0,46.657364337079244,0.3426356629207561
2025-07-28,SOUTH,Cameras & Optics,test,55.0,46.657364337079244,8.342635662920756
2025-08-04,SOUTH,Cameras & Optics,test,50.0,46.657364337079244,3.342635662920756
2025-08-11,SOUTH,Cameras & Optics,test,44.0,46.657364337079244,-2.657364337079244
2025-08-18,SOUTH,Cameras & Optics,test,38.0,46.657364337079244,-8.657364337079244
2025-08-25,SOUTH,Cameras & Optics,test,42.0,46.657364337079244,-4.657364337079244
2025-09-01,SOUTH,Cameras & Optics,test,44.0,45.1098288962061,-1.1098288962061034
2025-09-08,SOUTH,Cameras & Optics,test,56.0,45.1098288962061,10.890171103793897
2025-09-15,SOUTH,Cameras & Optics,test,40.0,45.1098288962061,-5.109828896206103
2025-09-22,SOUTH,Cameras & Optics,test,57.0,45.1098288962061,11.890171103793897
2025-09-29,SOUTH,Cameras & Optics,test,38.0,45.1098288962061,-7.109828896206103
2025-10-06,SOUTH,Cameras & Optics,test,47.0,37.315188211301994,9.684811788698006
2025-10-13,SOUTH,Cameras & Optics,test,36.0,37.315188211301994,-1.3151882113019937
2025-10-20,SOUTH,Cameras & Optics,test,36.0,37.315188211301994,-1.3151882113019937
2025-10-27,SOUTH,Cameras & Optics,test,46.0,37.315188211301994,8.684811788698006
2025-11-03,SOUTH,Cameras & Optics,test,42.0,37.315188211301994,4.684811788698006
2025-11-10,SOUTH,Cameras & Optics,test,33.0,37.315188211301994,-4.315188211301994
2025-11-17,SOUTH,Cameras & Optics,test,42.0,37.315188211301994,4.684811788698006
2025-11-24,SOUTH,Cameras & Optics,test,35.0,37.315188211301994,-2.3151882113019937
2025-12-01,SOUTH,Cameras & Optics,test,37.0,37.315188211301994,-0.3151882113019937
2025-12-08,SOUTH,Cameras & Optics,test,40.0,37.315188211301994,2.6848117886980063
2025-12-15,SOUTH,Cameras & Optics,test,44.0,37.315188211301994,6.684811788698006
2025-12-22,SOUTH,Cameras & Optics,test,45.0,37.315188211301994,7.684811788698006
2024-01-01,SOUTH,Electronics,train,205.0,220.49997078844967,-15.499970788449673
2024-01-08,SOUTH,Electronics,train,199.0,220.49997078844967,-21.499970788449673
2024-01-15,SOUTH,Electronics,train,241.0,220.49997078844967,20.500029211550327
2024-01-22,SOUTH,Electronics,train,219.0,220.49997078844967,-1.499970788449673
2024-01-29,SOUTH,Electronics,train,222.0,220.49997078844967,1.500029211550327
2024-02-05,SOUTH,Electronics,train,211.0,220.49997078844967,-9.499970788449673
2024-02-12,SOUTH,Electronics,train,217.0,220.49997078844967,-3.499970788449673
2024-02-19,SOUTH,Electronics,train,211.0,220.49997078844967,-9.499970788449673
2024-02-26,SOUTH,Electronics,train,244.0,220.49997078844967,23.500029211550327
2024-03-04,SOUTH,Electronics,train,263.0,254.0461360859865,8.95386391401351
2024-03-11,SOUTH,Electronics,train,378.0,382.1802920693136,-4.180292069313623
2024-03-18,SOUTH,Electronics,train,400.0,398.3858760939489,1.614123906051077
2024-03-25,SOUTH,Electronics,train,424.0,414.59146011858417,9.408539881415834
2024-04-01,SOUTH,Electronics,train,424.0,430.79704414321947,-6.797044143219466
2024-04-08,SOUTH,Electronics,train,425.0,425.02749412135734,-0.027494121357335644
2024-04-15,SOUTH,Electronics,train,247.0,254.0461360859865,-7.04613608598649
2024-04-22,SOUTH,Electronics,train,262.0,254.0461360859865,7.95386391401351
2024-04-29,SOUTH,Electronics,train,258.0,254.0461360859865,3.9538639140135103
2024-05-06,SOUTH,Electronics,train,256.0,254.0461360859865,1.9538639140135103
2024-05-13,SOUTH,Electronics,train,240.0,254.0461360859865,-14.04613608598649
2024-05-20,SOUTH,Electronics,train,239.0,254.0461360859865,-15.04613608598649
2024-05-27,SOUTH,Electronics,train,265.0,287.03947937246073,-22.039479372460733
2024-06-03,SOUTH,Electronics,train,290.0,287.03947937246073,2.9605206275392675
2024-06-10,SOUTH,Electronics,train,293.0,287.03947937246073,5.9605206275392675
2024-06-17,SOUTH,Electronics,train,296.0,287.03947937246073,8.960520627539267
2024-06-24,SOUTH,Electronics,train,305.0,287.03947937246073,17.960520627539267
2024-07-01,SOUTH,Electronics,train,277.0,287.03947937246073,-10.039479372460733
2024-07-08,SOUTH,Electronics,train,278.0,287.03947937246073,-9.039479372460733
2024-07-15,SOUTH,Electronics,train,288.0,287.03947937246073,0.9605206275392675
2024-07-22,SOUTH,Electronics,train,307.0,287.03947937246073,19.960520627539267
2024-07-29,SOUTH,Electronics,train,285.0,287.03947937246073,-2.0394793724607325
2024-08-05,SOUTH,Electronics,train,315.0,287.03947937246073,27.960520627539267
2024-08-12,SOUTH,Electronics,train,275.0,287.03947937246073,-12.039479372460733
2024-08-19,SOUTH,Electronics,train,283.0,287.03947937246073,-4.0394793724607325
2024-08-26,SOUTH,Electronics,train,307.0,332.4947674118548,-25.49476741185481
2024-09-02,SOUTH,Electronics,train,353.0,299.5014241253806,53.498575874619405
2024-09-09,SOUTH,Electronics,train,317.0,299.5014241253806,17.498575874619405
2024-09-16,SOUTH,Electronics,train,293.0,299.5014241253806,-6.501424125380595
2024-09-23,SOUTH,Electronics,train,315.0,299.5014241253806,15.498575874619405
2024-09-30,SOUTH,Electronics,train,245.0,299.5014241253806,-54.501424125380595
2024-10-07,SOUTH,Electronics,train,227.0,254.0461360859865,-27.04613608598649
2024-10-14,SOUTH,Electronics,train,265.0,254.0461360859865,10.95386391401351
2024-10-21,SOUTH,Electronics,train,273.0,254.0461360859865,18.95386391401351
2024-10-28,SOUTH,Electronics,train,239.0,254.0461360859865,-15.04613608598649
2024-11-04,SOUTH,Electronics,validation,241.0,254.0461360859865,-13.04613608598649
2024-11-11,SOUTH,Electronics,validation,233.0,254.0461360859865,-21.04613608598649
2024-11-18,SOUTH,Electronics,validation,265.0,254.0461360859865,10.95386391401351
2024-11-25,SOUTH,Electronics,validation,240.0,254.0461360859865,-14.04613608598649
2024-12-02,SOUTH,Electronics,validation,247.0,254.0461360859865,-7.04613608598649
2024-12-09,SOUTH,Electronics,validation,296.0,254.0461360859865,41.95386391401351
2024-12-16,SOUTH,Electronics,validation,260.0,254.0461360859865,5.95386391401351
2024-12-23,SOUTH,Electronics,validation,275.0,254.0461360859865,20.95386391401351
2024-12-30,SOUTH,Electronics,test,228.0,220.49997078844967,7.500029211550327
2025-01-06,SOUTH,Electronics,test,218.0,220.49997078844967,-2.499970788449673
2025-01-13,SOUTH,Electronics,test,218.0,220.49997078844967,-2.499970788449673
2025-01-20,SOUTH,Electronics,test,229.0,220.49997078844967,8.500029211550327
2025-01-27,SOUTH,Electronics,test,231.0,220.49997078844967,10.500029211550327
2025-02-03,SOUTH,Electronics,test,257.0,220.49997078844967,36.50002921155033
2025-02-10,SOUTH,Electronics,test,229.0,220.49997078844967,8.500029211550327
2025-02-17,SOUTH,Electronics,test,228.0,220.49997078844967,7.500029211550327
2025-02-24,SOUTH,Electronics,test,243.0,348.6341267717768,-105.63412677177678
2025-03-03,SOUTH,Electronics,test,385.0,398.3858760939489,-13.385876093948923
2025-03-10,SOUTH,Electronics,test,413.0,414.59146011858417,-1.5914601185841661
2025-03-17,SOUTH,Electronics,test,454.0,430.79704414321947,23.202955856780534
2025-03-24,SOUTH,Electronics,test,483.0,425.02749412135734,57.972505878642664
2025-03-31,SOUTH,Electronics,test,254.0,254.0461360859865,-0.04613608598648966
2025-04-07,SOUTH,Electronics,test,273.0,254.0461360859865,18.95386391401351
2025-04-14,SOUTH,Electronics,test,259.0,254.0461360859865,4.95386391401351
2025-04-21,SOUTH,Electronics,test,236.0,254.0461360859865,-18.04613608598649
2025-04-28,SOUTH,Electronics,test,236.0,254.0461360859865,-18.04613608598649
2025-05-05,SOUTH,Electronics,test,254.0,254.0461360859865,-0.04613608598648966
2025-05-12,SOUTH,Electronics,test,243.0,254.0461360859865,-11.04613608598649
2025-05-19,SOUTH,Electronics,test,221.0,254.0461360859865,-33.04613608598649
2025-05-26,SOUTH,Electronics,test,244.0,287.03947937246073,-43.03947937246073
2025-06-02,SOUTH,Electronics,test,288.0,287.03947937246073,0.9605206275392675
2025-06-09,SOUTH,Electronics,test,313.0,287.03947937246073,25.960520627539267
2025-06-16,SOUTH,Electronics,test,313.0,287.03947937246073,25.960520627539267
2025-06-23,SOUTH,Electronics,test,261.0,287.03947937246073,-26.039479372460733
2025-06-30,SOUTH,Electronics,test,302.0,287.03947937246073,14.960520627539267
2025-07-07,SOUTH,Electronics,test,312.0,287.03947937246073,24.960520627539267
2025-07-14,SOUTH,Electronics,test,316.0,287.03947937246073,28.960520627539267
2025-07-21,SOUTH,Electronics,test,334.0,287.03947937246073,46.96052062753927
2025-07-28,SOUTH,Electronics,test,269.0,287.03947937246073,-18.039479372460733
2025-08-04,SOUTH,Electronics,test,286.0,287.03947937246073,-1.0394793724607325
2025-08-11,SOUTH,Electronics,test,298.0,287.03947937246073,10.960520627539267
2025-08-18,SOUTH,Electronics,test,347.0,287.03947937246073,59.96052062753927
2025-08-25,SOUTH,Electronics,test,316.0,287.03947937246073,28.960520627539267
2025-09-01,SOUTH,Electronics,test,321.0,299.5014241253806,21.498575874619405
2025-09-08,SOUTH,Electronics,test,340.0,299.5014241253806,40.498575874619405
2025-09-15,SOUTH,Electronics,test,316.0,299.5014241253806,16.498575874619405
2025-09-22,SOUTH,Electronics,test,333.0,299.5014241253806,33.498575874619405
2025-09-29,SOUTH,Electronics,test,281.0,299.5014241253806,-18.501424125380595
2025-10-06,SOUTH,Electronics,test,266.0,254.0461360859865,11.95386391401351
2025-10-13,SOUTH,Electronics,test,215.0,254.0461360859865,-39.04613608598649
2025-10-20,SOUTH,Electronics,test,282.0,254.0461360859865,27.95386391401351
2025-10-27,SOUTH,Electronics,test,256.0,254.0461360859865,1.9538639140135103
2025-11-03,SOUTH,Electronics,test,229.0,254.0461360859865,-25.04613608598649
2025-11-10,SOUTH,Electronics,test,227.0,254.0461360859865,-27.04613608598649
2025-11-17,SOUTH,Electronics,test,256.0,254.0461360859865,1.9538639140135103
2025-11-24,SOUTH,Electronics,test,214.0,254.0461360859865,-40.04613608598649
2025-12-01,SOUTH,Electronics,test,276.0,254.0461360859865,21.95386391401351
2025-12-08,SOUTH,Electronics,test,277.0,254.0461360859865,22.95386391401351
2025-12-15,SOUTH,Electronics,test,273.0,254.0461360859865,18.95386391401351
2025-12-22,SOUTH,Electronics,test,275.0,254.0461360859865,20.95386391401351
2024-01-01,SOUTH,Furniture,train,228.0,233.33116102751274,-5.331161027512735
2024-01-08,SOUTH,Furniture,train,216.0,233.33116102751274,-17.331161027512735
2024-01-15,SOUTH,Furniture,train,231.0,233.32904618871697,-2.3290461887169727
2024-01-22,SOUTH,Furniture,train,228.0,232.66392494328522,-4.663924943285224
2024-01-29,SOUTH,Furniture,train,242.0,231.8756063659265,10.124393634073499
2024-02-05,SOUTH,Furniture,train,210.0,236.51631286359543,-26.51631286359543
2024-02-12,SOUTH,Furniture,train,251.0,224.98248035623894,26.017519643761062
2024-02-19,SOUTH,Furniture,train,245.0,241.52343854133352,3.476561458666481
2024-02-26,SOUTH,Furniture,train,234.0,234.42585329770156,-0.42585329770156477
2024-03-04,SOUTH,Furniture,train,287.0,261.69683849744337,25.303161502556634
2024-03-11,SOUTH,Furniture,train,360.0,348.9321909443587,11.067809055641305
2024-03-18,SOUTH,Furniture,train,348.0,384.88077405165103,-36.88077405165103
2024-03-25,SOUTH,Furniture,train,423.0,410.2137977254708,12.786202274529217
2024-04-01,SOUTH,Furniture,train,472.0,466.283827211439,5.716172788560982
2024-04-08,SOUTH,Furniture,train,407.0,406.74647240493005,0.25352759506995426
2024-04-15,SOUTH,Furniture,train,261.0,261.9107606781288,-0.9107606781287814
2024-04-22,SOUTH,Furniture,train,254.0,261.5441517519117,-7.544151751911727
2024-04-29,SOUTH,Furniture,train,245.0,259.4554419068352,-14.455441906835176
2024-05-06,SOUTH,Furniture,train,260.0,257.27922771590295,2.720772284097052
2024-05-13,SOUTH,Furniture,train,250.0,262.6876420974305,-12.687642097430512
2024-05-20,SOUTH,Furniture,train,229.0,257.8358692322793,-28.83586923227932
2024-05-27,SOUTH,Furniture,train,220.0,284.1085764151631,-64.1085764151631
2024-06-03,SOUTH,Furniture,train,305.0,273.00197197470203,31.99802802529797
2024-06-10,SOUTH,Furniture,train,330.0,303.26384084974063,26.73615915025937
2024-06-17,SOUTH,Furniture,train,308.0,301.60699336396027,6.393006636039729
2024-06-24,SOUTH,Furniture,train,289.0,295.2013793328079,-6.201379332807903
2024-07-01,SOUTH,Furniture,train,322.0,291.23568250094235,30.764317499057654
2024-07-08,SOUTH,Furniture,train,301.0,302.87537237359163,-1.875372373591631
2024-07-15,SOUTH,Furniture,train,303.0,292.5978475271077,10.402152472892283
2024-07-22,SOUTH,Furniture,train,307.0,296.46377171803573,10.53622828196427
2024-07-29,SOUTH,Furniture,train,293.0,296.50598925945314,-3.5059892594531448
2024-08-05,SOUTH,Furniture,train,319.0,292.0844019145751,26.915598085424904
2024-08-12,SOUTH,Furniture,train,301.0,301.66349476215936,-0.6634947621593597
2024-08-19,SOUTH,Furniture,train,272.0,292.979441295645,-20.979441295645017
2024-08-26,SOUTH,Furniture,train,306.0,323.28440892251615,-17.28440892251615
2024-09-02,SOUTH,Furniture,train,306.0,293.09046293249145,12.909537067508552
2024-09-09,SOUTH,Furniture,train,295.0,302.59787649360817,-7.597876493608169
2024-09-16,SOUTH,Furniture,train,337.0,296.1405402494881,40.85945975051192
2024-09-23,SOUTH,Furniture,train,313.0,311.39869616906043,1.601303830939571
2024-09-30,SOUTH,Furniture,train,275.0,299.03716104220126,-24.037161042201262
2024-10-07,SOUTH,Furniture,train,253.0,254.26215381385362,-1.2621538138536152
2024-10-14,SOUTH,Furniture,train,260.0,261.43350573482684,-1.4335057348268379
2024-10-21,SOUTH,Furniture,train,251.0,261.379550760617,-10.379550760617008
2024-10-28,SOUTH,Furniture,train,257.0,258.5626367400164,-1.5626367400163872
2024-11-04,SOUTH,Furniture,validation,269.0,261.33889022985016,7.661109770149835
2024-11-11,SOUTH,Furniture,validation,220.0,261.830930380483,-41.83093038048298
2024-11-18,SOUTH,Furniture,validation,237.0,261.830930380483,-24.830930380482982
2024-11-25,SOUTH,Furniture,validation,251.0,261.830930380483,-10.830930380482982
2024-12-02,SOUTH,Furniture,validation,259.0,261.830930380483,-2.8309303804829824
2024-12-09,SOUTH,Furniture,validation,279.0,261.830930380483,17.169069619517018
2024-12-16,SOUTH,Furniture,validation,264.0,261.830930380483,2.1690696195170176
2024-12-23,SOUTH,Furniture,validation,287.0,261.830930380483,25.169069619517018
2024-12-30,SOUTH,Furniture,test,229.0,233.33116102751274,-4.331161027512735
2025-01-06,SOUTH,Furniture,test,217.0,233.33116102751274,-16.331161027512735
2025-01-13,SOUTH,Furniture,test,251.0,233.33116102751274,17.668838972487265
2025-01-20,SOUTH,Furniture,test,236.0,233.33116102751274,2.668838972487265
2025-01-27,SOUTH,Furniture,test,193.0,233.33116102751274,-40.331161027512735
2025-02-03,SOUTH,Furniture,test,237.0,233.33116102751274,3.668838972487265
2025-02-10,SOUTH,Furniture,test,205.0,233.33116102751274,-28.331161027512735
2025-02-17,SOUTH,Furniture,test,215.0,233.33116102751274,-18.331161027512735
2025-02-24,SOUTH,Furniture,test,256.0,312.4650092212098,-56.46500922120981
2025-03-03,SOUTH,Furniture,test,374.0,381.3957629221193,-7.395762922119275
2025-03-10,SOUTH,Furniture,test,398.0,421.8267472700585,-23.82674727005849
2025-03-17,SOUTH,Furniture,test,410.0,462.25773161799765,-52.25773161799765
2025-03-24,SOUTH,Furniture,test,476.0,404.94657454773835,71.05342545226165
2025-03-31,SOUTH,Furniture,test,270.0,261.830930380483,8.169069619517018
2025-04-07,SOUTH,Furniture,test,210.0,261.830930380483,-51.83093038048298
2025-04-14,SOUTH,Furniture,test,260.0,261.830930380483,-1.8309303804829824
2025-04-21,SOUTH,Furniture,test,261.0,261.830930380483,-0.8309303804829824
2025-04-28,SOUTH,Furniture,test,247.0,261.830930380483,-14.830930380482982
2025-05-05,SOUTH,Furniture,test,254.0,261.830930380483,-7.830930380482982
2025-05-12,SOUTH,Furniture,test,259.0,261.830930380483,-2.8309303804829824
2025-05-19,SOUTH,Furniture,test,235.0,261.830930380483,-26.830930380482982
2025-05-26,SOUTH,Furniture,test,254.0,293.1883612924407,-39.188361292440675
2025-06-02,SOUTH,Furniture,test,263.0,293.1883612924407,-30.188361292440675
2025-06-09,SOUTH,Furniture,test,268.0,293.1883612924407,-25.188361292440675
2025-06-16,SOUTH,Furniture,test,287.0,293.1883612924407,-6.188361292440675
2025-06-23,SOUTH,Furniture,test,258.0,293.1883612924407,-35.188361292440675
2025-06-30,SOUTH,Furniture,test,318.0,293.1883612924407,24.811638707559325
2025-07-07,SOUTH,Furniture,test,294.0,293.1883612924407,0.8116387075593252
2025-07-14,SOUTH,Furniture,test,310.0,293.1883612924407,16.811638707559325
2025-07-21,SOUTH,Furniture,test,293.0,293.1883612924407,-0.1883612924406748
2025-07-28,SOUTH,Furniture,test,299.0,293.1883612924407,5.811638707559325
2025-08-04,SOUTH,Furniture,test,316.0,293.1883612924407,22.811638707559325
2025-08-11,SOUTH,Furniture,test,306.0,293.1883612924407,12.811638707559325
2025-08-18,SOUTH,Furniture,test,303.0,293.1883612924407,9.811638707559325
2025-08-25,SOUTH,Furniture,test,313.0,293.1883612924407,19.811638707559325
2025-09-01,SOUTH,Furniture,test,340.0,298.53294546988843,41.46705453011157
2025-09-08,SOUTH,Furniture,test,324.0,298.53294546988843,25.467054530111568
2025-09-15,SOUTH,Furniture,test,335.0,298.53294546988843,36.46705453011157
2025-09-22,SOUTH,Furniture,test,327.0,298.53294546988843,28.467054530111568
2025-09-29,SOUTH,Furniture,test,308.0,298.53294546988843,9.467054530111568
2025-10-06,SOUTH,Furniture,test,249.0,261.830930380483,-12.830930380482982
2025-10-13,SOUTH,Furniture,test,242.0,261.830930380483,-19.830930380482982
2025-10-20,SOUTH,Furniture,test,246.0,261.830930380483,-15.830930380482982
2025-10-27,SOUTH,Furniture,test,218.0,261.830930380483,-43.83093038048298
2025-11-03,SOUTH,Furniture,test,227.0,261.830930380483,-34.83093038048298
2025-11-10,SOUTH,Furniture,test,240.0,261.830930380483,-21.830930380482982
2025-11-17,SOUTH,Furniture,test,252.0,261.830930380483,-9.830930380482982
2025-11-24,SOUTH,Furniture,test,245.0,261.830930380483,-16.830930380482982
2025-12-01,SOUTH,Furniture,test,286.0,261.830930380483,24.169069619517018
2025-12-08,SOUTH,Furniture,test,286.0,261.830930380483,24.169069619517018
2025-12-15,SOUTH,Furniture,test,258.0,261.830930380483,-3.8309303804829824
2025-12-22,SOUTH,Furniture,test,276.0,261.830930380483,14.169069619517018
2024-01-01,SOUTH,Hardware,train,201.0,185.7510614184218,15.248938581578187
2024-01-08,SOUTH,Hardware,train,184.0,185.7510614184218,-1.7510614184218127
2024-01-15,SOUTH,Hardware,train,172.0,185.7510614184218,-13.751061418421813
2024-01-22,SOUTH,Hardware,train,179.0,185.7510614184218,-6.751061418421813
2024-01-29,SOUTH,Hardware,train,191.0,185.7510614184218,5.248938581578187
2024-02-05,SOUTH,Hardware,train,191.0,185.7510614184218,5.248938581578187
2024-02-12,SOUTH,Hardware,train,173.0,185.7510614184218,-12.751061418421813
2024-02-19,SOUTH,Hardware,train,185.0,185.7510614184218,-0.7510614184218127
2024-02-26,SOUTH,Hardware,train,211.0,185.7510614184218,25.248938581578187
2024-03-04,SOUTH,Hardware,train,216.0,206.73959848486217,9.26040151513783
2024-03-11,SOUTH,Hardware,train,261.0,271.9251956472521,-10.92519564725211
2024-03-18,SOUTH,Hardware,train,311.0,306.3191892226846,4.680810777315401
2024-03-25,SOUTH,Hardware,train,364.0,340.71318279811703,23.286817201882968
2024-04-01,SOUTH,Hardware,train,358.0,375.1071763735496,-17.107176373549578
2024-04-08,SOUTH,Hardware,train,363.0,362.97217361631726,0.027826383682736378
2024-04-15,SOUTH,Hardware,train,210.0,206.73959848486217,3.260401515137829
2024-04-22,SOUTH,Hardware,train,201.0,206.73959848486217,-5.739598484862171
2024-04-29,SOUTH,Hardware,train,172.0,206.73959848486217,-34.73959848486217
2024-05-06,SOUTH,Hardware,train,217.0,206.73959848486217,10.26040151513783
2024-05-13,SOUTH,Hardware,train,200.0,206.73959848486217,-6.739598484862171
2024-05-20,SOUTH,Hardware,train,214.0,206.73959848486217,7.260401515137829
2024-05-27,SOUTH,Hardware,train,210.0,240.06088551351138,-30.06088551351138
2024-06-03,SOUTH,Hardware,train,246.0,240.06088551351138,5.93911448648862
2024-06-10,SOUTH,Hardware,train,255.0,240.06088551351138,14.93911448648862
2024-06-17,SOUTH,Hardware,train,245.0,240.06088551351138,4.93911448648862
2024-06-24,SOUTH,Hardware,train,252.0,240.06088551351138,11.93911448648862
2024-07-01,SOUTH,Hardware,train,213.0,240.06088551351138,-27.06088551351138
2024-07-08,SOUTH,Hardware,train,268.0,240.06088551351138,27.93911448648862
2024-07-15,SOUTH,Hardware,train,247.0,240.06088551351138,6.93911448648862
2024-07-22,SOUTH,Hardware,train,246.0,240.06088551351138,5.93911448648862
2024-07-29,SOUTH,Hardware,train,254.0,240.06088551351138,13.93911448648862
2024-08-05,SOUTH,Hardware,train,261.0,240.06088551351138,20.93911448648862
2024-08-12,SOUTH,Hardware,train,237.0,240.06088551351138,-3.06088551351138
2024-08-19,SOUTH,Hardware,train,219.0,240.06088551351138,-21.06088551351138
2024-08-26,SOUTH,Hardware,train,235.0,267.1165449218166,-32.116544921816626
2024-09-02,SOUTH,Hardware,train,254.0,233.79525789316745,20.204742106832555
2024-09-09,SOUTH,Hardware,train,240.0,233.79525789316745,6.204742106832555
2024-09-16,SOUTH,Hardware,train,264.0,233.79525789316745,30.204742106832555
2024-09-23,SOUTH,Hardware,train,235.0,233.79525789316745,1.2047421068325548
2024-09-30,SOUTH,Hardware,train,208.0,233.79525789316745,-25.795257893167445
2024-10-07,SOUTH,Hardware,train,195.0,206.73959848486217,-11.73959848486217
2024-10-14,SOUTH,Hardware,train,210.0,206.73959848486217,3.260401515137829
2024-10-21,SOUTH,Hardware,train,201.0,206.73959848486217,-5.739598484862171
2024-10-28,SOUTH,Hardware,train,206.0,206.73959848486217,-0.7395984848621708
2024-11-04,SOUTH,Hardware,validation,208.0,206.73959848486217,1.2604015151378292
2024-11-11,SOUTH,Hardware,validation,195.0,206.73959848486217,-11.73959848486217
2024-11-18,SOUTH,Hardware,validation,195.0,206.73959848486217,-11.73959848486217
2024-11-25,SOUTH,Hardware,validation,206.0,206.73959848486217,-0.7395984848621708
2024-12-02,SOUTH,Hardware,validation,208.0,206.73959848486217,1.2604015151378292
2024-12-09,SOUTH,Hardware,validation,233.0,206.73959848486217,26.26040151513783
2024-12-16,SOUTH,Hardware,validation,230.0,206.73959848486217,23.26040151513783
2024-12-23,SOUTH,Hardware,validation,219.0,206.73959848486217,12.26040151513783
2024-12-30,SOUTH,Hardware,test,205.0,185.7510614184218,19.248938581578187
2025-01-06,SOUTH,Hardware,test,160.0,185.7510614184218,-25.751061418421813
2025-01-13,SOUTH,Hardware,test,187.0,185.7510614184218,1.2489385815781873
2025-01-20,SOUTH,Hardware,test,194.0,185.7510614184218,8.248938581578187
2025-01-27,SOUTH,Hardware,test,192.0,185.7510614184218,6.248938581578187
2025-02-03,SOUTH,Hardware,test,169.0,185.7510614184218,-16.751061418421813
2025-02-10,SOUTH,Hardware,test,171.0,185.7510614184218,-14.751061418421813
2025-02-17,SOUTH,Hardware,test,184.0,185.7510614184218,-1.7510614184218127
2025-02-24,SOUTH,Hardware,test,214.0,250.93665858081175,-36.93665858081175
2025-03-03,SOUTH,Hardware,test,294.0,306.3191892226846,-12.3191892226846
2025-03-10,SOUTH,Hardware,test,354.0,340.71318279811703,13.286817201882968
2025-03-17,SOUTH,Hardware,test,367.0,375.1071763735496,-8.107176373549578
2025-03-24,SOUTH,Hardware,test,413.0,362.97217361631726,50.027826383682736
2025-03-31,SOUTH,Hardware,test,207.0,206.73959848486217,0.26040151513782916
2025-04-07,SOUTH,Hardware,test,199.0,206.73959848486217,-7.739598484862171
2025-04-14,SOUTH,Hardware,test,222.0,206.73959848486217,15.26040151513783
2025-04-21,SOUTH,Hardware,test,200.0,206.73959848486217,-6.739598484862171
2025-04-28,SOUTH,Hardware,test,205.0,206.73959848486217,-1.7395984848621708
2025-05-05,SOUTH,Hardware,test,205.0,206.73959848486217,-1.7395984848621708
2025-05-12,SOUTH,Hardware,test,209.0,206.73959848486217,2.260401515137829
2025-05-19,SOUTH,Hardware,test,220.0,206.73959848486217,13.26040151513783
2025-05-26,SOUTH,Hardware,test,224.0,240.06088551351138,-16.06088551351138
2025-06-02,SOUTH,Hardware,test,239.0,240.06088551351138,-1.06088551351138
2025-06-09,SOUTH,Hardware,test,244.0,240.06088551351138,3.93911448648862
2025-06-16,SOUTH,Hardware,test,226.0,240.06088551351138,-14.06088551351138
2025-06-23,SOUTH,Hardware,test,235.0,240.06088551351138,-5.06088551351138
2025-06-30,SOUTH,Hardware,test,244.0,240.06088551351138,3.93911448648862
2025-07-07,SOUTH,Hardware,test,243.0,240.06088551351138,2.93911448648862
2025-07-14,SOUTH,Hardware,test,285.0,240.06088551351138,44.93911448648862
2025-07-21,SOUTH,Hardware,test,214.0,240.06088551351138,-26.06088551351138
2025-07-28,SOUTH,Hardware,test,253.0,240.06088551351138,12.93911448648862
2025-08-04,SOUTH,Hardware,test,241.0,240.06088551351138,0.9391144864886201
2025-08-11,SOUTH,Hardware,test,221.0,240.06088551351138,-19.06088551351138
2025-08-18,SOUTH,Hardware,test,287.0,240.06088551351138,46.93911448648862
2025-08-25,SOUTH,Hardware,test,245.0,240.06088551351138,4.93911448648862
2025-09-01,SOUTH,Hardware,test,259.0,233.79525789316745,25.204742106832555
2025-09-08,SOUTH,Hardware,test,268.0,233.79525789316745,34.204742106832555
2025-09-15,SOUTH,Hardware,test,285.0,233.79525789316745,51.204742106832555
2025-09-22,SOUTH,Hardware,test,301.0,233.79525789316745,67.20474210683255
2025-09-29,SOUTH,Hardware,test,241.0,233.79525789316745,7.204742106832555
2025-10-06,SOUTH,Hardware,test,229.0,206.73959848486217,22.26040151513783
2025-10-13,SOUTH,Hardware,test,204.0,206.73959848486217,-2.739598484862171
2025-10-20,SOUTH,Hardware,test,208.0,206.73959848486217,1.2604015151378292
2025-10-27,SOUTH,Hardware,test,207.0,206.73959848486217,0.26040151513782916
2025-11-03,SOUTH,Hardware,test,197.0,206.73959848486217,-9.73959848486217
2025-11-10,SOUTH,Hardware,test,216.0,206.73959848486217,9.26040151513783
2025-11-17,SOUTH,Hardware,test,229.0,206.73959848486217,22.26040151513783
2025-11-24,SOUTH,Hardware,test,217.0,206.73959848486217,10.26040151513783
2025-12-01,SOUTH,Hardware,test,245.0,206.73959848486217,38.26040151513783
2025-12-08,SOUTH,Hardware,test,218.0,206.73959848486217,11.26040151513783
2025-12-15,SOUTH,Hardware,test,234.0,206.73959848486217,27.26040151513783
2025-12-22,SOUTH,Hardware,test,229.0,206.73959848486217,22.26040151513783
2024-01-01,SOUTH,Health & Beauty,train,260.0,233.74760721395353,26.25239278604647
2024-01-08,SOUTH,Health & Beauty,train,245.0,233.74760721395353,11.252392786046471
2024-01-15,SOUTH,Health & Beauty,train,253.0,233.74760721395353,19.25239278604647
2024-01-22,SOUTH,Health & Beauty,train,232.0,233.74760721395353,-1.747607213953529
2024-01-29,SOUTH,Health & Beauty,train,242.0,233.74760721395353,8.252392786046471
2024-02-05,SOUTH,Health & Beauty,train,218.0,233.74760721395353,-15.747607213953529
2024-02-12,SOUTH,Health & Beauty,train,234.0,233.74760721395353,0.252392786046471
2024-02-19,SOUTH,Health & Beauty,train,228.0,233.74760721395353,-5.747607213953529
2024-02-26,SOUTH,Health & Beauty,train,218.0,233.74760721395353,-15.747607213953529
2024-03-04,SOUTH,Health & Beauty,train,296.0,257.11445722053384,38.885542779466164
2024-03-11,SOUTH,Health & Beauty,train,334.0,350.95189661827465,-16.951896618274645
2024-03-18,SOUTH,Health & Beauty,train,403.0,384.8406763554169,18.159323644583083
2024-03-25,SOUTH,Health & Beauty,train,433.0,418.72945609255925,14.270543907440754
2024-04-01,SOUTH,Health & Beauty,train,437.0,452.6182358297016,-15.618235829701575
2024-04-08,SOUTH,Health & Beauty,train,380.0,379.9522017291746,0.04779827082541033
2024-04-15,SOUTH,Health & Beauty,train,239.0,257.11445722053384,-18.114457220533836
2024-04-22,SOUTH,Health & Beauty,train,242.0,257.11445722053384,-15.114457220533836
2024-04-29,SOUTH,Health & Beauty,train,233.0,257.11445722053384,-24.114457220533836
2024-05-06,SOUTH,Health & Beauty,train,245.0,257.11445722053384,-12.114457220533836
2024-05-13,SOUTH,Health & Beauty,train,260.0,257.11445722053384,2.8855427794661637
2024-05-20,SOUTH,Health & Beauty,train,227.0,257.11445722053384,-30.114457220533836
2024-05-27,SOUTH,Health & Beauty,train,236.0,293.97180147788373,-57.97180147788373
2024-06-03,SOUTH,Health & Beauty,train,304.0,293.97180147788373,10.02819852211627
2024-06-10,SOUTH,Health & Beauty,train,315.0,293.97180147788373,21.02819852211627
2024-06-17,SOUTH,Health & Beauty,train,280.0,293.97180147788373,-13.97180147788373
2024-06-24,SOUTH,Health & Beauty,train,292.0,293.97180147788373,-1.97180147788373
2024-07-01,SOUTH,Health & Beauty,train,294.0,293.97180147788373,0.028198522116269942
2024-07-08,SOUTH,Health & Beauty,train,302.0,293.97180147788373,8.02819852211627
2024-07-15,SOUTH,Health & Beauty,train,318.0,293.97180147788373,24.02819852211627
2024-07-22,SOUTH,Health & Beauty,train,310.0,293.97180147788373,16.02819852211627
2024-07-29,SOUTH,Health & Beauty,train,284.0,293.97180147788373,-9.97180147788373
2024-08-05,SOUTH,Health & Beauty,train,325.0,293.97180147788373,31.02819852211627
2024-08-12,SOUTH,Health & Beauty,train,314.0,293.97180147788373,20.02819852211627
2024-08-19,SOUTH,Health & Beauty,train,290.0,293.97180147788373,-3.97180147788373
2024-08-26,SOUTH,Health & Beauty,train,300.0,342.23206821906007,-42.23206821906007
2024-09-02,SOUTH,Health & Beauty,train,344.0,305.3747239617102,38.625276038289826
2024-09-09,SOUTH,Health & Beauty,train,300.0,305.3747239617102,-5.374723961710174
2024-09-16,SOUTH,Health & Beauty,train,329.0,305.3747239617102,23.625276038289826
2024-09-23,SOUTH,Health & Beauty,train,339.0,305.3747239617102,33.625276038289826
2024-09-30,SOUTH,Health & Beauty,train,257.0,305.3747239617102,-48.374723961710174
2024-10-07,SOUTH,Health & Beauty,train,234.0,257.11445722053384,-23.114457220533836
2024-10-14,SOUTH,Health & Beauty,train,280.0,257.11445722053384,22.885542779466164
2024-10-21,SOUTH,Health & Beauty,train,267.0,257.11445722053384,9.885542779466164
2024-10-28,SOUTH,Health & Beauty,train,263.0,257.11445722053384,5.885542779466164
2024-11-04,SOUTH,Health & Beauty,validation,255.0,257.11445722053384,-2.1144572205338363
2024-11-11,SOUTH,Health & Beauty,validation,239.0,257.11445722053384,-18.114457220533836
2024-11-18,SOUTH,Health & Beauty,validation,249.0,257.11445722053384,-8.114457220533836
2024-11-25,SOUTH,Health & Beauty,validation,225.0,257.11445722053384,-32.114457220533836
2024-12-02,SOUTH,Health & Beauty,validation,282.0,257.11445722053384,24.885542779466164
2024-12-09,SOUTH,Health & Beauty,validation,295.0,257.11445722053384,37.885542779466164
2024-12-16,SOUTH,Health & Beauty,validation,278.0,257.11445722053384,20.885542779466164
2024-12-23,SOUTH,Health & Beauty,validation,268.0,257.11445722053384,10.885542779466164
2024-12-30,SOUTH,Health & Beauty,test,249.0,233.74760721395353,15.252392786046471
2025-01-06,SOUTH,Health & Beauty,test,226.0,233.74760721395353,-7.747607213953529
2025-01-13,SOUTH,Health & Beauty,test,228.0,233.74760721395353,-5.747607213953529
2025-01-20,SOUTH,Health & Beauty,test,227.0,233.74760721395353,-6.747607213953529
2025-01-27,SOUTH,Health & Beauty,test,230.0,233.74760721395353,-3.747607213953529
2025-02-03,SOUTH,Health & Beauty,test,223.0,233.74760721395353,-10.747607213953529
2025-02-10,SOUTH,Health & Beauty,test,223.0,233.74760721395353,-10.747607213953529
2025-02-17,SOUTH,Health & Beauty,test,228.0,233.74760721395353,-5.747607213953529
2025-02-24,SOUTH,Health & Beauty,test,250.0,327.5850466116943,-77.58504661169428
2025-03-03,SOUTH,Health & Beauty,test,360.0,384.8406763554169,-24.840676355416917
2025-03-10,SOUTH,Health & Beauty,test,384.0,418.72945609255925,-34.729456092559246
2025-03-17,SOUTH,Health & Beauty,test,458.0,452.6182358297016,5.381764170298425
2025-03-24,SOUTH,Health & Beauty,test,455.0,379.9522017291746,75.04779827082541
2025-03-31,SOUTH,Health & Beauty,test,266.0,257.11445722053384,8.885542779466164
2025-04-07,SOUTH,Health & Beauty,test,263.0,257.11445722053384,5.885542779466164
2025-04-14,SOUTH,Health & Beauty,test,259.0,257.11445722053384,1.8855427794661637
2025-04-21,SOUTH,Health & Beauty,test,237.0,257.11445722053384,-20.114457220533836
2025-04-28,SOUTH,Health & Beauty,test,252.0,257.11445722053384,-5.114457220533836
2025-05-05,SOUTH,Health & Beauty,test,222.0,257.11445722053384,-35.114457220533836
2025-05-12,SOUTH,Health & Beauty,test,253.0,257.11445722053384,-4.114457220533836
2025-05-19,SOUTH,Health & Beauty,test,234.0,257.11445722053384,-23.114457220533836
2025-05-26,SOUTH,Health & Beauty,test,270.0,293.97180147788373,-23.97180147788373
2025-06-02,SOUTH,Health & Beauty,test,255.0,293.97180147788373,-38.97180147788373
2025-06-09,SOUTH,Health & Beauty,test,301.0,293.97180147788373,7.02819852211627
2025-06-16,SOUTH,Health & Beauty,test,304.0,293.97180147788373,10.02819852211627
2025-06-23,SOUTH,Health & Beauty,test,282.0,293.97180147788373,-11.97180147788373
2025-06-30,SOUTH,Health & Beauty,test,303.0,293.97180147788373,9.02819852211627
2025-07-07,SOUTH,Health & Beauty,test,320.0,293.97180147788373,26.02819852211627
2025-07-14,SOUTH,Health & Beauty,test,293.0,293.97180147788373,-0.9718014778837301
2025-07-21,SOUTH,Health & Beauty,test,279.0,293.97180147788373,-14.97180147788373
2025-07-28,SOUTH,Health & Beauty,test,284.0,293.97180147788373,-9.97180147788373
2025-08-04,SOUTH,Health & Beauty,test,283.0,293.97180147788373,-10.97180147788373
2025-08-11,SOUTH,Health & Beauty,test,315.0,293.97180147788373,21.02819852211627
2025-08-18,SOUTH,Health & Beauty,test,260.0,293.97180147788373,-33.97180147788373
2025-08-25,SOUTH,Health & Beauty,test,328.0,293.97180147788373,34.02819852211627
2025-09-01,SOUTH,Health & Beauty,test,339.0,305.3747239617102,33.625276038289826
2025-09-08,SOUTH,Health & Beauty,test,308.0,305.3747239617102,2.625276038289826
2025-09-15,SOUTH,Health & Beauty,test,336.0,305.3747239617102,30.625276038289826
2025-09-22,SOUTH,Health & Beauty,test,294.0,305.3747239617102,-11.374723961710174
2025-09-29,SOUTH,Health & Beauty,test,283.0,305.3747239617102,-22.374723961710174
2025-10-06,SOUTH,Health & Beauty,test,219.0,257.11445722053384,-38.114457220533836
2025-10-13,SOUTH,Health & Beauty,test,235.0,257.11445722053384,-22.114457220533836
2025-10-20,SOUTH,Health & Beauty,test,230.0,257.11445722053384,-27.114457220533836
2025-10-27,SOUTH,Health & Beauty,test,271.0,257.11445722053384,13.885542779466164
2025-11-03,SOUTH,Health & Beauty,test,260.0,257.11445722053384,2.8855427794661637
2025-11-10,SOUTH,Health & Beauty,test,254.0,257.11445722053384,-3.1144572205338363
2025-11-17,SOUTH,Health & Beauty,test,241.0,257.11445722053384,-16.114457220533836
2025-11-24,SOUTH,Health & Beauty,test,248.0,257.11445722053384,-9.114457220533836
2025-12-01,SOUTH,Health & Beauty,test,271.0,257.11445722053384,13.885542779466164
2025-12-08,SOUTH,Health & Beauty,test,272.0,257.11445722053384,14.885542779466164
2025-12-15,SOUTH,Health & Beauty,test,261.0,257.11445722053384,3.8855427794661637
2025-12-22,SOUTH,Health & Beauty,test,272.0,257.11445722053384,14.885542779466164
2024-01-01,SOUTH,Home & Garden,train,573.0,566.8670569528483,6.132943047151684
2024-01-08,SOUTH,Home & Garden,train,523.0,566.8670569528483,-43.867056952848316
2024-01-15,SOUTH,Home & Garden,train,607.0,566.8670569528483,40.132943047151684
2024-01-22,SOUTH,Home & Garden,train,573.0,566.8670569528483,6.132943047151684
2024-01-29,SOUTH,Home & Garden,train,527.0,566.8670569528483,-39.867056952848316
2024-02-05,SOUTH,Home & Garden,train,561.0,566.8670569528483,-5.867056952848316
2024-02-12,SOUTH,Home & Garden,train,585.0,566.8670569528483,18.132943047151684
2024-02-19,SOUTH,Home & Garden,train,573.0,566.8670569528483,6.132943047151684
2024-02-26,SOUTH,Home & Garden,train,586.0,566.8670569528483,19.132943047151684
2024-03-04,SOUTH,Home & Garden,train,750.0,652.0358441497946,97.96415585020543
2024-03-11,SOUTH,Home & Garden,train,981.0,962.4085017783862,18.591498221613847
2024-03-18,SOUTH,Home & Garden,train,1003.0,1036.8179671041319,-33.81796710413187
2024-03-25,SOUTH,Home & Garden,train,1123.0,1111.2274324298776,11.772567570122419
2024-04-01,SOUTH,Home & Garden,train,1189.0,1185.6368977556233,3.363102244376705
2024-04-08,SOUTH,Home & Garden,train,1036.0,1036.0583843896184,-0.058384389618368004
2024-04-15,SOUTH,Home & Garden,train,624.0,652.0358441497946,-28.03584414979457
2024-04-22,SOUTH,Home & Garden,train,645.0,652.0358441497946,-7.0358441497945705
2024-04-29,SOUTH,Home & Garden,train,611.0,652.0358441497946,-41.03584414979457
2024-05-06,SOUTH,Home & Garden,train,641.0,652.0358441497946,-11.03584414979457
2024-05-13,SOUTH,Home & Garden,train,639.0,652.0358441497946,-13.03584414979457
2024-05-20,SOUTH,Home & Garden,train,637.0,652.0358441497946,-15.03584414979457
2024-05-27,SOUTH,Home & Garden,train,660.0,733.0040525161546,-73.00405251615462
2024-06-03,SOUTH,Home & Garden,train,760.0,733.0040525161546,26.995947483845384
2024-06-10,SOUTH,Home & Garden,train,748.0,733.0040525161546,14.995947483845384
2024-06-17,SOUTH,Home & Garden,train,739.0,733.0040525161546,5.995947483845384
2024-06-24,SOUTH,Home & Garden,train,801.0,733.0040525161546,67.99594748384538
2024-07-01,SOUTH,Home & Garden,train,762.0,733.0040525161546,28.995947483845384
2024-07-08,SOUTH,Home & Garden,train,768.0,733.0040525161546,34.995947483845384
2024-07-15,SOUTH,Home & Garden,train,779.0,733.0040525161546,45.995947483845384
2024-07-22,SOUTH,Home & Garden,train,714.0,733.0040525161546,-19.004052516154616
2024-07-29,SOUTH,Home & Garden,train,711.0,733.0040525161546,-22.004052516154616
2024-08-05,SOUTH,Home & Garden,train,748.0,733.0040525161546,14.995947483845384
2024-08-12,SOUTH,Home & Garden,train,718.0,733.0040525161546,-15.004052516154616
2024-08-19,SOUTH,Home & Garden,train,703.0,733.0040525161546,-30.004052516154616
2024-08-26,SOUTH,Home & Garden,train,756.0,838.1614025872215,-82.16140258722146
2024-09-02,SOUTH,Home & Garden,train,798.0,757.1931942208614,40.806805779138585
2024-09-09,SOUTH,Home & Garden,train,795.0,757.1931942208614,37.806805779138585
2024-09-16,SOUTH,Home & Garden,train,831.0,757.1931942208614,73.80680577913859
2024-09-23,SOUTH,Home & Garden,train,816.0,757.1931942208614,58.806805779138585
2024-09-30,SOUTH,Home & Garden,train,628.0,757.1931942208614,-129.19319422086141
2024-10-07,SOUTH,Home & Garden,train,635.0,652.0358441497946,-17.03584414979457
2024-10-14,SOUTH,Home & Garden,train,623.0,652.0358441497946,-29.03584414979457
2024-10-21,SOUTH,Home & Garden,train,607.0,652.0358441497946,-45.03584414979457
2024-10-28,SOUTH,Home & Garden,train,679.0,652.0358441497946,26.96415585020543
2024-11-04,SOUTH,Home & Garden,validation,626.0,652.0358441497946,-26.03584414979457
2024-11-11,SOUTH,Home & Garden,validation,640.0,652.0358441497946,-12.03584414979457
2024-11-18,SOUTH,Home & Garden,validation,639.0,652.0358441497946,-13.03584414979457
2024-11-25,SOUTH,Home & Garden,validation,671.0,652.0358441497946,18.96415585020543
2024-12-02,SOUTH,Home & Garden,validation,670.0,652.0358441497946,17.96415585020543
2024-12-09,SOUTH,Home & Garden,validation,669.0,652.0358441497946,16.96415585020543
2024-12-16,SOUTH,Home & Garden,validation,725.0,652.0358441497946,72.96415585020543
2024-12-23,SOUTH,Home & Garden,validation,712.0,652.0358441497946,59.96415585020543
2024-12-30,SOUTH,Home & Garden,test,589.0,566.8670569528483,22.132943047151684
2025-01-06,SOUTH,Home & Garden,test,539.0,566.8670569528483,-27.867056952848316
2025-01-13,SOUTH,Home & Garden,test,572.0,566.8670569528483,5.132943047151684
2025-01-20,SOUTH,Home & Garden,test,538.0,566.8670569528483,-28.867056952848316
2025-01-27,SOUTH,Home & Garden,test,590.0,566.8670569528483,23.132943047151684
2025-02-03,SOUTH,Home & Garden,test,566.0,566.8670569528483,-0.8670569528483156
2025-02-10,SOUTH,Home & Garden,test,559.0,566.8670569528483,-7.867056952848316
2025-02-17,SOUTH,Home & Garden,test,538.0,566.8670569528483,-28.867056952848316
2025-02-24,SOUTH,Home & Garden,test,679.0,877.23971458144,-198.23971458144
2025-03-03,SOUTH,Home & Garden,test,1013.0,1036.8179671041319,-23.817967104131867
2025-03-10,SOUTH,Home & Garden,test,1011.0,1111.2274324298776,-100.22743242987758
2025-03-17,SOUTH,Home & Garden,test,1074.0,1185.6368977556233,-111.6368977556233
2025-03-24,SOUTH,Home & Garden,test,1262.0,1036.0583843896184,225.94161561038163
2025-03-31,SOUTH,Home & Garden,test,634.0,652.0358441497946,-18.03584414979457
2025-04-07,SOUTH,Home & Garden,test,633.0,652.0358441497946,-19.03584414979457
2025-04-14,SOUTH,Home & Garden,test,596.0,652.0358441497946,-56.03584414979457
2025-04-21,SOUTH,Home & Garden,test,623.0,652.0358441497946,-29.03584414979457
2025-04-28,SOUTH,Home & Garden,test,629.0,652.0358441497946,-23.03584414979457
2025-05-05,SOUTH,Home & Garden,test,667.0,652.0358441497946,14.96415585020543
2025-05-12,SOUTH,Home & Garden,test,629.0,652.0358441497946,-23.03584414979457
2025-05-19,SOUTH,Home & Garden,test,618.0,652.0358441497946,-34.03584414979457
2025-05-26,SOUTH,Home & Garden,test,678.0,733.0040525161546,-55.004052516154616
2025-06-02,SOUTH,Home & Garden,test,710.0,733.0040525161546,-23.004052516154616
2025-06-09,SOUTH,Home & Garden,test,760.0,733.0040525161546,26.995947483845384
2025-06-16,SOUTH,Home & Garden,test,758.0,733.0040525161546,24.995947483845384
2025-06-23,SOUTH,Home & Garden,test,765.0,733.0040525161546,31.995947483845384
2025-06-30,SOUTH,Home & Garden,test,746.0,733.0040525161546,12.995947483845384
2025-07-07,SOUTH,Home & Garden,test,723.0,733.0040525161546,-10.004052516154616
2025-07-14,SOUTH,Home & Garden,test,751.0,733.0040525161546,17.995947483845384
2025-07-21,SOUTH,Home & Garden,test,754.0,733.0040525161546,20.995947483845384
2025-07-28,SOUTH,Home & Garden,test,722.0,733.0040525161546,-11.004052516154616
2025-08-04,SOUTH,Home & Garden,test,737.0,733.0040525161546,3.9959474838453843
2025-08-11,SOUTH,Home & Garden,test,753.0,733.0040525161546,19.995947483845384
2025-08-18,SOUTH,Home & Garden,test,792.0,733.0040525161546,58.995947483845384
2025-08-25,SOUTH,Home & Garden,test,778.0,733.0040525161546,44.995947483845384
2025-09-01,SOUTH,Home & Garden,test,802.0,757.1931942208614,44.806805779138585
2025-09-08,SOUTH,Home & Garden,test,809.0,757.1931942208614,51.806805779138585
2025-09-15,SOUTH,Home & Garden,test,844.0,757.1931942208614,86.80680577913859
2025-09-22,SOUTH,Home & Garden,test,806.0,757.1931942208614,48.806805779138585
2025-09-29,SOUTH,Home & Garden,test,698.0,757.1931942208614,-59.193194220861415
2025-10-06,SOUTH,Home & Garden,test,645.0,652.0358441497946,-7.0358441497945705
2025-10-13,SOUTH,Home & Garden,test,640.0,652.0358441497946,-12.03584414979457
2025-10-20,SOUTH,Home & Garden,test,637.0,652.0358441497946,-15.03584414979457
2025-10-27,SOUTH,Home & Garden,test,623.0,652.0358441497946,-29.03584414979457
2025-11-03,SOUTH,Home & Garden,test,646.0,652.0358441497946,-6.0358441497945705
2025-11-10,SOUTH,Home & Garden,test,664.0,652.0358441497946,11.96415585020543
2025-11-17,SOUTH,Home & Garden,test,715.0,652.0358441497946,62.96415585020543
2025-11-24,SOUTH,Home & Garden,test,643.0,652.0358441497946,-9.03584414979457
2025-12-01,SOUTH,Home & Garden,test,695.0,652.0358441497946,42.96415585020543
2025-12-08,SOUTH,Home & Garden,test,688.0,652.0358441497946,35.96415585020543
2025-12-15,SOUTH,Home & Garden,test,702.0,652.0358441497946,49.96415585020543
2025-12-22,SOUTH,Home & Garden,test,741.0,652.0358441497946,88.96415585020543
2024-01-01,SOUTH,Luggage & Bags,train,192.0,174.00010478977288,17.999895210227123
2024-01-08,SOUTH,Luggage & Bags,train,179.0,174.00010478977288,4.999895210227123
2024-01-15,SOUTH,Luggage & Bags,train,148.0,174.00010478977288,-26.000104789772877
2024-01-22,SOUTH,Luggage & Bags,train,182.0,174.00010478977288,7.999895210227123
2024-01-29,SOUTH,Luggage & Bags,train,166.0,174.00010478977288,-8.000104789772877
2024-02-05,SOUTH,Luggage & Bags,train,171.0,174.00010478977288,-3.0001047897728768
2024-02-12,SOUTH,Luggage & Bags,train,169.0,174.00010478977288,-5.000104789772877
2024-02-19,SOUTH,Luggage & Bags,train,177.0,174.00010478977288,2.9998952102271232
2024-02-26,SOUTH,Luggage & Bags,train,200.0,174.00010478977288,25.999895210227123
2024-03-04,SOUTH,Luggage & Bags,train,251.0,210.37777491366668,40.622225086333316
2024-03-11,SOUTH,Luggage & Bags,train,313.0,285.70935714967806,27.290642850321944
2024-03-18,SOUTH,Luggage & Bags,train,277.0,313.9058930426163,-36.9058930426163
2024-03-25,SOUTH,Luggage & Bags,train,334.0,342.10242893555454,-8.102428935554542
2024-04-01,SOUTH,Luggage & Bags,train,388.0,370.2989648284928,17.701035171507215
2024-04-08,SOUTH,Luggage & Bags,train,331.0,331.0009016757767,-0.0009016757766744377
2024-04-15,SOUTH,Luggage & Bags,train,189.0,210.37777491366668,-21.377774913666684
2024-04-22,SOUTH,Luggage & Bags,train,196.0,210.37777491366668,-14.377774913666684
2024-04-29,SOUTH,Luggage & Bags,train,230.0,210.37777491366668,19.622225086333316
2024-05-06,SOUTH,Luggage & Bags,train,194.0,210.37777491366668,-16.377774913666684
2024-05-13,SOUTH,Luggage & Bags,train,202.0,210.37777491366668,-8.377774913666684
2024-05-20,SOUTH,Luggage & Bags,train,199.0,210.37777491366668,-11.377774913666684
2024-05-27,SOUTH,Luggage & Bags,train,207.0,232.75689384795018,-25.75689384795018
2024-06-03,SOUTH,Luggage & Bags,train,230.0,232.75689384795018,-2.756893847950181
2024-06-10,SOUTH,Luggage & Bags,train,235.0,232.75689384795018,2.243106152049819
2024-06-17,SOUTH,Luggage & Bags,train,220.0,232.75689384795018,-12.756893847950181
2024-06-24,SOUTH,Luggage & Bags,train,240.0,232.75689384795018,7.243106152049819
2024-07-01,SOUTH,Luggage & Bags,train,237.0,232.75689384795018,4.243106152049819
2024-07-08,SOUTH,Luggage & Bags,train,264.0,232.75689384795018,31.24310615204982
2024-07-15,SOUTH,Luggage & Bags,train,227.0,232.75689384795018,-5.756893847950181
2024-07-22,SOUTH,Luggage & Bags,train,240.0,232.75689384795018,7.243106152049819
2024-07-29,SOUTH,Luggage & Bags,train,227.0,232.75689384795018,-5.756893847950181
2024-08-05,SOUTH,Luggage & Bags,train,234.0,232.75689384795018,1.243106152049819
2024-08-12,SOUTH,Luggage & Bags,train,255.0,232.75689384795018,22.24310615204982
2024-08-19,SOUTH,Luggage & Bags,train,249.0,232.75689384795018,16.24310615204982
2024-08-26,SOUTH,Luggage & Bags,train,222.0,261.14770504080127,-39.14770504080127
2024-09-02,SOUTH,Luggage & Bags,train,279.0,238.76858610651777,40.23141389348223
2024-09-09,SOUTH,Luggage & Bags,train,263.0,238.76858610651777,24.231413893482227
2024-09-16,SOUTH,Luggage & Bags,train,220.0,238.76858610651777,-18.768586106517773
2024-09-23,SOUTH,Luggage & Bags,train,268.0,238.76858610651777,29.231413893482227
2024-09-30,SOUTH,Luggage & Bags,train,203.0,238.76858610651777,-35.76858610651777
2024-10-07,SOUTH,Luggage & Bags,train,198.0,210.37777491366668,-12.377774913666684
2024-10-14,SOUTH,Luggage & Bags,train,204.0,210.37777491366668,-6.377774913666684
2024-10-21,SOUTH,Luggage & Bags,train,209.0,210.37777491366668,-1.3777749136666841
2024-10-28,SOUTH,Luggage & Bags,train,203.0,210.37777491366668,-7.377774913666684
2024-11-04,SOUTH,Luggage & Bags,validation,187.0,210.37777491366668,-23.377774913666684
2024-11-11,SOUTH,Luggage & Bags,validation,210.0,210.37777491366668,-0.37777491366668414
2024-11-18,SOUTH,Luggage & Bags,validation,176.0,210.37777491366668,-34.377774913666684
2024-11-25,SOUTH,Luggage & Bags,validation,179.0,210.37777491366668,-31.377774913666684
2024-12-02,SOUTH,Luggage & Bags,validation,201.0,210.37777491366668,-9.377774913666684
2024-12-09,SOUTH,Luggage & Bags,validation,205.0,210.37777491366668,-5.377774913666684
2024-12-16,SOUTH,Luggage & Bags,validation,204.0,210.37777491366668,-6.377774913666684
2024-12-23,SOUTH,Luggage & Bags,validation,218.0,210.37777491366668,7.622225086333316
2024-12-30,SOUTH,Luggage & Bags,test,192.0,174.00010478977288,17.999895210227123
2025-01-06,SOUTH,Luggage & Bags,test,202.0,174.00010478977288,27.999895210227123
2025-01-13,SOUTH,Luggage & Bags,test,169.0,174.00010478977288,-5.000104789772877
2025-01-20,SOUTH,Luggage & Bags,test,168.0,174.00010478977288,-6.000104789772877
2025-01-27,SOUTH,Luggage & Bags,test,186.0,174.00010478977288,11.999895210227123
2025-02-03,SOUTH,Luggage & Bags,test,174.0,174.00010478977288,-0.00010478977287675662
2025-02-10,SOUTH,Luggage & Bags,test,176.0,174.00010478977288,1.9998952102271232
2025-02-17,SOUTH,Luggage & Bags,test,210.0,174.00010478977288,35.99989521022712
2025-02-24,SOUTH,Luggage & Bags,test,233.0,249.33168702578425,-16.331687025784248
2025-03-03,SOUTH,Luggage & Bags,test,285.0,313.9058930426163,-28.9058930426163
2025-03-10,SOUTH,Luggage & Bags,test,363.0,342.10242893555454,20.897571064445458
2025-03-17,SOUTH,Luggage & Bags,test,327.0,370.2989648284928,-43.298964828492785
2025-03-24,SOUTH,Luggage & Bags,test,385.0,331.0009016757767,53.999098324223326
2025-03-31,SOUTH,Luggage & Bags,test,186.0,210.37777491366668,-24.377774913666684
2025-04-07,SOUTH,Luggage & Bags,test,192.0,210.37777491366668,-18.377774913666684
2025-04-14,SOUTH,Luggage & Bags,test,205.0,210.37777491366668,-5.377774913666684
2025-04-21,SOUTH,Luggage & Bags,test,186.0,210.37777491366668,-24.377774913666684
2025-04-28,SOUTH,Luggage & Bags,test,238.0,210.37777491366668,27.622225086333316
2025-05-05,SOUTH,Luggage & Bags,test,204.0,210.37777491366668,-6.377774913666684
2025-05-12,SOUTH,Luggage & Bags,test,200.0,210.37777491366668,-10.377774913666684
2025-05-19,SOUTH,Luggage & Bags,test,198.0,210.37777491366668,-12.377774913666684
2025-05-26,SOUTH,Luggage & Bags,test,225.0,232.75689384795018,-7.756893847950181
2025-06-02,SOUTH,Luggage & Bags,test,249.0,232.75689384795018,16.24310615204982
2025-06-09,SOUTH,Luggage & Bags,test,212.0,232.75689384795018,-20.75689384795018
2025-06-16,SOUTH,Luggage & Bags,test,233.0,232.75689384795018,0.243106152049819
2025-06-23,SOUTH,Luggage & Bags,test,236.0,232.75689384795018,3.243106152049819
2025-06-30,SOUTH,Luggage & Bags,test,247.0,232.75689384795018,14.243106152049819
2025-07-07,SOUTH,Luggage & Bags,test,233.0,232.75689384795018,0.243106152049819
2025-07-14,SOUTH,Luggage & Bags,test,203.0,232.75689384795018,-29.75689384795018
2025-07-21,SOUTH,Luggage & Bags,test,232.0,232.75689384795018,-0.756893847950181
2025-07-28,SOUTH,Luggage & Bags,test,231.0,232.75689384795018,-1.756893847950181
2025-08-04,SOUTH,Luggage & Bags,test,222.0,232.75689384795018,-10.756893847950181
2025-08-11,SOUTH,Luggage & Bags,test,239.0,232.75689384795018,6.243106152049819
2025-08-18,SOUTH,Luggage & Bags,test,250.0,232.75689384795018,17.24310615204982
2025-08-25,SOUTH,Luggage & Bags,test,234.0,232.75689384795018,1.243106152049819
2025-09-01,SOUTH,Luggage & Bags,test,249.0,238.76858610651777,10.231413893482227
2025-09-08,SOUTH,Luggage & Bags,test,268.0,238.76858610651777,29.231413893482227
2025-09-15,SOUTH,Luggage & Bags,test,275.0,238.76858610651777,36.23141389348223
2025-09-22,SOUTH,Luggage & Bags,test,246.0,238.76858610651777,7.231413893482227
2025-09-29,SOUTH,Luggage & Bags,test,221.0,238.76858610651777,-17.768586106517773
2025-10-06,SOUTH,Luggage & Bags,test,187.0,210.37777491366668,-23.377774913666684
2025-10-13,SOUTH,Luggage & Bags,test,179.0,210.37777491366668,-31.377774913666684
2025-10-20,SOUTH,Luggage & Bags,test,194.0,210.37777491366668,-16.377774913666684
2025-10-27,SOUTH,Luggage & Bags,test,204.0,210.37777491366668,-6.377774913666684
2025-11-03,SOUTH,Luggage & Bags,test,207.0,210.37777491366668,-3.377774913666684
2025-11-10,SOUTH,Luggage & Bags,test,195.0,210.37777491366668,-15.377774913666684
2025-11-17,SOUTH,Luggage & Bags,test,212.0,210.37777491366668,1.6222250863333159
2025-11-24,SOUTH,Luggage & Bags,test,193.0,210.37777491366668,-17.377774913666684
2025-12-01,SOUTH,Luggage & Bags,test,212.0,210.37777491366668,1.6222250863333159
2025-12-08,SOUTH,Luggage & Bags,test,222.0,210.37777491366668,11.622225086333316
2025-12-15,SOUTH,Luggage & Bags,test,230.0,210.37777491366668,19.622225086333316
2025-12-22,SOUTH,Luggage & Bags,test,232.0,210.37777491366668,21.622225086333316
2024-01-01,SOUTH,Media,train,82.0,87.2229367712999,-5.222936771299899
2024-01-08,SOUTH,Media,train,90.0,85.75130885119401,4.248691148805989
2024-01-15,SOUTH,Media,train,79.0,88.00540915459803,-9.005409154598027
2024-01-22,SOUTH,Media,train,84.0,84.9060212374175,-0.9060212374175052
2024-01-29,SOUTH,Media,train,84.0,86.31483392704502,-2.314833927045015
2024-02-05,SOUTH,Media,train,82.0,86.31483392704502,-4.314833927045015
2024-02-12,SOUTH,Media,train,84.0,85.75130885119401,-1.7513088511940111
2024-02-19,SOUTH,Media,train,94.0,86.31483392704502,7.685166072954985
2024-02-26,SOUTH,Media,train,102.0,89.13245930630003,12.867540693699965
2024-03-04,SOUTH,Media,train,120.0,104.9392568035673,15.060743196432696
2024-03-11,SOUTH,Media,train,146.0,146.94668220434355,-0.9466822043435457
2024-03-18,SOUTH,Media,train,158.0,154.69389965197402,3.3061003480259785
2024-03-25,SOUTH,Media,train,163.0,166.6252636707002,-3.625263670700207
2024-04-01,SOUTH,Media,train,178.0,176.58428992394792,1.415710076052079
2024-04-08,SOUTH,Media,train,162.0,163.38706960746293,-1.3870696074629336
2024-04-15,SOUTH,Media,train,99.0,100.44488493737236,-1.4448849373723647
2024-04-22,SOUTH,Media,train,93.0,100.27532683271205,-7.275326832712054
2024-04-29,SOUTH,Media,train,110.0,98.58475160515903,11.415248394840972
2024-05-06,SOUTH,Media,train,110.0,103.37471474989258,6.625285250107424
2024-05-13,SOUTH,Media,train,87.0,103.37471474989258,-16.374714749892576
2024-05-20,SOUTH,Media,train,77.0,96.89417637760602,-19.894176377606016
2024-05-27,SOUTH,Media,train,106.0,104.07961143295893,1.9203885670410727
2024-06-03,SOUTH,Media,train,90.0,109.4322373377212,-19.432237337721205
2024-06-10,SOUTH,Media,train,109.0,104.92403673091314,4.075963269086856
2024-06-17,SOUTH,Media,train,98.0,110.27752495149771,-12.27752495149771
2024-06-24,SOUTH,Media,train,104.0,107.17813703431717,-3.1781370343171744
2024-07-01,SOUTH,Media,train,120.0,108.86871226187019,11.131287738129814
2024-07-08,SOUTH,Media,train,124.0,113.37691286867823,10.623087131321768
2024-07-15,SOUTH,Media,train,105.0,114.50396302038024,-9.50396302038024
2024-07-22,SOUTH,Media,train,113.0,109.15047479979569,3.8495252002043117
2024-07-29,SOUTH,Media,train,135.0,111.40457510319972,23.59542489680028
2024-08-05,SOUTH,Media,train,117.0,117.60335093756078,-0.6033509375607764
2024-08-12,SOUTH,Media,train,122.0,112.53162525490173,9.468374745098274
2024-08-19,SOUTH,Media,train,115.0,113.94043794452924,1.0595620554707637
2024-08-26,SOUTH,Media,train,117.0,131.22988211676935,-14.229882116769346
2024-09-02,SOUTH,Media,train,133.0,116.36309819427319,16.636901805726808
2024-09-09,SOUTH,Media,train,120.0,123.68978649615856,-3.689786496158561
2024-09-16,SOUTH,Media,train,132.0,120.02687350312702,11.973126496872979
2024-09-23,SOUTH,Media,train,141.0,123.40802395823306,17.59197604176694
2024-09-30,SOUTH,Media,train,101.0,125.94388679956258,-24.943886799562577
2024-10-07,SOUTH,Media,train,92.0,95.41160334482385,-3.4116033448238454
2024-10-14,SOUTH,Media,train,82.0,98.30298906723353,-16.302989067233526
2024-10-21,SOUTH,Media,train,91.0,95.4853636879785,-4.485363687978506
2024-10-28,SOUTH,Media,train,103.0,98.02122652930802,4.978773470691976
2024-11-04,SOUTH,Media,validation,88.0,101.40237698441406,-13.402376984414062
2024-11-11,SOUTH,Media,validation,85.0,100.95222666889437,-15.952226668894369
2024-11-18,SOUTH,Media,validation,101.0,100.82539117354558,0.174608826454417
2024-11-25,SOUTH,Media,validation,88.0,100.78965368247707,-12.789653682477066
2024-12-02,SOUTH,Media,validation,112.0,100.77958419629451,11.220415803705492
2024-12-09,SOUTH,Media,validation,104.0,100.7767469923121,3.2232530076879016
2024-12-16,SOUTH,Media,validation,105.0,100.77594757451742,4.224052425482583
2024-12-23,SOUTH,Media,validation,102.0,100.77572232853072,1.224277671469281
2024-12-30,SOUTH,Media,test,96.0,87.22296166878661,8.77703833121339
2025-01-06,SOUTH,Media,test,90.0,87.22294378647894,2.777056213521064
2025-01-13,SOUTH,Media,test,87.0,87.22293874791455,-0.22293874791455437
2025-01-20,SOUTH,Media,test,95.0,87.22293732823586,7.777062671764142
2025-01-27,SOUTH,Media,test,69.0,87.22293692822359,-18.22293692822359
2025-02-03,SOUTH,Media,test,85.0,87.22293681551511,-2.222936815515112
2025-02-10,SOUTH,Media,test,97.0,87.22293678375809,9.777063216241913
2025-02-17,SOUTH,Media,test,97.0,87.22293677481015,9.777063225189849
2025-02-24,SOUTH,Media,test,92.0,127.97727884748492,-35.977278847484925
2025-03-03,SOUTH,Media,test,125.0,153.43441435679645,-28.434414356796452
2025-03-10,SOUTH,Media,test,160.0,165.33885267275494,-5.338852672754939
2025-03-17,SOUTH,Media,test,155.0,177.24329098885718,-22.243290988857183
2025-03-24,SOUTH,Media,test,185.0,163.17385735601223,21.826142643987765
2025-03-31,SOUTH,Media,test,113.0,100.7756339651649,12.2243660348351
2025-04-07,SOUTH,Media,test,98.0,100.77563396516364,-2.7756339651636353
2025-04-14,SOUTH,Media,test,111.0,100.77563396516328,10.22436603483672
2025-04-21,SOUTH,Media,test,78.0,100.77563396516318,-22.77563396516318
2025-04-28,SOUTH,Media,test,91.0,100.77563396516315,-9.775633965163152
2025-05-05,SOUTH,Media,test,100.0,100.77563396516314,-0.7756339651631379
2025-05-12,SOUTH,Media,test,104.0,100.77563396516314,3.224366034836862
2025-05-19,SOUTH,Media,test,123.0,100.77563396516314,22.224366034836862
2025-05-26,SOUTH,Media,test,101.0,110.77869439977108,-9.778694399771084
2025-06-02,SOUTH,Media,test,122.0,110.77869439977108,11.221305600228916
2025-06-09,SOUTH,Media,test,124.0,110.77869439977108,13.221305600228916
2025-06-16,SOUTH,Media,test,102.0,110.77869439977108,-8.778694399771084
2025-06-23,SOUTH,Media,test,110.0,110.77869439977108,-0.7786943997710836
2025-06-30,SOUTH,Media,test,118.0,110.77869439977108,7.221305600228916
2025-07-07,SOUTH,Media,test,107.0,110.77869439977108,-3.7786943997710836
2025-07-14,SOUTH,Media,test,117.0,110.77869439977108,6.221305600228916
2025-07-21,SOUTH,Media,test,104.0,110.77869439977108,-6.778694399771084
2025-07-28,SOUTH,Media,test,129.0,110.77869439977108,18.221305600228916
2025-08-04,SOUTH,Media,test,131.0,110.77869439977108,20.221305600228916
2025-08-11,SOUTH,Media,test,111.0,110.77869439977108,0.22130560022891643
2025-08-18,SOUTH,Media,test,105.0,110.77869439977108,-5.778694399771084
2025-08-25,SOUTH,Media,test,122.0,110.77869439977108,11.221305600228916
2025-09-01,SOUTH,Media,test,125.0,120.03741590288176,4.9625840971182384
2025-09-08,SOUTH,Media,test,109.0,120.03741590288176,-11.037415902881762
2025-09-15,SOUTH,Media,test,125.0,120.03741590288176,4.9625840971182384
2025-09-22,SOUTH,Media,test,135.0,120.03741590288176,14.962584097118238
2025-09-29,SOUTH,Media,test,109.0,120.03741590288176,-11.037415902881762
2025-10-06,SOUTH,Media,test,90.0,100.77563396516314,-10.775633965163138
2025-10-13,SOUTH,Media,test,103.0,100.77563396516314,2.224366034836862
2025-10-20,SOUTH,Media,test,76.0,100.77563396516314,-24.775633965163138
2025-10-27,SOUTH,Media,test,95.0,100.77563396516314,-5.775633965163138
2025-11-03,SOUTH,Media,test,102.0,100.77563396516314,1.2243660348368621
2025-11-10,SOUTH,Media,test,98.0,100.77563396516314,-2.775633965163138
2025-11-17,SOUTH,Media,test,74.0,100.77563396516314,-26.775633965163138
2025-11-24,SOUTH,Media,test,101.0,100.77563396516314,0.22436603483686213
2025-12-01,SOUTH,Media,test,112.0,100.77563396516314,11.224366034836862
2025-12-08,SOUTH,Media,test,107.0,100.77563396516314,6.224366034836862
2025-12-15,SOUTH,Media,test,106.0,100.77563396516314,5.224366034836862
2025-12-22,SOUTH,Media,test,107.0,100.77563396516314,6.224366034836862
2024-01-01,SOUTH,Office Supplies,train,188.0,182.62493669509954,5.375063304900465
2024-01-08,SOUTH,Office Supplies,train,187.0,182.62493669509954,4.375063304900465
2024-01-15,SOUTH,Office Supplies,train,161.0,182.62493669509954,-21.624936695099535
2024-01-22,SOUTH,Office Supplies,train,191.0,182.62493669509954,8.375063304900465
2024-01-29,SOUTH,Office Supplies,train,182.0,182.62493669509954,-0.6249366950995352
2024-02-05,SOUTH,Office Supplies,train,182.0,182.62493669509954,-0.6249366950995352
2024-02-12,SOUTH,Office Supplies,train,190.0,182.62493669509954,7.375063304900465
2024-02-19,SOUTH,Office Supplies,train,180.0,182.62493669509954,-2.624936695099535
2024-02-26,SOUTH,Office Supplies,train,188.0,182.62493669509954,5.375063304900465
2024-03-04,SOUTH,Office Supplies,train,221.0,205.74849011444473,15.251509885555265
2024-03-11,SOUTH,Office Supplies,train,304.0,304.2064983988537,-0.20649839885368237
2024-03-18,SOUTH,Office Supplies,train,337.0,327.9046638366416,9.09533616335841
2024-03-25,SOUTH,Office Supplies,train,334.0,351.6028292744295,-17.602829274429496
2024-04-01,SOUTH,Office Supplies,train,384.0,375.30099471221746,8.69900528778254
2024-04-08,SOUTH,Office Supplies,train,335.0,334.9909124965297,0.00908750347031173
2024-04-15,SOUTH,Office Supplies,train,185.0,205.74849011444473,-20.748490114444735
2024-04-22,SOUTH,Office Supplies,train,196.0,205.74849011444473,-9.748490114444735
2024-04-29,SOUTH,Office Supplies,train,180.0,205.74849011444473,-25.748490114444735
2024-05-06,SOUTH,Office Supplies,train,207.0,205.74849011444473,1.251509885555265
2024-05-13,SOUTH,Office Supplies,train,229.0,205.74849011444473,23.251509885555265
2024-05-20,SOUTH,Office Supplies,train,215.0,205.74849011444473,9.251509885555265
2024-05-27,SOUTH,Office Supplies,train,201.0,238.82745637373094,-37.82745637373094
2024-06-03,SOUTH,Office Supplies,train,248.0,238.82745637373094,9.17254362626906
2024-06-10,SOUTH,Office Supplies,train,243.0,238.82745637373094,4.172543626269061
2024-06-17,SOUTH,Office Supplies,train,209.0,238.82745637373094,-29.82745637373094
2024-06-24,SOUTH,Office Supplies,train,220.0,238.82745637373094,-18.82745637373094
2024-07-01,SOUTH,Office Supplies,train,219.0,238.82745637373094,-19.82745637373094
2024-07-08,SOUTH,Office Supplies,train,253.0,238.82745637373094,14.17254362626906
2024-07-15,SOUTH,Office Supplies,train,233.0,238.82745637373094,-5.827456373730939
2024-07-22,SOUTH,Office Supplies,train,224.0,238.82745637373094,-14.82745637373094
2024-07-29,SOUTH,Office Supplies,train,283.0,238.82745637373094,44.17254362626906
2024-08-05,SOUTH,Office Supplies,train,249.0,238.82745637373094,10.17254362626906
2024-08-12,SOUTH,Office Supplies,train,280.0,238.82745637373094,41.17254362626906
2024-08-19,SOUTH,Office Supplies,train,258.0,238.82745637373094,19.17254362626906
2024-08-26,SOUTH,Office Supplies,train,248.0,263.2328727338962,-15.232872733896215
2024-09-02,SOUTH,Office Supplies,train,271.0,230.15390647460998,40.84609352539002
2024-09-09,SOUTH,Office Supplies,train,214.0,230.15390647460998,-16.153906474609983
2024-09-16,SOUTH,Office Supplies,train,233.0,230.15390647460998,2.8460935253900175
2024-09-23,SOUTH,Office Supplies,train,239.0,230.15390647460998,8.846093525390017
2024-09-30,SOUTH,Office Supplies,train,209.0,230.15390647460998,-21.153906474609983
2024-10-07,SOUTH,Office Supplies,train,202.0,205.74849011444473,-3.748490114444735
2024-10-14,SOUTH,Office Supplies,train,193.0,205.74849011444473,-12.748490114444735
2024-10-21,SOUTH,Office Supplies,train,226.0,205.74849011444473,20.251509885555265
2024-10-28,SOUTH,Office Supplies,train,194.0,205.74849011444473,-11.748490114444735
2024-11-04,SOUTH,Office Supplies,validation,245.0,205.74849011444473,39.251509885555265
2024-11-11,SOUTH,Office Supplies,validation,195.0,205.74849011444473,-10.748490114444735
2024-11-18,SOUTH,Office Supplies,validation,206.0,205.74849011444473,0.2515098855552651
2024-11-25,SOUTH,Office Supplies,validation,167.0,205.74849011444473,-38.748490114444735
2024-12-02,SOUTH,Office Supplies,validation,218.0,205.74849011444473,12.251509885555265
2024-12-09,SOUTH,Office Supplies,validation,228.0,205.74849011444473,22.251509885555265
2024-12-16,SOUTH,Office Supplies,validation,214.0,205.74849011444473,8.251509885555265
2024-12-23,SOUTH,Office Supplies,validation,211.0,205.74849011444473,5.251509885555265
2024-12-30,SOUTH,Office Supplies,test,195.0,182.62493669509954,12.375063304900465
2025-01-06,SOUTH,Office Supplies,test,195.0,182.62493669509954,12.375063304900465
2025-01-13,SOUTH,Office Supplies,test,189.0,182.62493669509954,6.375063304900465
2025-01-20,SOUTH,Office Supplies,test,171.0,182.62493669509954,-11.624936695099535
2025-01-27,SOUTH,Office Supplies,test,173.0,182.62493669509954,-9.624936695099535
2025-02-03,SOUTH,Office Supplies,test,194.0,182.62493669509954,11.375063304900465
2025-02-10,SOUTH,Office Supplies,test,198.0,182.62493669509954,15.375063304900465
2025-02-17,SOUTH,Office Supplies,test,176.0,182.62493669509954,-6.624936695099535
2025-02-24,SOUTH,Office Supplies,test,224.0,281.08294497950845,-57.082944979508454
2025-03-03,SOUTH,Office Supplies,test,324.0,327.9046638366416,-3.904663836641589
2025-03-10,SOUTH,Office Supplies,test,323.0,351.6028292744295,-28.602829274429496
2025-03-17,SOUTH,Office Supplies,test,345.0,375.30099471221746,-30.30099471221746
2025-03-24,SOUTH,Office Supplies,test,426.0,334.9909124965297,91.00908750347031
2025-03-31,SOUTH,Office Supplies,test,242.0,205.74849011444473,36.251509885555265
2025-04-07,SOUTH,Office Supplies,test,233.0,205.74849011444473,27.251509885555265
2025-04-14,SOUTH,Office Supplies,test,187.0,205.74849011444473,-18.748490114444735
2025-04-21,SOUTH,Office Supplies,test,196.0,205.74849011444473,-9.748490114444735
2025-04-28,SOUTH,Office Supplies,test,210.0,205.74849011444473,4.251509885555265
2025-05-05,SOUTH,Office Supplies,test,184.0,205.74849011444473,-21.748490114444735
2025-05-12,SOUTH,Office Supplies,test,195.0,205.74849011444473,-10.748490114444735
2025-05-19,SOUTH,Office Supplies,test,163.0,205.74849011444473,-42.748490114444735
2025-05-26,SOUTH,Office Supplies,test,186.0,238.82745637373094,-52.82745637373094
2025-06-02,SOUTH,Office Supplies,test,233.0,238.82745637373094,-5.827456373730939
2025-06-09,SOUTH,Office Supplies,test,247.0,238.82745637373094,8.17254362626906
2025-06-16,SOUTH,Office Supplies,test,264.0,238.82745637373094,25.17254362626906
2025-06-23,SOUTH,Office Supplies,test,221.0,238.82745637373094,-17.82745637373094
2025-06-30,SOUTH,Office Supplies,test,239.0,238.82745637373094,0.17254362626906072
2025-07-07,SOUTH,Office Supplies,test,260.0,238.82745637373094,21.17254362626906
2025-07-14,SOUTH,Office Supplies,test,247.0,238.82745637373094,8.17254362626906
2025-07-21,SOUTH,Office Supplies,test,260.0,238.82745637373094,21.17254362626906
2025-07-28,SOUTH,Office Supplies,test,241.0,238.82745637373094,2.1725436262690607
2025-08-04,SOUTH,Office Supplies,test,250.0,238.82745637373094,11.17254362626906
2025-08-11,SOUTH,Office Supplies,test,251.0,238.82745637373094,12.17254362626906
2025-08-18,SOUTH,Office Supplies,test,232.0,238.82745637373094,-6.827456373730939
2025-08-25,SOUTH,Office Supplies,test,233.0,238.82745637373094,-5.827456373730939
2025-09-01,SOUTH,Office Supplies,test,272.0,230.15390647460998,41.84609352539002
2025-09-08,SOUTH,Office Supplies,test,251.0,230.15390647460998,20.846093525390017
2025-09-15,SOUTH,Office Supplies,test,252.0,230.15390647460998,21.846093525390017
2025-09-22,SOUTH,Office Supplies,test,246.0,230.15390647460998,15.846093525390017
2025-09-29,SOUTH,Office Supplies,test,211.0,230.15390647460998,-19.153906474609983
2025-10-06,SOUTH,Office Supplies,test,211.0,205.74849011444473,5.251509885555265
2025-10-13,SOUTH,Office Supplies,test,212.0,205.74849011444473,6.251509885555265
2025-10-20,SOUTH,Office Supplies,test,219.0,205.74849011444473,13.251509885555265
2025-10-27,SOUTH,Office Supplies,test,214.0,205.74849011444473,8.251509885555265
2025-11-03,SOUTH,Office Supplies,test,195.0,205.74849011444473,-10.748490114444735
2025-11-10,SOUTH,Office Supplies,test,197.0,205.74849011444473,-8.748490114444735
2025-11-17,SOUTH,Office Supplies,test,199.0,205.74849011444473,-6.748490114444735
2025-11-24,SOUTH,Office Supplies,test,203.0,205.74849011444473,-2.748490114444735
2025-12-01,SOUTH,Office Supplies,test,234.0,205.74849011444473,28.251509885555265
2025-12-08,SOUTH,Office Supplies,test,212.0,205.74849011444473,6.251509885555265
2025-12-15,SOUTH,Office Supplies,test,218.0,205.74849011444473,12.251509885555265
2025-12-22,SOUTH,Office Supplies,test,220.0,205.74849011444473,14.251509885555265
2024-01-01,SOUTH,Software,train,16.0,14.860610854095041,1.1393891459049588
2024-01-08,SOUTH,Software,train,14.0,14.403366742038896,-0.4033667420388962
2024-01-15,SOUTH,Software,train,14.0,15.20597946430242,-1.2059794643024198
2024-01-22,SOUTH,Software,train,19.0,15.20597946430242,3.7940205356975802
2024-01-29,SOUTH,Software,train,14.0,13.199447658643614,0.8005523413563864
2024-02-05,SOUTH,Software,train,12.0,15.20597946430242,-3.2059794643024198
2024-02-12,SOUTH,Software,train,13.0,16.00859218656594,-3.0085921865659415
2024-02-19,SOUTH,Software,train,16.0,15.60728582543418,0.39271417456581936
2024-02-26,SOUTH,Software,train,17.0,14.403366742038898,2.596633257961102
2024-03-04,SOUTH,Software,train,20.0,19.164913975701385,0.8350860242986151
2024-03-11,SOUTH,Software,train,42.0,35.329163512894866,6.670836487105134
2024-03-18,SOUTH,Software,train,22.0,31.490587002291832,-9.490587002291832
2024-03-25,SOUTH,Software,train,44.0,37.907549166222346,6.092450833777654
2024-04-01,SOUTH,Software,train,26.0,27.46964416261889,-1.4696441626188914
2024-04-08,SOUTH,Software,train,36.0,35.62897660582842,0.3710233941715799
2024-04-15,SOUTH,Software,train,18.0,18.928460607132614,-0.9284606071326138
2024-04-22,SOUTH,Software,train,20.0,20.835493603752532,-0.835493603752532
2024-04-29,SOUTH,Software,train,25.0,20.03288088148901,4.96711911851099
2024-05-06,SOUTH,Software,train,22.0,18.026349075830208,3.9736509241697924
2024-05-13,SOUTH,Software,train,18.0,19.23026815922549,-1.2302681592254885
2024-05-20,SOUTH,Software,train,13.0,20.835493603752532,-7.835493603752532
2024-05-27,SOUTH,Software,train,23.0,24.02177754282922,-1.02177754282922
2024-06-03,SOUTH,Software,train,17.0,20.48215596721097,-3.4821559672109714
2024-06-10,SOUTH,Software,train,20.0,22.889994134001537,-2.8899941340015367
2024-06-17,SOUTH,Software,train,28.0,21.686075050606256,6.313924949393744
2024-06-24,SOUTH,Software,train,21.0,18.47562416155217,2.524375838447831
2024-07-01,SOUTH,Software,train,17.0,21.284768689474497,-4.284768689474497
2024-07-08,SOUTH,Software,train,26.0,22.88999413400154,3.1100058659984597
2024-07-15,SOUTH,Software,train,13.0,19.27823688381569,-6.278236883815691
2024-07-22,SOUTH,Software,train,18.0,24.495219578528584,-6.495219578528584
2024-07-29,SOUTH,Software,train,17.0,22.488687772869778,-5.488687772869778
2024-08-05,SOUTH,Software,train,32.0,22.88999413400154,9.11000586599846
2024-08-12,SOUTH,Software,train,24.0,16.870398717025125,7.129601282974875
2024-08-19,SOUTH,Software,train,23.0,20.080849606079212,2.9191503939207877
2024-08-26,SOUTH,Software,train,24.0,26.50548848992385,-2.5054884899238488
2024-09-02,SOUTH,Software,train,31.0,27.341631651950703,3.6583683480492972
2024-09-09,SOUTH,Software,train,25.0,24.059045088329015,0.9409549116709854
2024-09-16,SOUTH,Software,train,27.0,26.46688325511958,0.5331167448804202
2024-09-23,SOUTH,Software,train,31.0,25.664270532856058,5.335729467143942
2024-09-30,SOUTH,Software,train,17.0,24.059045088329015,-7.059045088329015
2024-10-07,SOUTH,Software,train,18.0,23.65400162146079,-5.6540016214607896
2024-10-14,SOUTH,Software,train,22.0,20.835493603752532,1.164506396247468
2024-10-21,SOUTH,Software,train,22.0,19.23026815922549,2.7697318407745115
2024-10-28,SOUTH,Software,train,18.0,19.23026815922549,-1.2302681592254885
2024-11-04,SOUTH,Software,validation,17.0,20.835493603752532,-3.835493603752532
2024-11-11,SOUTH,Software,validation,18.0,19.69759198361822,-1.6975919836182207
2024-11-18,SOUTH,Software,validation,15.0,20.154239142120257,-5.154239142120257
2024-11-25,SOUTH,Software,validation,18.0,19.970983732620645,-1.9709837326206454
2024-12-02,SOUTH,Software,validation,24.0,20.044525294164647,3.9554747058353534
2024-12-09,SOUTH,Software,validation,27.0,20.015012597709475,6.984987402290525
2024-12-16,SOUTH,Software,validation,34.0,20.026856230531088,13.973143769468912
2024-12-23,SOUTH,Software,validation,24.0,20.022103305340867,3.977896694659133
2024-12-30,SOUTH,Software,test,29.0,14.861157089659438,14.138842910340562
2025-01-06,SOUTH,Software,test,27.0,14.860391646288372,12.139608353711628
2025-01-13,SOUTH,Software,test,17.0,14.860698823582267,2.1393011764177334
2025-01-20,SOUTH,Software,test,13.0,14.860575551380233,-1.860575551380233
2025-01-27,SOUTH,Software,test,20.0,14.86062502129906,5.139374978700941
2025-02-03,SOUTH,Software,test,19.0,14.86060516870595,4.13939483129405
2025-02-10,SOUTH,Software,test,12.0,14.86061313567785,-2.86061313567785
2025-02-17,SOUTH,Software,test,19.0,14.860609938481346,4.139390061518654
2025-02-24,SOUTH,Software,test,24.0,30.156893852942495,-6.1568938529424955
2025-03-03,SOUTH,Software,test,31.0,34.171414845481756,-3.171414845481756
2025-03-10,SOUTH,Software,test,29.0,33.023082964756966,-4.023082964756966
2025-03-17,SOUTH,Software,test,34.0,31.87475079447751,2.12524920552249
2025-03-24,SOUTH,Software,test,38.0,33.27140174194073,4.728598258059272
2025-03-31,SOUTH,Software,test,17.0,20.023464445064842,-3.0234644450648425
2025-04-07,SOUTH,Software,test,24.0,20.023464450424065,3.976535549575935
2025-04-14,SOUTH,Software,test,16.0,20.023464448273373,-4.023464448273373
2025-04-21,SOUTH,Software,test,19.0,20.02346444913646,-1.0234644491364584
2025-04-28,SOUTH,Software,test,24.0,20.023464448790097,3.9765355512099028
2025-05-05,SOUTH,Software,test,21.0,20.023464448929094,0.9765355510709064
2025-05-12,SOUTH,Software,test,15.0,20.023464448873316,-5.023464448873316
2025-05-19,SOUTH,Software,test,29.0,20.023464448895698,8.976535551104302
2025-05-26,SOUTH,Software,test,20.0,21.2032165823046,-1.2032165823045986
2025-06-02,SOUTH,Software,test,31.0,21.203216582308205,9.796783417691795
2025-06-09,SOUTH,Software,test,22.0,21.203216582306755,0.7967834176932449
2025-06-16,SOUTH,Software,test,26.0,21.203216582307338,4.796783417692662
2025-06-23,SOUTH,Software,test,25.0,21.203216582307103,3.7967834176928967
2025-06-30,SOUTH,Software,test,20.0,21.2032165823072,-1.2032165823071992
2025-07-07,SOUTH,Software,test,21.0,21.20321658230716,-0.2032165823071601
2025-07-14,SOUTH,Software,test,22.0,21.203216582307174,0.7967834176928257
2025-07-21,SOUTH,Software,test,26.0,21.20321658230717,4.796783417692829
2025-07-28,SOUTH,Software,test,18.0,21.20321658230717,-3.2032165823071708
2025-08-04,SOUTH,Software,test,28.0,21.20321658230717,6.796783417692829
2025-08-11,SOUTH,Software,test,23.0,21.20321658230717,1.7967834176928292
2025-08-18,SOUTH,Software,test,31.0,21.20321658230717,9.79678341769283
2025-08-25,SOUTH,Software,test,27.0,21.20321658230717,5.796783417692829
2025-09-01,SOUTH,Software,test,32.0,26.046796971602166,5.953203028397834
2025-09-08,SOUTH,Software,test,34.0,26.046796971602166,7.953203028397834
2025-09-15,SOUTH,Software,test,20.0,26.046796971602166,-6.046796971602166
2025-09-22,SOUTH,Software,test,17.0,26.046796971602166,-9.046796971602166
2025-09-29,SOUTH,Software,test,20.0,26.046796971602166,-6.046796971602166
2025-10-06,SOUTH,Software,test,26.0,20.02346444888929,5.976535551110711
2025-10-13,SOUTH,Software,test,16.0,20.02346444888929,-4.023464448889289
2025-10-20,SOUTH,Software,test,15.0,20.02346444888929,-5.023464448889289
2025-10-27,SOUTH,Software,test,19.0,20.02346444888929,-1.023464448889289
2025-11-03,SOUTH,Software,test,21.0,20.02346444888929,0.976535551110711
2025-11-10,SOUTH,Software,test,23.0,20.02346444888929,2.976535551110711
2025-11-17,SOUTH,Software,test,21.0,20.02346444888929,0.976535551110711
2025-11-24,SOUTH,Software,test,22.0,20.02346444888929,1.976535551110711
2025-12-01,SOUTH,Software,test,13.0,20.02346444888929,-7.023464448889289
2025-12-08,SOUTH,Software,test,23.0,20.02346444888929,2.976535551110711
2025-12-15,SOUTH,Software,test,24.0,20.02346444888929,3.976535551110711
2025-12-22,SOUTH,Software,test,17.0,20.02346444888929,-3.023464448889289
2024-01-01,SOUTH,Sporting Goods,train,188.0,188.2378958497923,-0.23789584979229517
2024-01-08,SOUTH,Sporting Goods,train,183.0,188.2378958497923,-5.237895849792295
2024-01-15,SOUTH,Sporting Goods,train,175.0,188.2378958497923,-13.237895849792295
2024-01-22,SOUTH,Sporting Goods,train,180.0,188.2378958497923,-8.237895849792295
2024-01-29,SOUTH,Sporting Goods,train,200.0,188.2378958497923,11.762104150207705
2024-02-05,SOUTH,Sporting Goods,train,194.0,188.2378958497923,5.762104150207705
2024-02-12,SOUTH,Sporting Goods,train,196.0,188.2378958497923,7.762104150207705
2024-02-19,SOUTH,Sporting Goods,train,167.0,188.2378958497923,-21.237895849792295
2024-02-26,SOUTH,Sporting Goods,train,211.0,188.2378958497923,22.762104150207705
2024-03-04,SOUTH,Sporting Goods,train,238.0,201.98616185088775,36.013838149112246
2024-03-11,SOUTH,Sporting Goods,train,299.0,288.70260496552623,10.297395034473766
2024-03-18,SOUTH,Sporting Goods,train,299.0,312.4024899233008,-13.402489923300777
2024-03-25,SOUTH,Sporting Goods,train,332.0,336.10237488107526,-4.102374881075264
2024-04-01,SOUTH,Sporting Goods,train,367.0,359.80225983884975,7.19774016115025
2024-04-08,SOUTH,Sporting Goods,train,363.0,363.00196619608073,-0.0019661960807297874
2024-04-15,SOUTH,Sporting Goods,train,194.0,201.98616185088775,-7.986161850887754
2024-04-22,SOUTH,Sporting Goods,train,223.0,201.98616185088775,21.013838149112246
2024-04-29,SOUTH,Sporting Goods,train,181.0,201.98616185088775,-20.986161850887754
2024-05-06,SOUTH,Sporting Goods,train,177.0,201.98616185088775,-24.986161850887754
2024-05-13,SOUTH,Sporting Goods,train,219.0,201.98616185088775,17.013838149112246
2024-05-20,SOUTH,Sporting Goods,train,204.0,201.98616185088775,2.013838149112246
2024-05-27,SOUTH,Sporting Goods,train,217.0,238.55505545292198,-21.555055452921977
2024-06-03,SOUTH,Sporting Goods,train,269.0,238.55505545292198,30.444944547078023
2024-06-10,SOUTH,Sporting Goods,train,259.0,238.55505545292198,20.444944547078023
2024-06-17,SOUTH,Sporting Goods,train,230.0,238.55505545292198,-8.555055452921977
2024-06-24,SOUTH,Sporting Goods,train,224.0,238.55505545292198,-14.555055452921977
2024-07-01,SOUTH,Sporting Goods,train,227.0,238.55505545292198,-11.555055452921977
2024-07-08,SOUTH,Sporting Goods,train,251.0,238.55505545292198,12.444944547078023
2024-07-15,SOUTH,Sporting Goods,train,220.0,238.55505545292198,-18.555055452921977
2024-07-22,SOUTH,Sporting Goods,train,236.0,238.55505545292198,-2.5550554529219767
2024-07-29,SOUTH,Sporting Goods,train,239.0,238.55505545292198,0.44494454707802333
2024-08-05,SOUTH,Sporting Goods,train,252.0,238.55505545292198,13.444944547078023
2024-08-12,SOUTH,Sporting Goods,train,241.0,238.55505545292198,2.4449445470780233
2024-08-19,SOUTH,Sporting Goods,train,266.0,238.55505545292198,27.444944547078023
2024-08-26,SOUTH,Sporting Goods,train,259.0,288.8095399405611,-29.80953994056108
2024-09-02,SOUTH,Sporting Goods,train,272.0,252.2406463385269,19.759353661473114
2024-09-09,SOUTH,Sporting Goods,train,276.0,252.2406463385269,23.759353661473114
2024-09-16,SOUTH,Sporting Goods,train,280.0,252.2406463385269,27.759353661473114
2024-09-23,SOUTH,Sporting Goods,train,247.0,252.2406463385269,-5.240646338526886
2024-09-30,SOUTH,Sporting Goods,train,216.0,252.2406463385269,-36.240646338526886
2024-10-07,SOUTH,Sporting Goods,train,196.0,201.98616185088775,-5.986161850887754
2024-10-14,SOUTH,Sporting Goods,train,201.0,201.98616185088775,-0.9861618508877541
2024-10-21,SOUTH,Sporting Goods,train,182.0,201.98616185088775,-19.986161850887754
2024-10-28,SOUTH,Sporting Goods,train,177.0,201.98616185088775,-24.986161850887754
2024-11-04,SOUTH,Sporting Goods,validation,200.0,201.98616185088775,-1.986161850887754
2024-11-11,SOUTH,Sporting Goods,validation,208.0,201.98616185088775,6.013838149112246
2024-11-18,SOUTH,Sporting Goods,validation,223.0,201.98616185088775,21.013838149112246
2024-11-25,SOUTH,Sporting Goods,validation,198.0,201.98616185088775,-3.986161850887754
2024-12-02,SOUTH,Sporting Goods,validation,228.0,201.98616185088775,26.013838149112246
2024-12-09,SOUTH,Sporting Goods,validation,227.0,201.98616185088775,25.013838149112246
2024-12-16,SOUTH,Sporting Goods,validation,217.0,201.98616185088775,15.013838149112246
2024-12-23,SOUTH,Sporting Goods,validation,232.0,201.98616185088775,30.013838149112246
2024-12-30,SOUTH,Sporting Goods,test,172.0,188.2378958497923,-16.237895849792295
2025-01-06,SOUTH,Sporting Goods,test,191.0,188.2378958497923,2.762104150207705
2025-01-13,SOUTH,Sporting Goods,test,171.0,188.2378958497923,-17.237895849792295
2025-01-20,SOUTH,Sporting Goods,test,178.0,188.2378958497923,-10.237895849792295
2025-01-27,SOUTH,Sporting Goods,test,196.0,188.2378958497923,7.762104150207705
2025-02-03,SOUTH,Sporting Goods,test,203.0,188.2378958497923,14.762104150207705
2025-02-10,SOUTH,Sporting Goods,test,197.0,188.2378958497923,8.762104150207705
2025-02-17,SOUTH,Sporting Goods,test,186.0,188.2378958497923,-2.237895849792295
2025-02-24,SOUTH,Sporting Goods,test,212.0,274.9543389644308,-62.954338964430804
2025-03-03,SOUTH,Sporting Goods,test,329.0,312.4024899233008,16.597510076699223
2025-03-10,SOUTH,Sporting Goods,test,344.0,336.10237488107526,7.897625118924736
2025-03-17,SOUTH,Sporting Goods,test,399.0,359.80225983884975,39.19774016115025
2025-03-24,SOUTH,Sporting Goods,test,409.0,363.00196619608073,45.99803380391927
2025-03-31,SOUTH,Sporting Goods,test,209.0,201.98616185088775,7.013838149112246
2025-04-07,SOUTH,Sporting Goods,test,189.0,201.98616185088775,-12.986161850887754
2025-04-14,SOUTH,Sporting Goods,test,198.0,201.98616185088775,-3.986161850887754
2025-04-21,SOUTH,Sporting Goods,test,212.0,201.98616185088775,10.013838149112246
2025-04-28,SOUTH,Sporting Goods,test,219.0,201.98616185088775,17.013838149112246
2025-05-05,SOUTH,Sporting Goods,test,197.0,201.98616185088775,-4.986161850887754
2025-05-12,SOUTH,Sporting Goods,test,177.0,201.98616185088775,-24.986161850887754
2025-05-19,SOUTH,Sporting Goods,test,228.0,201.98616185088775,26.013838149112246
2025-05-26,SOUTH,Sporting Goods,test,230.0,238.55505545292198,-8.555055452921977
2025-06-02,SOUTH,Sporting Goods,test,279.0,238.55505545292198,40.44494454707802
2025-06-09,SOUTH,Sporting Goods,test,229.0,238.55505545292198,-9.555055452921977
2025-06-16,SOUTH,Sporting Goods,test,248.0,238.55505545292198,9.444944547078023
2025-06-23,SOUTH,Sporting Goods,test,239.0,238.55505545292198,0.44494454707802333
2025-06-30,SOUTH,Sporting Goods,test,232.0,238.55505545292198,-6.555055452921977
2025-07-07,SOUTH,Sporting Goods,test,223.0,238.55505545292198,-15.555055452921977
2025-07-14,SOUTH,Sporting Goods,test,256.0,238.55505545292198,17.444944547078023
2025-07-21,SOUTH,Sporting Goods,test,247.0,238.55505545292198,8.444944547078023
2025-07-28,SOUTH,Sporting Goods,test,256.0,238.55505545292198,17.444944547078023
2025-08-04,SOUTH,Sporting Goods,test,226.0,238.55505545292198,-12.555055452921977
2025-08-11,SOUTH,Sporting Goods,test,253.0,238.55505545292198,14.444944547078023
2025-08-18,SOUTH,Sporting Goods,test,245.0,238.55505545292198,6.444944547078023
2025-08-25,SOUTH,Sporting Goods,test,220.0,238.55505545292198,-18.555055452921977
2025-09-01,SOUTH,Sporting Goods,test,307.0,252.2406463385269,54.759353661473114
2025-09-08,SOUTH,Sporting Goods,test,242.0,252.2406463385269,-10.240646338526886
2025-09-15,SOUTH,Sporting Goods,test,275.0,252.2406463385269,22.759353661473114
2025-09-22,SOUTH,Sporting Goods,test,266.0,252.2406463385269,13.759353661473114
2025-09-29,SOUTH,Sporting Goods,test,212.0,252.2406463385269,-40.240646338526886
2025-10-06,SOUTH,Sporting Goods,test,213.0,201.98616185088775,11.013838149112246
2025-10-13,SOUTH,Sporting Goods,test,190.0,201.98616185088775,-11.986161850887754
2025-10-20,SOUTH,Sporting Goods,test,220.0,201.98616185088775,18.013838149112246
2025-10-27,SOUTH,Sporting Goods,test,196.0,201.98616185088775,-5.986161850887754
2025-11-03,SOUTH,Sporting Goods,test,209.0,201.98616185088775,7.013838149112246
2025-11-10,SOUTH,Sporting Goods,test,195.0,201.98616185088775,-6.986161850887754
2025-11-17,SOUTH,Sporting Goods,test,183.0,201.98616185088775,-18.986161850887754
2025-11-24,SOUTH,Sporting Goods,test,209.0,201.98616185088775,7.013838149112246
2025-12-01,SOUTH,Sporting Goods,test,224.0,201.98616185088775,22.013838149112246
2025-12-08,SOUTH,Sporting Goods,test,223.0,201.98616185088775,21.013838149112246
2025-12-15,SOUTH,Sporting Goods,test,217.0,201.98616185088775,15.013838149112246
2025-12-22,SOUTH,Sporting Goods,test,226.0,201.98616185088775,24.013838149112246
2024-01-01,SOUTH,Vehicles & Parts,train,171.0,189.99894903244927,-18.998949032449275
2024-01-08,SOUTH,Vehicles & Parts,train,207.0,189.99894903244927,17.001050967550725
2024-01-15,SOUTH,Vehicles & Parts,train,196.0,189.99894903244927,6.001050967550725
2024-01-22,SOUTH,Vehicles & Parts,train,173.0,189.99894903244927,-16.998949032449275
2024-01-29,SOUTH,Vehicles & Parts,train,194.0,189.99894903244927,4.001050967550725
2024-02-05,SOUTH,Vehicles & Parts,train,182.0,189.99894903244927,-7.998949032449275
2024-02-12,SOUTH,Vehicles & Parts,train,188.0,189.99894903244927,-1.998949032449275
2024-02-19,SOUTH,Vehicles & Parts,train,168.0,189.99894903244927,-21.998949032449275
2024-02-26,SOUTH,Vehicles & Parts,train,212.0,189.99894903244927,22.001050967550725
2024-03-04,SOUTH,Vehicles & Parts,train,219.0,210.11079981719988,8.889200182800124
2024-03-11,SOUTH,Vehicles & Parts,train,358.0,341.5789825776325,16.421017422367527
2024-03-18,SOUTH,Vehicles & Parts,train,320.0,345.185573584249,-25.185573584249028
2024-03-25,SOUTH,Vehicles & Parts,train,350.0,348.7921645908656,1.2078354091344181
2024-04-01,SOUTH,Vehicles & Parts,train,360.0,352.39875559748214,7.601244402517864
2024-04-08,SOUTH,Vehicles & Parts,train,333.0,333.0352841300797,-0.035284130079674014
2024-04-15,SOUTH,Vehicles & Parts,train,199.0,210.11079981719988,-11.110799817199876
2024-04-22,SOUTH,Vehicles & Parts,train,227.0,210.11079981719988,16.889200182800124
2024-04-29,SOUTH,Vehicles & Parts,train,213.0,210.11079981719988,2.889200182800124
2024-05-06,SOUTH,Vehicles & Parts,train,202.0,210.11079981719988,-8.110799817199876
2024-05-13,SOUTH,Vehicles & Parts,train,176.0,210.11079981719988,-34.110799817199876
2024-05-20,SOUTH,Vehicles & Parts,train,194.0,210.11079981719988,-16.110799817199876
2024-05-27,SOUTH,Vehicles & Parts,train,224.0,232.13905606328606,-8.139056063286063
2024-06-03,SOUTH,Vehicles & Parts,train,253.0,232.13905606328606,20.860943936713937
2024-06-10,SOUTH,Vehicles & Parts,train,243.0,232.13905606328606,10.860943936713937
2024-06-17,SOUTH,Vehicles & Parts,train,237.0,232.13905606328606,4.860943936713937
2024-06-24,SOUTH,Vehicles & Parts,train,224.0,232.13905606328606,-8.139056063286063
2024-07-01,SOUTH,Vehicles & Parts,train,225.0,232.13905606328606,-7.139056063286063
2024-07-08,SOUTH,Vehicles & Parts,train,238.0,232.13905606328606,5.860943936713937
2024-07-15,SOUTH,Vehicles & Parts,train,229.0,232.13905606328606,-3.1390560632860627
2024-07-22,SOUTH,Vehicles & Parts,train,228.0,232.13905606328606,-4.139056063286063
2024-07-29,SOUTH,Vehicles & Parts,train,258.0,232.13905606328606,25.860943936713937
2024-08-05,SOUTH,Vehicles & Parts,train,236.0,232.13905606328606,3.8609439367139373
2024-08-12,SOUTH,Vehicles & Parts,train,227.0,232.13905606328606,-5.139056063286063
2024-08-19,SOUTH,Vehicles & Parts,train,240.0,232.13905606328606,7.860943936713937
2024-08-26,SOUTH,Vehicles & Parts,train,221.0,265.1873184651239,-44.187318465123894
2024-09-02,SOUTH,Vehicles & Parts,train,253.0,243.15906221903774,9.840937780962264
2024-09-09,SOUTH,Vehicles & Parts,train,242.0,243.15906221903774,-1.159062219037736
2024-09-16,SOUTH,Vehicles & Parts,train,281.0,243.15906221903774,37.840937780962264
2024-09-23,SOUTH,Vehicles & Parts,train,296.0,243.15906221903774,52.840937780962264
2024-09-30,SOUTH,Vehicles & Parts,train,188.0,243.15906221903774,-55.159062219037736
2024-10-07,SOUTH,Vehicles & Parts,train,213.0,210.11079981719988,2.889200182800124
2024-10-14,SOUTH,Vehicles & Parts,train,216.0,210.11079981719988,5.889200182800124
2024-10-21,SOUTH,Vehicles & Parts,train,215.0,210.11079981719988,4.889200182800124
2024-10-28,SOUTH,Vehicles & Parts,train,193.0,210.11079981719988,-17.110799817199876
2024-11-04,SOUTH,Vehicles & Parts,validation,208.0,210.11079981719988,-2.110799817199876
2024-11-11,SOUTH,Vehicles & Parts,validation,176.0,210.11079981719988,-34.110799817199876
2024-11-18,SOUTH,Vehicles & Parts,validation,200.0,210.11079981719988,-10.110799817199876
2024-11-25,SOUTH,Vehicles & Parts,validation,200.0,210.11079981719988,-10.110799817199876
2024-12-02,SOUTH,Vehicles & Parts,validation,204.0,210.11079981719988,-6.110799817199876
2024-12-09,SOUTH,Vehicles & Parts,validation,220.0,210.11079981719988,9.889200182800124
2024-12-16,SOUTH,Vehicles & Parts,validation,217.0,210.11079981719988,6.889200182800124
2024-12-23,SOUTH,Vehicles & Parts,validation,211.0,210.11079981719988,0.8892001828001241
2024-12-30,SOUTH,Vehicles & Parts,test,197.0,189.99894903244927,7.001050967550725
2025-01-06,SOUTH,Vehicles & Parts,test,184.0,189.99894903244927,-5.998949032449275
2025-01-13,SOUTH,Vehicles & Parts,test,182.0,189.99894903244927,-7.998949032449275
2025-01-20,SOUTH,Vehicles & Parts,test,163.0,189.99894903244927,-26.998949032449275
2025-01-27,SOUTH,Vehicles & Parts,test,204.0,189.99894903244927,14.001050967550725
2025-02-03,SOUTH,Vehicles & Parts,test,175.0,189.99894903244927,-14.998949032449275
2025-02-10,SOUTH,Vehicles & Parts,test,180.0,189.99894903244927,-9.998949032449275
2025-02-17,SOUTH,Vehicles & Parts,test,161.0,189.99894903244927,-28.998949032449275
2025-02-24,SOUTH,Vehicles & Parts,test,193.0,321.46713179288184,-128.46713179288184
2025-03-03,SOUTH,Vehicles & Parts,test,304.0,345.185573584249,-41.18557358424903
2025-03-10,SOUTH,Vehicles & Parts,test,304.0,348.7921645908656,-44.79216459086558
2025-03-17,SOUTH,Vehicles & Parts,test,360.0,352.39875559748214,7.601244402517864
2025-03-24,SOUTH,Vehicles & Parts,test,383.0,333.0352841300797,49.964715869920326
2025-03-31,SOUTH,Vehicles & Parts,test,196.0,210.11079981719988,-14.110799817199876
2025-04-07,SOUTH,Vehicles & Parts,test,180.0,210.11079981719988,-30.110799817199876
2025-04-14,SOUTH,Vehicles & Parts,test,190.0,210.11079981719988,-20.110799817199876
2025-04-21,SOUTH,Vehicles & Parts,test,195.0,210.11079981719988,-15.110799817199876
2025-04-28,SOUTH,Vehicles & Parts,test,200.0,210.11079981719988,-10.110799817199876
2025-05-05,SOUTH,Vehicles & Parts,test,191.0,210.11079981719988,-19.110799817199876
2025-05-12,SOUTH,Vehicles & Parts,test,223.0,210.11079981719988,12.889200182800124
2025-05-19,SOUTH,Vehicles & Parts,test,198.0,210.11079981719988,-12.110799817199876
2025-05-26,SOUTH,Vehicles & Parts,test,209.0,232.13905606328606,-23.139056063286063
2025-06-02,SOUTH,Vehicles & Parts,test,223.0,232.13905606328606,-9.139056063286063
2025-06-09,SOUTH,Vehicles & Parts,test,228.0,232.13905606328606,-4.139056063286063
2025-06-16,SOUTH,Vehicles & Parts,test,230.0,232.13905606328606,-2.1390560632860627
2025-06-23,SOUTH,Vehicles & Parts,test,258.0,232.13905606328606,25.860943936713937
2025-06-30,SOUTH,Vehicles & Parts,test,228.0,232.13905606328606,-4.139056063286063
2025-07-07,SOUTH,Vehicles & Parts,test,240.0,232.13905606328606,7.860943936713937
2025-07-14,SOUTH,Vehicles & Parts,test,275.0,232.13905606328606,42.86094393671394
2025-07-21,SOUTH,Vehicles & Parts,test,253.0,232.13905606328606,20.860943936713937
2025-07-28,SOUTH,Vehicles & Parts,test,258.0,232.13905606328606,25.860943936713937
2025-08-04,SOUTH,Vehicles & Parts,test,232.0,232.13905606328606,-0.13905606328606268
2025-08-11,SOUTH,Vehicles & Parts,test,286.0,232.13905606328606,53.86094393671394
2025-08-18,SOUTH,Vehicles & Parts,test,235.0,232.13905606328606,2.8609439367139373
2025-08-25,SOUTH,Vehicles & Parts,test,238.0,232.13905606328606,5.860943936713937
2025-09-01,SOUTH,Vehicles & Parts,test,268.0,243.15906221903774,24.840937780962264
2025-09-08,SOUTH,Vehicles & Parts,test,263.0,243.15906221903774,19.840937780962264
2025-09-15,SOUTH,Vehicles & Parts,test,257.0,243.15906221903774,13.840937780962264
2025-09-22,SOUTH,Vehicles & Parts,test,272.0,243.15906221903774,28.840937780962264
2025-09-29,SOUTH,Vehicles & Parts,test,234.0,243.15906221903774,-9.159062219037736
2025-10-06,SOUTH,Vehicles & Parts,test,204.0,210.11079981719988,-6.110799817199876
2025-10-13,SOUTH,Vehicles & Parts,test,197.0,210.11079981719988,-13.110799817199876
2025-10-20,SOUTH,Vehicles & Parts,test,194.0,210.11079981719988,-16.110799817199876
2025-10-27,SOUTH,Vehicles & Parts,test,187.0,210.11079981719988,-23.110799817199876
2025-11-03,SOUTH,Vehicles & Parts,test,215.0,210.11079981719988,4.889200182800124
2025-11-10,SOUTH,Vehicles & Parts,test,194.0,210.11079981719988,-16.110799817199876
2025-11-17,SOUTH,Vehicles & Parts,test,214.0,210.11079981719988,3.889200182800124
2025-11-24,SOUTH,Vehicles & Parts,test,201.0,210.11079981719988,-9.110799817199876
2025-12-01,SOUTH,Vehicles & Parts,test,231.0,210.11079981719988,20.889200182800124
2025-12-08,SOUTH,Vehicles & Parts,test,239.0,210.11079981719988,28.889200182800124
2025-12-15,SOUTH,Vehicles & Parts,test,199.0,210.11079981719988,-11.110799817199876
2025-12-22,SOUTH,Vehicles & Parts,test,210.0,210.11079981719988,-0.11079981719987586
2024-01-01,WEST,Animals & Pet Supplies,train,201.0,202.4978786697149,-1.4978786697149076
2024-01-08,WEST,Animals & Pet Supplies,train,197.0,202.4978786697149,-5.497878669714908
2024-01-15,WEST,Animals & Pet Supplies,train,181.0,202.4978786697149,-21.497878669714908
2024-01-22,WEST,Animals & Pet Supplies,train,210.0,202.4978786697149,7.502121330285092
2024-01-29,WEST,Animals & Pet Supplies,train,204.0,202.4978786697149,1.5021213302850924
2024-02-05,WEST,Animals & Pet Supplies,train,192.0,202.4978786697149,-10.497878669714908
2024-02-12,WEST,Animals & Pet Supplies,train,194.0,202.4978786697149,-8.497878669714908
2024-02-19,WEST,Animals & Pet Supplies,train,218.0,202.4978786697149,15.502121330285092
2024-02-26,WEST,Animals & Pet Supplies,train,224.0,202.4978786697149,21.502121330285092
2024-03-04,WEST,Animals & Pet Supplies,train,259.0,228.9960025558648,30.003997444135194
2024-03-11,WEST,Animals & Pet Supplies,train,332.0,326.8985317609309,5.101468239069106
2024-03-18,WEST,Animals & Pet Supplies,train,331.0,344.29651635527125,-13.296516355271251
2024-03-25,WEST,Animals & Pet Supplies,train,373.0,361.69450094961167,11.305499050388335
2024-04-01,WEST,Animals & Pet Supplies,train,376.0,379.0924855439521,-3.0924855439520798
2024-04-08,WEST,Animals & Pet Supplies,train,398.0,397.9877713327202,0.012228667279828187
2024-04-15,WEST,Animals & Pet Supplies,train,238.0,228.9960025558648,9.003997444135194
2024-04-22,WEST,Animals & Pet Supplies,train,219.0,228.9960025558648,-9.996002555864806
2024-04-29,WEST,Animals & Pet Supplies,train,220.0,228.9960025558648,-8.996002555864806
2024-05-06,WEST,Animals & Pet Supplies,train,235.0,228.9960025558648,6.003997444135194
2024-05-13,WEST,Animals & Pet Supplies,train,234.0,228.9960025558648,5.003997444135194
2024-05-20,WEST,Animals & Pet Supplies,train,222.0,228.9960025558648,-6.996002555864806
2024-05-27,WEST,Animals & Pet Supplies,train,223.0,270.7035444581246,-47.70354445812461
2024-06-03,WEST,Animals & Pet Supplies,train,282.0,270.7035444581246,11.296455541875389
2024-06-10,WEST,Animals & Pet Supplies,train,267.0,270.7035444581246,-3.703544458124611
2024-06-17,WEST,Animals & Pet Supplies,train,280.0,270.7035444581246,9.296455541875389
2024-06-24,WEST,Animals & Pet Supplies,train,271.0,270.7035444581246,0.2964555418753889
2024-07-01,WEST,Animals & Pet Supplies,train,268.0,270.7035444581246,-2.703544458124611
2024-07-08,WEST,Animals & Pet Supplies,train,279.0,270.7035444581246,8.296455541875389
2024-07-15,WEST,Animals & Pet Supplies,train,306.0,270.7035444581246,35.29645554187539
2024-07-22,WEST,Animals & Pet Supplies,train,293.0,270.7035444581246,22.29645554187539
2024-07-29,WEST,Animals & Pet Supplies,train,260.0,270.7035444581246,-10.703544458124611
2024-08-05,WEST,Animals & Pet Supplies,train,278.0,270.7035444581246,7.296455541875389
2024-08-12,WEST,Animals & Pet Supplies,train,252.0,270.7035444581246,-18.70354445812461
2024-08-19,WEST,Animals & Pet Supplies,train,292.0,270.7035444581246,21.29645554187539
2024-08-26,WEST,Animals & Pet Supplies,train,286.0,317.7501253651077,-31.750125365107692
2024-09-02,WEST,Animals & Pet Supplies,train,308.0,276.04258346284786,31.95741653715214
2024-09-09,WEST,Animals & Pet Supplies,train,297.0,276.04258346284786,20.95741653715214
2024-09-16,WEST,Animals & Pet Supplies,train,282.0,276.04258346284786,5.957416537152142
2024-09-23,WEST,Animals & Pet Supplies,train,297.0,276.04258346284786,20.95741653715214
2024-09-30,WEST,Animals & Pet Supplies,train,228.0,276.04258346284786,-48.04258346284786
2024-10-07,WEST,Animals & Pet Supplies,train,196.0,228.9960025558648,-32.996002555864806
2024-10-14,WEST,Animals & Pet Supplies,train,231.0,228.9960025558648,2.0039974441351944
2024-10-21,WEST,Animals & Pet Supplies,train,218.0,228.9960025558648,-10.996002555864806
2024-10-28,WEST,Animals & Pet Supplies,train,215.0,228.9960025558648,-13.996002555864806
2024-11-04,WEST,Animals & Pet Supplies,validation,231.0,228.9960025558648,2.0039974441351944
2024-11-11,WEST,Animals & Pet Supplies,validation,201.0,228.9960025558648,-27.996002555864806
2024-11-18,WEST,Animals & Pet Supplies,validation,207.0,228.9960025558648,-21.996002555864806
2024-11-25,WEST,Animals & Pet Supplies,validation,233.0,228.9960025558648,4.003997444135194
2024-12-02,WEST,Animals & Pet Supplies,validation,247.0,228.9960025558648,18.003997444135194
2024-12-09,WEST,Animals & Pet Supplies,validation,223.0,228.9960025558648,-5.996002555864806
2024-12-16,WEST,Animals & Pet Supplies,validation,246.0,228.9960025558648,17.003997444135194
2024-12-23,WEST,Animals & Pet Supplies,validation,216.0,228.9960025558648,-12.996002555864806
2024-12-30,WEST,Animals & Pet Supplies,test,216.0,202.4978786697149,13.502121330285092
2025-01-06,WEST,Animals & Pet Supplies,test,204.0,202.4978786697149,1.5021213302850924
2025-01-13,WEST,Animals & Pet Supplies,test,223.0,202.4978786697149,20.502121330285092
2025-01-20,WEST,Animals & Pet Supplies,test,205.0,202.4978786697149,2.5021213302850924
2025-01-27,WEST,Animals & Pet Supplies,test,213.0,202.4978786697149,10.502121330285092
2025-02-03,WEST,Animals & Pet Supplies,test,217.0,202.4978786697149,14.502121330285092
2025-02-10,WEST,Animals & Pet Supplies,test,196.0,202.4978786697149,-6.497878669714908
2025-02-17,WEST,Animals & Pet Supplies,test,191.0,202.4978786697149,-11.497878669714908
2025-02-24,WEST,Animals & Pet Supplies,test,260.0,300.40040787478097,-40.40040787478097
2025-03-03,WEST,Animals & Pet Supplies,test,354.0,344.29651635527125,9.703483644728749
2025-03-10,WEST,Animals & Pet Supplies,test,362.0,361.69450094961167,0.3054990503883346
2025-03-17,WEST,Animals & Pet Supplies,test,411.0,379.0924855439521,31.90751445604792
2025-03-24,WEST,Animals & Pet Supplies,test,410.0,397.9877713327202,12.012228667279828
2025-03-31,WEST,Animals & Pet Supplies,test,196.0,228.9960025558648,-32.996002555864806
2025-04-07,WEST,Animals & Pet Supplies,test,216.0,228.9960025558648,-12.996002555864806
2025-04-14,WEST,Animals & Pet Supplies,test,214.0,228.9960025558648,-14.996002555864806
2025-04-21,WEST,Animals & Pet Supplies,test,224.0,228.9960025558648,-4.996002555864806
2025-04-28,WEST,Animals & Pet Supplies,test,252.0,228.9960025558648,23.003997444135194
2025-05-05,WEST,Animals & Pet Supplies,test,218.0,228.9960025558648,-10.996002555864806
2025-05-12,WEST,Animals & Pet Supplies,test,220.0,228.9960025558648,-8.996002555864806
2025-05-19,WEST,Animals & Pet Supplies,test,222.0,228.9960025558648,-6.996002555864806
2025-05-26,WEST,Animals & Pet Supplies,test,234.0,270.7035444581246,-36.70354445812461
2025-06-02,WEST,Animals & Pet Supplies,test,237.0,270.7035444581246,-33.70354445812461
2025-06-09,WEST,Animals & Pet Supplies,test,268.0,270.7035444581246,-2.703544458124611
2025-06-16,WEST,Animals & Pet Supplies,test,273.0,270.7035444581246,2.296455541875389
2025-06-23,WEST,Animals & Pet Supplies,test,292.0,270.7035444581246,21.29645554187539
2025-06-30,WEST,Animals & Pet Supplies,test,299.0,270.7035444581246,28.29645554187539
2025-07-07,WEST,Animals & Pet Supplies,test,254.0,270.7035444581246,-16.70354445812461
2025-07-14,WEST,Animals & Pet Supplies,test,258.0,270.7035444581246,-12.703544458124611
2025-07-21,WEST,Animals & Pet Supplies,test,268.0,270.7035444581246,-2.703544458124611
2025-07-28,WEST,Animals & Pet Supplies,test,236.0,270.7035444581246,-34.70354445812461
2025-08-04,WEST,Animals & Pet Supplies,test,262.0,270.7035444581246,-8.703544458124611
2025-08-11,WEST,Animals & Pet Supplies,test,256.0,270.7035444581246,-14.703544458124611
2025-08-18,WEST,Animals & Pet Supplies,test,257.0,270.7035444581246,-13.703544458124611
2025-08-25,WEST,Animals & Pet Supplies,test,282.0,270.7035444581246,11.296455541875389
2025-09-01,WEST,Animals & Pet Supplies,test,321.0,276.04258346284786,44.95741653715214
2025-09-08,WEST,Animals & Pet Supplies,test,274.0,276.04258346284786,-2.0425834628478583
2025-09-15,WEST,Animals & Pet Supplies,test,282.0,276.04258346284786,5.957416537152142
2025-09-22,WEST,Animals & Pet Supplies,test,292.0,276.04258346284786,15.957416537152142
2025-09-29,WEST,Animals & Pet Supplies,test,236.0,276.04258346284786,-40.04258346284786
2025-10-06,WEST,Animals & Pet Supplies,test,212.0,228.9960025558648,-16.996002555864806
2025-10-13,WEST,Animals & Pet Supplies,test,215.0,228.9960025558648,-13.996002555864806
2025-10-20,WEST,Animals & Pet Supplies,test,219.0,228.9960025558648,-9.996002555864806
2025-10-27,WEST,Animals & Pet Supplies,test,205.0,228.9960025558648,-23.996002555864806
2025-11-03,WEST,Animals & Pet Supplies,test,220.0,228.9960025558648,-8.996002555864806
2025-11-10,WEST,Animals & Pet Supplies,test,212.0,228.9960025558648,-16.996002555864806
2025-11-17,WEST,Animals & Pet Supplies,test,223.0,228.9960025558648,-5.996002555864806
2025-11-24,WEST,Animals & Pet Supplies,test,208.0,228.9960025558648,-20.996002555864806
2025-12-01,WEST,Animals & Pet Supplies,test,241.0,228.9960025558648,12.003997444135194
2025-12-08,WEST,Animals & Pet Supplies,test,240.0,228.9960025558648,11.003997444135194
2025-12-15,WEST,Animals & Pet Supplies,test,246.0,228.9960025558648,17.003997444135194
2025-12-22,WEST,Animals & Pet Supplies,test,284.0,228.9960025558648,55.003997444135194
2024-01-01,WEST,Apparel & Accessories,train,394.0,406.355095319053,-12.35509531905302
2024-01-08,WEST,Apparel & Accessories,train,380.0,406.355095319053,-26.35509531905302
2024-01-15,WEST,Apparel & Accessories,train,403.0,406.375233498308,-3.3752334983079777
2024-01-22,WEST,Apparel & Accessories,train,424.0,408.0433335577079,15.95666644229209
2024-01-29,WEST,Apparel & Accessories,train,392.0,395.71620925487906,-3.716209254879061
2024-02-05,WEST,Apparel & Accessories,train,382.0,409.1423392513202,-27.14233925132021
2024-02-12,WEST,Apparel & Accessories,train,410.0,428.0688895422367,-18.068889542236718
2024-02-19,WEST,Apparel & Accessories,train,399.0,421.4121181258822,-22.412118125882216
2024-02-26,WEST,Apparel & Accessories,train,431.0,425.5646727348606,5.435327265139392
2024-03-04,WEST,Apparel & Accessories,train,479.0,442.9811425567592,36.01885744324079
2024-03-11,WEST,Apparel & Accessories,train,644.0,609.6653742704196,34.33462572958035
2024-03-18,WEST,Apparel & Accessories,train,724.0,675.50926841008,48.49073158991996
2024-03-25,WEST,Apparel & Accessories,train,712.0,727.0574947394302,-15.05749473943024
2024-04-01,WEST,Apparel & Accessories,train,864.0,849.6653171500808,14.334682849919204
2024-04-08,WEST,Apparel & Accessories,train,783.0,767.7184714616752,15.281528538324778
2024-04-15,WEST,Apparel & Accessories,train,435.0,433.548515152962,1.4514848470379889
2024-04-22,WEST,Apparel & Accessories,train,447.0,446.3822458810157,0.6177541189842941
2024-04-29,WEST,Apparel & Accessories,train,424.0,447.1577246796902,-23.157724679690205
2024-05-06,WEST,Apparel & Accessories,train,452.0,469.5290176508304,-17.529017650830383
2024-05-13,WEST,Apparel & Accessories,train,480.0,464.28932437954285,15.710675620457152
2024-05-20,WEST,Apparel & Accessories,train,469.0,432.8555110422033,36.14448895779668
2024-05-27,WEST,Apparel & Accessories,train,469.0,495.9384508662265,-26.938450866226503
2024-06-03,WEST,Apparel & Accessories,train,557.0,555.920408499673,1.0795915003269556
2024-06-10,WEST,Apparel & Accessories,train,512.0,529.2392575889317,-17.23925758893165
2024-06-17,WEST,Apparel & Accessories,train,543.0,546.7558815271836,-3.7558815271836465
2024-06-24,WEST,Apparel & Accessories,train,513.0,533.8681799872398,-20.86817998723984
2024-07-01,WEST,Apparel & Accessories,train,546.0,550.2985000402878,-4.298500040287763
2024-07-08,WEST,Apparel & Accessories,train,519.0,534.4017737182003,-15.401773718200275
2024-07-15,WEST,Apparel & Accessories,train,550.0,545.0972830330857,4.9027169669143404
2024-07-22,WEST,Apparel & Accessories,train,548.0,525.5431534073342,22.456846592665784
2024-07-29,WEST,Apparel & Accessories,train,528.0,508.5928076533861,19.407192346613897
2024-08-05,WEST,Apparel & Accessories,train,565.0,511.51439959522446,53.48560040477554
2024-08-12,WEST,Apparel & Accessories,train,506.0,478.52390120817194,27.476098791828065
2024-08-19,WEST,Apparel & Accessories,train,539.0,503.659850485827,35.34014951417299
2024-08-26,WEST,Apparel & Accessories,train,522.0,608.9851361549986,-86.9851361549986
2024-09-02,WEST,Apparel & Accessories,train,622.0,645.1119013380113,-23.111901338011307
2024-09-09,WEST,Apparel & Accessories,train,595.0,583.155694842107,11.844305157893018
2024-09-16,WEST,Apparel & Accessories,train,586.0,549.1997754131282,36.800224586871764
2024-09-23,WEST,Apparel & Accessories,train,573.0,524.9177501923914,48.082249807608605
2024-09-30,WEST,Apparel & Accessories,train,505.0,513.9105944873373,-8.910594487337335
2024-10-07,WEST,Apparel & Accessories,train,431.0,456.41581567743884,-25.415815677438843
2024-10-14,WEST,Apparel & Accessories,train,442.0,472.5081606126746,-30.5081606126746
2024-10-21,WEST,Apparel & Accessories,train,461.0,477.48970543620163,-16.489705436201632
2024-10-28,WEST,Apparel & Accessories,train,455.0,463.82770722685217,-8.82770722685217
2024-11-04,WEST,Apparel & Accessories,validation,471.0,456.35581296246363,14.64418703753637
2024-11-11,WEST,Apparel & Accessories,validation,461.0,447.7367877119951,13.263212288004922
2024-11-18,WEST,Apparel & Accessories,validation,420.0,447.7367877119951,-27.736787711995078
2024-11-25,WEST,Apparel & Accessories,validation,448.0,447.7367877119951,0.26321228800492236
2024-12-02,WEST,Apparel & Accessories,validation,517.0,447.7367877119951,69.26321228800492
2024-12-09,WEST,Apparel & Accessories,validation,460.0,447.7367877119951,12.263212288004922
2024-12-16,WEST,Apparel & Accessories,validation,450.0,447.7367877119951,2.2632122880049224
2024-12-23,WEST,Apparel & Accessories,validation,493.0,447.7367877119951,45.26321228800492
2024-12-30,WEST,Apparel & Accessories,test,417.0,406.355095319053,10.64490468094698
2025-01-06,WEST,Apparel & Accessories,test,397.0,406.355095319053,-9.35509531905302
2025-01-13,WEST,Apparel & Accessories,test,380.0,406.355095319053,-26.35509531905302
2025-01-20,WEST,Apparel & Accessories,test,411.0,406.355095319053,4.644904680946979
2025-01-27,WEST,Apparel & Accessories,test,393.0,406.355095319053,-13.35509531905302
2025-02-03,WEST,Apparel & Accessories,test,371.0,406.355095319053,-35.35509531905302
2025-02-10,WEST,Apparel & Accessories,test,403.0,406.355095319053,-3.355095319053021
2025-02-17,WEST,Apparel & Accessories,test,409.0,406.355095319053,2.644904680946979
2025-02-24,WEST,Apparel & Accessories,test,466.0,600.2982577331202,-134.29825773312018
2025-03-03,WEST,Apparel & Accessories,test,679.0,706.4079690760077,-27.407969076007703
2025-03-10,WEST,Apparel & Accessories,test,733.0,771.135988025953,-38.135988025953
2025-03-17,WEST,Apparel & Accessories,test,745.0,835.8640069758983,-90.86400697589829
2025-03-24,WEST,Apparel & Accessories,test,854.0,780.9490161497131,73.05098385028691
2025-03-31,WEST,Apparel & Accessories,test,466.0,447.7367877119951,18.263212288004922
2025-04-07,WEST,Apparel & Accessories,test,461.0,447.7367877119951,13.263212288004922
2025-04-14,WEST,Apparel & Accessories,test,455.0,447.7367877119951,7.263212288004922
2025-04-21,WEST,Apparel & Accessories,test,465.0,447.7367877119951,17.263212288004922
2025-04-28,WEST,Apparel & Accessories,test,461.0,447.7367877119951,13.263212288004922
2025-05-05,WEST,Apparel & Accessories,test,456.0,447.7367877119951,8.263212288004922
2025-05-12,WEST,Apparel & Accessories,test,430.0,447.7367877119951,-17.736787711995078
2025-05-19,WEST,Apparel & Accessories,test,472.0,447.7367877119951,24.263212288004922
2025-05-26,WEST,Apparel & Accessories,test,481.0,530.2695729498732,-49.269572949873236
2025-06-02,WEST,Apparel & Accessories,test,554.0,530.2695729498732,23.730427050126764
2025-06-09,WEST,Apparel & Accessories,test,520.0,530.2695729498732,-10.269572949873236
2025-06-16,WEST,Apparel & Accessories,test,515.0,530.2695729498732,-15.269572949873236
2025-06-23,WEST,Apparel & Accessories,test,514.0,530.2695729498732,-16.269572949873236
2025-06-30,WEST,Apparel & Accessories,test,536.0,530.2695729498732,5.730427050126764
2025-07-07,WEST,Apparel & Accessories,test,503.0,530.2695729498732,-27.269572949873236
2025-07-14,WEST,Apparel & Accessories,test,561.0,530.2695729498732,30.730427050126764
2025-07-21,WEST,Apparel & Accessories,test,520.0,530.2695729498732,-10.269572949873236
2025-07-28,WEST,Apparel & Accessories,test,544.0,530.2695729498732,13.730427050126764
2025-08-04,WEST,Apparel & Accessories,test,522.0,530.2695729498732,-8.269572949873236
2025-08-11,WEST,Apparel & Accessories,test,547.0,530.2695729498732,16.730427050126764
2025-08-18,WEST,Apparel & Accessories,test,547.0,530.2695729498732,16.730427050126764
2025-08-25,WEST,Apparel & Accessories,test,516.0,530.2695729498732,-14.269572949873236
2025-09-01,WEST,Apparel & Accessories,test,598.0,560.7112933217184,37.28870667828164
2025-09-08,WEST,Apparel & Accessories,test,598.0,560.7112933217184,37.28870667828164
2025-09-15,WEST,Apparel & Accessories,test,623.0,560.7112933217184,62.28870667828164
2025-09-22,WEST,Apparel & Accessories,test,589.0,560.7112933217184,28.288706678281642
2025-09-29,WEST,Apparel & Accessories,test,492.0,560.7112933217184,-68.71129332171836
2025-10-06,WEST,Apparel & Accessories,test,443.0,447.7367877119951,-4.736787711995078
2025-10-13,WEST,Apparel & Accessories,test,439.0,447.7367877119951,-8.736787711995078
2025-10-20,WEST,Apparel & Accessories,test,411.0,447.7367877119951,-36.73678771199508
2025-10-27,WEST,Apparel & Accessories,test,406.0,447.7367877119951,-41.73678771199508
2025-11-03,WEST,Apparel & Accessories,test,435.0,447.7367877119951,-12.736787711995078
2025-11-10,WEST,Apparel & Accessories,test,431.0,447.7367877119951,-16.736787711995078
2025-11-17,WEST,Apparel & Accessories,test,410.0,447.7367877119951,-37.73678771199508
2025-11-24,WEST,Apparel & Accessories,test,471.0,447.7367877119951,23.263212288004922
2025-12-01,WEST,Apparel & Accessories,test,482.0,447.7367877119951,34.26321228800492
2025-12-08,WEST,Apparel & Accessories,test,482.0,447.7367877119951,34.26321228800492
2025-12-15,WEST,Apparel & Accessories,test,472.0,447.7367877119951,24.263212288004922
2025-12-22,WEST,Apparel & Accessories,test,460.0,447.7367877119951,12.263212288004922
2024-01-01,WEST,Arts & Entertainment,train,329.0,358.6241967771761,-29.62419677717611
2024-01-08,WEST,Arts & Entertainment,train,386.0,358.6241967771761,27.37580322282389
2024-01-15,WEST,Arts & Entertainment,train,349.0,358.6241967771761,-9.62419677717611
2024-01-22,WEST,Arts & Entertainment,train,342.0,358.6241967771761,-16.62419677717611
2024-01-29,WEST,Arts & Entertainment,train,345.0,358.6241967771761,-13.62419677717611
2024-02-05,WEST,Arts & Entertainment,train,349.0,358.6241967771761,-9.62419677717611
2024-02-12,WEST,Arts & Entertainment,train,364.0,358.6241967771761,5.37580322282389
2024-02-19,WEST,Arts & Entertainment,train,351.0,358.6241967771761,-7.62419677717611
2024-02-26,WEST,Arts & Entertainment,train,383.0,358.6241967771761,24.37580322282389
2024-03-04,WEST,Arts & Entertainment,train,424.0,396.278270127338,27.721729872662024
2024-03-11,WEST,Arts & Entertainment,train,522.0,536.0676957583826,-14.06769575838257
2024-03-18,WEST,Arts & Entertainment,train,609.0,597.6743193596122,11.325680640387759
2024-03-25,WEST,Arts & Entertainment,train,679.0,659.2809429608419,19.719057039158088
2024-04-01,WEST,Arts & Entertainment,train,704.0,720.8875665620715,-16.88756656207147
2024-04-08,WEST,Arts & Entertainment,train,666.0,666.0223231230141,-0.022323123014075463
2024-04-15,WEST,Arts & Entertainment,train,391.0,396.278270127338,-5.278270127337976
2024-04-22,WEST,Arts & Entertainment,train,394.0,396.278270127338,-2.2782701273379757
2024-04-29,WEST,Arts & Entertainment,train,395.0,396.278270127338,-1.2782701273379757
2024-05-06,WEST,Arts & Entertainment,train,377.0,396.278270127338,-19.278270127337976
2024-05-13,WEST,Arts & Entertainment,train,389.0,396.278270127338,-7.278270127337976
2024-05-20,WEST,Arts & Entertainment,train,407.0,396.278270127338,10.721729872662024
2024-05-27,WEST,Arts & Entertainment,train,421.0,449.53185904358844,-28.53185904358844
2024-06-03,WEST,Arts & Entertainment,train,493.0,449.53185904358844,43.46814095641156
2024-06-10,WEST,Arts & Entertainment,train,448.0,449.53185904358844,-1.5318590435884403
2024-06-17,WEST,Arts & Entertainment,train,472.0,449.53185904358844,22.46814095641156
2024-06-24,WEST,Arts & Entertainment,train,460.0,449.53185904358844,10.46814095641156
2024-07-01,WEST,Arts & Entertainment,train,481.0,449.53185904358844,31.46814095641156
2024-07-08,WEST,Arts & Entertainment,train,429.0,449.53185904358844,-20.53185904358844
2024-07-15,WEST,Arts & Entertainment,train,443.0,449.53185904358844,-6.53185904358844
2024-07-22,WEST,Arts & Entertainment,train,447.0,449.53185904358844,-2.5318590435884403
2024-07-29,WEST,Arts & Entertainment,train,454.0,449.53185904358844,4.46814095641156
2024-08-05,WEST,Arts & Entertainment,train,470.0,449.53185904358844,20.46814095641156
2024-08-12,WEST,Arts & Entertainment,train,430.0,449.53185904358844,-19.53185904358844
2024-08-19,WEST,Arts & Entertainment,train,475.0,449.53185904358844,25.46814095641156
2024-08-26,WEST,Arts & Entertainment,train,447.0,526.0504073467073,-79.05040734670729
2024-09-02,WEST,Arts & Entertainment,train,489.0,472.7968184304569,16.20318156954312
2024-09-09,WEST,Arts & Entertainment,train,530.0,472.7968184304569,57.20318156954312
2024-09-16,WEST,Arts & Entertainment,train,491.0,472.7968184304569,18.20318156954312
2024-09-23,WEST,Arts & Entertainment,train,512.0,472.7968184304569,39.20318156954312
2024-09-30,WEST,Arts & Entertainment,train,421.0,472.7968184304569,-51.79681843045688
2024-10-07,WEST,Arts & Entertainment,train,361.0,396.278270127338,-35.278270127337976
2024-10-14,WEST,Arts & Entertainment,train,345.0,396.278270127338,-51.278270127337976
2024-10-21,WEST,Arts & Entertainment,train,389.0,396.278270127338,-7.278270127337976
2024-10-28,WEST,Arts & Entertainment,train,408.0,396.278270127338,11.721729872662024
2024-11-04,WEST,Arts & Entertainment,validation,375.0,396.278270127338,-21.278270127337976
2024-11-11,WEST,Arts & Entertainment,validation,407.0,396.278270127338,10.721729872662024
2024-11-18,WEST,Arts & Entertainment,validation,370.0,396.278270127338,-26.278270127337976
2024-11-25,WEST,Arts & Entertainment,validation,413.0,396.278270127338,16.721729872662024
2024-12-02,WEST,Arts & Entertainment,validation,405.0,396.278270127338,8.721729872662024
2024-12-09,WEST,Arts & Entertainment,validation,404.0,396.278270127338,7.721729872662024
2024-12-16,WEST,Arts & Entertainment,validation,396.0,396.278270127338,-0.27827012733797574
2024-12-23,WEST,Arts & Entertainment,validation,427.0,396.278270127338,30.721729872662024
2024-12-30,WEST,Arts & Entertainment,test,397.0,358.6241967771761,38.37580322282389
2025-01-06,WEST,Arts & Entertainment,test,343.0,358.6241967771761,-15.62419677717611
2025-01-13,WEST,Arts & Entertainment,test,345.0,358.6241967771761,-13.62419677717611
2025-01-20,WEST,Arts & Entertainment,test,324.0,358.6241967771761,-34.62419677717611
2025-01-27,WEST,Arts & Entertainment,test,351.0,358.6241967771761,-7.62419677717611
2025-02-03,WEST,Arts & Entertainment,test,367.0,358.6241967771761,8.37580322282389
2025-02-10,WEST,Arts & Entertainment,test,349.0,358.6241967771761,-9.62419677717611
2025-02-17,WEST,Arts & Entertainment,test,355.0,358.6241967771761,-3.6241967771761097
2025-02-24,WEST,Arts & Entertainment,test,381.0,498.4136224082207,-117.4136224082207
2025-03-03,WEST,Arts & Entertainment,test,590.0,597.6743193596122,-7.674319359612241
2025-03-10,WEST,Arts & Entertainment,test,632.0,659.2809429608419,-27.280942960841912
2025-03-17,WEST,Arts & Entertainment,test,678.0,720.8875665620715,-42.88756656207147
2025-03-24,WEST,Arts & Entertainment,test,723.0,666.0223231230141,56.977676876985925
2025-03-31,WEST,Arts & Entertainment,test,396.0,396.278270127338,-0.27827012733797574
2025-04-07,WEST,Arts & Entertainment,test,371.0,396.278270127338,-25.278270127337976
2025-04-14,WEST,Arts & Entertainment,test,423.0,396.278270127338,26.721729872662024
2025-04-21,WEST,Arts & Entertainment,test,394.0,396.278270127338,-2.2782701273379757
2025-04-28,WEST,Arts & Entertainment,test,401.0,396.278270127338,4.721729872662024
2025-05-05,WEST,Arts & Entertainment,test,395.0,396.278270127338,-1.2782701273379757
2025-05-12,WEST,Arts & Entertainment,test,384.0,396.278270127338,-12.278270127337976
2025-05-19,WEST,Arts & Entertainment,test,369.0,396.278270127338,-27.278270127337976
2025-05-26,WEST,Arts & Entertainment,test,409.0,449.53185904358844,-40.53185904358844
2025-06-02,WEST,Arts & Entertainment,test,463.0,449.53185904358844,13.46814095641156
2025-06-09,WEST,Arts & Entertainment,test,466.0,449.53185904358844,16.46814095641156
2025-06-16,WEST,Arts & Entertainment,test,460.0,449.53185904358844,10.46814095641156
2025-06-23,WEST,Arts & Entertainment,test,457.0,449.53185904358844,7.46814095641156
2025-06-30,WEST,Arts & Entertainment,test,483.0,449.53185904358844,33.46814095641156
2025-07-07,WEST,Arts & Entertainment,test,458.0,449.53185904358844,8.46814095641156
2025-07-14,WEST,Arts & Entertainment,test,441.0,449.53185904358844,-8.53185904358844
2025-07-21,WEST,Arts & Entertainment,test,468.0,449.53185904358844,18.46814095641156
2025-07-28,WEST,Arts & Entertainment,test,453.0,449.53185904358844,3.4681409564115597
2025-08-04,WEST,Arts & Entertainment,test,461.0,449.53185904358844,11.46814095641156
2025-08-11,WEST,Arts & Entertainment,test,490.0,449.53185904358844,40.46814095641156
2025-08-18,WEST,Arts & Entertainment,test,473.0,449.53185904358844,23.46814095641156
2025-08-25,WEST,Arts & Entertainment,test,434.0,449.53185904358844,-15.53185904358844
2025-09-01,WEST,Arts & Entertainment,test,505.0,472.7968184304569,32.20318156954312
2025-09-08,WEST,Arts & Entertainment,test,498.0,472.7968184304569,25.20318156954312
2025-09-15,WEST,Arts & Entertainment,test,529.0,472.7968184304569,56.20318156954312
2025-09-22,WEST,Arts & Entertainment,test,495.0,472.7968184304569,22.20318156954312
2025-09-29,WEST,Arts & Entertainment,test,398.0,472.7968184304569,-74.79681843045688
2025-10-06,WEST,Arts & Entertainment,test,418.0,396.278270127338,21.721729872662024
2025-10-13,WEST,Arts & Entertainment,test,387.0,396.278270127338,-9.278270127337976
2025-10-20,WEST,Arts & Entertainment,test,418.0,396.278270127338,21.721729872662024
2025-10-27,WEST,Arts & Entertainment,test,389.0,396.278270127338,-7.278270127337976
2025-11-03,WEST,Arts & Entertainment,test,401.0,396.278270127338,4.721729872662024
2025-11-10,WEST,Arts & Entertainment,test,406.0,396.278270127338,9.721729872662024
2025-11-17,WEST,Arts & Entertainment,test,427.0,396.278270127338,30.721729872662024
2025-11-24,WEST,Arts & Entertainment,test,376.0,396.278270127338,-20.278270127337976
2025-12-01,WEST,Arts & Entertainment,test,410.0,396.278270127338,13.721729872662024
2025-12-08,WEST,Arts & Entertainment,test,426.0,396.278270127338,29.721729872662024
2025-12-15,WEST,Arts & Entertainment,test,417.0,396.278270127338,20.721729872662024
2025-12-22,WEST,Arts & Entertainment,test,415.0,396.278270127338,18.721729872662024
2024-01-01,WEST,Baby & Toddler,train,193.0,202.22556760014393,-9.225567600143933
2024-01-08,WEST,Baby & Toddler,train,204.0,202.22556760014393,1.7744323998560674
2024-01-15,WEST,Baby & Toddler,train,184.0,202.22572559274036,-18.22572559274036
2024-01-22,WEST,Baby & Toddler,train,189.0,196.71713991680068,-7.717139916800676
2024-01-29,WEST,Baby & Toddler,train,198.0,199.65879494227417,-1.6587949422741701
2024-02-05,WEST,Baby & Toddler,train,214.0,201.66821066149603,12.331789338503967
2024-02-12,WEST,Baby & Toddler,train,204.0,206.37379359801406,-2.3737935980140605
2024-02-19,WEST,Baby & Toddler,train,204.0,201.42695654571787,2.5730434542821286
2024-02-26,WEST,Baby & Toddler,train,226.0,203.09122456520026,22.908775434799736
2024-03-04,WEST,Baby & Toddler,train,244.0,231.00622511546243,12.993774884537572
2024-03-11,WEST,Baby & Toddler,train,354.0,350.43555096163067,3.5644490383693324
2024-03-18,WEST,Baby & Toddler,train,340.0,352.70888993713163,-12.70888993713163
2024-03-25,WEST,Baby & Toddler,train,353.0,352.679672024797,0.3203279752029857
2024-04-01,WEST,Baby & Toddler,train,370.0,362.5088223018416,7.491177698158424
2024-04-08,WEST,Baby & Toddler,train,385.0,378.80295184753277,6.197048152467232
2024-04-15,WEST,Baby & Toddler,train,242.0,225.38383817834298,16.616161821657016
2024-04-22,WEST,Baby & Toddler,train,212.0,228.8891793406224,-16.889179340622405
2024-04-29,WEST,Baby & Toddler,train,201.0,217.61685280102128,-16.61685280102128
2024-05-06,WEST,Baby & Toddler,train,201.0,217.70847263157054,-16.708472631570544
2024-05-13,WEST,Baby & Toddler,train,225.0,217.67764863122827,7.322351368771734
2024-05-20,WEST,Baby & Toddler,train,196.0,225.7624281246098,-29.762428124609812
2024-05-27,WEST,Baby & Toddler,train,243.0,246.8915878466054,-3.891587846605404
2024-06-03,WEST,Baby & Toddler,train,228.0,255.59541085963153,-27.595410859631528
2024-06-10,WEST,Baby & Toddler,train,262.0,247.6206455245881,14.379354475411901
2024-06-17,WEST,Baby & Toddler,train,279.0,261.74237193794073,17.25762806205927
2024-06-24,WEST,Baby & Toddler,train,286.0,262.71072022551243,23.289279774487568
2024-07-01,WEST,Baby & Toddler,train,256.0,264.7399712439197,-8.739971243919683
2024-07-08,WEST,Baby & Toddler,train,242.0,253.96425120126526,-11.964251201265256
2024-07-15,WEST,Baby & Toddler,train,263.0,252.8794947035398,10.120505296460209
2024-07-22,WEST,Baby & Toddler,train,274.0,260.30955146924174,13.69044853075826
2024-07-29,WEST,Baby & Toddler,train,265.0,261.5106007488161,3.4893992511838974
2024-08-05,WEST,Baby & Toddler,train,269.0,258.0786238001562,10.921376199843792
2024-08-12,WEST,Baby & Toddler,train,270.0,260.5789914458497,9.421008554150319
2024-08-19,WEST,Baby & Toddler,train,229.0,260.0742171786725,-31.074217178672484
2024-08-26,WEST,Baby & Toddler,train,276.0,291.2687240003878,-15.268724000387806
2024-09-02,WEST,Baby & Toddler,train,290.0,262.9804948419201,27.01950515807988
2024-09-09,WEST,Baby & Toddler,train,298.0,277.2076810552156,20.792318944784427
2024-09-16,WEST,Baby & Toddler,train,288.0,275.1126456374537,12.887354362546318
2024-09-23,WEST,Baby & Toddler,train,272.0,272.4531490030696,-0.4531490030695977
2024-09-30,WEST,Baby & Toddler,train,238.0,267.9649538400497,-29.964953840049702
2024-10-07,WEST,Baby & Toddler,train,220.0,213.21772135502732,6.782278644972678
2024-10-14,WEST,Baby & Toddler,train,197.0,225.5807294495147,-28.580729449514706
2024-10-21,WEST,Baby & Toddler,train,240.0,213.6834211149139,26.316578885086102
2024-10-28,WEST,Baby & Toddler,train,226.0,232.15272673086378,-6.152726730863776
2024-11-04,WEST,Baby & Toddler,validation,180.0,221.2289574833161,-41.228957483316094
2024-11-11,WEST,Baby & Toddler,validation,207.0,223.2989422204753,-16.29894222047531
2024-11-18,WEST,Baby & Toddler,validation,240.0,223.2989422204753,16.70105777952469
2024-11-25,WEST,Baby & Toddler,validation,220.0,223.2989422204753,-3.298942220475311
2024-12-02,WEST,Baby & Toddler,validation,242.0,223.2989422204753,18.70105777952469
2024-12-09,WEST,Baby & Toddler,validation,235.0,223.2989422204753,11.701057779524689
2024-12-16,WEST,Baby & Toddler,validation,277.0,223.2989422204753,53.70105777952469
2024-12-23,WEST,Baby & Toddler,validation,240.0,223.2989422204753,16.70105777952469
2024-12-30,WEST,Baby & Toddler,test,193.0,202.22556760014393,-9.225567600143933
2025-01-06,WEST,Baby & Toddler,test,195.0,202.22556760014393,-7.225567600143933
2025-01-13,WEST,Baby & Toddler,test,210.0,202.22556760014393,7.774432399856067
2025-01-20,WEST,Baby & Toddler,test,173.0,202.22556760014393,-29.225567600143933
2025-01-27,WEST,Baby & Toddler,test,207.0,202.22556760014393,4.774432399856067
2025-02-03,WEST,Baby & Toddler,test,182.0,202.22556760014393,-20.225567600143933
2025-02-10,WEST,Baby & Toddler,test,208.0,202.22556760014393,5.774432399856067
2025-02-17,WEST,Baby & Toddler,test,200.0,202.22556760014393,-2.2255676001439326
2025-02-24,WEST,Baby & Toddler,test,236.0,324.99063243512757,-88.99063243512757
2025-03-03,WEST,Baby & Toddler,test,329.0,351.5096890935695,-22.509689093569477
2025-03-10,WEST,Baby & Toddler,test,375.0,356.95537113167995,18.044628868320046
2025-03-17,WEST,Baby & Toddler,test,354.0,362.40105316979054,-8.401053169790544
2025-03-24,WEST,Baby & Toddler,test,448.0,376.2826670735172,71.71733292648281
2025-03-31,WEST,Baby & Toddler,test,208.0,223.2989422204753,-15.298942220475311
2025-04-07,WEST,Baby & Toddler,test,241.0,223.2989422204753,17.70105777952469
2025-04-14,WEST,Baby & Toddler,test,219.0,223.2989422204753,-4.298942220475311
2025-04-21,WEST,Baby & Toddler,test,205.0,223.2989422204753,-18.29894222047531
2025-04-28,WEST,Baby & Toddler,test,218.0,223.2989422204753,-5.298942220475311
2025-05-05,WEST,Baby & Toddler,test,216.0,223.2989422204753,-7.298942220475311
2025-05-12,WEST,Baby & Toddler,test,221.0,223.2989422204753,-2.298942220475311
2025-05-19,WEST,Baby & Toddler,test,195.0,223.2989422204753,-28.29894222047531
2025-05-26,WEST,Baby & Toddler,test,236.0,256.90467223237846,-20.90467223237846
2025-06-02,WEST,Baby & Toddler,test,287.0,256.90467223237846,30.09532776762154
2025-06-09,WEST,Baby & Toddler,test,254.0,256.90467223237846,-2.9046722323784593
2025-06-16,WEST,Baby & Toddler,test,275.0,256.90467223237846,18.09532776762154
2025-06-23,WEST,Baby & Toddler,test,275.0,256.90467223237846,18.09532776762154
2025-06-30,WEST,Baby & Toddler,test,279.0,256.90467223237846,22.09532776762154
2025-07-07,WEST,Baby & Toddler,test,282.0,256.90467223237846,25.09532776762154
2025-07-14,WEST,Baby & Toddler,test,279.0,256.90467223237846,22.09532776762154
2025-07-21,WEST,Baby & Toddler,test,269.0,256.90467223237846,12.09532776762154
2025-07-28,WEST,Baby & Toddler,test,278.0,256.90467223237846,21.09532776762154
2025-08-04,WEST,Baby & Toddler,test,267.0,256.90467223237846,10.09532776762154
2025-08-11,WEST,Baby & Toddler,test,238.0,256.90467223237846,-18.90467223237846
2025-08-18,WEST,Baby & Toddler,test,232.0,256.90467223237846,-24.90467223237846
2025-08-25,WEST,Baby & Toddler,test,290.0,256.90467223237846,33.09532776762154
2025-09-01,WEST,Baby & Toddler,test,269.0,268.11740844449486,0.8825915555051438
2025-09-08,WEST,Baby & Toddler,test,292.0,268.11740844449486,23.882591555505144
2025-09-15,WEST,Baby & Toddler,test,284.0,268.11740844449486,15.882591555505144
2025-09-22,WEST,Baby & Toddler,test,283.0,268.11740844449486,14.882591555505144
2025-09-29,WEST,Baby & Toddler,test,241.0,268.11740844449486,-27.117408444494856
2025-10-06,WEST,Baby & Toddler,test,221.0,223.2989422204753,-2.298942220475311
2025-10-13,WEST,Baby & Toddler,test,203.0,223.2989422204753,-20.29894222047531
2025-10-20,WEST,Baby & Toddler,test,205.0,223.2989422204753,-18.29894222047531
2025-10-27,WEST,Baby & Toddler,test,229.0,223.2989422204753,5.701057779524689
2025-11-03,WEST,Baby & Toddler,test,187.0,223.2989422204753,-36.29894222047531
2025-11-10,WEST,Baby & Toddler,test,205.0,223.2989422204753,-18.29894222047531
2025-11-17,WEST,Baby & Toddler,test,202.0,223.2989422204753,-21.29894222047531
2025-11-24,WEST,Baby & Toddler,test,220.0,223.2989422204753,-3.298942220475311
2025-12-01,WEST,Baby & Toddler,test,259.0,223.2989422204753,35.70105777952469
2025-12-08,WEST,Baby & Toddler,test,231.0,223.2989422204753,7.701057779524689
2025-12-15,WEST,Baby & Toddler,test,247.0,223.2989422204753,23.70105777952469
2025-12-22,WEST,Baby & Toddler,test,248.0,223.2989422204753,24.70105777952469
2024-01-01,WEST,Business & Industrial,train,140.0,134.62517710211677,5.374822897883234
2024-01-08,WEST,Business & Industrial,train,128.0,134.62517710211677,-6.625177102116766
2024-01-15,WEST,Business & Industrial,train,130.0,134.62517710211677,-4.625177102116766
2024-01-22,WEST,Business & Industrial,train,140.0,134.62517710211677,5.374822897883234
2024-01-29,WEST,Business & Industrial,train,149.0,134.62517710211677,14.374822897883234
2024-02-05,WEST,Business & Industrial,train,136.0,134.62517710211677,1.3748228978832344
2024-02-12,WEST,Business & Industrial,train,139.0,134.62517710211677,4.374822897883234
2024-02-19,WEST,Business & Industrial,train,127.0,134.62517710211677,-7.625177102116766
2024-02-26,WEST,Business & Industrial,train,128.0,134.62517710211677,-6.625177102116766
2024-03-04,WEST,Business & Industrial,train,163.0,149.14490202786206,13.85509797213794
2024-03-11,WEST,Business & Industrial,train,246.0,233.20603316495158,12.793966835048423
2024-03-18,WEST,Business & Industrial,train,226.0,250.4040881911623,-24.404088191162288
2024-03-25,WEST,Business & Industrial,train,278.0,267.60214321737305,10.397856782626945
2024-04-01,WEST,Business & Industrial,train,286.0,284.80019824358374,1.1998017564162637
2024-04-08,WEST,Business & Industrial,train,263.0,262.98953434458264,0.010465655417362996
2024-04-15,WEST,Business & Industrial,train,142.0,149.14490202786206,-7.144902027862059
2024-04-22,WEST,Business & Industrial,train,137.0,149.14490202786206,-12.14490202786206
2024-04-29,WEST,Business & Industrial,train,154.0,149.14490202786206,4.855097972137941
2024-05-06,WEST,Business & Industrial,train,146.0,149.14490202786206,-3.1449020278620594
2024-05-13,WEST,Business & Industrial,train,145.0,149.14490202786206,-4.144902027862059
2024-05-20,WEST,Business & Industrial,train,151.0,149.14490202786206,1.8550979721379406
2024-05-27,WEST,Business & Industrial,train,167.0,174.26206572762467,-7.262065727624673
2024-06-03,WEST,Business & Industrial,train,168.0,174.26206572762467,-6.262065727624673
2024-06-10,WEST,Business & Industrial,train,164.0,174.26206572762467,-10.262065727624673
2024-06-17,WEST,Business & Industrial,train,161.0,174.26206572762467,-13.262065727624673
2024-06-24,WEST,Business & Industrial,train,172.0,174.26206572762467,-2.262065727624673
2024-07-01,WEST,Business & Industrial,train,185.0,174.26206572762467,10.737934272375327
2024-07-08,WEST,Business & Industrial,train,171.0,174.26206572762467,-3.262065727624673
2024-07-15,WEST,Business & Industrial,train,167.0,174.26206572762467,-7.262065727624673
2024-07-22,WEST,Business & Industrial,train,165.0,174.26206572762467,-9.262065727624673
2024-07-29,WEST,Business & Industrial,train,202.0,174.26206572762467,27.737934272375327
2024-08-05,WEST,Business & Industrial,train,195.0,174.26206572762467,20.737934272375327
2024-08-12,WEST,Business & Industrial,train,205.0,174.26206572762467,30.737934272375327
2024-08-19,WEST,Business & Industrial,train,164.0,174.26206572762467,-10.262065727624673
2024-08-26,WEST,Business & Industrial,train,178.0,198.59819371739337,-20.59819371739337
2024-09-02,WEST,Business & Industrial,train,183.0,173.48103001763076,9.518969982369242
2024-09-09,WEST,Business & Industrial,train,196.0,173.48103001763076,22.518969982369242
2024-09-16,WEST,Business & Industrial,train,171.0,173.48103001763076,-2.481030017630758
2024-09-23,WEST,Business & Industrial,train,190.0,173.48103001763076,16.518969982369242
2024-09-30,WEST,Business & Industrial,train,148.0,173.48103001763076,-25.481030017630758
2024-10-07,WEST,Business & Industrial,train,147.0,149.14490202786206,-2.1449020278620594
2024-10-14,WEST,Business & Industrial,train,144.0,149.14490202786206,-5.144902027862059
2024-10-21,WEST,Business & Industrial,train,141.0,149.14490202786206,-8.14490202786206
2024-10-28,WEST,Business & Industrial,train,150.0,149.14490202786206,0.8550979721379406
2024-11-04,WEST,Business & Industrial,validation,137.0,149.14490202786206,-12.14490202786206
2024-11-11,WEST,Business & Industrial,validation,148.0,149.14490202786206,-1.1449020278620594
2024-11-18,WEST,Business & Industrial,validation,130.0,149.14490202786206,-19.14490202786206
2024-11-25,WEST,Business & Industrial,validation,175.0,149.14490202786206,25.85509797213794
2024-12-02,WEST,Business & Industrial,validation,175.0,149.14490202786206,25.85509797213794
2024-12-09,WEST,Business & Industrial,validation,153.0,149.14490202786206,3.8550979721379406
2024-12-16,WEST,Business & Industrial,validation,175.0,149.14490202786206,25.85509797213794
2024-12-23,WEST,Business & Industrial,validation,165.0,149.14490202786206,15.85509797213794
2024-12-30,WEST,Business & Industrial,test,144.0,134.62517710211677,9.374822897883234
2025-01-06,WEST,Business & Industrial,test,122.0,134.62517710211677,-12.625177102116766
2025-01-13,WEST,Business & Industrial,test,133.0,134.62517710211677,-1.6251771021167656
2025-01-20,WEST,Business & Industrial,test,143.0,134.62517710211677,8.374822897883234
2025-01-27,WEST,Business & Industrial,test,137.0,134.62517710211677,2.3748228978832344
2025-02-03,WEST,Business & Industrial,test,134.0,134.62517710211677,-0.6251771021167656
2025-02-10,WEST,Business & Industrial,test,114.0,134.62517710211677,-20.625177102116766
2025-02-17,WEST,Business & Industrial,test,130.0,134.62517710211677,-4.625177102116766
2025-02-24,WEST,Business & Industrial,test,155.0,218.68630823920628,-63.686308239206284
2025-03-03,WEST,Business & Industrial,test,232.0,250.4040881911623,-18.404088191162288
2025-03-10,WEST,Business & Industrial,test,258.0,267.60214321737305,-9.602143217373055
2025-03-17,WEST,Business & Industrial,test,245.0,284.80019824358374,-39.800198243583736
2025-03-24,WEST,Business & Industrial,test,278.0,262.98953434458264,15.010465655417363
2025-03-31,WEST,Business & Industrial,test,128.0,149.14490202786206,-21.14490202786206
2025-04-07,WEST,Business & Industrial,test,138.0,149.14490202786206,-11.14490202786206
2025-04-14,WEST,Business & Industrial,test,131.0,149.14490202786206,-18.14490202786206
2025-04-21,WEST,Business & Industrial,test,147.0,149.14490202786206,-2.1449020278620594
2025-04-28,WEST,Business & Industrial,test,156.0,149.14490202786206,6.855097972137941
2025-05-05,WEST,Business & Industrial,test,143.0,149.14490202786206,-6.144902027862059
2025-05-12,WEST,Business & Industrial,test,160.0,149.14490202786206,10.85509797213794
2025-05-19,WEST,Business & Industrial,test,129.0,149.14490202786206,-20.14490202786206
2025-05-26,WEST,Business & Industrial,test,172.0,174.26206572762467,-2.262065727624673
2025-06-02,WEST,Business & Industrial,test,167.0,174.26206572762467,-7.262065727624673
2025-06-09,WEST,Business & Industrial,test,170.0,174.26206572762467,-4.262065727624673
2025-06-16,WEST,Business & Industrial,test,175.0,174.26206572762467,0.7379342723753268
2025-06-23,WEST,Business & Industrial,test,157.0,174.26206572762467,-17.262065727624673
2025-06-30,WEST,Business & Industrial,test,190.0,174.26206572762467,15.737934272375327
2025-07-07,WEST,Business & Industrial,test,175.0,174.26206572762467,0.7379342723753268
2025-07-14,WEST,Business & Industrial,test,167.0,174.26206572762467,-7.262065727624673
2025-07-21,WEST,Business & Industrial,test,193.0,174.26206572762467,18.737934272375327
2025-07-28,WEST,Business & Industrial,test,172.0,174.26206572762467,-2.262065727624673
2025-08-04,WEST,Business & Industrial,test,172.0,174.26206572762467,-2.262065727624673
2025-08-11,WEST,Business & Industrial,test,172.0,174.26206572762467,-2.262065727624673
2025-08-18,WEST,Business & Industrial,test,178.0,174.26206572762467,3.737934272375327
2025-08-25,WEST,Business & Industrial,test,183.0,174.26206572762467,8.737934272375327
2025-09-01,WEST,Business & Industrial,test,221.0,173.48103001763076,47.51896998236924
2025-09-08,WEST,Business & Industrial,test,194.0,173.48103001763076,20.518969982369242
2025-09-15,WEST,Business & Industrial,test,202.0,173.48103001763076,28.518969982369242
2025-09-22,WEST,Business & Industrial,test,200.0,173.48103001763076,26.518969982369242
2025-09-29,WEST,Business & Industrial,test,158.0,173.48103001763076,-15.481030017630758
2025-10-06,WEST,Business & Industrial,test,153.0,149.14490202786206,3.8550979721379406
2025-10-13,WEST,Business & Industrial,test,169.0,149.14490202786206,19.85509797213794
2025-10-20,WEST,Business & Industrial,test,153.0,149.14490202786206,3.8550979721379406
2025-10-27,WEST,Business & Industrial,test,161.0,149.14490202786206,11.85509797213794
2025-11-03,WEST,Business & Industrial,test,150.0,149.14490202786206,0.8550979721379406
2025-11-10,WEST,Business & Industrial,test,143.0,149.14490202786206,-6.144902027862059
2025-11-17,WEST,Business & Industrial,test,151.0,149.14490202786206,1.8550979721379406
2025-11-24,WEST,Business & Industrial,test,155.0,149.14490202786206,5.855097972137941
2025-12-01,WEST,Business & Industrial,test,161.0,149.14490202786206,11.85509797213794
2025-12-08,WEST,Business & Industrial,test,183.0,149.14490202786206,33.85509797213794
2025-12-15,WEST,Business & Industrial,test,167.0,149.14490202786206,17.85509797213794
2025-12-22,WEST,Business & Industrial,test,173.0,149.14490202786206,23.85509797213794
2024-01-01,WEST,Cameras & Optics,train,54.0,38.3749430803966,15.625056919603402
2024-01-08,WEST,Cameras & Optics,train,40.0,38.3749430803966,1.6250569196034022
2024-01-15,WEST,Cameras & Optics,train,32.0,38.3749430803966,-6.374943080396598
2024-01-22,WEST,Cameras & Optics,train,30.0,38.3749430803966,-8.374943080396598
2024-01-29,WEST,Cameras & Optics,train,38.0,38.3749430803966,-0.37494308039659785
2024-02-05,WEST,Cameras & Optics,train,34.0,38.3749430803966,-4.374943080396598
2024-02-12,WEST,Cameras & Optics,train,50.0,38.3749430803966,11.625056919603402
2024-02-19,WEST,Cameras & Optics,train,39.0,38.3749430803966,0.6250569196034022
2024-02-26,WEST,Cameras & Optics,train,44.0,38.3749430803966,5.625056919603402
2024-03-04,WEST,Cameras & Optics,train,45.0,42.321247956801365,2.678752043198635
2024-03-11,WEST,Cameras & Optics,train,58.0,53.70165288595994,4.298347114040062
2024-03-18,WEST,Cameras & Optics,train,61.0,66.40090250701115,-5.400902507011153
2024-03-25,WEST,Cameras & Optics,train,77.0,79.10015212806236,-2.100152128062362
2024-04-01,WEST,Cameras & Optics,train,95.0,91.79940174911357,3.2005982508864292
2024-04-08,WEST,Cameras & Optics,train,57.0,57.00286207198023,-0.0028620719802319172
2024-04-15,WEST,Cameras & Optics,train,47.0,42.321247956801365,4.678752043198635
2024-04-22,WEST,Cameras & Optics,train,35.0,42.321247956801365,-7.321247956801365
2024-04-29,WEST,Cameras & Optics,train,45.0,42.321247956801365,2.678752043198635
2024-05-06,WEST,Cameras & Optics,train,42.0,42.321247956801365,-0.32124795680136486
2024-05-13,WEST,Cameras & Optics,train,38.0,42.321247956801365,-4.321247956801365
2024-05-20,WEST,Cameras & Optics,train,40.0,42.321247956801365,-2.321247956801365
2024-05-27,WEST,Cameras & Optics,train,39.0,48.95888895177953,-9.958888951779528
2024-06-03,WEST,Cameras & Optics,train,48.0,48.95888895177953,-0.958888951779528
2024-06-10,WEST,Cameras & Optics,train,43.0,48.95888895177953,-5.958888951779528
2024-06-17,WEST,Cameras & Optics,train,50.0,48.95888895177953,1.041111048220472
2024-06-24,WEST,Cameras & Optics,train,47.0,48.95888895177953,-1.958888951779528
2024-07-01,WEST,Cameras & Optics,train,55.0,48.95888895177953,6.041111048220472
2024-07-08,WEST,Cameras & Optics,train,46.0,48.95888895177953,-2.958888951779528
2024-07-15,WEST,Cameras & Optics,train,63.0,48.95888895177953,14.041111048220472
2024-07-22,WEST,Cameras & Optics,train,51.0,48.95888895177953,2.041111048220472
2024-07-29,WEST,Cameras & Optics,train,47.0,48.95888895177953,-1.958888951779528
2024-08-05,WEST,Cameras & Optics,train,48.0,48.95888895177953,-0.958888951779528
2024-08-12,WEST,Cameras & Optics,train,42.0,48.95888895177953,-6.958888951779528
2024-08-19,WEST,Cameras & Optics,train,53.0,48.95888895177953,4.041111048220472
2024-08-26,WEST,Cameras & Optics,train,63.0,58.53084331453105,4.469156685468953
2024-09-02,WEST,Cameras & Optics,train,55.0,51.893202319552884,3.106797680447116
2024-09-09,WEST,Cameras & Optics,train,54.0,51.893202319552884,2.106797680447116
2024-09-16,WEST,Cameras & Optics,train,58.0,51.893202319552884,6.106797680447116
2024-09-23,WEST,Cameras & Optics,train,44.0,51.893202319552884,-7.893202319552884
2024-09-30,WEST,Cameras & Optics,train,44.0,51.893202319552884,-7.893202319552884
2024-10-07,WEST,Cameras & Optics,train,38.0,42.321247956801365,-4.321247956801365
2024-10-14,WEST,Cameras & Optics,train,40.0,42.321247956801365,-2.321247956801365
2024-10-21,WEST,Cameras & Optics,train,49.0,42.321247956801365,6.678752043198635
2024-10-28,WEST,Cameras & Optics,train,51.0,42.321247956801365,8.678752043198635
2024-11-04,WEST,Cameras & Optics,validation,47.0,42.321247956801365,4.678752043198635
2024-11-11,WEST,Cameras & Optics,validation,36.0,42.321247956801365,-6.321247956801365
2024-11-18,WEST,Cameras & Optics,validation,47.0,42.321247956801365,4.678752043198635
2024-11-25,WEST,Cameras & Optics,validation,45.0,42.321247956801365,2.678752043198635
2024-12-02,WEST,Cameras & Optics,validation,31.0,42.321247956801365,-11.321247956801365
2024-12-09,WEST,Cameras & Optics,validation,38.0,42.321247956801365,-4.321247956801365
2024-12-16,WEST,Cameras & Optics,validation,45.0,42.321247956801365,2.678752043198635
2024-12-23,WEST,Cameras & Optics,validation,44.0,42.321247956801365,1.6787520431986351
2024-12-30,WEST,Cameras & Optics,test,40.0,38.3749430803966,1.6250569196034022
2025-01-06,WEST,Cameras & Optics,test,34.0,38.3749430803966,-4.374943080396598
2025-01-13,WEST,Cameras & Optics,test,33.0,38.3749430803966,-5.374943080396598
2025-01-20,WEST,Cameras & Optics,test,32.0,38.3749430803966,-6.374943080396598
2025-01-27,WEST,Cameras & Optics,test,41.0,38.3749430803966,2.625056919603402
2025-02-03,WEST,Cameras & Optics,test,32.0,38.3749430803966,-6.374943080396598
2025-02-10,WEST,Cameras & Optics,test,36.0,38.3749430803966,-2.374943080396598
2025-02-17,WEST,Cameras & Optics,test,38.0,38.3749430803966,-0.37494308039659785
2025-02-24,WEST,Cameras & Optics,test,52.0,49.75534800955516,2.2446519904448365
2025-03-03,WEST,Cameras & Optics,test,50.0,66.40090250701115,-16.400902507011153
2025-03-10,WEST,Cameras & Optics,test,67.0,79.10015212806236,-12.100152128062362
2025-03-17,WEST,Cameras & Optics,test,54.0,91.79940174911357,-37.79940174911357
2025-03-24,WEST,Cameras & Optics,test,92.0,57.00286207198023,34.99713792801977
2025-03-31,WEST,Cameras & Optics,test,45.0,42.321247956801365,2.678752043198635
2025-04-07,WEST,Cameras & Optics,test,47.0,42.321247956801365,4.678752043198635
2025-04-14,WEST,Cameras & Optics,test,37.0,42.321247956801365,-5.321247956801365
2025-04-21,WEST,Cameras & Optics,test,41.0,42.321247956801365,-1.3212479568013649
2025-04-28,WEST,Cameras & Optics,test,51.0,42.321247956801365,8.678752043198635
2025-05-05,WEST,Cameras & Optics,test,48.0,42.321247956801365,5.678752043198635
2025-05-12,WEST,Cameras & Optics,test,56.0,42.321247956801365,13.678752043198635
2025-05-19,WEST,Cameras & Optics,test,41.0,42.321247956801365,-1.3212479568013649
2025-05-26,WEST,Cameras & Optics,test,38.0,48.95888895177953,-10.958888951779528
2025-06-02,WEST,Cameras & Optics,test,49.0,48.95888895177953,0.04111104822047196
2025-06-09,WEST,Cameras & Optics,test,49.0,48.95888895177953,0.04111104822047196
2025-06-16,WEST,Cameras & Optics,test,53.0,48.95888895177953,4.041111048220472
2025-06-23,WEST,Cameras & Optics,test,61.0,48.95888895177953,12.041111048220472
2025-06-30,WEST,Cameras & Optics,test,38.0,48.95888895177953,-10.958888951779528
2025-07-07,WEST,Cameras & Optics,test,56.0,48.95888895177953,7.041111048220472
2025-07-14,WEST,Cameras & Optics,test,41.0,48.95888895177953,-7.958888951779528
2025-07-21,WEST,Cameras & Optics,test,39.0,48.95888895177953,-9.958888951779528
2025-07-28,WEST,Cameras & Optics,test,56.0,48.95888895177953,7.041111048220472
2025-08-04,WEST,Cameras & Optics,test,52.0,48.95888895177953,3.041111048220472
2025-08-11,WEST,Cameras & Optics,test,52.0,48.95888895177953,3.041111048220472
2025-08-18,WEST,Cameras & Optics,test,49.0,48.95888895177953,0.04111104822047196
2025-08-25,WEST,Cameras & Optics,test,48.0,48.95888895177953,-0.958888951779528
2025-09-01,WEST,Cameras & Optics,test,61.0,51.893202319552884,9.106797680447116
2025-09-08,WEST,Cameras & Optics,test,64.0,51.893202319552884,12.106797680447116
2025-09-15,WEST,Cameras & Optics,test,53.0,51.893202319552884,1.1067976804471158
2025-09-22,WEST,Cameras & Optics,test,48.0,51.893202319552884,-3.893202319552884
2025-09-29,WEST,Cameras & Optics,test,44.0,51.893202319552884,-7.893202319552884
2025-10-06,WEST,Cameras & Optics,test,35.0,42.321247956801365,-7.321247956801365
2025-10-13,WEST,Cameras & Optics,test,37.0,42.321247956801365,-5.321247956801365
2025-10-20,WEST,Cameras & Optics,test,44.0,42.321247956801365,1.6787520431986351
2025-10-27,WEST,Cameras & Optics,test,45.0,42.321247956801365,2.678752043198635
2025-11-03,WEST,Cameras & Optics,test,55.0,42.321247956801365,12.678752043198635
2025-11-10,WEST,Cameras & Optics,test,47.0,42.321247956801365,4.678752043198635
2025-11-17,WEST,Cameras & Optics,test,38.0,42.321247956801365,-4.321247956801365
2025-11-24,WEST,Cameras & Optics,test,47.0,42.321247956801365,4.678752043198635
2025-12-01,WEST,Cameras & Optics,test,59.0,42.321247956801365,16.678752043198635
2025-12-08,WEST,Cameras & Optics,test,48.0,42.321247956801365,5.678752043198635
2025-12-15,WEST,Cameras & Optics,test,38.0,42.321247956801365,-4.321247956801365
2025-12-22,WEST,Cameras & Optics,test,53.0,42.321247956801365,10.678752043198635
2024-01-01,WEST,Electronics,train,293.0,252.25006316782097,40.74993683217903
2024-01-08,WEST,Electronics,train,244.0,252.25006316782097,-8.250063167820969
2024-01-15,WEST,Electronics,train,272.0,252.25006316782097,19.74993683217903
2024-01-22,WEST,Electronics,train,244.0,252.25006316782097,-8.250063167820969
2024-01-29,WEST,Electronics,train,252.0,252.25006316782097,-0.2500631678209686
2024-02-05,WEST,Electronics,train,226.0,252.25006316782097,-26.25006316782097
2024-02-12,WEST,Electronics,train,248.0,252.25006316782097,-4.250063167820969
2024-02-19,WEST,Electronics,train,240.0,252.25006316782097,-12.250063167820969
2024-02-26,WEST,Electronics,train,292.0,252.25006316782097,39.74993683217903
2024-03-04,WEST,Electronics,train,281.0,283.4239309478349,-2.42393094783489
2024-03-11,WEST,Electronics,train,385.0,395.1263336914255,-10.126333691425486
2024-03-18,WEST,Electronics,train,438.0,432.7138614761891,5.286138523810905
2024-03-25,WEST,Electronics,train,490.0,470.3013892609527,19.698610739047297
2024-04-01,WEST,Electronics,train,493.0,507.8889170457163,-14.888917045716312
2024-04-08,WEST,Electronics,train,467.0,466.93192876688056,0.06807123311943997
2024-04-15,WEST,Electronics,train,280.0,283.4239309478349,-3.42393094783489
2024-04-22,WEST,Electronics,train,296.0,283.4239309478349,12.57606905216511
2024-04-29,WEST,Electronics,train,293.0,283.4239309478349,9.57606905216511
2024-05-06,WEST,Electronics,train,258.0,283.4239309478349,-25.42393094783489
2024-05-13,WEST,Electronics,train,274.0,283.4239309478349,-9.42393094783489
2024-05-20,WEST,Electronics,train,248.0,283.4239309478349,-35.42393094783489
2024-05-27,WEST,Electronics,train,264.0,324.2545028660889,-60.2545028660889
2024-06-03,WEST,Electronics,train,360.0,324.2545028660889,35.7454971339111
2024-06-10,WEST,Electronics,train,309.0,324.2545028660889,-15.254502866088899
2024-06-17,WEST,Electronics,train,333.0,324.2545028660889,8.745497133911101
2024-06-24,WEST,Electronics,train,353.0,324.2545028660889,28.7454971339111
2024-07-01,WEST,Electronics,train,327.0,324.2545028660889,2.745497133911101
2024-07-08,WEST,Electronics,train,334.0,324.2545028660889,9.745497133911101
2024-07-15,WEST,Electronics,train,310.0,324.2545028660889,-14.254502866088899
2024-07-22,WEST,Electronics,train,347.0,324.2545028660889,22.7454971339111
2024-07-29,WEST,Electronics,train,348.0,324.2545028660889,23.7454971339111
2024-08-05,WEST,Electronics,train,327.0,324.2545028660889,2.745497133911101
2024-08-12,WEST,Electronics,train,334.0,324.2545028660889,9.745497133911101
2024-08-19,WEST,Electronics,train,320.0,324.2545028660889,-4.254502866088899
2024-08-26,WEST,Electronics,train,331.0,381.7019833441103,-50.70198334411032
2024-09-02,WEST,Electronics,train,344.0,340.8714114258563,3.1285885741436914
2024-09-09,WEST,Electronics,train,361.0,340.8714114258563,20.12858857414369
2024-09-16,WEST,Electronics,train,374.0,340.8714114258563,33.12858857414369
2024-09-23,WEST,Electronics,train,358.0,340.8714114258563,17.12858857414369
2024-09-30,WEST,Electronics,train,318.0,340.8714114258563,-22.87141142585631
2024-10-07,WEST,Electronics,train,260.0,283.4239309478349,-23.42393094783489
2024-10-14,WEST,Electronics,train,293.0,283.4239309478349,9.57606905216511
2024-10-21,WEST,Electronics,train,286.0,283.4239309478349,2.57606905216511
2024-10-28,WEST,Electronics,train,298.0,283.4239309478349,14.57606905216511
2024-11-04,WEST,Electronics,validation,257.0,283.4239309478349,-26.42393094783489
2024-11-11,WEST,Electronics,validation,263.0,283.4239309478349,-20.42393094783489
2024-11-18,WEST,Electronics,validation,285.0,283.4239309478349,1.57606905216511
2024-11-25,WEST,Electronics,validation,261.0,283.4239309478349,-22.42393094783489
2024-12-02,WEST,Electronics,validation,286.0,283.4239309478349,2.57606905216511
2024-12-09,WEST,Electronics,validation,282.0,283.4239309478349,-1.42393094783489
2024-12-16,WEST,Electronics,validation,296.0,283.4239309478349,12.57606905216511
2024-12-23,WEST,Electronics,validation,313.0,283.4239309478349,29.57606905216511
2024-12-30,WEST,Electronics,test,268.0,252.25006316782097,15.749936832179031
2025-01-06,WEST,Electronics,test,261.0,252.25006316782097,8.749936832179031
2025-01-13,WEST,Electronics,test,243.0,252.25006316782097,-9.250063167820969
2025-01-20,WEST,Electronics,test,225.0,252.25006316782097,-27.25006316782097
2025-01-27,WEST,Electronics,test,233.0,252.25006316782097,-19.25006316782097
2025-02-03,WEST,Electronics,test,255.0,252.25006316782097,2.7499368321790314
2025-02-10,WEST,Electronics,test,260.0,252.25006316782097,7.749936832179031
2025-02-17,WEST,Electronics,test,272.0,252.25006316782097,19.74993683217903
2025-02-24,WEST,Electronics,test,311.0,363.95246591141154,-52.95246591141154
2025-03-03,WEST,Electronics,test,391.0,432.7138614761891,-41.713861476189095
2025-03-10,WEST,Electronics,test,447.0,470.3013892609527,-23.301389260952703
2025-03-17,WEST,Electronics,test,486.0,507.8889170457163,-21.888917045716312
2025-03-24,WEST,Electronics,test,531.0,466.93192876688056,64.06807123311944
2025-03-31,WEST,Electronics,test,256.0,283.4239309478349,-27.42393094783489
2025-04-07,WEST,Electronics,test,293.0,283.4239309478349,9.57606905216511
2025-04-14,WEST,Electronics,test,256.0,283.4239309478349,-27.42393094783489
2025-04-21,WEST,Electronics,test,282.0,283.4239309478349,-1.42393094783489
2025-04-28,WEST,Electronics,test,291.0,283.4239309478349,7.57606905216511
2025-05-05,WEST,Electronics,test,252.0,283.4239309478349,-31.42393094783489
2025-05-12,WEST,Electronics,test,280.0,283.4239309478349,-3.42393094783489
2025-05-19,WEST,Electronics,test,230.0,283.4239309478349,-53.42393094783489
2025-05-26,WEST,Electronics,test,258.0,324.2545028660889,-66.2545028660889
2025-06-02,WEST,Electronics,test,327.0,324.2545028660889,2.745497133911101
2025-06-09,WEST,Electronics,test,327.0,324.2545028660889,2.745497133911101
2025-06-16,WEST,Electronics,test,317.0,324.2545028660889,-7.254502866088899
2025-06-23,WEST,Electronics,test,331.0,324.2545028660889,6.745497133911101
2025-06-30,WEST,Electronics,test,351.0,324.2545028660889,26.7454971339111
2025-07-07,WEST,Electronics,test,340.0,324.2545028660889,15.745497133911101
2025-07-14,WEST,Electronics,test,312.0,324.2545028660889,-12.254502866088899
2025-07-21,WEST,Electronics,test,327.0,324.2545028660889,2.745497133911101
2025-07-28,WEST,Electronics,test,341.0,324.2545028660889,16.7454971339111
2025-08-04,WEST,Electronics,test,359.0,324.2545028660889,34.7454971339111
2025-08-11,WEST,Electronics,test,359.0,324.2545028660889,34.7454971339111
2025-08-18,WEST,Electronics,test,311.0,324.2545028660889,-13.254502866088899
2025-08-25,WEST,Electronics,test,343.0,324.2545028660889,18.7454971339111
2025-09-01,WEST,Electronics,test,370.0,340.8714114258563,29.12858857414369
2025-09-08,WEST,Electronics,test,351.0,340.8714114258563,10.128588574143691
2025-09-15,WEST,Electronics,test,362.0,340.8714114258563,21.12858857414369
2025-09-22,WEST,Electronics,test,339.0,340.8714114258563,-1.8714114258563086
2025-09-29,WEST,Electronics,test,309.0,340.8714114258563,-31.87141142585631
2025-10-06,WEST,Electronics,test,264.0,283.4239309478349,-19.42393094783489
2025-10-13,WEST,Electronics,test,264.0,283.4239309478349,-19.42393094783489
2025-10-20,WEST,Electronics,test,277.0,283.4239309478349,-6.42393094783489
2025-10-27,WEST,Electronics,test,243.0,283.4239309478349,-40.42393094783489
2025-11-03,WEST,Electronics,test,267.0,283.4239309478349,-16.42393094783489
2025-11-10,WEST,Electronics,test,269.0,283.4239309478349,-14.42393094783489
2025-11-17,WEST,Electronics,test,310.0,283.4239309478349,26.57606905216511
2025-11-24,WEST,Electronics,test,283.0,283.4239309478349,-0.42393094783489005
2025-12-01,WEST,Electronics,test,306.0,283.4239309478349,22.57606905216511
2025-12-08,WEST,Electronics,test,311.0,283.4239309478349,27.57606905216511
2025-12-15,WEST,Electronics,test,298.0,283.4239309478349,14.57606905216511
2025-12-22,WEST,Electronics,test,293.0,283.4239309478349,9.57606905216511
2024-01-01,WEST,Furniture,train,245.0,245.3878154404031,-0.38781544040310223
2024-01-08,WEST,Furniture,train,235.0,245.50664538360752,-10.50664538360752
2024-01-15,WEST,Furniture,train,214.0,248.57073027617665,-34.57073027617665
2024-01-22,WEST,Furniture,train,271.0,255.00530855057184,15.99469144942816
2024-01-29,WEST,Furniture,train,234.0,237.54002466292778,-3.5400246629277774
2024-02-05,WEST,Furniture,train,236.0,248.87713876543359,-12.877138765433585
2024-02-12,WEST,Furniture,train,249.0,248.26432178691974,0.7356782130802628
2024-02-19,WEST,Furniture,train,263.0,244.28101142657985,18.718988573420148
2024-02-26,WEST,Furniture,train,249.0,239.99129257698308,9.008707423016915
2024-03-04,WEST,Furniture,train,312.0,271.0526430861363,40.9473569138637
2024-03-11,WEST,Furniture,train,410.0,413.2693653464399,-3.2693653464398835
2024-03-18,WEST,Furniture,train,470.0,455.292358953119,14.707641046881008
2024-03-25,WEST,Furniture,train,446.0,469.663785082801,-23.663785082800985
2024-04-01,WEST,Furniture,train,517.0,509.77352431006364,7.226475689936365
2024-04-08,WEST,Furniture,train,445.0,444.6231562799139,0.3768437200860717
2024-04-15,WEST,Furniture,train,290.0,273.5746365237291,16.42536347627089
2024-04-22,WEST,Furniture,train,247.0,266.6929502383501,-19.69295023835008
2024-04-29,WEST,Furniture,train,280.0,279.8685152763974,0.1314847236026253
2024-05-06,WEST,Furniture,train,252.0,269.75703513091923,-17.757035130919235
2024-05-13,WEST,Furniture,train,269.0,278.3364728301128,-9.336472830112825
2024-05-20,WEST,Furniture,train,283.0,273.1275285127453,9.8724714872547
2024-05-27,WEST,Furniture,train,277.0,311.6272769448769,-34.62727694487688
2024-06-03,WEST,Furniture,train,309.0,326.5767839063209,-17.576783906320884
2024-06-10,WEST,Furniture,train,307.0,316.77171225009965,-9.771712250099654
2024-06-17,WEST,Furniture,train,338.0,317.3845292286135,20.615470771386526
2024-06-24,WEST,Furniture,train,296.0,307.88586606164915,-11.885866061649153
2024-07-01,WEST,Furniture,train,347.0,320.75502261043954,26.24497738956046
2024-07-08,WEST,Furniture,train,313.0,305.12818965833696,7.871810341663036
2024-07-15,WEST,Furniture,train,315.0,315.546078293072,-0.5460782930720143
2024-07-22,WEST,Furniture,train,355.0,314.9332613145582,40.066738685441806
2024-07-29,WEST,Furniture,train,297.0,302.67692174428163,-5.676921744281628
2024-08-05,WEST,Furniture,train,328.0,320.44861412118263,7.551385878817371
2024-08-12,WEST,Furniture,train,329.0,310.9499509542183,18.05004904578169
2024-08-19,WEST,Furniture,train,313.0,310.6435424649614,2.356457535038601
2024-08-26,WEST,Furniture,train,329.0,379.8631953871489,-50.86319538714889
2024-09-02,WEST,Furniture,train,361.0,351.878502959466,9.121497040533995
2024-09-09,WEST,Furniture,train,365.0,328.96237527734223,36.03762472265777
2024-09-16,WEST,Furniture,train,356.0,327.7367413203146,28.263258679685407
2024-09-23,WEST,Furniture,train,341.0,330.4944177236268,10.505582276373218
2024-09-30,WEST,Furniture,train,289.0,335.0905450624805,-46.09054506248049
2024-10-07,WEST,Furniture,train,283.0,286.7066694097631,-3.7066694097630943
2024-10-14,WEST,Furniture,train,260.0,268.8378096631485,-8.837809663148505
2024-10-21,WEST,Furniture,train,270.0,275.8852049160575,-5.885204916057489
2024-10-28,WEST,Furniture,train,262.0,272.8211200234884,-10.82112002348839
2024-11-04,WEST,Furniture,validation,264.0,275.27238793754367,-11.27238793754367
2024-11-11,WEST,Furniture,validation,311.0,271.20561560076925,39.79438439923075
2024-11-18,WEST,Furniture,validation,289.0,272.45170916863214,16.548290831367865
2024-11-25,WEST,Furniture,validation,318.0,272.0698955210305,45.9301044789695
2024-12-02,WEST,Furniture,validation,289.0,272.18688646396976,16.813113536030244
2024-12-09,WEST,Furniture,validation,309.0,272.151039445887,36.84896055411298
2024-12-16,WEST,Furniture,validation,275.0,272.16202327654213,2.8379767234578708
2024-12-23,WEST,Furniture,validation,285.0,272.1586577375848,12.841342262415196
2024-12-30,WEST,Furniture,test,236.0,245.3880573077358,-9.388057307735806
2025-01-06,WEST,Furniture,test,271.0,245.38774133019908,25.612258669800923
2025-01-13,WEST,Furniture,test,251.0,245.38783814839874,5.6121618516012575
2025-01-20,WEST,Furniture,test,231.0,245.38780848248047,-14.387808482480466
2025-01-27,WEST,Furniture,test,237.0,245.38781757236967,-8.38781757236967
2025-02-03,WEST,Furniture,test,241.0,245.38781478715046,-4.387814787150461
2025-02-10,WEST,Furniture,test,254.0,245.38781564056526,8.612184359434735
2025-02-17,WEST,Furniture,test,264.0,245.38781537907172,18.612184620928275
2025-02-24,WEST,Furniture,test,280.0,398.70521733093744,-118.70521733093744
2025-03-03,WEST,Furniture,test,385.0,450.5501210354844,-65.55012103548438
2025-03-10,WEST,Furniture,test,445.0,475.62339311254806,-30.623393112548058
2025-03-17,WEST,Furniture,test,472.0,500.69666517978413,-28.696665179784134
2025-03-24,WEST,Furniture,test,540.0,449.6186364720259,90.38136352797409
2025-03-31,WEST,Furniture,test,247.0,272.1594470999088,-25.15944709990879
2025-04-07,WEST,Furniture,test,285.0,272.1594470999751,12.840552900024875
2025-04-14,WEST,Furniture,test,268.0,272.1594470999548,-4.159447099954775
2025-04-21,WEST,Furniture,test,264.0,272.159447099961,-8.159447099961028
2025-04-28,WEST,Furniture,test,263.0,272.1594470999591,-9.159447099959095
2025-05-05,WEST,Furniture,test,265.0,272.15944709995966,-7.159447099959664
2025-05-12,WEST,Furniture,test,279.0,272.1594470999595,6.840552900040507
2025-05-19,WEST,Furniture,test,258.0,272.15944709995955,-14.15944709995955
2025-05-26,WEST,Furniture,test,249.0,314.9489143816879,-65.94891438168793
2025-06-02,WEST,Furniture,test,305.0,314.9489143816879,-9.948914381687928
2025-06-09,WEST,Furniture,test,308.0,314.9489143816879,-6.948914381687928
2025-06-16,WEST,Furniture,test,342.0,314.9489143816879,27.051085618312072
2025-06-23,WEST,Furniture,test,329.0,314.9489143816879,14.051085618312072
2025-06-30,WEST,Furniture,test,370.0,314.9489143816879,55.05108561831207
2025-07-07,WEST,Furniture,test,330.0,314.9489143816879,15.051085618312072
2025-07-14,WEST,Furniture,test,332.0,314.9489143816879,17.051085618312072
2025-07-21,WEST,Furniture,test,320.0,314.9489143816879,5.051085618312072
2025-07-28,WEST,Furniture,test,329.0,314.9489143816879,14.051085618312072
2025-08-04,WEST,Furniture,test,357.0,314.9489143816879,42.05108561831207
2025-08-11,WEST,Furniture,test,330.0,314.9489143816879,15.051085618312072
2025-08-18,WEST,Furniture,test,334.0,314.9489143816879,19.051085618312072
2025-08-25,WEST,Furniture,test,320.0,314.9489143816879,5.051085618312072
2025-09-01,WEST,Furniture,test,366.0,336.4765641940364,29.523435805963572
2025-09-08,WEST,Furniture,test,337.0,336.4765641940364,0.5234358059635724
2025-09-15,WEST,Furniture,test,351.0,336.4765641940364,14.523435805963572
2025-09-22,WEST,Furniture,test,336.0,336.4765641940364,-0.4765641940364276
2025-09-29,WEST,Furniture,test,300.0,336.4765641940364,-36.47656419403643
2025-10-06,WEST,Furniture,test,248.0,272.15944709995955,-24.15944709995955
2025-10-13,WEST,Furniture,test,294.0,272.15944709995955,21.84055290004045
2025-10-20,WEST,Furniture,test,306.0,272.15944709995955,33.84055290004045
2025-10-27,WEST,Furniture,test,240.0,272.15944709995955,-32.15944709995955
2025-11-03,WEST,Furniture,test,286.0,272.15944709995955,13.84055290004045
2025-11-10,WEST,Furniture,test,262.0,272.15944709995955,-10.15944709995955
2025-11-17,WEST,Furniture,test,255.0,272.15944709995955,-17.15944709995955
2025-11-24,WEST,Furniture,test,249.0,272.15944709995955,-23.15944709995955
2025-12-01,WEST,Furniture,test,295.0,272.15944709995955,22.84055290004045
2025-12-08,WEST,Furniture,test,317.0,272.15944709995955,44.84055290004045
2025-12-15,WEST,Furniture,test,319.0,272.15944709995955,46.84055290004045
2025-12-22,WEST,Furniture,test,285.0,272.15944709995955,12.84055290004045
2024-01-01,WEST,Hardware,train,183.0,194.37581119544217,-11.375811195442168
2024-01-08,WEST,Hardware,train,185.0,194.37581119544217,-9.375811195442168
2024-01-15,WEST,Hardware,train,187.0,194.37581119544217,-7.375811195442168
2024-01-22,WEST,Hardware,train,186.0,194.37581119544217,-8.375811195442168
2024-01-29,WEST,Hardware,train,171.0,194.37581119544217,-23.375811195442168
2024-02-05,WEST,Hardware,train,205.0,194.37581119544217,10.624188804557832
2024-02-12,WEST,Hardware,train,198.0,194.37581119544217,3.624188804557832
2024-02-19,WEST,Hardware,train,206.0,194.37581119544217,11.624188804557832
2024-02-26,WEST,Hardware,train,217.0,194.37581119544217,22.624188804557832
2024-03-04,WEST,Hardware,train,228.0,223.8894629449478,4.110537055052191
2024-03-11,WEST,Hardware,train,285.0,291.5784883246287,-6.578488324628722
2024-03-18,WEST,Hardware,train,333.0,321.6802767671088,11.319723232891192
2024-03-25,WEST,Hardware,train,349.0,351.7820652095889,-2.782065209588893
2024-04-01,WEST,Hardware,train,380.0,381.883853652069,-1.8838536520689786
2024-04-08,WEST,Hardware,train,403.0,402.99584441703644,0.004155582963562665
2024-04-15,WEST,Hardware,train,235.0,223.8894629449478,11.110537055052191
2024-04-22,WEST,Hardware,train,237.0,223.8894629449478,13.110537055052191
2024-04-29,WEST,Hardware,train,199.0,223.8894629449478,-24.88946294494781
2024-05-06,WEST,Hardware,train,196.0,223.8894629449478,-27.88946294494781
2024-05-13,WEST,Hardware,train,213.0,223.8894629449478,-10.889462944947809
2024-05-20,WEST,Hardware,train,225.0,223.8894629449478,1.1105370550521911
2024-05-27,WEST,Hardware,train,241.0,268.2515446066531,-27.251544606653113
2024-06-03,WEST,Hardware,train,284.0,268.2515446066531,15.748455393346887
2024-06-10,WEST,Hardware,train,287.0,268.2515446066531,18.748455393346887
2024-06-17,WEST,Hardware,train,262.0,268.2515446066531,-6.251544606653113
2024-06-24,WEST,Hardware,train,259.0,268.2515446066531,-9.251544606653113
2024-07-01,WEST,Hardware,train,255.0,268.2515446066531,-13.251544606653113
2024-07-08,WEST,Hardware,train,258.0,268.2515446066531,-10.251544606653113
2024-07-15,WEST,Hardware,train,268.0,268.2515446066531,-0.2515446066531126
2024-07-22,WEST,Hardware,train,258.0,268.2515446066531,-10.251544606653113
2024-07-29,WEST,Hardware,train,304.0,268.2515446066531,35.74845539334689
2024-08-05,WEST,Hardware,train,277.0,268.2515446066531,8.748455393346887
2024-08-12,WEST,Hardware,train,297.0,268.2515446066531,28.748455393346887
2024-08-19,WEST,Hardware,train,269.0,268.2515446066531,0.7484553933468874
2024-08-26,WEST,Hardware,train,282.0,313.8040146810576,-31.804014681057595
2024-09-02,WEST,Hardware,train,277.0,269.4419330193523,7.558066980647709
2024-09-09,WEST,Hardware,train,282.0,269.4419330193523,12.558066980647709
2024-09-16,WEST,Hardware,train,275.0,269.4419330193523,5.558066980647709
2024-09-23,WEST,Hardware,train,298.0,269.4419330193523,28.55806698064771
2024-09-30,WEST,Hardware,train,247.0,269.4419330193523,-22.44193301935229
2024-10-07,WEST,Hardware,train,222.0,223.8894629449478,-1.8894629449478089
2024-10-14,WEST,Hardware,train,218.0,223.8894629449478,-5.889462944947809
2024-10-21,WEST,Hardware,train,255.0,223.8894629449478,31.11053705505219
2024-10-28,WEST,Hardware,train,203.0,223.8894629449478,-20.88946294494781
2024-11-04,WEST,Hardware,validation,222.0,223.8894629449478,-1.8894629449478089
2024-11-11,WEST,Hardware,validation,225.0,223.8894629449478,1.1105370550521911
2024-11-18,WEST,Hardware,validation,227.0,223.8894629449478,3.110537055052191
2024-11-25,WEST,Hardware,validation,246.0,223.8894629449478,22.11053705505219
2024-12-02,WEST,Hardware,validation,265.0,223.8894629449478,41.11053705505219
2024-12-09,WEST,Hardware,validation,255.0,223.8894629449478,31.11053705505219
2024-12-16,WEST,Hardware,validation,202.0,223.8894629449478,-21.88946294494781
2024-12-23,WEST,Hardware,validation,234.0,223.8894629449478,10.110537055052191
2024-12-30,WEST,Hardware,test,204.0,194.37581119544217,9.624188804557832
2025-01-06,WEST,Hardware,test,211.0,194.37581119544217,16.624188804557832
2025-01-13,WEST,Hardware,test,229.0,194.37581119544217,34.62418880455783
2025-01-20,WEST,Hardware,test,191.0,194.37581119544217,-3.375811195442168
2025-01-27,WEST,Hardware,test,202.0,194.37581119544217,7.624188804557832
2025-02-03,WEST,Hardware,test,220.0,194.37581119544217,25.624188804557832
2025-02-10,WEST,Hardware,test,186.0,194.37581119544217,-8.375811195442168
2025-02-17,WEST,Hardware,test,220.0,194.37581119544217,25.624188804557832
2025-02-24,WEST,Hardware,test,251.0,262.0648365751231,-11.064836575123081
2025-03-03,WEST,Hardware,test,337.0,321.6802767671088,15.319723232891192
2025-03-10,WEST,Hardware,test,380.0,351.7820652095889,28.217934790411107
2025-03-17,WEST,Hardware,test,357.0,381.883853652069,-24.88385365206898
2025-03-24,WEST,Hardware,test,418.0,402.99584441703644,15.004155582963563
2025-03-31,WEST,Hardware,test,207.0,223.8894629449478,-16.88946294494781
2025-04-07,WEST,Hardware,test,224.0,223.8894629449478,0.11053705505219114
2025-04-14,WEST,Hardware,test,208.0,223.8894629449478,-15.889462944947809
2025-04-21,WEST,Hardware,test,230.0,223.8894629449478,6.110537055052191
2025-04-28,WEST,Hardware,test,230.0,223.8894629449478,6.110537055052191
2025-05-05,WEST,Hardware,test,221.0,223.8894629449478,-2.889462944947809
2025-05-12,WEST,Hardware,test,237.0,223.8894629449478,13.110537055052191
2025-05-19,WEST,Hardware,test,227.0,223.8894629449478,3.110537055052191
2025-05-26,WEST,Hardware,test,224.0,268.2515446066531,-44.25154460665311
2025-06-02,WEST,Hardware,test,286.0,268.2515446066531,17.748455393346887
2025-06-09,WEST,Hardware,test,277.0,268.2515446066531,8.748455393346887
2025-06-16,WEST,Hardware,test,262.0,268.2515446066531,-6.251544606653113
2025-06-23,WEST,Hardware,test,265.0,268.2515446066531,-3.2515446066531126
2025-06-30,WEST,Hardware,test,272.0,268.2515446066531,3.7484553933468874
2025-07-07,WEST,Hardware,test,267.0,268.2515446066531,-1.2515446066531126
2025-07-14,WEST,Hardware,test,290.0,268.2515446066531,21.748455393346887
2025-07-21,WEST,Hardware,test,262.0,268.2515446066531,-6.251544606653113
2025-07-28,WEST,Hardware,test,249.0,268.2515446066531,-19.251544606653113
2025-08-04,WEST,Hardware,test,285.0,268.2515446066531,16.748455393346887
2025-08-11,WEST,Hardware,test,264.0,268.2515446066531,-4.251544606653113
2025-08-18,WEST,Hardware,test,284.0,268.2515446066531,15.748455393346887
2025-08-25,WEST,Hardware,test,262.0,268.2515446066531,-6.251544606653113
2025-09-01,WEST,Hardware,test,288.0,269.4419330193523,18.55806698064771
2025-09-08,WEST,Hardware,test,263.0,269.4419330193523,-6.441933019352291
2025-09-15,WEST,Hardware,test,302.0,269.4419330193523,32.55806698064771
2025-09-22,WEST,Hardware,test,296.0,269.4419330193523,26.55806698064771
2025-09-29,WEST,Hardware,test,263.0,269.4419330193523,-6.441933019352291
2025-10-06,WEST,Hardware,test,226.0,223.8894629449478,2.110537055052191
2025-10-13,WEST,Hardware,test,230.0,223.8894629449478,6.110537055052191
2025-10-20,WEST,Hardware,test,242.0,223.8894629449478,18.11053705505219
2025-10-27,WEST,Hardware,test,245.0,223.8894629449478,21.11053705505219
2025-11-03,WEST,Hardware,test,243.0,223.8894629449478,19.11053705505219
2025-11-10,WEST,Hardware,test,228.0,223.8894629449478,4.110537055052191
2025-11-17,WEST,Hardware,test,236.0,223.8894629449478,12.110537055052191
2025-11-24,WEST,Hardware,test,197.0,223.8894629449478,-26.88946294494781
2025-12-01,WEST,Hardware,test,247.0,223.8894629449478,23.11053705505219
2025-12-08,WEST,Hardware,test,260.0,223.8894629449478,36.11053705505219
2025-12-15,WEST,Hardware,test,275.0,223.8894629449478,51.11053705505219
2025-12-22,WEST,Hardware,test,241.0,223.8894629449478,17.11053705505219
2024-01-01,WEST,Health & Beauty,train,234.0,239.45453360987437,-5.454533609874375
2024-01-08,WEST,Health & Beauty,train,234.0,241.71495706838394,-7.714957068383939
2024-01-15,WEST,Health & Beauty,train,226.0,241.71495706838394,-15.714957068383939
2024-01-22,WEST,Health & Beauty,train,242.0,245.0302520067706,-3.03025200677061
2024-01-29,WEST,Health & Beauty,train,258.0,238.39966212999727,19.600337870002733
2024-02-05,WEST,Health & Beauty,train,252.0,231.76907225322392,20.230927746776075
2024-02-12,WEST,Health & Beauty,train,222.0,234.2555434570139,-12.255543457013914
2024-02-19,WEST,Health & Beauty,train,237.0,246.68789947596395,-9.687899475963945
2024-02-26,WEST,Health & Beauty,train,247.0,240.47172146648893,6.52827853351107
2024-03-04,WEST,Health & Beauty,train,282.0,269.1701934553103,12.829806544689689
2024-03-11,WEST,Health & Beauty,train,386.0,393.28873438493247,-7.288734384932468
2024-03-18,WEST,Health & Beauty,train,431.0,437.33493015390945,-6.334930153909454
2024-03-25,WEST,Health & Beauty,train,487.0,468.6693441088264,18.330655891173592
2024-04-01,WEST,Health & Beauty,train,487.0,495.4452275234617,-8.44522752346171
2024-04-08,WEST,Health & Beauty,train,454.0,449.6446740425957,4.355325957404318
2024-04-15,WEST,Health & Beauty,train,255.0,267.6886673249893,-12.688667324989297
2024-04-22,WEST,Health & Beauty,train,285.0,279.465257839997,5.53474216000302
2024-04-29,WEST,Health & Beauty,train,251.0,267.03290182104695,-16.03290182104695
2024-05-06,WEST,Health & Beauty,train,276.0,281.1229053091903,-5.122905309190287
2024-05-13,WEST,Health & Beauty,train,248.0,270.76260862673195,-22.762608626731947
2024-05-20,WEST,Health & Beauty,train,269.0,282.3661409110853,-13.366140911085324
2024-05-27,WEST,Health & Beauty,train,308.0,320.19939087335695,-12.199390873356947
2024-06-03,WEST,Health & Beauty,train,320.0,323.3223569224631,-3.3223569224630864
2024-06-10,WEST,Health & Beauty,train,350.0,318.34941451488305,31.65058548511695
2024-06-17,WEST,Health & Beauty,train,311.0,305.917058495933,5.08294150406698
2024-06-24,WEST,Health & Beauty,train,333.0,322.07912132056805,10.92087867943195
2024-07-01,WEST,Health & Beauty,train,331.0,312.9620602400047,18.03793975999531
2024-07-08,WEST,Health & Beauty,train,311.0,313.79088397460134,-2.7908839746013427
2024-07-15,WEST,Health & Beauty,train,321.0,322.07912132056805,-1.0791213205680492
2024-07-22,WEST,Health & Beauty,train,278.0,317.9350026475847,-39.935002647584724
2024-07-29,WEST,Health & Beauty,train,342.0,335.7547129414131,6.245287058586882
2024-08-05,WEST,Health & Beauty,train,327.0,309.2323534343197,17.76764656568031
2024-08-12,WEST,Health & Beauty,train,318.0,315.4485314437947,2.5514685562052932
2024-08-19,WEST,Health & Beauty,train,347.0,319.1782382494797,27.821761750520295
2024-08-26,WEST,Health & Beauty,train,294.0,357.9537332075405,-63.953733207540495
2024-09-02,WEST,Health & Beauty,train,354.0,354.43106694677584,-0.431066946775843
2024-09-09,WEST,Health & Beauty,train,319.0,310.2813260351346,8.718673964865388
2024-09-16,WEST,Health & Beauty,train,358.0,324.78574139057633,33.214258609423666
2024-09-23,WEST,Health & Beauty,train,357.0,308.6236785659413,48.376321434058696
2024-09-30,WEST,Health & Beauty,train,266.0,309.03809043323963,-43.03809043323963
2024-10-07,WEST,Health & Beauty,train,289.0,295.9561312476755,-6.956131247675501
2024-10-14,WEST,Health & Beauty,train,281.0,265.3752543518536,15.624745648146416
2024-10-21,WEST,Health & Beauty,train,288.0,268.69054929024026,19.309450709759744
2024-10-28,WEST,Health & Beauty,train,249.0,265.7896662191519,-16.78966621915191
2024-11-04,WEST,Health & Beauty,validation,260.0,281.95172904378694,-21.95172904378694
2024-11-11,WEST,Health & Beauty,validation,261.0,268.2961414800424,-7.296141480042422
2024-11-18,WEST,Health & Beauty,validation,277.0,273.9551790213897,3.0448209786102893
2024-11-25,WEST,Health & Beauty,validation,288.0,271.6100067067686,16.389993293231385
2024-12-02,WEST,Health & Beauty,validation,285.0,272.5818739448071,12.418126055192886
2024-12-09,WEST,Health & Beauty,validation,315.0,272.1791206279255,42.8208793720745
2024-12-16,WEST,Health & Beauty,validation,291.0,272.346026382035,18.653973617964994
2024-12-23,WEST,Health & Beauty,validation,284.0,272.27685865681167,11.723141343188331
2024-12-30,WEST,Health & Beauty,test,290.0,239.46293192117352,50.53706807882648
2025-01-06,WEST,Health & Beauty,test,228.0,239.45105325000674,-11.451053250006737
2025-01-13,WEST,Health & Beauty,test,271.0,239.455975912306,31.544024087693998
2025-01-20,WEST,Health & Beauty,test,257.0,239.4539359026305,17.54606409736951
2025-01-27,WEST,Health & Beauty,test,246.0,239.4547813068494,6.545218693150588
2025-02-03,WEST,Health & Beauty,test,257.0,239.45443096130842,17.545569038691582
2025-02-10,WEST,Health & Beauty,test,206.0,239.45457614865828,-33.454576148658276
2025-02-17,WEST,Health & Beauty,test,247.0,239.4545159812975,7.545484018702496
2025-02-24,WEST,Health & Beauty,test,289.0,364.4671378773564,-75.46713787735638
2025-03-03,WEST,Health & Beauty,test,416.0,432.6480444313584,-16.648044431358414
2025-03-10,WEST,Health & Beauty,test,427.0,467.9863749386366,-40.98637493863657
2025-03-17,WEST,Health & Beauty,test,494.0,503.32469938925175,-9.324699389251748
2025-03-24,WEST,Health & Beauty,test,586.0,442.8795248856119,143.1204751143881
2025-03-31,WEST,Health & Beauty,test,302.0,272.2971241823875,29.702875817612494
2025-04-07,WEST,Health & Beauty,test,280.0,272.29712430868256,7.702875691317445
2025-04-14,WEST,Health & Beauty,test,280.0,272.2971242563444,7.702875743655625
2025-04-21,WEST,Health & Beauty,test,299.0,272.29712427803395,26.702875721966052
2025-04-28,WEST,Health & Beauty,test,264.0,272.2971242690455,-8.297124269045526
2025-05-05,WEST,Health & Beauty,test,273.0,272.2971242727705,0.7028757272295252
2025-05-12,WEST,Health & Beauty,test,274.0,272.2971242712268,1.702875728773222
2025-05-19,WEST,Health & Beauty,test,252.0,272.2971242718665,-20.297124271866494
2025-05-26,WEST,Health & Beauty,test,287.0,318.8330234471381,-31.83302344713809
2025-06-02,WEST,Health & Beauty,test,333.0,318.8330234472479,14.16697655275209
2025-06-09,WEST,Health & Beauty,test,315.0,318.8330234472024,-3.833023447202379
2025-06-16,WEST,Health & Beauty,test,321.0,318.83302344722125,2.166976552778749
2025-06-23,WEST,Health & Beauty,test,347.0,318.83302344721346,28.166976552786537
2025-06-30,WEST,Health & Beauty,test,322.0,318.8330234472167,3.1669765527832965
2025-07-07,WEST,Health & Beauty,test,319.0,318.83302344721534,0.16697655278466073
2025-07-14,WEST,Health & Beauty,test,321.0,318.8330234472159,2.1669765527840923
2025-07-21,WEST,Health & Beauty,test,330.0,318.8330234472157,11.16697655278432
2025-07-28,WEST,Health & Beauty,test,345.0,318.83302344721574,26.166976552784263
2025-08-04,WEST,Health & Beauty,test,333.0,318.83302344721574,14.166976552784263
2025-08-11,WEST,Health & Beauty,test,304.0,318.83302344721574,-14.833023447215737
2025-08-18,WEST,Health & Beauty,test,269.0,318.83302344721574,-49.83302344721574
2025-08-25,WEST,Health & Beauty,test,323.0,318.83302344721574,4.166976552784263
2025-09-01,WEST,Health & Beauty,test,360.0,323.09056338139163,36.90943661860837
2025-09-08,WEST,Health & Beauty,test,365.0,323.09056338139163,41.90943661860837
2025-09-15,WEST,Health & Beauty,test,345.0,323.09056338139163,21.909436618608368
2025-09-22,WEST,Health & Beauty,test,325.0,323.09056338139163,1.9094366186083676
2025-09-29,WEST,Health & Beauty,test,307.0,323.09056338139163,-16.090563381391632
2025-10-06,WEST,Health & Beauty,test,278.0,272.2971242716791,5.702875728320919
2025-10-13,WEST,Health & Beauty,test,292.0,272.2971242716791,19.70287572832092
2025-10-20,WEST,Health & Beauty,test,292.0,272.2971242716791,19.70287572832092
2025-10-27,WEST,Health & Beauty,test,300.0,272.2971242716791,27.70287572832092
2025-11-03,WEST,Health & Beauty,test,245.0,272.2971242716791,-27.29712427167908
2025-11-10,WEST,Health & Beauty,test,286.0,272.2971242716791,13.702875728320919
2025-11-17,WEST,Health & Beauty,test,249.0,272.2971242716791,-23.29712427167908
2025-11-24,WEST,Health & Beauty,test,271.0,272.2971242716791,-1.2971242716790812
2025-12-01,WEST,Health & Beauty,test,287.0,272.2971242716791,14.702875728320919
2025-12-08,WEST,Health & Beauty,test,303.0,272.2971242716791,30.70287572832092
2025-12-15,WEST,Health & Beauty,test,267.0,272.2971242716791,-5.297124271679081
2025-12-22,WEST,Health & Beauty,test,297.0,272.2971242716791,24.70287572832092
2024-01-01,WEST,Home & Garden,train,647.0,625.3408457583058,21.659154241694182
2024-01-08,WEST,Home & Garden,train,605.0,611.1045216654306,-6.104521665430639
2024-01-15,WEST,Home & Garden,train,597.0,638.6979182020281,-41.69791820202806
2024-01-22,WEST,Home & Garden,train,635.0,623.1395492226882,11.860450777311826
2024-01-29,WEST,Home & Garden,train,637.0,626.8756653187411,10.124334681258915
2024-02-05,WEST,Home & Garden,train,598.0,625.2370587072866,-27.237058707286565
2024-02-12,WEST,Home & Garden,train,604.0,621.6482432294094,-17.648243229409445
2024-02-19,WEST,Home & Garden,train,626.0,624.7656899419901,1.2343100580098962
2024-02-26,WEST,Home & Garden,train,737.0,625.956677154139,111.04332284586098
2024-03-04,WEST,Home & Garden,train,762.0,740.0224558366018,21.977544163398193
2024-03-11,WEST,Home & Garden,train,959.0,968.9542073127762,-9.954207312776248
2024-03-18,WEST,Home & Garden,train,1147.0,1073.3084267518846,73.69157324811545
2024-03-25,WEST,Home & Garden,train,1122.0,1173.6311001754393,-51.631100175439315
2024-04-01,WEST,Home & Garden,train,1274.0,1226.2739520524647,47.726047947535335
2024-04-08,WEST,Home & Garden,train,1150.0,1137.4286653899378,12.571334610062195
2024-04-15,WEST,Home & Garden,train,709.0,702.8326294062383,6.167370593761689
2024-04-22,WEST,Home & Garden,train,643.0,728.2295322381843,-85.22953223818433
2024-04-29,WEST,Home & Garden,train,693.0,687.5802940758534,5.4197059241465695
2024-05-06,WEST,Home & Garden,train,732.0,738.0915890138551,-6.091589013855128
2024-05-13,WEST,Home & Garden,train,686.0,701.8280325176564,-15.828032517656425
2024-05-20,WEST,Home & Garden,train,685.0,723.0327103541065,-38.032710354106484
2024-05-27,WEST,Home & Garden,train,682.0,796.3687243372134,-114.3687243372134
2024-06-03,WEST,Home & Garden,train,793.0,788.6749017680535,4.3250982319465265
2024-06-10,WEST,Home & Garden,train,892.0,826.0300439660405,65.96995603395953
2024-06-17,WEST,Home & Garden,train,774.0,818.3930907886225,-44.393090788622544
2024-06-24,WEST,Home & Garden,train,775.0,793.0951748127028,-18.095174812702794
2024-07-01,WEST,Home & Garden,train,867.0,816.9474348816351,50.052565118364896
2024-07-08,WEST,Home & Garden,train,807.0,820.1167991970227,-13.116799197022715
2024-07-15,WEST,Home & Garden,train,847.0,800.5436337540222,46.45636624597785
2024-07-22,WEST,Home & Garden,train,865.0,829.956436334731,35.04356366526895
2024-07-29,WEST,Home & Garden,train,833.0,807.4685354466253,25.53146455337469
2024-08-05,WEST,Home & Garden,train,832.0,819.6122726140475,12.38772738595253
2024-08-12,WEST,Home & Garden,train,805.0,807.9708399927556,-2.9708399927556
2024-08-19,WEST,Home & Garden,train,822.0,811.3349246338845,10.665075366115502
2024-08-26,WEST,Home & Garden,train,831.0,935.6476376950062,-104.64763769500621
2024-09-02,WEST,Home & Garden,train,899.0,809.0071588020608,89.99284119793924
2024-09-09,WEST,Home & Garden,train,898.0,885.4221320283801,12.577867971619867
2024-09-16,WEST,Home & Garden,train,890.0,813.5097736311673,76.49022636883274
2024-09-23,WEST,Home & Garden,train,893.0,878.7065680012645,14.293431998735514
2024-09-30,WEST,Home & Garden,train,736.0,818.4091730850574,-82.40917308505743
2024-10-07,WEST,Home & Garden,train,659.0,708.1816401269267,-49.18164012692671
2024-10-14,WEST,Home & Garden,train,705.0,709.3004552728734,-4.300455272873364
2024-10-21,WEST,Home & Garden,train,711.0,721.1710432492424,-10.171043249242416
2024-10-28,WEST,Home & Garden,train,720.0,711.7182295816435,8.281770418356473
2024-11-04,WEST,Home & Garden,validation,709.0,723.1185880271491,-14.118588027149144
2024-11-11,WEST,Home & Garden,validation,663.0,713.2968860991293,-50.296886099129324
2024-11-18,WEST,Home & Garden,validation,714.0,719.7525828558264,-5.752582855826404
2024-11-25,WEST,Home & Garden,validation,712.0,715.5093243126676,-3.509324312667559
2024-12-02,WEST,Home & Garden,validation,698.0,718.2983715282778,-20.298371528277812
2024-12-09,WEST,Home & Garden,validation,711.0,716.4651614394312,-5.465161439431199
2024-12-16,WEST,Home & Garden,validation,783.0,717.6701102875681,65.32988971243185
2024-12-23,WEST,Home & Garden,validation,786.0,716.8781106496325,69.1218893503675
2024-12-30,WEST,Home & Garden,test,669.0,625.5473074476054,43.45269255239464
2025-01-06,WEST,Home & Garden,test,627.0,625.2051407585245,1.7948592414754785
2025-01-13,WEST,Home & Garden,test,639.0,625.4300431635393,13.569956836460733
2025-01-20,WEST,Home & Garden,test,594.0,625.2822172839445,-31.282217283944533
2025-01-27,WEST,Home & Garden,test,633.0,625.3793816102955,7.620618389704532
2025-02-03,WEST,Home & Garden,test,642.0,625.3155165662239,16.68448343377611
2025-02-10,WEST,Home & Garden,test,615.0,625.3574943579448,-10.357494357944802
2025-02-17,WEST,Home & Garden,test,595.0,625.3299028166974,-30.329902816697427
2025-02-24,WEST,Home & Garden,test,746.0,887.2395999834401,-141.23959998344014
2025-03-03,WEST,Home & Garden,test,1050.0,1068.9526919921127,-18.952691992112705
2025-03-10,WEST,Home & Garden,test,1112.0,1158.8341635905426,-46.83416359054263
2025-03-17,WEST,Home & Garden,test,1214.0,1248.702650147886,-34.70265014788606
2025-03-24,WEST,Home & Garden,test,1355.0,1110.6943831362812,244.3056168637188
2025-03-31,WEST,Home & Garden,test,720.0,717.1913392060299,2.808660793970148
2025-04-07,WEST,Home & Garden,test,715.0,717.1928016208042,-2.1928016208041754
2025-04-14,WEST,Home & Garden,test,705.0,717.191840391642,-12.191840391642017
2025-04-21,WEST,Home & Garden,test,677.0,717.1924721970083,-40.19247219700833
2025-04-28,WEST,Home & Garden,test,707.0,717.1920569182834,-10.192056918283356
2025-05-05,WEST,Home & Garden,test,741.0,717.1923298764262,23.807670123573757
2025-05-12,WEST,Home & Garden,test,683.0,717.1921504640381,-34.19215046403815
2025-05-19,WEST,Home & Garden,test,687.0,717.1922683898295,-30.19226838982945
2025-05-26,WEST,Home & Garden,test,669.0,810.5015764119116,-141.50157641191163
2025-06-02,WEST,Home & Garden,test,870.0,810.501627359255,59.49837264074495
2025-06-09,WEST,Home & Garden,test,839.0,810.501593872126,28.498406127873977
2025-06-16,WEST,Home & Garden,test,819.0,810.5016158828479,8.498384117152114
2025-06-23,WEST,Home & Garden,test,833.0,810.5016014154422,22.498398584557776
2025-06-30,WEST,Home & Garden,test,839.0,810.5016109247091,28.498389075290902
2025-07-07,WEST,Home & Garden,test,848.0,810.5016046743725,37.498395325627484
2025-07-14,WEST,Home & Garden,test,833.0,810.50160878265,22.49839121734999
2025-07-21,WEST,Home & Garden,test,879.0,810.5016060823243,68.49839391767568
2025-07-28,WEST,Home & Garden,test,821.0,810.5016078572187,10.498392142781313
2025-08-04,WEST,Home & Garden,test,859.0,810.5016066906002,48.49839330939983
2025-08-11,WEST,Home & Garden,test,859.0,810.5016074574057,48.498392542594274
2025-08-18,WEST,Home & Garden,test,808.0,810.5016069533929,-2.5016069533928658
2025-08-25,WEST,Home & Garden,test,849.0,810.501607284675,38.49839271532505
2025-09-01,WEST,Home & Garden,test,902.0,839.9029645719652,62.097035428034815
2025-09-08,WEST,Home & Garden,test,978.0,839.9029647150886,138.09703528491139
2025-09-15,WEST,Home & Garden,test,920.0,839.9029646210151,80.09703537898486
2025-09-22,WEST,Home & Garden,test,855.0,839.9029646828486,15.09703531715138
2025-09-29,WEST,Home & Garden,test,746.0,839.9029646422061,-93.90296464220614
2025-10-06,WEST,Home & Garden,test,666.0,717.1922216304727,-51.19222163047266
2025-10-13,WEST,Home & Garden,test,685.0,717.192221612914,-32.192221612913954
2025-10-20,WEST,Home & Garden,test,677.0,717.1922216244551,-40.1922216244551
2025-10-27,WEST,Home & Garden,test,710.0,717.1922216168692,-7.192221616869233
2025-11-03,WEST,Home & Garden,test,663.0,717.1922216218553,-54.19222162185531
2025-11-10,WEST,Home & Garden,test,686.0,717.1922216185781,-31.19222161857806
2025-11-17,WEST,Home & Garden,test,676.0,717.1922216207322,-41.1922216207322
2025-11-24,WEST,Home & Garden,test,668.0,717.1922216193163,-49.19222161931634
2025-12-01,WEST,Home & Garden,test,753.0,717.192221620247,35.80777837975302
2025-12-08,WEST,Home & Garden,test,704.0,717.1922216196352,-13.192221619635234
2025-12-15,WEST,Home & Garden,test,750.0,717.1922216200373,32.807778379962656
2025-12-22,WEST,Home & Garden,test,759.0,717.192221619773,41.80777838022698
2024-01-01,WEST,Luggage & Bags,train,183.0,199.00262668196862,-16.00262668196862
2024-01-08,WEST,Luggage & Bags,train,190.0,199.00262668196862,-9.002626681968621
2024-01-15,WEST,Luggage & Bags,train,190.0,199.00262668196862,-9.002626681968621
2024-01-22,WEST,Luggage & Bags,train,196.0,199.00262668196862,-3.0026266819686214
2024-01-29,WEST,Luggage & Bags,train,218.0,199.00262668196862,18.99737331803138
2024-02-05,WEST,Luggage & Bags,train,168.0,199.00262668196862,-31.00262668196862
2024-02-12,WEST,Luggage & Bags,train,209.0,199.00262668196862,9.997373318031379
2024-02-19,WEST,Luggage & Bags,train,188.0,199.00262668196862,-11.002626681968621
2024-02-26,WEST,Luggage & Bags,train,233.0,199.00262668196862,33.99737331803138
2024-03-04,WEST,Luggage & Bags,train,261.0,221.17803879191268,39.821961208087316
2024-03-11,WEST,Luggage & Bags,train,306.0,318.092178925581,-12.092178925580981
2024-03-18,WEST,Luggage & Bags,train,342.0,341.6957755083389,0.30422449166110255
2024-03-25,WEST,Luggage & Bags,train,401.0,365.29937209109676,35.70062790890324
2024-04-01,WEST,Luggage & Bags,train,365.0,388.9029686738546,-23.902968673854616
2024-04-08,WEST,Luggage & Bags,train,384.0,384.0040721719953,-0.004072171995289864
2024-04-15,WEST,Luggage & Bags,train,220.0,221.17803879191268,-1.1780387919126838
2024-04-22,WEST,Luggage & Bags,train,213.0,221.17803879191268,-8.178038791912684
2024-04-29,WEST,Luggage & Bags,train,204.0,221.17803879191268,-17.178038791912684
2024-05-06,WEST,Luggage & Bags,train,200.0,221.17803879191268,-21.178038791912684
2024-05-13,WEST,Luggage & Bags,train,221.0,221.17803879191268,-0.1780387919126838
2024-05-20,WEST,Luggage & Bags,train,217.0,221.17803879191268,-4.178038791912684
2024-05-27,WEST,Luggage & Bags,train,224.0,260.3221145127311,-36.322114512731105
2024-06-03,WEST,Luggage & Bags,train,269.0,260.3221145127311,8.677885487268895
2024-06-10,WEST,Luggage & Bags,train,280.0,260.3221145127311,19.677885487268895
2024-06-17,WEST,Luggage & Bags,train,268.0,260.3221145127311,7.677885487268895
2024-06-24,WEST,Luggage & Bags,train,252.0,260.3221145127311,-8.322114512731105
2024-07-01,WEST,Luggage & Bags,train,268.0,260.3221145127311,7.677885487268895
2024-07-08,WEST,Luggage & Bags,train,284.0,260.3221145127311,23.677885487268895
2024-07-15,WEST,Luggage & Bags,train,271.0,260.3221145127311,10.677885487268895
2024-07-22,WEST,Luggage & Bags,train,250.0,260.3221145127311,-10.322114512731105
2024-07-29,WEST,Luggage & Bags,train,276.0,260.3221145127311,15.677885487268895
2024-08-05,WEST,Luggage & Bags,train,236.0,260.3221145127311,-24.322114512731105
2024-08-12,WEST,Luggage & Bags,train,290.0,260.3221145127311,29.677885487268895
2024-08-19,WEST,Luggage & Bags,train,239.0,260.3221145127311,-21.322114512731105
2024-08-26,WEST,Luggage & Bags,train,280.0,302.9409242872795,-22.940924287279472
2024-09-02,WEST,Luggage & Bags,train,269.0,263.79684856646105,5.203151433538949
2024-09-09,WEST,Luggage & Bags,train,295.0,263.79684856646105,31.20315143353895
2024-09-16,WEST,Luggage & Bags,train,292.0,263.79684856646105,28.20315143353895
2024-09-23,WEST,Luggage & Bags,train,287.0,263.79684856646105,23.20315143353895
2024-09-30,WEST,Luggage & Bags,train,199.0,263.79684856646105,-64.79684856646105
2024-10-07,WEST,Luggage & Bags,train,192.0,221.17803879191268,-29.178038791912684
2024-10-14,WEST,Luggage & Bags,train,252.0,221.17803879191268,30.821961208087316
2024-10-21,WEST,Luggage & Bags,train,219.0,221.17803879191268,-2.178038791912684
2024-10-28,WEST,Luggage & Bags,train,211.0,221.17803879191268,-10.178038791912684
2024-11-04,WEST,Luggage & Bags,validation,203.0,221.17803879191268,-18.178038791912684
2024-11-11,WEST,Luggage & Bags,validation,200.0,221.17803879191268,-21.178038791912684
2024-11-18,WEST,Luggage & Bags,validation,221.0,221.17803879191268,-0.1780387919126838
2024-11-25,WEST,Luggage & Bags,validation,224.0,221.17803879191268,2.821961208087316
2024-12-02,WEST,Luggage & Bags,validation,257.0,221.17803879191268,35.821961208087316
2024-12-09,WEST,Luggage & Bags,validation,246.0,221.17803879191268,24.821961208087316
2024-12-16,WEST,Luggage & Bags,validation,234.0,221.17803879191268,12.821961208087316
2024-12-23,WEST,Luggage & Bags,validation,240.0,221.17803879191268,18.821961208087316
2024-12-30,WEST,Luggage & Bags,test,198.0,199.00262668196862,-1.0026266819686214
2025-01-06,WEST,Luggage & Bags,test,203.0,199.00262668196862,3.9973733180313786
2025-01-13,WEST,Luggage & Bags,test,196.0,199.00262668196862,-3.0026266819686214
2025-01-20,WEST,Luggage & Bags,test,174.0,199.00262668196862,-25.00262668196862
2025-01-27,WEST,Luggage & Bags,test,198.0,199.00262668196862,-1.0026266819686214
2025-02-03,WEST,Luggage & Bags,test,177.0,199.00262668196862,-22.00262668196862
2025-02-10,WEST,Luggage & Bags,test,213.0,199.00262668196862,13.997373318031379
2025-02-17,WEST,Luggage & Bags,test,210.0,199.00262668196862,10.997373318031379
2025-02-24,WEST,Luggage & Bags,test,227.0,295.91676681563695,-68.91676681563695
2025-03-03,WEST,Luggage & Bags,test,310.0,341.6957755083389,-31.695775508338897
2025-03-10,WEST,Luggage & Bags,test,353.0,365.29937209109676,-12.299372091096757
2025-03-17,WEST,Luggage & Bags,test,385.0,388.9029686738546,-3.902968673854616
2025-03-24,WEST,Luggage & Bags,test,426.0,384.0040721719953,41.99592782800471
2025-03-31,WEST,Luggage & Bags,test,203.0,221.17803879191268,-18.178038791912684
2025-04-07,WEST,Luggage & Bags,test,216.0,221.17803879191268,-5.178038791912684
2025-04-14,WEST,Luggage & Bags,test,234.0,221.17803879191268,12.821961208087316
2025-04-21,WEST,Luggage & Bags,test,214.0,221.17803879191268,-7.178038791912684
2025-04-28,WEST,Luggage & Bags,test,211.0,221.17803879191268,-10.178038791912684
2025-05-05,WEST,Luggage & Bags,test,206.0,221.17803879191268,-15.178038791912684
2025-05-12,WEST,Luggage & Bags,test,204.0,221.17803879191268,-17.178038791912684
2025-05-19,WEST,Luggage & Bags,test,213.0,221.17803879191268,-8.178038791912684
2025-05-26,WEST,Luggage & Bags,test,202.0,260.3221145127311,-58.322114512731105
2025-06-02,WEST,Luggage & Bags,test,258.0,260.3221145127311,-2.3221145127311047
2025-06-09,WEST,Luggage & Bags,test,255.0,260.3221145127311,-5.322114512731105
2025-06-16,WEST,Luggage & Bags,test,258.0,260.3221145127311,-2.3221145127311047
2025-06-23,WEST,Luggage & Bags,test,272.0,260.3221145127311,11.677885487268895
2025-06-30,WEST,Luggage & Bags,test,255.0,260.3221145127311,-5.322114512731105
2025-07-07,WEST,Luggage & Bags,test,243.0,260.3221145127311,-17.322114512731105
2025-07-14,WEST,Luggage & Bags,test,273.0,260.3221145127311,12.677885487268895
2025-07-21,WEST,Luggage & Bags,test,262.0,260.3221145127311,1.6778854872688953
2025-07-28,WEST,Luggage & Bags,test,241.0,260.3221145127311,-19.322114512731105
2025-08-04,WEST,Luggage & Bags,test,255.0,260.3221145127311,-5.322114512731105
2025-08-11,WEST,Luggage & Bags,test,245.0,260.3221145127311,-15.322114512731105
2025-08-18,WEST,Luggage & Bags,test,255.0,260.3221145127311,-5.322114512731105
2025-08-25,WEST,Luggage & Bags,test,263.0,260.3221145127311,2.6778854872688953
2025-09-01,WEST,Luggage & Bags,test,316.0,263.79684856646105,52.20315143353895
2025-09-08,WEST,Luggage & Bags,test,275.0,263.79684856646105,11.203151433538949
2025-09-15,WEST,Luggage & Bags,test,290.0,263.79684856646105,26.20315143353895
2025-09-22,WEST,Luggage & Bags,test,281.0,263.79684856646105,17.20315143353895
2025-09-29,WEST,Luggage & Bags,test,244.0,263.79684856646105,-19.79684856646105
2025-10-06,WEST,Luggage & Bags,test,229.0,221.17803879191268,7.821961208087316
2025-10-13,WEST,Luggage & Bags,test,222.0,221.17803879191268,0.8219612080873162
2025-10-20,WEST,Luggage & Bags,test,223.0,221.17803879191268,1.8219612080873162
2025-10-27,WEST,Luggage & Bags,test,218.0,221.17803879191268,-3.178038791912684
2025-11-03,WEST,Luggage & Bags,test,210.0,221.17803879191268,-11.178038791912684
2025-11-10,WEST,Luggage & Bags,test,191.0,221.17803879191268,-30.178038791912684
2025-11-17,WEST,Luggage & Bags,test,229.0,221.17803879191268,7.821961208087316
2025-11-24,WEST,Luggage & Bags,test,224.0,221.17803879191268,2.821961208087316
2025-12-01,WEST,Luggage & Bags,test,253.0,221.17803879191268,31.821961208087316
2025-12-08,WEST,Luggage & Bags,test,236.0,221.17803879191268,14.821961208087316
2025-12-15,WEST,Luggage & Bags,test,255.0,221.17803879191268,33.821961208087316
2025-12-22,WEST,Luggage & Bags,test,241.0,221.17803879191268,19.821961208087316
2024-01-01,WEST,Media,train,115.0,92.62376657134082,22.376233428659177
2024-01-08,WEST,Media,train,100.0,92.62376657134082,7.376233428659177
2024-01-15,WEST,Media,train,79.0,92.62376657134082,-13.623766571340823
2024-01-22,WEST,Media,train,75.0,92.62376657134082,-17.623766571340823
2024-01-29,WEST,Media,train,99.0,92.62376657134082,6.376233428659177
2024-02-05,WEST,Media,train,98.0,92.62376657134082,5.376233428659177
2024-02-12,WEST,Media,train,106.0,92.62376657134082,13.376233428659177
2024-02-19,WEST,Media,train,87.0,92.62376657134082,-5.623766571340823
2024-02-26,WEST,Media,train,97.0,92.62376657134082,4.376233428659177
2024-03-04,WEST,Media,train,109.0,104.5819151772501,4.418084822749904
2024-03-11,WEST,Media,train,170.0,168.7245690634185,1.2754309365815004
2024-03-18,WEST,Media,train,158.0,169.4167108253294,-11.416710825329403
2024-03-25,WEST,Media,train,189.0,170.1088525872403,18.891147412759693
2024-04-01,WEST,Media,train,162.0,170.8009943491512,-8.80099434915121
2024-04-08,WEST,Media,train,152.0,151.95834937242495,0.04165062757505211
2024-04-15,WEST,Media,train,113.0,104.5819151772501,8.418084822749904
2024-04-22,WEST,Media,train,99.0,104.5819151772501,-5.581915177250096
2024-04-29,WEST,Media,train,87.0,104.5819151772501,-17.581915177250096
2024-05-06,WEST,Media,train,78.0,104.5819151772501,-26.581915177250096
2024-05-13,WEST,Media,train,111.0,104.5819151772501,6.418084822749904
2024-05-20,WEST,Media,train,116.0,104.5819151772501,11.418084822749904
2024-05-27,WEST,Media,train,122.0,121.27448824342336,0.7255117565766369
2024-06-03,WEST,Media,train,102.0,121.27448824342336,-19.274488243423363
2024-06-10,WEST,Media,train,135.0,121.27448824342336,13.725511756576637
2024-06-17,WEST,Media,train,122.0,121.27448824342336,0.7255117565766369
2024-06-24,WEST,Media,train,118.0,121.27448824342336,-3.274488243423363
2024-07-01,WEST,Media,train,97.0,121.27448824342336,-24.274488243423363
2024-07-08,WEST,Media,train,144.0,121.27448824342336,22.725511756576637
2024-07-15,WEST,Media,train,133.0,121.27448824342336,11.725511756576637
2024-07-22,WEST,Media,train,123.0,121.27448824342336,1.725511756576637
2024-07-29,WEST,Media,train,125.0,121.27448824342336,3.725511756576637
2024-08-05,WEST,Media,train,121.0,121.27448824342336,-0.2744882434233631
2024-08-12,WEST,Media,train,134.0,121.27448824342336,12.725511756576637
2024-08-19,WEST,Media,train,132.0,121.27448824342336,10.725511756576637
2024-08-26,WEST,Media,train,119.0,150.41067435341617,-31.41067435341617
2024-09-02,WEST,Media,train,124.0,133.7181012872429,-9.718101287242888
2024-09-09,WEST,Media,train,161.0,133.7181012872429,27.281898712757112
2024-09-16,WEST,Media,train,142.0,133.7181012872429,8.281898712757112
2024-09-23,WEST,Media,train,150.0,133.7181012872429,16.281898712757112
2024-09-30,WEST,Media,train,123.0,133.7181012872429,-10.718101287242888
2024-10-07,WEST,Media,train,109.0,104.5819151772501,4.418084822749904
2024-10-14,WEST,Media,train,104.0,104.5819151772501,-0.5819151772500959
2024-10-21,WEST,Media,train,104.0,104.5819151772501,-0.5819151772500959
2024-10-28,WEST,Media,train,89.0,104.5819151772501,-15.581915177250096
2024-11-04,WEST,Media,validation,120.0,104.5819151772501,15.418084822749904
2024-11-11,WEST,Media,validation,91.0,104.5819151772501,-13.581915177250096
2024-11-18,WEST,Media,validation,85.0,104.5819151772501,-19.581915177250096
2024-11-25,WEST,Media,validation,114.0,104.5819151772501,9.418084822749904
2024-12-02,WEST,Media,validation,123.0,104.5819151772501,18.418084822749904
2024-12-09,WEST,Media,validation,119.0,104.5819151772501,14.418084822749904
2024-12-16,WEST,Media,validation,120.0,104.5819151772501,15.418084822749904
2024-12-23,WEST,Media,validation,119.0,104.5819151772501,14.418084822749904
2024-12-30,WEST,Media,test,108.0,92.62376657134082,15.376233428659177
2025-01-06,WEST,Media,test,93.0,92.62376657134082,0.37623342865917664
2025-01-13,WEST,Media,test,111.0,92.62376657134082,18.376233428659177
2025-01-20,WEST,Media,test,110.0,92.62376657134082,17.376233428659177
2025-01-27,WEST,Media,test,95.0,92.62376657134082,2.3762334286591766
2025-02-03,WEST,Media,test,94.0,92.62376657134082,1.3762334286591766
2025-02-10,WEST,Media,test,83.0,92.62376657134082,-9.623766571340823
2025-02-17,WEST,Media,test,89.0,92.62376657134082,-3.6237665713408234
2025-02-24,WEST,Media,test,97.0,156.76642045750924,-59.76642045750924
2025-03-03,WEST,Media,test,152.0,169.4167108253294,-17.416710825329403
2025-03-10,WEST,Media,test,173.0,170.1088525872403,2.8911474127596932
2025-03-17,WEST,Media,test,165.0,170.8009943491512,-5.80099434915121
2025-03-24,WEST,Media,test,219.0,151.95834937242495,67.04165062757505
2025-03-31,WEST,Media,test,107.0,104.5819151772501,2.418084822749904
2025-04-07,WEST,Media,test,103.0,104.5819151772501,-1.581915177250096
2025-04-14,WEST,Media,test,122.0,104.5819151772501,17.418084822749904
2025-04-21,WEST,Media,test,89.0,104.5819151772501,-15.581915177250096
2025-04-28,WEST,Media,test,97.0,104.5819151772501,-7.581915177250096
2025-05-05,WEST,Media,test,100.0,104.5819151772501,-4.581915177250096
2025-05-12,WEST,Media,test,107.0,104.5819151772501,2.418084822749904
2025-05-19,WEST,Media,test,90.0,104.5819151772501,-14.581915177250096
2025-05-26,WEST,Media,test,93.0,121.27448824342336,-28.274488243423363
2025-06-02,WEST,Media,test,125.0,121.27448824342336,3.725511756576637
2025-06-09,WEST,Media,test,134.0,121.27448824342336,12.725511756576637
2025-06-16,WEST,Media,test,111.0,121.27448824342336,-10.274488243423363
2025-06-23,WEST,Media,test,141.0,121.27448824342336,19.725511756576637
2025-06-30,WEST,Media,test,114.0,121.27448824342336,-7.274488243423363
2025-07-07,WEST,Media,test,111.0,121.27448824342336,-10.274488243423363
2025-07-14,WEST,Media,test,152.0,121.27448824342336,30.725511756576637
2025-07-21,WEST,Media,test,110.0,121.27448824342336,-11.274488243423363
2025-07-28,WEST,Media,test,139.0,121.27448824342336,17.725511756576637
2025-08-04,WEST,Media,test,137.0,121.27448824342336,15.725511756576637
2025-08-11,WEST,Media,test,134.0,121.27448824342336,12.725511756576637
2025-08-18,WEST,Media,test,116.0,121.27448824342336,-5.274488243423363
2025-08-25,WEST,Media,test,138.0,121.27448824342336,16.725511756576637
2025-09-01,WEST,Media,test,144.0,133.7181012872429,10.281898712757112
2025-09-08,WEST,Media,test,130.0,133.7181012872429,-3.718101287242888
2025-09-15,WEST,Media,test,164.0,133.7181012872429,30.281898712757112
2025-09-22,WEST,Media,test,158.0,133.7181012872429,24.281898712757112
2025-09-29,WEST,Media,test,115.0,133.7181012872429,-18.718101287242888
2025-10-06,WEST,Media,test,102.0,104.5819151772501,-2.581915177250096
2025-10-13,WEST,Media,test,119.0,104.5819151772501,14.418084822749904
2025-10-20,WEST,Media,test,102.0,104.5819151772501,-2.581915177250096
2025-10-27,WEST,Media,test,121.0,104.5819151772501,16.418084822749904
2025-11-03,WEST,Media,test,111.0,104.5819151772501,6.418084822749904
2025-11-10,WEST,Media,test,113.0,104.5819151772501,8.418084822749904
2025-11-17,WEST,Media,test,107.0,104.5819151772501,2.418084822749904
2025-11-24,WEST,Media,test,108.0,104.5819151772501,3.418084822749904
2025-12-01,WEST,Media,test,129.0,104.5819151772501,24.418084822749904
2025-12-08,WEST,Media,test,112.0,104.5819151772501,7.418084822749904
2025-12-15,WEST,Media,test,105.0,104.5819151772501,0.4180848227499041
2025-12-22,WEST,Media,test,114.0,104.5819151772501,9.418084822749904
2024-01-01,WEST,Office Supplies,train,183.0,206.05995048414871,-23.059950484148715
2024-01-08,WEST,Office Supplies,train,219.0,204.0398105919977,14.960189408002293
2024-01-15,WEST,Office Supplies,train,192.0,211.94868893227232,-19.94868893227232
2024-01-22,WEST,Office Supplies,train,202.0,212.13360053939698,-10.13360053939698
2024-01-29,WEST,Office Supplies,train,214.0,215.36123105992985,-1.3612310599298496
2024-02-05,WEST,Office Supplies,train,201.0,208.6141615661527,-7.6141615661526885
2024-02-12,WEST,Office Supplies,train,195.0,210.0697825163136,-15.069782516313609
2024-02-19,WEST,Office Supplies,train,215.0,218.69329842395965,-3.6932984239596465
2024-02-26,WEST,Office Supplies,train,203.0,212.29083808956455,-9.290838089564545
2024-03-04,WEST,Office Supplies,train,238.0,225.56220672835516,12.437793271644836
2024-03-11,WEST,Office Supplies,train,333.0,333.87632007615366,-0.8763200761536609
2024-03-18,WEST,Office Supplies,train,376.0,360.66730906698757,15.33269093301243
2024-03-25,WEST,Office Supplies,train,378.0,375.4491242705008,2.5508757294991824
2024-04-01,WEST,Office Supplies,train,405.0,402.79752451467965,2.202475485320349
2024-04-08,WEST,Office Supplies,train,357.0,356.4208627380239,0.5791372619760864
2024-04-15,WEST,Office Supplies,train,219.0,219.6746765233836,-0.6746765233835958
2024-04-22,WEST,Office Supplies,train,215.0,220.12879375610785,-5.128793756107854
2024-04-29,WEST,Office Supplies,train,224.0,224.06794995752415,-0.06794995752414934
2024-05-06,WEST,Office Supplies,train,232.0,220.93742867044534,11.062571329554657
2024-05-13,WEST,Office Supplies,train,242.0,209.26937504603825,32.73062495396175
2024-05-20,WEST,Office Supplies,train,198.0,187.93485938453915,10.065140615460848
2024-05-27,WEST,Office Supplies,train,245.0,250.88957148179463,-5.889571481794633
2024-06-03,WEST,Office Supplies,train,253.0,275.1017092616065,-22.101709261606516
2024-06-10,WEST,Office Supplies,train,290.0,291.3784630240326,-1.3784630240326123
2024-06-17,WEST,Office Supplies,train,269.0,273.1906802965377,-4.190680296537721
2024-06-24,WEST,Office Supplies,train,239.0,266.41427910067335,-27.414279100673355
2024-07-01,WEST,Office Supplies,train,278.0,290.4206471478566,-12.420647147856585
2024-07-08,WEST,Office Supplies,train,295.0,285.652414331888,9.347585668112004
2024-07-15,WEST,Office Supplies,train,250.0,258.1505686015503,-8.150568601550276
2024-07-22,WEST,Office Supplies,train,273.0,267.5615349184139,5.438465081586116
2024-07-29,WEST,Office Supplies,train,261.0,265.75098217283704,-4.750982172837041
2024-08-05,WEST,Office Supplies,train,276.0,269.79761406834564,6.202385931654362
2024-08-12,WEST,Office Supplies,train,264.0,262.9927824265134,1.0072175734866278
2024-08-19,WEST,Office Supplies,train,314.0,263.87310779581134,50.126892204188664
2024-08-26,WEST,Office Supplies,train,250.0,278.820951524625,-28.820951524625002
2024-09-02,WEST,Office Supplies,train,286.0,287.17024339386893,-1.1702433938689296
2024-09-09,WEST,Office Supplies,train,272.0,292.3451185131055,-20.34511851310549
2024-09-16,WEST,Office Supplies,train,301.0,292.5482082219055,8.451791778094503
2024-09-23,WEST,Office Supplies,train,287.0,269.97421618299825,17.025783817001752
2024-09-30,WEST,Office Supplies,train,248.0,254.4098574747998,-6.409857474799793
2024-10-07,WEST,Office Supplies,train,211.0,220.98148478375785,-9.98148478375785
2024-10-14,WEST,Office Supplies,train,232.0,234.15506180239728,-2.1550618023972845
2024-10-21,WEST,Office Supplies,train,227.0,224.50211241292993,2.4978875870700676
2024-10-28,WEST,Office Supplies,train,222.0,215.19026710324414,6.809732896755861
2024-11-04,WEST,Office Supplies,validation,221.0,211.5709873475145,9.429012652485511
2024-11-11,WEST,Office Supplies,validation,194.0,218.34032987234923,-24.34032987234923
2024-11-18,WEST,Office Supplies,validation,206.0,221.08517880019883,-15.085178800198833
2024-11-25,WEST,Office Supplies,validation,223.0,219.9289128475043,3.071087152495693
2024-12-02,WEST,Office Supplies,validation,261.0,219.26127209853541,41.738727901464586
2024-12-09,WEST,Office Supplies,validation,221.0,219.44135772617642,1.5586422738235797
2024-12-16,WEST,Office Supplies,validation,254.0,219.59488890038355,34.40511109961645
2024-12-23,WEST,Office Supplies,validation,240.0,219.57118157081104,20.428818429188965
2024-12-30,WEST,Office Supplies,test,198.0,206.05199572613165,-8.05199572613165
2025-01-06,WEST,Office Supplies,test,196.0,206.05393020782282,-10.053930207822816
2025-01-13,WEST,Office Supplies,test,208.0,206.0610643980946,1.9389356019053992
2025-01-20,WEST,Office Supplies,test,194.0,206.06129023691435,-12.061290236914346
2025-01-27,WEST,Office Supplies,test,241.0,206.05983801663726,34.94016198336274
2025-02-03,WEST,Office Supplies,test,166.0,206.05966419903487,-40.05966419903487
2025-02-10,WEST,Office Supplies,test,234.0,206.05994861001162,27.940051389988383
2025-02-17,WEST,Office Supplies,test,203.0,206.06000938946133,-3.060009389461328
2025-02-24,WEST,Office Supplies,test,229.0,329.19866288524224,-100.19866288524224
2025-03-03,WEST,Office Supplies,test,348.0,364.5347323596651,-16.5347323596651
2025-03-10,WEST,Office Supplies,test,371.0,386.38539779951856,-15.385397799518557
2025-03-17,WEST,Office Supplies,test,410.0,408.23605812236855,1.7639418776314528
2025-03-24,WEST,Office Supplies,test,435.0,357.0072377724518,77.99276222754821
2025-03-31,WEST,Office Supplies,test,224.0,219.54538083376494,4.454619166235062
2025-04-07,WEST,Office Supplies,test,208.0,219.54538106766606,-11.545381067666057
2025-04-14,WEST,Office Supplies,test,236.0,219.5453813033027,16.45461869669731
2025-04-21,WEST,Office Supplies,test,223.0,219.5453812756843,3.454618724315708
2025-04-28,WEST,Office Supplies,test,245.0,219.54538122464567,25.454618775354334
2025-05-05,WEST,Office Supplies,test,240.0,219.54538122587303,20.45461877412697
2025-05-12,WEST,Office Supplies,test,220.0,219.5453812365114,0.45461876348861097
2025-05-19,WEST,Office Supplies,test,233.0,219.54538123719013,13.454618762809872
2025-05-26,WEST,Office Supplies,test,223.0,266.97196287323396,-43.97196287323396
2025-06-02,WEST,Office Supplies,test,267.0,266.97196287290683,0.028037127093170966
2025-06-09,WEST,Office Supplies,test,312.0,266.97196287331883,45.02803712668117
2025-06-16,WEST,Office Supplies,test,256.0,266.9719628734224,-10.971962873422399
2025-06-23,WEST,Office Supplies,test,266.0,266.97196287334646,-0.971962873346456
2025-06-30,WEST,Office Supplies,test,273.0,266.97196287331843,6.028037126681568
2025-07-07,WEST,Office Supplies,test,291.0,266.9719628733317,24.028037126668323
2025-07-14,WEST,Office Supplies,test,284.0,266.9719628733386,17.02803712666139
2025-07-21,WEST,Office Supplies,test,256.0,266.9719628733365,-10.971962873336508
2025-07-28,WEST,Office Supplies,test,254.0,266.97196287333486,-12.97196287333486
2025-08-04,WEST,Office Supplies,test,271.0,266.97196287333514,4.028037126664856
2025-08-11,WEST,Office Supplies,test,267.0,266.97196287333554,0.0280371266644579
2025-08-18,WEST,Office Supplies,test,249.0,266.9719628733355,-17.971962873335485
2025-08-25,WEST,Office Supplies,test,273.0,266.9719628733354,6.028037126664572
2025-09-01,WEST,Office Supplies,test,294.0,275.2689015102749,18.731098489725127
2025-09-08,WEST,Office Supplies,test,300.0,275.2689015102749,24.731098489725127
2025-09-15,WEST,Office Supplies,test,290.0,275.2689015102749,14.731098489725127
2025-09-22,WEST,Office Supplies,test,293.0,275.2689015102749,17.731098489725127
2025-09-29,WEST,Office Supplies,test,225.0,275.2689015102749,-50.26890151027487
2025-10-06,WEST,Office Supplies,test,220.0,219.54538123515601,0.45461876484398545
2025-10-13,WEST,Office Supplies,test,246.0,219.54538123515601,26.454618764843985
2025-10-20,WEST,Office Supplies,test,242.0,219.54538123515601,22.454618764843985
2025-10-27,WEST,Office Supplies,test,237.0,219.54538123515601,17.454618764843985
2025-11-03,WEST,Office Supplies,test,204.0,219.54538123515601,-15.545381235156015
2025-11-10,WEST,Office Supplies,test,217.0,219.54538123515601,-2.5453812351560146
2025-11-17,WEST,Office Supplies,test,251.0,219.54538123515601,31.454618764843985
2025-11-24,WEST,Office Supplies,test,219.0,219.54538123515601,-0.5453812351560146
2025-12-01,WEST,Office Supplies,test,245.0,219.54538123515601,25.454618764843985
2025-12-08,WEST,Office Supplies,test,244.0,219.54538123515601,24.454618764843985
2025-12-15,WEST,Office Supplies,test,224.0,219.54538123515601,4.4546187648439854
2025-12-22,WEST,Office Supplies,test,228.0,219.54538123515601,8.454618764843985
2024-01-01,WEST,Software,train,15.0,20.750108628016886,-5.750108628016886
2024-01-08,WEST,Software,train,21.0,20.750108628016886,0.2498913719831144
2024-01-15,WEST,Software,train,22.0,20.750108628016886,1.2498913719831144
2024-01-22,WEST,Software,train,15.0,20.750108628016886,-5.750108628016886
2024-01-29,WEST,Software,train,26.0,20.750108628016886,5.249891371983114
2024-02-05,WEST,Software,train,23.0,20.750108628016886,2.2498913719831144
2024-02-12,WEST,Software,train,21.0,20.750108628016886,0.2498913719831144
2024-02-19,WEST,Software,train,17.0,20.750108628016886,-3.7501086280168856
2024-02-26,WEST,Software,train,21.0,20.750108628016886,0.2498913719831144
2024-03-04,WEST,Software,train,27.0,22.607733766445055,4.392266233554945
2024-03-11,WEST,Software,train,33.0,32.69949968909145,0.30050031090854645
2024-03-18,WEST,Software,train,34.0,33.40001408769277,0.5999859123072326
2024-03-25,WEST,Software,train,32.0,34.10052848629408,-2.100528486294081
2024-04-01,WEST,Software,train,36.0,34.801042884895395,1.198957115104605
2024-04-08,WEST,Software,train,39.0,39.001293129864386,-0.0012931298643863443
2024-04-15,WEST,Software,train,21.0,22.607733766445055,-1.6077337664450546
2024-04-22,WEST,Software,train,18.0,22.607733766445055,-4.607733766445055
2024-04-29,WEST,Software,train,22.0,22.607733766445055,-0.6077337664450546
2024-05-06,WEST,Software,train,22.0,22.607733766445055,-0.6077337664450546
2024-05-13,WEST,Software,train,24.0,22.607733766445055,1.3922662335549454
2024-05-20,WEST,Software,train,21.0,22.607733766445055,-1.6077337664450546
2024-05-27,WEST,Software,train,32.0,26.024265777765493,5.975734222234507
2024-06-03,WEST,Software,train,30.0,26.024265777765493,3.9757342222345073
2024-06-10,WEST,Software,train,38.0,26.024265777765493,11.975734222234507
2024-06-17,WEST,Software,train,25.0,26.024265777765493,-1.0242657777654927
2024-06-24,WEST,Software,train,20.0,26.024265777765493,-6.024265777765493
2024-07-01,WEST,Software,train,19.0,26.024265777765493,-7.024265777765493
2024-07-08,WEST,Software,train,25.0,26.024265777765493,-1.0242657777654927
2024-07-15,WEST,Software,train,30.0,26.024265777765493,3.9757342222345073
2024-07-22,WEST,Software,train,22.0,26.024265777765493,-4.024265777765493
2024-07-29,WEST,Software,train,22.0,26.024265777765493,-4.024265777765493
2024-08-05,WEST,Software,train,27.0,26.024265777765493,0.9757342222345073
2024-08-12,WEST,Software,train,24.0,26.024265777765493,-2.0242657777654927
2024-08-19,WEST,Software,train,24.0,26.024265777765493,-2.0242657777654927
2024-08-26,WEST,Software,train,31.0,30.680944555318334,0.31905544468166624
2024-09-02,WEST,Software,train,32.0,27.2644125439979,4.735587456002101
2024-09-09,WEST,Software,train,27.0,27.2644125439979,-0.26441254399789926
2024-09-16,WEST,Software,train,22.0,27.2644125439979,-5.264412543997899
2024-09-23,WEST,Software,train,33.0,27.2644125439979,5.735587456002101
2024-09-30,WEST,Software,train,22.0,27.2644125439979,-5.264412543997899
2024-10-07,WEST,Software,train,22.0,22.607733766445055,-0.6077337664450546
2024-10-14,WEST,Software,train,15.0,22.607733766445055,-7.607733766445055
2024-10-21,WEST,Software,train,26.0,22.607733766445055,3.3922662335549454
2024-10-28,WEST,Software,train,31.0,22.607733766445055,8.392266233554945
2024-11-04,WEST,Software,validation,15.0,22.607733766445055,-7.607733766445055
2024-11-11,WEST,Software,validation,29.0,22.607733766445055,6.392266233554945
2024-11-18,WEST,Software,validation,15.0,22.607733766445055,-7.607733766445055
2024-11-25,WEST,Software,validation,17.0,22.607733766445055,-5.607733766445055
2024-12-02,WEST,Software,validation,23.0,22.607733766445055,0.3922662335549454
2024-12-09,WEST,Software,validation,23.0,22.607733766445055,0.3922662335549454
2024-12-16,WEST,Software,validation,18.0,22.607733766445055,-4.607733766445055
2024-12-23,WEST,Software,validation,16.0,22.607733766445055,-6.607733766445055
2024-12-30,WEST,Software,test,21.0,20.750108628016886,0.2498913719831144
2025-01-06,WEST,Software,test,21.0,20.750108628016886,0.2498913719831144
2025-01-13,WEST,Software,test,19.0,20.750108628016886,-1.7501086280168856
2025-01-20,WEST,Software,test,21.0,20.750108628016886,0.2498913719831144
2025-01-27,WEST,Software,test,18.0,20.750108628016886,-2.7501086280168856
2025-02-03,WEST,Software,test,20.0,20.750108628016886,-0.7501086280168856
2025-02-10,WEST,Software,test,21.0,20.750108628016886,0.2498913719831144
2025-02-17,WEST,Software,test,14.0,20.750108628016886,-6.750108628016886
2025-02-24,WEST,Software,test,24.0,30.841874550663285,-6.8418745506632845
2025-03-03,WEST,Software,test,23.0,33.40001408769277,-10.400014087692767
2025-03-10,WEST,Software,test,42.0,34.10052848629408,7.899471513705919
2025-03-17,WEST,Software,test,56.0,34.801042884895395,21.198957115104605
2025-03-24,WEST,Software,test,34.0,39.001293129864386,-5.001293129864386
2025-03-31,WEST,Software,test,14.0,22.607733766445055,-8.607733766445055
2025-04-07,WEST,Software,test,22.0,22.607733766445055,-0.6077337664450546
2025-04-14,WEST,Software,test,18.0,22.607733766445055,-4.607733766445055
2025-04-21,WEST,Software,test,27.0,22.607733766445055,4.392266233554945
2025-04-28,WEST,Software,test,23.0,22.607733766445055,0.3922662335549454
2025-05-05,WEST,Software,test,21.0,22.607733766445055,-1.6077337664450546
2025-05-12,WEST,Software,test,21.0,22.607733766445055,-1.6077337664450546
2025-05-19,WEST,Software,test,28.0,22.607733766445055,5.392266233554945
2025-05-26,WEST,Software,test,21.0,26.024265777765493,-5.024265777765493
2025-06-02,WEST,Software,test,30.0,26.024265777765493,3.9757342222345073
2025-06-09,WEST,Software,test,33.0,26.024265777765493,6.975734222234507
2025-06-16,WEST,Software,test,20.0,26.024265777765493,-6.024265777765493
2025-06-23,WEST,Software,test,17.0,26.024265777765493,-9.024265777765493
2025-06-30,WEST,Software,test,34.0,26.024265777765493,7.975734222234507
2025-07-07,WEST,Software,test,19.0,26.024265777765493,-7.024265777765493
2025-07-14,WEST,Software,test,27.0,26.024265777765493,0.9757342222345073
2025-07-21,WEST,Software,test,21.0,26.024265777765493,-5.024265777765493
2025-07-28,WEST,Software,test,24.0,26.024265777765493,-2.0242657777654927
2025-08-04,WEST,Software,test,32.0,26.024265777765493,5.975734222234507
2025-08-11,WEST,Software,test,27.0,26.024265777765493,0.9757342222345073
2025-08-18,WEST,Software,test,27.0,26.024265777765493,0.9757342222345073
2025-08-25,WEST,Software,test,30.0,26.024265777765493,3.9757342222345073
2025-09-01,WEST,Software,test,27.0,27.2644125439979,-0.26441254399789926
2025-09-08,WEST,Software,test,27.0,27.2644125439979,-0.26441254399789926
2025-09-15,WEST,Software,test,35.0,27.2644125439979,7.735587456002101
2025-09-22,WEST,Software,test,27.0,27.2644125439979,-0.26441254399789926
2025-09-29,WEST,Software,test,24.0,27.2644125439979,-3.2644125439978993
2025-10-06,WEST,Software,test,21.0,22.607733766445055,-1.6077337664450546
2025-10-13,WEST,Software,test,18.0,22.607733766445055,-4.607733766445055
2025-10-20,WEST,Software,test,25.0,22.607733766445055,2.3922662335549454
2025-10-27,WEST,Software,test,30.0,22.607733766445055,7.392266233554945
2025-11-03,WEST,Software,test,23.0,22.607733766445055,0.3922662335549454
2025-11-10,WEST,Software,test,25.0,22.607733766445055,2.3922662335549454
2025-11-17,WEST,Software,test,20.0,22.607733766445055,-2.6077337664450546
2025-11-24,WEST,Software,test,24.0,22.607733766445055,1.3922662335549454
2025-12-01,WEST,Software,test,16.0,22.607733766445055,-6.607733766445055
2025-12-08,WEST,Software,test,19.0,22.607733766445055,-3.6077337664450546
2025-12-15,WEST,Software,test,25.0,22.607733766445055,2.3922662335549454
2025-12-22,WEST,Software,test,19.0,22.607733766445055,-3.6077337664450546
2024-01-01,WEST,Sporting Goods,train,187.0,203.9848813123055,-16.984881312305504
2024-01-08,WEST,Sporting Goods,train,195.0,203.9848813123055,-8.984881312305504
2024-01-15,WEST,Sporting Goods,train,200.0,203.9857925977059,-3.9857925977059097
2024-01-22,WEST,Sporting Goods,train,206.0,205.07616529858072,0.9238347014192811
2024-01-29,WEST,Sporting Goods,train,178.0,203.71145194828932,-25.711451948289323
2024-02-05,WEST,Sporting Goods,train,230.0,211.64503902640362,18.354960973596377
2024-02-12,WEST,Sporting Goods,train,203.0,198.5132391074023,4.486760892597687
2024-02-19,WEST,Sporting Goods,train,191.0,202.64730170701378,-11.647301707013781
2024-02-26,WEST,Sporting Goods,train,210.0,207.45715569527994,2.542844304720063
2024-03-04,WEST,Sporting Goods,train,260.0,221.93416004154383,38.065839958456166
2024-03-11,WEST,Sporting Goods,train,333.0,329.0047212261327,3.9952787738673123
2024-03-18,WEST,Sporting Goods,train,361.0,363.0533355459289,-2.053335545928917
2024-03-25,WEST,Sporting Goods,train,390.0,388.7480895535621,1.2519104464378756
2024-04-01,WEST,Sporting Goods,train,408.0,411.6542848945906,-3.654284894590603
2024-04-08,WEST,Sporting Goods,train,375.0,370.509439699426,4.490560300573975
2024-04-15,WEST,Sporting Goods,train,219.0,221.35350986902304,-2.3535098690230427
2024-04-22,WEST,Sporting Goods,train,197.0,223.3938537005717,-26.393853700571697
2024-04-29,WEST,Sporting Goods,train,235.0,230.5607245872706,4.439275412729387
2024-05-06,WEST,Sporting Goods,train,218.0,221.3687988421008,-3.3687988421008015
2024-05-13,WEST,Sporting Goods,train,213.0,223.6965301112638,-10.696530111263797
2024-05-20,WEST,Sporting Goods,train,202.0,225.88106225716427,-23.881062257164274
2024-05-27,WEST,Sporting Goods,train,222.0,272.221094390936,-50.221094390936
2024-06-03,WEST,Sporting Goods,train,278.0,280.0735448707211,-2.0735448707210935
2024-06-10,WEST,Sporting Goods,train,248.0,265.7198703417618,-17.719870341761805
2024-06-17,WEST,Sporting Goods,train,290.0,270.3843291901024,19.61567080989761
2024-06-24,WEST,Sporting Goods,train,264.0,259.2539142179244,4.746085782075625
2024-07-01,WEST,Sporting Goods,train,273.0,263.6868123819406,9.313187618059374
2024-07-08,WEST,Sporting Goods,train,276.0,262.32527490085243,13.674725099147565
2024-07-15,WEST,Sporting Goods,train,274.0,261.0250199538564,12.974980046143628
2024-07-22,WEST,Sporting Goods,train,291.0,261.23362688908264,29.766373110917357
2024-07-29,WEST,Sporting Goods,train,250.0,256.2278022242491,-6.227802224249103
2024-08-05,WEST,Sporting Goods,train,247.0,266.958331251118,-19.95833125111801
2024-08-12,WEST,Sporting Goods,train,268.0,271.0516557655745,-3.0516557655744805
2024-08-19,WEST,Sporting Goods,train,296.0,266.0114632800911,29.988536719908893
2024-08-26,WEST,Sporting Goods,train,267.0,313.56163634076114,-46.56163634076114
2024-09-02,WEST,Sporting Goods,train,321.0,293.97317859285585,27.026821407144155
2024-09-09,WEST,Sporting Goods,train,296.0,272.03509904099775,23.96490095900225
2024-09-16,WEST,Sporting Goods,train,275.0,272.9479141267944,2.0520858732056126
2024-09-23,WEST,Sporting Goods,train,281.0,279.4805293665947,1.5194706334053194
2024-09-30,WEST,Sporting Goods,train,261.0,279.63931181507724,-18.639311815077235
2024-10-07,WEST,Sporting Goods,train,224.0,228.24895230696302,-4.2489523069630195
2024-10-14,WEST,Sporting Goods,train,231.0,223.95892012895024,7.04107987104976
2024-10-21,WEST,Sporting Goods,train,241.0,220.5931528382051,20.4068471617949
2024-10-28,WEST,Sporting Goods,train,217.0,216.60857053997998,0.39142946002002077
2024-11-04,WEST,Sporting Goods,validation,236.0,222.57553654583714,13.424463454162861
2024-11-11,WEST,Sporting Goods,validation,233.0,222.69222890352015,10.307771096479854
2024-11-18,WEST,Sporting Goods,validation,217.0,222.69222890352015,-5.692228903520146
2024-11-25,WEST,Sporting Goods,validation,218.0,222.69222890352015,-4.692228903520146
2024-12-02,WEST,Sporting Goods,validation,262.0,222.69222890352015,39.307771096479854
2024-12-09,WEST,Sporting Goods,validation,219.0,222.69222890352015,-3.692228903520146
2024-12-16,WEST,Sporting Goods,validation,252.0,222.69222890352015,29.307771096479854
2024-12-23,WEST,Sporting Goods,validation,245.0,222.69222890352015,22.307771096479854
2024-12-30,WEST,Sporting Goods,test,205.0,203.9848813123055,1.0151186876944962
2025-01-06,WEST,Sporting Goods,test,203.0,203.9848813123055,-0.9848813123055038
2025-01-13,WEST,Sporting Goods,test,198.0,203.9848813123055,-5.984881312305504
2025-01-20,WEST,Sporting Goods,test,186.0,203.9848813123055,-17.984881312305504
2025-01-27,WEST,Sporting Goods,test,223.0,203.9848813123055,19.015118687694496
2025-02-03,WEST,Sporting Goods,test,205.0,203.9848813123055,1.0151186876944962
2025-02-10,WEST,Sporting Goods,test,198.0,203.9848813123055,-5.984881312305504
2025-02-17,WEST,Sporting Goods,test,218.0,203.9848813123055,14.015118687694496
2025-02-24,WEST,Sporting Goods,test,250.0,321.64550414088643,-71.64550414088643
2025-03-03,WEST,Sporting Goods,test,310.0,364.24440200156243,-54.244402001562435
2025-03-10,WEST,Sporting Goods,test,358.0,388.1359522710238,-30.135952271023825
2025-03-17,WEST,Sporting Goods,test,370.0,412.0275025404852,-42.027502540485216
2025-03-24,WEST,Sporting Goods,test,433.0,369.4200298221692,63.57997017783077
2025-03-31,WEST,Sporting Goods,test,231.0,222.69222890352015,8.307771096479854
2025-04-07,WEST,Sporting Goods,test,205.0,222.69222890352015,-17.692228903520146
2025-04-14,WEST,Sporting Goods,test,233.0,222.69222890352015,10.307771096479854
2025-04-21,WEST,Sporting Goods,test,207.0,222.69222890352015,-15.692228903520146
2025-04-28,WEST,Sporting Goods,test,236.0,222.69222890352015,13.307771096479854
2025-05-05,WEST,Sporting Goods,test,226.0,222.69222890352015,3.307771096479854
2025-05-12,WEST,Sporting Goods,test,212.0,222.69222890352015,-10.692228903520146
2025-05-19,WEST,Sporting Goods,test,200.0,222.69222890352015,-22.692228903520146
2025-05-26,WEST,Sporting Goods,test,223.0,265.1017082859125,-42.10170828591248
2025-06-02,WEST,Sporting Goods,test,275.0,265.1017082859125,9.89829171408752
2025-06-09,WEST,Sporting Goods,test,253.0,265.1017082859125,-12.10170828591248
2025-06-16,WEST,Sporting Goods,test,272.0,265.1017082859125,6.89829171408752
2025-06-23,WEST,Sporting Goods,test,267.0,265.1017082859125,1.8982917140875202
2025-06-30,WEST,Sporting Goods,test,255.0,265.1017082859125,-10.10170828591248
2025-07-07,WEST,Sporting Goods,test,270.0,265.1017082859125,4.89829171408752
2025-07-14,WEST,Sporting Goods,test,280.0,265.1017082859125,14.89829171408752
2025-07-21,WEST,Sporting Goods,test,263.0,265.1017082859125,-2.10170828591248
2025-07-28,WEST,Sporting Goods,test,251.0,265.1017082859125,-14.10170828591248
2025-08-04,WEST,Sporting Goods,test,244.0,265.1017082859125,-21.10170828591248
2025-08-11,WEST,Sporting Goods,test,236.0,265.1017082859125,-29.10170828591248
2025-08-18,WEST,Sporting Goods,test,279.0,265.1017082859125,13.89829171408752
2025-08-25,WEST,Sporting Goods,test,253.0,265.1017082859125,-12.10170828591248
2025-09-01,WEST,Sporting Goods,test,311.0,280.0922940986108,30.907705901389193
2025-09-08,WEST,Sporting Goods,test,289.0,280.0922940986108,8.907705901389193
2025-09-15,WEST,Sporting Goods,test,301.0,280.0922940986108,20.907705901389193
2025-09-22,WEST,Sporting Goods,test,295.0,280.0922940986108,14.907705901389193
2025-09-29,WEST,Sporting Goods,test,229.0,280.0922940986108,-51.09229409861081
2025-10-06,WEST,Sporting Goods,test,229.0,222.69222890352015,6.307771096479854
2025-10-13,WEST,Sporting Goods,test,213.0,222.69222890352015,-9.692228903520146
2025-10-20,WEST,Sporting Goods,test,234.0,222.69222890352015,11.307771096479854
2025-10-27,WEST,Sporting Goods,test,226.0,222.69222890352015,3.307771096479854
2025-11-03,WEST,Sporting Goods,test,235.0,222.69222890352015,12.307771096479854
2025-11-10,WEST,Sporting Goods,test,237.0,222.69222890352015,14.307771096479854
2025-11-17,WEST,Sporting Goods,test,221.0,222.69222890352015,-1.6922289035201459
2025-11-24,WEST,Sporting Goods,test,218.0,222.69222890352015,-4.692228903520146
2025-12-01,WEST,Sporting Goods,test,251.0,222.69222890352015,28.307771096479854
2025-12-08,WEST,Sporting Goods,test,251.0,222.69222890352015,28.307771096479854
2025-12-15,WEST,Sporting Goods,test,239.0,222.69222890352015,16.307771096479854
2025-12-22,WEST,Sporting Goods,test,243.0,222.69222890352015,20.307771096479854
2024-01-01,WEST,Vehicles & Parts,train,196.0,200.87317824588504,-4.873178245885043
2024-01-08,WEST,Vehicles & Parts,train,198.0,200.87317824588504,-2.8731782458850432
2024-01-15,WEST,Vehicles & Parts,train,173.0,200.87317824588504,-27.873178245885043
2024-01-22,WEST,Vehicles & Parts,train,194.0,200.87317824588504,-6.873178245885043
2024-01-29,WEST,Vehicles & Parts,train,177.0,200.87317824588504,-23.873178245885043
2024-02-05,WEST,Vehicles & Parts,train,206.0,200.87317824588504,5.126821754114957
2024-02-12,WEST,Vehicles & Parts,train,201.0,200.87317824588504,0.12682175411495678
2024-02-19,WEST,Vehicles & Parts,train,199.0,200.87317824588504,-1.8731782458850432
2024-02-26,WEST,Vehicles & Parts,train,259.0,200.87317824588504,58.12682175411496
2024-03-04,WEST,Vehicles & Parts,train,234.0,230.45848560326488,3.541514396735124
2024-03-11,WEST,Vehicles & Parts,train,311.0,309.982932943519,1.0170670564809825
2024-03-18,WEST,Vehicles & Parts,train,343.0,340.48087255846616,2.51912744153384
2024-03-25,WEST,Vehicles & Parts,train,363.0,370.9788121734133,-7.978812173413303
2024-04-01,WEST,Vehicles & Parts,train,406.0,401.4767517883604,4.523248211639611
2024-04-08,WEST,Vehicles & Parts,train,392.0,391.9763297284333,0.02367027156668655
2024-04-15,WEST,Vehicles & Parts,train,238.0,230.45848560326488,7.541514396735124
2024-04-22,WEST,Vehicles & Parts,train,228.0,230.45848560326488,-2.458485603264876
2024-04-29,WEST,Vehicles & Parts,train,232.0,230.45848560326488,1.5415143967351241
2024-05-06,WEST,Vehicles & Parts,train,218.0,230.45848560326488,-12.458485603264876
2024-05-13,WEST,Vehicles & Parts,train,209.0,230.45848560326488,-21.458485603264876
2024-05-20,WEST,Vehicles & Parts,train,208.0,230.45848560326488,-22.458485603264876
2024-05-27,WEST,Vehicles & Parts,train,223.0,266.4835050417927,-43.48350504179268
2024-06-03,WEST,Vehicles & Parts,train,285.0,266.4835050417927,18.516494958207318
2024-06-10,WEST,Vehicles & Parts,train,246.0,266.4835050417927,-20.483505041792682
2024-06-17,WEST,Vehicles & Parts,train,290.0,266.4835050417927,23.516494958207318
2024-06-24,WEST,Vehicles & Parts,train,282.0,266.4835050417927,15.516494958207318
2024-07-01,WEST,Vehicles & Parts,train,264.0,266.4835050417927,-2.4835050417926823
2024-07-08,WEST,Vehicles & Parts,train,289.0,266.4835050417927,22.516494958207318
2024-07-15,WEST,Vehicles & Parts,train,280.0,266.4835050417927,13.516494958207318
2024-07-22,WEST,Vehicles & Parts,train,295.0,266.4835050417927,28.516494958207318
2024-07-29,WEST,Vehicles & Parts,train,253.0,266.4835050417927,-13.483505041792682
2024-08-05,WEST,Vehicles & Parts,train,297.0,266.4835050417927,30.516494958207318
2024-08-12,WEST,Vehicles & Parts,train,262.0,266.4835050417927,-4.483505041792682
2024-08-19,WEST,Vehicles & Parts,train,258.0,266.4835050417927,-8.483505041792682
2024-08-26,WEST,Vehicles & Parts,train,243.0,302.83755066126196,-59.83755066126196
2024-09-02,WEST,Vehicles & Parts,train,299.0,266.81253122273415,32.18746877726585
2024-09-09,WEST,Vehicles & Parts,train,291.0,266.81253122273415,24.18746877726585
2024-09-16,WEST,Vehicles & Parts,train,292.0,266.81253122273415,25.18746877726585
2024-09-23,WEST,Vehicles & Parts,train,283.0,266.81253122273415,16.18746877726585
2024-09-30,WEST,Vehicles & Parts,train,229.0,266.81253122273415,-37.81253122273415
2024-10-07,WEST,Vehicles & Parts,train,225.0,230.45848560326488,-5.458485603264876
2024-10-14,WEST,Vehicles & Parts,train,238.0,230.45848560326488,7.541514396735124
2024-10-21,WEST,Vehicles & Parts,train,227.0,230.45848560326488,-3.458485603264876
2024-10-28,WEST,Vehicles & Parts,train,218.0,230.45848560326488,-12.458485603264876
2024-11-04,WEST,Vehicles & Parts,validation,237.0,230.45848560326488,6.541514396735124
2024-11-11,WEST,Vehicles & Parts,validation,236.0,230.45848560326488,5.541514396735124
2024-11-18,WEST,Vehicles & Parts,validation,245.0,230.45848560326488,14.541514396735124
2024-11-25,WEST,Vehicles & Parts,validation,208.0,230.45848560326488,-22.458485603264876
2024-12-02,WEST,Vehicles & Parts,validation,237.0,230.45848560326488,6.541514396735124
2024-12-09,WEST,Vehicles & Parts,validation,258.0,230.45848560326488,27.541514396735124
2024-12-16,WEST,Vehicles & Parts,validation,254.0,230.45848560326488,23.541514396735124
2024-12-23,WEST,Vehicles & Parts,validation,236.0,230.45848560326488,5.541514396735124
2024-12-30,WEST,Vehicles & Parts,test,224.0,200.87317824588504,23.126821754114957
2025-01-06,WEST,Vehicles & Parts,test,197.0,200.87317824588504,-3.8731782458850432
2025-01-13,WEST,Vehicles & Parts,test,195.0,200.87317824588504,-5.873178245885043
2025-01-20,WEST,Vehicles & Parts,test,210.0,200.87317824588504,9.126821754114957
2025-01-27,WEST,Vehicles & Parts,test,180.0,200.87317824588504,-20.873178245885043
2025-02-03,WEST,Vehicles & Parts,test,162.0,200.87317824588504,-38.87317824588504
2025-02-10,WEST,Vehicles & Parts,test,192.0,200.87317824588504,-8.873178245885043
2025-02-17,WEST,Vehicles & Parts,test,197.0,200.87317824588504,-3.8731782458850432
2025-02-24,WEST,Vehicles & Parts,test,234.0,280.3976255861392,-46.39762558613921
2025-03-03,WEST,Vehicles & Parts,test,332.0,340.48087255846616,-8.48087255846616
2025-03-10,WEST,Vehicles & Parts,test,371.0,370.9788121734133,0.021187826586697156
2025-03-17,WEST,Vehicles & Parts,test,383.0,401.4767517883604,-18.47675178836039
2025-03-24,WEST,Vehicles & Parts,test,442.0,391.9763297284333,50.02367027156669
2025-03-31,WEST,Vehicles & Parts,test,235.0,230.45848560326488,4.541514396735124
2025-04-07,WEST,Vehicles & Parts,test,213.0,230.45848560326488,-17.458485603264876
2025-04-14,WEST,Vehicles & Parts,test,212.0,230.45848560326488,-18.458485603264876
2025-04-21,WEST,Vehicles & Parts,test,232.0,230.45848560326488,1.5415143967351241
2025-04-28,WEST,Vehicles & Parts,test,231.0,230.45848560326488,0.5415143967351241
2025-05-05,WEST,Vehicles & Parts,test,219.0,230.45848560326488,-11.458485603264876
2025-05-12,WEST,Vehicles & Parts,test,227.0,230.45848560326488,-3.458485603264876
2025-05-19,WEST,Vehicles & Parts,test,216.0,230.45848560326488,-14.458485603264876
2025-05-26,WEST,Vehicles & Parts,test,239.0,266.4835050417927,-27.483505041792682
2025-06-02,WEST,Vehicles & Parts,test,267.0,266.4835050417927,0.5164949582073177
2025-06-09,WEST,Vehicles & Parts,test,286.0,266.4835050417927,19.516494958207318
2025-06-16,WEST,Vehicles & Parts,test,282.0,266.4835050417927,15.516494958207318
2025-06-23,WEST,Vehicles & Parts,test,287.0,266.4835050417927,20.516494958207318
2025-06-30,WEST,Vehicles & Parts,test,288.0,266.4835050417927,21.516494958207318
2025-07-07,WEST,Vehicles & Parts,test,254.0,266.4835050417927,-12.483505041792682
2025-07-14,WEST,Vehicles & Parts,test,252.0,266.4835050417927,-14.483505041792682
2025-07-21,WEST,Vehicles & Parts,test,286.0,266.4835050417927,19.516494958207318
2025-07-28,WEST,Vehicles & Parts,test,264.0,266.4835050417927,-2.4835050417926823
2025-08-04,WEST,Vehicles & Parts,test,260.0,266.4835050417927,-6.483505041792682
2025-08-11,WEST,Vehicles & Parts,test,287.0,266.4835050417927,20.516494958207318
2025-08-18,WEST,Vehicles & Parts,test,292.0,266.4835050417927,25.516494958207318
2025-08-25,WEST,Vehicles & Parts,test,265.0,266.4835050417927,-1.4835050417926823
2025-09-01,WEST,Vehicles & Parts,test,266.0,266.81253122273415,-0.812531222734151
2025-09-08,WEST,Vehicles & Parts,test,284.0,266.81253122273415,17.18746877726585
2025-09-15,WEST,Vehicles & Parts,test,287.0,266.81253122273415,20.18746877726585
2025-09-22,WEST,Vehicles & Parts,test,290.0,266.81253122273415,23.18746877726585
2025-09-29,WEST,Vehicles & Parts,test,237.0,266.81253122273415,-29.81253122273415
2025-10-06,WEST,Vehicles & Parts,test,232.0,230.45848560326488,1.5415143967351241
2025-10-13,WEST,Vehicles & Parts,test,235.0,230.45848560326488,4.541514396735124
2025-10-20,WEST,Vehicles & Parts,test,233.0,230.45848560326488,2.541514396735124
2025-10-27,WEST,Vehicles & Parts,test,234.0,230.45848560326488,3.541514396735124
2025-11-03,WEST,Vehicles & Parts,test,217.0,230.45848560326488,-13.458485603264876
2025-11-10,WEST,Vehicles & Parts,test,236.0,230.45848560326488,5.541514396735124
2025-11-17,WEST,Vehicles & Parts,test,228.0,230.45848560326488,-2.458485603264876
2025-11-24,WEST,Vehicles & Parts,test,242.0,230.45848560326488,11.541514396735124
2025-12-01,WEST,Vehicles & Parts,test,240.0,230.45848560326488,9.541514396735124
2025-12-08,WEST,Vehicles & Parts,test,244.0,230.45848560326488,13.541514396735124
2025-12-15,WEST,Vehicles & Parts,test,253.0,230.45848560326488,22.541514396735124
2025-12-22,WEST,Vehicles & Parts,test,274.0,230.45848560326488,43.541514396735124
