week_start,region,parent_category,y,iso_year,iso_week,is_ramadan,ramadan_progress,is_eid_week,is_summer,is_rentree,is_winter,cat_season_multiplier,split
2024-01-01,EAST,Animals & Pet Supplies,256.0,2024,1,0,0.0,0,0,0,1,1.0,train
2024-01-08,EAST,Animals & Pet Supplies,240.0,2024,2,0,0.0,0,0,0,1,1.0,train
2024-01-15,EAST,Animals & Pet Supplies,254.0,2024,3,0,0.0,0,0,0,1,1.0,train
2024-01-22,EAST,Animals & Pet Supplies,262.0,2024,4,0,0.0,0,0,0,1,1.0,train
2024-01-29,EAST,Animals & Pet Supplies,255.0,2024,5,0,0.0,0,0,0,1,1.0,train
2024-02-05,EAST,Animals & Pet Supplies,267.0,2024,6,0,0.0,0,0,0,1,1.0,train
2024-02-12,EAST,Animals & Pet Supplies,246.0,2024,7,0,0.0,0,0,0,1,1.0,train
2024-02-19,EAST,Animals & Pet Supplies,259.0,2024,8,0,0.0,0,0,0,1,1.0,train
2024-02-26,EAST,Animals & Pet Supplies,293.0,2024,9,0,0.0,0,0,0,1,1.0,train
2024-03-04,EAST,Animals & Pet Supplies,313.0,2024,10,0,0.0,0,0,0,0,1.0,train
2024-03-11,EAST,Animals & Pet Supplies,445.0,2024,11,1,0.0,0,0,0,0,1.0,train
2024-03-18,EAST,Animals & Pet Supplies,472.0,2024,12,1,0.25,0,0,0,0,1.0,train
2024-03-25,EAST,Animals & Pet Supplies,543.0,2024,13,1,0.5,0,0,0,0,1.0,train
2024-04-01,EAST,Animals & Pet Supplies,569.0,2024,14,1,0.75,0,0,0,0,1.0,train
2024-04-08,EAST,Animals & Pet Supplies,509.0,2024,15,1,1.0,1,0,0,0,1.0,train
2024-04-15,EAST,Animals & Pet Supplies,286.0,2024,16,0,0.0,0,0,0,0,1.0,train
2024-04-22,EAST,Animals & Pet Supplies,302.0,2024,17,0,0.0,0,0,0,0,1.0,train
2024-04-29,EAST,Animals & Pet Supplies,301.0,2024,18,0,0.0,0,0,0,0,1.0,train
2024-05-06,EAST,Animals & Pet Supplies,317.0,2024,19,0,0.0,0,0,0,0,1.0,train
2024-05-13,EAST,Animals & Pet Supplies,262.0,2024,20,0,0.0,0,0,0,0,1.0,train
2024-05-20,EAST,Animals & Pet Supplies,271.0,2024,21,0,0.0,0,0,0,0,1.0,train
2024-05-27,EAST,Animals & Pet Supplies,321.0,2024,22,0,0.0,0,1,0,0,1.0,train
2024-06-03,EAST,Animals & Pet Supplies,334.0,2024,23,0,0.0,0,1,0,0,1.0,train
2024-06-10,EAST,Animals & Pet Supplies,357.0,2024,24,0,0.0,0,1,0,0,1.0,train
2024-06-17,EAST,Animals & Pet Supplies,343.0,2024,25,0,0.0,0,1,0,0,1.0,train
2024-06-24,EAST,Animals & Pet Supplies,338.0,2024,26,0,0.0,0,1,0,0,1.0,train
2024-07-01,EAST,Animals & Pet Supplies,334.0,2024,27,0,0.0,0,1,0,0,1.0,train
2024-07-08,EAST,Animals & Pet Supplies,334.0,2024,28,0,0.0,0,1,0,0,1.0,train
2024-07-15,EAST,Animals & Pet Supplies,364.0,2024,29,0,0.0,0,1,0,0,1.0,train
2024-07-22,EAST,Animals & Pet Supplies,322.0,2024,30,0,0.0,0,1,0,0,1.0,train
2024-07-29,EAST,Animals & Pet Supplies,338.0,2024,31,0,0.0,0,1,0,0,1.0,train
2024-08-05,EAST,Animals & Pet Supplies,351.0,2024,32,0,0.0,0,1,0,0,1.0,train
2024-08-12,EAST,Animals & Pet Supplies,336.0,2024,33,0,0.0,0,1,0,0,1.0,train
2024-08-19,EAST,Animals & Pet Supplies,354.0,2024,34,0,0.0,0,1,0,0,1.0,train
2024-08-26,EAST,Animals & Pet Supplies,346.0,2024,35,0,0.0,0,1,1,0,1.0,train
2024-09-02,EAST,Animals & Pet Supplies,393.0,2024,36,0,0.0,0,0,1,0,1.0,train
2024-09-09,EAST,Animals & Pet Supplies,363.0,2024,37,0,0.0,0,0,1,0,1.0,train
2024-09-16,EAST,Animals & Pet Supplies,374.0,2024,38,0,0.0,0,0,1,0,1.0,train
2024-09-23,EAST,Animals & Pet Supplies,391.0,2024,39,0,0.0,0,0,1,0,1.0,train
2024-09-30,EAST,Animals & Pet Supplies,304.0,2024,40,0,0.0,0,0,1,0,1.0,train
2024-10-07,EAST,Animals & Pet Supplies,310.0,2024,41,0,0.0,0,0,0,0,1.0,train
2024-10-14,EAST,Animals & Pet Supplies,291.0,2024,42,0,0.0,0,0,0,0,1.0,train
2024-10-21,EAST,Animals & Pet Supplies,324.0,2024,43,0,0.0,0,0,0,0,1.0,train
2024-10-28,EAST,Animals & Pet Supplies,332.0,2024,44,0,0.0,0,0,0,0,1.0,train
2024-11-04,EAST,Animals & Pet Supplies,313.0,2024,45,0,0.0,0,0,0,0,1.0,validation
2024-11-11,EAST,Animals & Pet Supplies,260.0,2024,46,0,0.0,0,0,0,0,1.0,validation
2024-11-18,EAST,Animals & Pet Supplies,286.0,2024,47,0,0.0,0,0,0,0,1.0,validation
2024-11-25,EAST,Animals & Pet Supplies,288.0,2024,48,0,0.0,0,0,0,0,1.0,validation
2024-12-02,EAST,Animals & Pet Supplies,314.0,2024,49,0,0.0,0,0,0,0,1.0,validation
2024-12-09,EAST,Animals & Pet Supplies,341.0,2024,50,0,0.0,0,0,0,0,1.0,validation
2024-12-16,EAST,Animals & Pet Supplies,348.0,2024,51,0,0.0,0,0,0,0,1.0,validation
2024-12-23,EAST,Animals & Pet Supplies,350.0,2024,52,0,0.0,0,0,0,0,1.0,validation
2024-12-30,EAST,Animals & Pet Supplies,274.0,2025,1,0,0.0,0,0,0,1,1.0,test
2025-01-06,EAST,Animals & Pet Supplies,269.0,2025,2,0,0.0,0,0,0,1,1.0,test
2025-01-13,EAST,Animals & Pet Supplies,240.0,2025,3,0,0.0,0,0,0,1,1.0,test
2025-01-20,EAST,Animals & Pet Supplies,265.0,2025,4,0,0.0,0,0,0,1,1.0,test
2025-01-27,EAST,Animals & Pet Supplies,251.0,2025,5,0,0.0,0,0,0,1,1.0,test
2025-02-03,EAST,Animals & Pet Supplies,257.0,2025,6,0,0.0,0,0,0,1,1.0,test
2025-02-10,EAST,Animals & Pet Supplies,305.0,2025,7,0,0.0,0,0,0,1,1.0,test
2025-02-17,EAST,Animals & Pet Supplies,252.0,2025,8,0,0.0,0,0,0,1,1.0,test
2025-02-24,EAST,Animals & Pet Supplies,309.0,2025,9,1,0.0,0,0,0,1,1.0,test
2025-03-03,EAST,Animals & Pet Supplies,408.0,2025,10,1,0.25,0,0,0,0,1.0,test
2025-03-10,EAST,Animals & Pet Supplies,498.0,2025,11,1,0.5,0,0,0,0,1.0,test
2025-03-17,EAST,Animals & Pet Supplies,513.0,2025,12,1,0.75,0,0,0,0,1.0,test
2025-03-24,EAST,Animals & Pet Supplies,544.0,2025,13,1,1.0,1,0,0,0,1.0,test
2025-03-31,EAST,Animals & Pet Supplies,285.0,2025,14,0,0.0,0,0,0,0,1.0,test
2025-04-07,EAST,Animals & Pet Supplies,288.0,2025,15,0,0.0,0,0,0,0,1.0,test
2025-04-14,EAST,Animals & Pet Supplies,262.0,2025,16,0,0.0,0,0,0,0,1.0,test
2025-04-21,EAST,Animals & Pet Supplies,303.0,2025,17,0,0.0,0,0,0,0,1.0,test
2025-04-28,EAST,Animals & Pet Supplies,292.0,2025,18,0,0.0,0,0,0,0,1.0,test
2025-05-05,EAST,Animals & Pet Supplies,298.0,2025,19,0,0.0,0,0,0,0,1.0,test
2025-05-12,EAST,Animals & Pet Supplies,323.0,2025,20,0,0.0,0,0,0,0,1.0,test
2025-05-19,EAST,Animals & Pet Supplies,281.0,2025,21,0,0.0,0,0,0,0,1.0,test
2025-05-26,EAST,Animals & Pet Supplies,298.0,2025,22,0,0.0,0,1,0,0,1.0,test
2025-06-02,EAST,Animals & Pet Supplies,351.0,2025,23,0,0.0,0,1,0,0,1.0,test
2025-06-09,EAST,Animals & Pet Supplies,361.0,2025,24,0,0.0,0,1,0,0,1.0,test
2025-06-16,EAST,Animals & Pet Supplies,356.0,2025,25,0,0.0,0,1,0,0,1.0,test
2025-06-23,EAST,Animals & Pet Supplies,345.0,2025,26,0,0.0,0,1,0,0,1.0,test
2025-06-30,EAST,Animals & Pet Supplies,337.0,2025,27,0,0.0,0,1,0,0,1.0,test
2025-07-07,EAST,Animals & Pet Supplies,343.0,2025,28,0,0.0,0,1,0,0,1.0,test
2025-07-14,EAST,Animals & Pet Supplies,339.0,2025,29,0,0.0,0,1,0,0,1.0,test
2025-07-21,EAST,Animals & Pet Supplies,373.0,2025,30,0,0.0,0,1,0,0,1.0,test
2025-07-28,EAST,Animals & Pet Supplies,347.0,2025,31,0,0.0,0,1,0,0,1.0,test
2025-08-04,EAST,Animals & Pet Supplies,340.0,2025,32,0,0.0,0,1,0,0,1.0,test
2025-08-11,EAST,Animals & Pet Supplies,352.0,2025,33,0,0.0,0,1,0,0,1.0,test
2025-08-18,EAST,Animals & Pet Supplies,354.0,2025,34,0,0.0,0,1,0,0,1.0,test
2025-08-25,EAST,Animals & Pet Supplies,360.0,2025,35,0,0.0,0,1,0,0,1.0,test
2025-09-01,EAST,Animals & Pet Supplies,374.0,2025,36,0,0.0,0,0,1,0,1.0,test
2025-09-08,EAST,Animals & Pet Supplies,374.0,2025,37,0,0.0,0,0,1,0,1.0,test
2025-09-15,EAST,Animals & Pet Supplies,399.0,2025,38,0,0.0,0,0,1,0,1.0,test
2025-09-22,EAST,Animals & Pet Supplies,403.0,2025,39,0,0.0,0,0,1,0,1.0,test
2025-09-29,EAST,Animals & Pet Supplies,291.0,2025,40,0,0.0,0,0,1,0,1.0,test
2025-10-06,EAST,Animals & Pet Supplies,268.0,2025,41,0,0.0,0,0,0,0,1.0,test
2025-10-13,EAST,Animals & Pet Supplies,294.0,2025,42,0,0.0,0,0,0,0,1.0,test
2025-10-20,EAST,Animals & Pet Supplies,273.0,2025,43,0,0.0,0,0,0,0,1.0,test
2025-10-27,EAST,Animals & Pet Supplies,288.0,2025,44,0,0.0,0,0,0,0,1.0,test
2025-11-03,EAST,Animals & Pet Supplies,263.0,2025,45,0,0.0,0,0,0,0,1.0,test
2025-11-10,EAST,Animals & Pet Supplies,299.0,2025,46,0,0.0,0,0,0,0,1.0,test
2025-11-17,EAST,Animals & Pet Supplies,304.0,2025,47,0,0.0,0,0,0,0,1.0,test
2025-11-24,EAST,Animals & Pet Supplies,283.0,2025,48,0,0.0,0,0,0,0,1.0,test
2025-12-01,EAST,Animals & Pet Supplies,315.0,2025,49,0,0.0,0,0,0,0,1.0,test
2025-12-08,EAST,Animals & Pet Supplies,327.0,2025,50,0,0.0,0,0,0,0,1.0,test
2025-12-15,EAST,Animals & Pet Supplies,309.0,2025,51,0,0.0,0,0,0,0,1.0,test
2025-12-22,EAST,Animals & Pet Supplies,339.0,2025,52,0,0.0,0,0,0,0,1.0,test
2024-01-01,EAST,Apparel & Accessories,510.0,2024,1,0,0.0,0,0,0,1,1.0,train
2024-01-08,EAST,Apparel & Accessories,517.0,2024,2,0,0.0,0,0,0,1,1.0,train
2024-01-15,EAST,Apparel & Accessories,519.0,2024,3,0,0.0,0,0,0,1,1.0,train
2024-01-22,EAST,Apparel & Accessories,492.0,2024,4,0,0.0,0,0,0,1,1.0,train
2024-01-29,EAST,Apparel & Accessories,530.0,2024,5,0,0.0,0,0,0,1,1.0,train
2024-02-05,EAST,Apparel & Accessories,501.0,2024,6,0,0.0,0,0,0,1,1.0,train
2024-02-12,EAST,Apparel & Accessories,540.0,2024,7,0,0.0,0,0,0,1,1.0,train
2024-02-19,EAST,Apparel & Accessories,530.0,2024,8,0,0.0,0,0,0,1,1.0,train
2024-02-26,EAST,Apparel & Accessories,544.0,2024,9,0,0.0,0,0,0,1,1.0,train
2024-03-04,EAST,Apparel & Accessories,637.0,2024,10,0,0.0,0,0,0,0,1.0,train
2024-03-11,EAST,Apparel & Accessories,822.0,2024,11,1,0.0,0,0,0,0,1.0,train
2024-03-18,EAST,Apparel & Accessories,947.0,2024,12,1,0.25,0,0,0,0,1.0,train
2024-03-25,EAST,Apparel & Accessories,995.0,2024,13,1,0.5,0,0,0,0,1.0,train
2024-04-01,EAST,Apparel & Accessories,1073.0,2024,14,1,0.75,0,0,0,0,1.0,train
2024-04-08,EAST,Apparel & Accessories,983.0,2024,15,1,1.0,1,0,0,0,1.5,train
2024-04-15,EAST,Apparel & Accessories,536.0,2024,16,0,0.0,0,0,0,0,1.0,train
2024-04-22,EAST,Apparel & Accessories,577.0,2024,17,0,0.0,0,0,0,0,1.0,train
2024-04-29,EAST,Apparel & Accessories,564.0,2024,18,0,0.0,0,0,0,0,1.0,train
2024-05-06,EAST,Apparel & Accessories,578.0,2024,19,0,0.0,0,0,0,0,1.0,train
2024-05-13,EAST,Apparel & Accessories,596.0,2024,20,0,0.0,0,0,0,0,1.0,train
2024-05-20,EAST,Apparel & Accessories,590.0,2024,21,0,0.0,0,0,0,0,1.0,train
2024-05-27,EAST,Apparel & Accessories,619.0,2024,22,0,0.0,0,1,0,0,1.0,train
2024-06-03,EAST,Apparel & Accessories,685.0,2024,23,0,0.0,0,1,0,0,1.0,train
2024-06-10,EAST,Apparel & Accessories,686.0,2024,24,0,0.0,0,1,0,0,1.0,train
2024-06-17,EAST,Apparel & Accessories,696.0,2024,25,0,0.0,0,1,0,0,1.0,train
2024-06-24,EAST,Apparel & Accessories,742.0,2024,26,0,0.0,0,1,0,0,1.0,train
2024-07-01,EAST,Apparel & Accessories,711.0,2024,27,0,0.0,0,1,0,0,1.0,train
2024-07-08,EAST,Apparel & Accessories,710.0,2024,28,0,0.0,0,1,0,0,1.0,train
2024-07-15,EAST,Apparel & Accessories,672.0,2024,29,0,0.0,0,1,0,0,1.0,train
2024-07-22,EAST,Apparel & Accessories,703.0,2024,30,0,0.0,0,1,0,0,1.0,train
2024-07-29,EAST,Apparel & Accessories,696.0,2024,31,0,0.0,0,1,0,0,1.0,train
2024-08-05,EAST,Apparel & Accessories,684.0,2024,32,0,0.0,0,1,0,0,1.0,train
2024-08-12,EAST,Apparel & Accessories,729.0,2024,33,0,0.0,0,1,0,0,1.0,train
2024-08-19,EAST,Apparel & Accessories,693.0,2024,34,0,0.0,0,1,0,0,1.0,train
2024-08-26,EAST,Apparel & Accessories,696.0,2024,35,0,0.0,0,1,1,0,1.0,train
2024-09-02,EAST,Apparel & Accessories,676.0,2024,36,0,0.0,0,0,1,0,1.0,train
2024-09-09,EAST,Apparel & Accessories,750.0,2024,37,0,0.0,0,0,1,0,1.0,train
2024-09-16,EAST,Apparel & Accessories,739.0,2024,38,0,0.0,0,0,1,0,1.0,train
2024-09-23,EAST,Apparel & Accessories,761.0,2024,39,0,0.0,0,0,1,0,1.0,train
2024-09-30,EAST,Apparel & Accessories,595.0,2024,40,0,0.0,0,0,1,0,1.0,train
2024-10-07,EAST,Apparel & Accessories,620.0,2024,41,0,0.0,0,0,0,0,1.0,train
2024-10-14,EAST,Apparel & Accessories,622.0,2024,42,0,0.0,0,0,0,0,1.0,train
2024-10-21,EAST,Apparel & Accessories,579.0,2024,43,0,0.0,0,0,0,0,1.0,train
2024-10-28,EAST,Apparel & Accessories,582.0,2024,44,0,0.0,0,0,0,0,1.0,train
2024-11-04,EAST,Apparel & Accessories,595.0,2024,45,0,0.0,0,0,0,0,1.0,validation
2024-11-11,EAST,Apparel & Accessories,578.0,2024,46,0,0.0,0,0,0,0,1.0,validation
2024-11-18,EAST,Apparel & Accessories,590.0,2024,47,0,0.0,0,0,0,0,1.0,validation
2024-11-25,EAST,Apparel & Accessories,599.0,2024,48,0,0.0,0,0,0,0,1.0,validation
2024-12-02,EAST,Apparel & Accessories,605.0,2024,49,0,0.0,0,0,0,0,1.0,validation
2024-12-09,EAST,Apparel & Accessories,681.0,2024,50,0,0.0,0,0,0,0,1.0,validation
2024-12-16,EAST,Apparel & Accessories,625.0,2024,51,0,0.0,0,0,0,0,1.0,validation
2024-12-23,EAST,Apparel & Accessories,652.0,2024,52,0,0.0,0,0,0,0,1.0,validation
2024-12-30,EAST,Apparel & Accessories,598.0,2025,1,0,0.0,0,0,0,1,1.0,test
2025-01-06,EAST,Apparel & Accessories,544.0,2025,2,0,0.0,0,0,0,1,1.0,test
2025-01-13,EAST,Apparel & Accessories,488.0,2025,3,0,0.0,0,0,0,1,1.0,test
2025-01-20,EAST,Apparel & Accessories,518.0,2025,4,0,0.0,0,0,0,1,1.0,test
2025-01-27,EAST,Apparel & Accessories,517.0,2025,5,0,0.0,0,0,0,1,1.0,test
2025-02-03,EAST,Apparel & Accessories,522.0,2025,6,0,0.0,0,0,0,1,1.0,test
2025-02-10,EAST,Apparel & Accessories,535.0,2025,7,0,0.0,0,0,0,1,1.0,test
2025-02-17,EAST,Apparel & Accessories,489.0,2025,8,0,0.0,0,0,0,1,1.0,test
2025-02-24,EAST,Apparel & Accessories,670.0,2025,9,1,0.0,0,0,0,1,1.0,test
2025-03-03,EAST,Apparel & Accessories,895.0,2025,10,1,0.25,0,0,0,0,1.0,test
2025-03-10,EAST,Apparel & Accessories,942.0,2025,11,1,0.5,0,0,0,0,1.0,test
2025-03-17,EAST,Apparel & Accessories,1034.0,2025,12,1,0.75,0,0,0,0,1.0,test
2025-03-24,EAST,Apparel & Accessories,1071.0,2025,13,1,1.0,1,0,0,0,1.5,test
2025-03-31,EAST,Apparel & Accessories,593.0,2025,14,0,0.0,0,0,0,0,1.0,test
2025-04-07,EAST,Apparel & Accessories,572.0,2025,15,0,0.0,0,0,0,0,1.0,test
2025-04-14,EAST,Apparel & Accessories,588.0,2025,16,0,0.0,0,0,0,0,1.0,test
2025-04-21,EAST,Apparel & Accessories,621.0,2025,17,0,0.0,0,0,0,0,1.0,test
2025-04-28,EAST,Apparel & Accessories,609.0,2025,18,0,0.0,0,0,0,0,1.0,test
2025-05-05,EAST,Apparel & Accessories,574.0,2025,19,0,0.0,0,0,0,0,1.0,test
2025-05-12,EAST,Apparel & Accessories,562.0,2025,20,0,0.0,0,0,0,0,1.0,test
2025-05-19,EAST,Apparel & Accessories,630.0,2025,21,0,0.0,0,0,0,0,1.0,test
2025-05-26,EAST,Apparel & Accessories,536.0,2025,22,0,0.0,0,1,0,0,1.0,test
2025-06-02,EAST,Apparel & Accessories,701.0,2025,23,0,0.0,0,1,0,0,1.0,test
2025-06-09,EAST,Apparel & Accessories,708.0,2025,24,0,0.0,0,1,0,0,1.0,test
2025-06-16,EAST,Apparel & Accessories,752.0,2025,25,0,0.0,0,1,0,0,1.0,test
2025-06-23,EAST,Apparel & Accessories,669.0,2025,26,0,0.0,0,1,0,0,1.0,test
2025-06-30,EAST,Apparel & Accessories,665.0,2025,27,0,0.0,0,1,0,0,1.0,test
2025-07-07,EAST,Apparel & Accessories,686.0,2025,28,0,0.0,0,1,0,0,1.0,test
2025-07-14,EAST,Apparel & Accessories,681.0,2025,29,0,0.0,0,1,0,0,1.0,test
2025-07-21,EAST,Apparel & Accessories,728.0,2025,30,0,0.0,0,1,0,0,1.0,test
2025-07-28,EAST,Apparel & Accessories,678.0,2025,31,0,0.0,0,1,0,0,1.0,test
2025-08-04,EAST,Apparel & Accessories,648.0,2025,32,0,0.0,0,1,0,0,1.0,test
2025-08-11,EAST,Apparel & Accessories,654.0,2025,33,0,0.0,0,1,0,0,1.0,test
2025-08-18,EAST,Apparel & Accessories,691.0,2025,34,0,0.0,0,1,0,0,1.0,test
2025-08-25,EAST,Apparel & Accessories,708.0,2025,35,0,0.0,0,1,0,0,1.0,test
2025-09-01,EAST,Apparel & Accessories,782.0,2025,36,0,0.0,0,0,1,0,1.0,test
2025-09-08,EAST,Apparel & Accessories,812.0,2025,37,0,0.0,0,0,1,0,1.0,test
2025-09-15,EAST,Apparel & Accessories,788.0,2025,38,0,0.0,0,0,1,0,1.0,test
2025-09-22,EAST,Apparel & Accessories,763.0,2025,39,0,0.0,0,0,1,0,1.0,test
2025-09-29,EAST,Apparel & Accessories,604.0,2025,40,0,0.0,0,0,1,0,1.0,test
2025-10-06,EAST,Apparel & Accessories,584.0,2025,41,0,0.0,0,0,0,0,1.0,test
2025-10-13,EAST,Apparel & Accessories,599.0,2025,42,0,0.0,0,0,0,0,1.0,test
2025-10-20,EAST,Apparel & Accessories,613.0,2025,43,0,0.0,0,0,0,0,1.0,test
2025-10-27,EAST,Apparel & Accessories,627.0,2025,44,0,0.0,0,0,0,0,1.0,test
2025-11-03,EAST,Apparel & Accessories,579.0,2025,45,0,0.0,0,0,0,0,1.0,test
2025-11-10,EAST,Apparel & Accessories,600.0,2025,46,0,0.0,0,0,0,0,1.0,test
2025-11-17,EAST,Apparel & Accessories,624.0,2025,47,0,0.0,0,0,0,0,1.0,test
2025-11-24,EAST,Apparel & Accessories,581.0,2025,48,0,0.0,0,0,0,0,1.0,test
2025-12-01,EAST,Apparel & Accessories,658.0,2025,49,0,0.0,0,0,0,0,1.0,test
2025-12-08,EAST,Apparel & Accessories,586.0,2025,50,0,0.0,0,0,0,0,1.0,test
2025-12-15,EAST,Apparel & Accessories,660.0,2025,51,0,0.0,0,0,0,0,1.0,test
2025-12-22,EAST,Apparel & Accessories,671.0,2025,52,0,0.0,0,0,0,0,1.0,test
2024-01-01,EAST,Arts & Entertainment,455.0,2024,1,0,0.0,0,0,0,1,1.0,train
2024-01-08,EAST,Arts & Entertainment,477.0,2024,2,0,0.0,0,0,0,1,1.0,train
2024-01-15,EAST,Arts & Entertainment,469.0,2024,3,0,0.0,0,0,0,1,1.0,train
2024-01-22,EAST,Arts & Entertainment,498.0,2024,4,0,0.0,0,0,0,1,1.0,train
2024-01-29,EAST,Arts & Entertainment,435.0,2024,5,0,0.0,0,0,0,1,1.0,train
2024-02-05,EAST,Arts & Entertainment,460.0,2024,6,0,0.0,0,0,0,1,1.0,train
2024-02-12,EAST,Arts & Entertainment,473.0,2024,7,0,0.0,0,0,0,1,1.0,train
2024-02-19,EAST,Arts & Entertainment,431.0,2024,8,0,0.0,0,0,0,1,1.0,train
2024-02-26,EAST,Arts & Entertainment,457.0,2024,9,0,0.0,0,0,0,1,1.0,train
2024-03-04,EAST,Arts & Entertainment,566.0,2024,10,0,0.0,0,0,0,0,1.0,train
2024-03-11,EAST,Arts & Entertainment,737.0,2024,11,1,0.0,0,0,0,0,1.0,train
2024-03-18,EAST,Arts & Entertainment,822.0,2024,12,1,0.25,0,0,0,0,1.0,train
2024-03-25,EAST,Arts & Entertainment,892.0,2024,13,1,0.5,0,0,0,0,1.0,train
2024-04-01,EAST,Arts & Entertainment,964.0,2024,14,1,0.75,0,0,0,0,1.0,train
2024-04-08,EAST,Arts & Entertainment,878.0,2024,15,1,1.0,1,0,0,0,1.0,train
2024-04-15,EAST,Arts & Entertainment,526.0,2024,16,0,0.0,0,0,0,0,1.0,train
2024-04-22,EAST,Arts & Entertainment,550.0,2024,17,0,0.0,0,0,0,0,1.0,train
2024-04-29,EAST,Arts & Entertainment,488.0,2024,18,0,0.0,0,0,0,0,1.0,train
2024-05-06,EAST,Arts & Entertainment,516.0,2024,19,0,0.0,0,0,0,0,1.0,train
2024-05-13,EAST,Arts & Entertainment,493.0,2024,20,0,0.0,0,0,0,0,1.0,train
2024-05-20,EAST,Arts & Entertainment,513.0,2024,21,0,0.0,0,0,0,0,1.0,train
2024-05-27,EAST,Arts & Entertainment,505.0,2024,22,0,0.0,0,1,0,0,1.4,train
2024-06-03,EAST,Arts & Entertainment,636.0,2024,23,0,0.0,0,1,0,0,1.4,train
2024-06-10,EAST,Arts & Entertainment,618.0,2024,24,0,0.0,0,1,0,0,1.4,train
2024-06-17,EAST,Arts & Entertainment,635.0,2024,25,0,0.0,0,1,0,0,1.4,train
2024-06-24,EAST,Arts & Entertainment,642.0,2024,26,0,0.0,0,1,0,0,1.4,train
2024-07-01,EAST,Arts & Entertainment,589.0,2024,27,0,0.0,0,1,0,0,1.4,train
2024-07-08,EAST,Arts & Entertainment,579.0,2024,28,0,0.0,0,1,0,0,1.4,train
2024-07-15,EAST,Arts & Entertainment,641.0,2024,29,0,0.0,0,1,0,0,1.4,train
2024-07-22,EAST,Arts & Entertainment,630.0,2024,30,0,0.0,0,1,0,0,1.4,train
2024-07-29,EAST,Arts & Entertainment,606.0,2024,31,0,0.0,0,1,0,0,1.4,train
2024-08-05,EAST,Arts & Entertainment,626.0,2024,32,0,0.0,0,1,0,0,1.4,train
2024-08-12,EAST,Arts & Entertainment,591.0,2024,33,0,0.0,0,1,0,0,1.4,train
2024-08-19,EAST,Arts & Entertainment,625.0,2024,34,0,0.0,0,1,0,0,1.4,train
2024-08-26,EAST,Arts & Entertainment,624.0,2024,35,0,0.0,0,1,1,0,1.4,train
2024-09-02,EAST,Arts & Entertainment,643.0,2024,36,0,0.0,0,0,1,0,1.0,train
2024-09-09,EAST,Arts & Entertainment,628.0,2024,37,0,0.0,0,0,1,0,1.0,train
2024-09-16,EAST,Arts & Entertainment,665.0,2024,38,0,0.0,0,0,1,0,1.0,train
2024-09-23,EAST,Arts & Entertainment,683.0,2024,39,0,0.0,0,0,1,0,1.0,train
2024-09-30,EAST,Arts & Entertainment,546.0,2024,40,0,0.0,0,0,1,0,1.0,train
2024-10-07,EAST,Arts & Entertainment,470.0,2024,41,0,0.0,0,0,0,0,1.0,train
2024-10-14,EAST,Arts & Entertainment,496.0,2024,42,0,0.0,0,0,0,0,1.0,train
2024-10-21,EAST,Arts & Entertainment,530.0,2024,43,0,0.0,0,0,0,0,1.0,train
2024-10-28,EAST,Arts & Entertainment,516.0,2024,44,0,0.0,0,0,0,0,1.0,train
2024-11-04,EAST,Arts & Entertainment,509.0,2024,45,0,0.0,0,0,0,0,1.0,validation
2024-11-11,EAST,Arts & Entertainment,529.0,2024,46,0,0.0,0,0,0,0,1.0,validation
2024-11-18,EAST,Arts & Entertainment,501.0,2024,47,0,0.0,0,0,0,0,1.0,validation
2024-11-25,EAST,Arts & Entertainment,490.0,2024,48,0,0.0,0,0,0,0,1.0,validation
2024-12-02,EAST,Arts & Entertainment,516.0,2024,49,0,0.0,0,0,0,0,1.0,validation
2024-12-09,EAST,Arts & Entertainment,555.0,2024,50,0,0.0,0,0,0,0,1.0,validation
2024-12-16,EAST,Arts & Entertainment,544.0,2024,51,0,0.0,0,0,0,0,1.0,validation
2024-12-23,EAST,Arts & Entertainment,548.0,2024,52,0,0.0,0,0,0,0,1.0,validation
2024-12-30,EAST,Arts & Entertainment,499.0,2025,1,0,0.0,0,0,0,1,1.0,test
2025-01-06,EAST,Arts & Entertainment,468.0,2025,2,0,0.0,0,0,0,1,1.0,test
2025-01-13,EAST,Arts & Entertainment,499.0,2025,3,0,0.0,0,0,0,1,1.0,test
2025-01-20,EAST,Arts & Entertainment,471.0,2025,4,0,0.0,0,0,0,1,1.0,test
2025-01-27,EAST,Arts & Entertainment,487.0,2025,5,0,0.0,0,0,0,1,1.0,test
2025-02-03,EAST,Arts & Entertainment,427.0,2025,6,0,0.0,0,0,0,1,1.0,test
2025-02-10,EAST,Arts & Entertainment,453.0,2025,7,0,0.0,0,0,0,1,1.0,test
2025-02-17,EAST,Arts & Entertainment,428.0,2025,8,0,0.0,0,0,0,1,1.0,test
2025-02-24,EAST,Arts & Entertainment,537.0,2025,9,1,0.0,0,0,0,1,1.0,test
2025-03-03,EAST,Arts & Entertainment,770.0,2025,10,1,0.25,0,0,0,0,1.0,test
2025-03-10,EAST,Arts & Entertainment,829.0,2025,11,1,0.5,0,0,0,0,1.0,test
2025-03-17,EAST,Arts & Entertainment,917.0,2025,12,1,0.75,0,0,0,0,1.0,test
2025-03-24,EAST,Arts & Entertainment,938.0,2025,13,1,1.0,1,0,0,0,1.0,test
2025-03-31,EAST,Arts & Entertainment,489.0,2025,14,0,0.0,0,0,0,0,1.0,test
2025-04-07,EAST,Arts & Entertainment,510.0,2025,15,0,0.0,0,0,0,0,1.0,test
2025-04-14,EAST,Arts & Entertainment,505.0,2025,16,0,0.0,0,0,0,0,1.0,test
2025-04-21,EAST,Arts & Entertainment,537.0,2025,17,0,0.0,0,0,0,0,1.0,test
2025-04-28,EAST,Arts & Entertainment,526.0,2025,18,0,0.0,0,0,0,0,1.0,test
2025-05-05,EAST,Arts & Entertainment,470.0,2025,19,0,0.0,0,0,0,0,1.0,test
2025-05-12,EAST,Arts & Entertainment,479.0,2025,20,0,0.0,0,0,0,0,1.0,test
2025-05-19,EAST,Arts & Entertainment,504.0,2025,21,0,0.0,0,0,0,0,1.0,test
2025-05-26,EAST,Arts & Entertainment,543.0,2025,22,0,0.0,0,1,0,0,1.4,test
2025-06-02,EAST,Arts & Entertainment,570.0,2025,23,0,0.0,0,1,0,0,1.4,test
2025-06-09,EAST,Arts & Entertainment,608.0,2025,24,0,0.0,0,1,0,0,1.4,test
2025-06-16,EAST,Arts & Entertainment,671.0,2025,25,0,0.0,0,1,0,0,1.4,test
2025-06-23,EAST,Arts & Entertainment,618.0,2025,26,0,0.0,0,1,0,0,1.4,test
2025-06-30,EAST,Arts & Entertainment,605.0,2025,27,0,0.0,0,1,0,0,1.4,test
2025-07-07,EAST,Arts & Entertainment,597.0,2025,28,0,0.0,0,1,0,0,1.4,test
2025-07-14,EAST,Arts & Entertainment,612.0,2025,29,0,0.0,0,1,0,0,1.4,test
2025-07-21,EAST,Arts & Entertainment,628.0,2025,30,0,0.0,0,1,0,0,1.4,test
2025-07-28,EAST,Arts & Entertainment,575.0,2025,31,0,0.0,0,1,0,0,1.4,test
2025-08-04,EAST,Arts & Entertainment,581.0,2025,32,0,0.0,0,1,0,0,1.4,test
2025-08-11,EAST,Arts & Entertainment,567.0,2025,33,0,0.0,0,1,0,0,1.4,test
2025-08-18,EAST,Arts & Entertainment,594.0,2025,34,0,0.0,0,1,0,0,1.4,test
2025-08-25,EAST,Arts & Entertainment,587.0,2025,35,0,0.0,0,1,0,0,1.4,test
2025-09-01,EAST,Arts & Entertainment,681.0,2025,36,0,0.0,0,0,1,0,1.0,test
2025-09-08,EAST,Arts & Entertainment,673.0,2025,37,0,0.0,0,0,1,0,1.0,test
2025-09-15,EAST,Arts & Entertainment,705.0,2025,38,0,0.0,0,0,1,0,1.0,test
2025-09-22,EAST,Arts & Entertainment,690.0,2025,39,0,0.0,0,0,1,0,1.0,test
2025-09-29,EAST,Arts & Entertainment,545.0,2025,40,0,0.0,0,0,1,0,1.0,test
2025-10-06,EAST,Arts & Entertainment,520.0,2025,41,0,0.0,0,0,0,0,1.0,test
2025-10-13,EAST,Arts & Entertainment,471.0,2025,42,0,0.0,0,0,0,0,1.0,test
2025-10-20,EAST,Arts & Entertainment,489.0,2025,43,0,0.0,0,0,0,0,1.0,test
2025-10-27,EAST,Arts & Entertainment,481.0,2025,44,0,0.0,0,0,0,0,1.0,test
2025-11-03,EAST,Arts & Entertainment,522.0,2025,45,0,0.0,0,0,0,0,1.0,test
2025-11-10,EAST,Arts & Entertainment,507.0,2025,46,0,0.0,0,0,0,0,1.0,test
2025-11-17,EAST,Arts & Entertainment,513.0,2025,47,0,0.0,0,0,0,0,1.0,test
2025-11-24,EAST,Arts & Entertainment,514.0,2025,48,0,0.0,0,0,0,0,1.0,test
2025-12-01,EAST,Arts & Entertainment,570.0,2025,49,0,0.0,0,0,0,0,1.0,test
2025-12-08,EAST,Arts & Entertainment,610.0,2025,50,0,0.0,0,0,0,0,1.0,test
2025-12-15,EAST,Arts & Entertainment,571.0,2025,51,0,0.0,0,0,0,0,1.0,test
2025-12-22,EAST,Arts & Entertainment,569.0,2025,52,0,0.0,0,0,0,0,1.0,test
2024-01-01,EAST,Baby & Toddler,265.0,2024,1,0,0.0,0,0,0,1,1.0,train
2024-01-08,EAST,Baby & Toddler,242.0,2024,2,0,0.0,0,0,0,1,1.0,train
2024-01-15,EAST,Baby & Toddler,282.0,2024,3,0,0.0,0,0,0,1,1.0,train
2024-01-22,EAST,Baby & Toddler,291.0,2024,4,0,0.0,0,0,0,1,1.0,train
2024-01-29,EAST,Baby & Toddler,256.0,2024,5,0,0.0,0,0,0,1,1.0,train
2024-02-05,EAST,Baby & Toddler,272.0,2024,6,0,0.0,0,0,0,1,1.0,train
2024-02-12,EAST,Baby & Toddler,268.0,2024,7,0,0.0,0,0,0,1,1.0,train
2024-02-19,EAST,Baby & Toddler,251.0,2024,8,0,0.0,0,0,0,1,1.0,train
2024-02-26,EAST,Baby & Toddler,271.0,2024,9,0,0.0,0,0,0,1,1.0,train
2024-03-04,EAST,Baby & Toddler,328.0,2024,10,0,0.0,0,0,0,0,1.0,train
2024-03-11,EAST,Baby & Toddler,422.0,2024,11,1,0.0,0,0,0,0,1.0,train
2024-03-18,EAST,Baby & Toddler,464.0,2024,12,1,0.25,0,0,0,0,1.0,train
2024-03-25,EAST,Baby & Toddler,510.0,2024,13,1,0.5,0,0,0,0,1.0,train
2024-04-01,EAST,Baby & Toddler,537.0,2024,14,1,0.75,0,0,0,0,1.0,train
2024-04-08,EAST,Baby & Toddler,500.0,2024,15,1,1.0,1,0,0,0,1.0,train
2024-04-15,EAST,Baby & Toddler,287.0,2024,16,0,0.0,0,0,0,0,1.0,train
2024-04-22,EAST,Baby & Toddler,279.0,2024,17,0,0.0,0,0,0,0,1.0,train
2024-04-29,EAST,Baby & Toddler,280.0,2024,18,0,0.0,0,0,0,0,1.0,train
2024-05-06,EAST,Baby & Toddler,291.0,2024,19,0,0.0,0,0,0,0,1.0,train
2024-05-13,EAST,Baby & Toddler,284.0,2024,20,0,0.0,0,0,0,0,1.0,train
2024-05-20,EAST,Baby & Toddler,259.0,2024,21,0,0.0,0,0,0,0,1.0,train
2024-05-27,EAST,Baby & Toddler,287.0,2024,22,0,0.0,0,1,0,0,1.0,train
2024-06-03,EAST,Baby & Toddler,341.0,2024,23,0,0.0,0,1,0,0,1.0,train
2024-06-10,EAST,Baby & Toddler,366.0,2024,24,0,0.0,0,1,0,0,1.0,train
2024-06-17,EAST,Baby & Toddler,338.0,2024,25,0,0.0,0,1,0,0,1.0,train
2024-06-24,EAST,Baby & Toddler,351.0,2024,26,0,0.0,0,1,0,0,1.0,train
2024-07-01,EAST,Baby & Toddler,339.0,2024,27,0,0.0,0,1,0,0,1.0,train
2024-07-08,EAST,Baby & Toddler,383.0,2024,28,0,0.0,0,1,0,0,1.0,train
2024-07-15,EAST,Baby & Toddler,336.0,2024,29,0,0.0,0,1,0,0,1.0,train
2024-07-22,EAST,Baby & Toddler,367.0,2024,30,0,0.0,0,1,0,0,1.0,train
2024-07-29,EAST,Baby & Toddler,335.0,2024,31,0,0.0,0,1,0,0,1.0,train
2024-08-05,EAST,Baby & Toddler,356.0,2024,32,0,0.0,0,1,0,0,1.0,train
2024-08-12,EAST,Baby & Toddler,340.0,2024,33,0,0.0,0,1,0,0,1.0,train
2024-08-19,EAST,Baby & Toddler,346.0,2024,34,0,0.0,0,1,0,0,1.0,train
2024-08-26,EAST,Baby & Toddler,345.0,2024,35,0,0.0,0,1,1,0,1.5,train
2024-09-02,EAST,Baby & Toddler,344.0,2024,36,0,0.0,0,0,1,0,1.5,train
2024-09-09,EAST,Baby & Toddler,398.0,2024,37,0,0.0,0,0,1,0,1.5,train
2024-09-16,EAST,Baby & Toddler,354.0,2024,38,0,0.0,0,0,1,0,1.5,train
2024-09-23,EAST,Baby & Toddler,363.0,2024,39,0,0.0,0,0,1,0,1.5,train
2024-09-30,EAST,Baby & Toddler,264.0,2024,40,0,0.0,0,0,1,0,1.5,train
2024-10-07,EAST,Baby & Toddler,280.0,2024,41,0,0.0,0,0,0,0,1.0,train
2024-10-14,EAST,Baby & Toddler,282.0,2024,42,0,0.0,0,0,0,0,1.0,train
2024-10-21,EAST,Baby & Toddler,277.0,2024,43,0,0.0,0,0,0,0,1.0,train
2024-10-28,EAST,Baby & Toddler,292.0,2024,44,0,0.0,0,0,0,0,1.0,train
2024-11-04,EAST,Baby & Toddler,312.0,2024,45,0,0.0,0,0,0,0,1.0,validation
2024-11-11,EAST,Baby & Toddler,294.0,2024,46,0,0.0,0,0,0,0,1.0,validation
2024-11-18,EAST,Baby & Toddler,266.0,2024,47,0,0.0,0,0,0,0,1.0,validation
2024-11-25,EAST,Baby & Toddler,307.0,2024,48,0,0.0,0,0,0,0,1.0,validation
2024-12-02,EAST,Baby & Toddler,342.0,2024,49,0,0.0,0,0,0,0,1.0,validation
2024-12-09,EAST,Baby & Toddler,273.0,2024,50,0,0.0,0,0,0,0,1.0,validation
2024-12-16,EAST,Baby & Toddler,323.0,2024,51,0,0.0,0,0,0,0,1.0,validation
2024-12-23,EAST,Baby & Toddler,337.0,2024,52,0,0.0,0,0,0,0,1.0,validation
2024-12-30,EAST,Baby & Toddler,277.0,2025,1,0,0.0,0,0,0,1,1.0,test
2025-01-06,EAST,Baby & Toddler,268.0,2025,2,0,0.0,0,0,0,1,1.0,test
2025-01-13,EAST,Baby & Toddler,285.0,2025,3,0,0.0,0,0,0,1,1.0,test
2025-01-20,EAST,Baby & Toddler,246.0,2025,4,0,0.0,0,0,0,1,1.0,test
2025-01-27,EAST,Baby & Toddler,227.0,2025,5,0,0.0,0,0,0,1,1.0,test
2025-02-03,EAST,Baby & Toddler,290.0,2025,6,0,0.0,0,0,0,1,1.0,test
2025-02-10,EAST,Baby & Toddler,271.0,2025,7,0,0.0,0,0,0,1,1.0,test
2025-02-17,EAST,Baby & Toddler,262.0,2025,8,0,0.0,0,0,0,1,1.0,test
2025-02-24,EAST,Baby & Toddler,309.0,2025,9,1,0.0,0,0,0,1,1.0,test
2025-03-03,EAST,Baby & Toddler,453.0,2025,10,1,0.25,0,0,0,0,1.0,test
2025-03-10,EAST,Baby & Toddler,464.0,2025,11,1,0.5,0,0,0,0,1.0,test
2025-03-17,EAST,Baby & Toddler,485.0,2025,12,1,0.75,0,0,0,0,1.0,test
2025-03-24,EAST,Baby & Toddler,544.0,2025,13,1,1.0,1,0,0,0,1.0,test
2025-03-31,EAST,Baby & Toddler,280.0,2025,14,0,0.0,0,0,0,0,1.0,test
2025-04-07,EAST,Baby & Toddler,268.0,2025,15,0,0.0,0,0,0,0,1.0,test
2025-04-14,EAST,Baby & Toddler,265.0,2025,16,0,0.0,0,0,0,0,1.0,test
2025-04-21,EAST,Baby & Toddler,277.0,2025,17,0,0.0,0,0,0,0,1.0,test
2025-04-28,EAST,Baby & Toddler,281.0,2025,18,0,0.0,0,0,0,0,1.0,test
2025-05-05,EAST,Baby & Toddler,280.0,2025,19,0,0.0,0,0,0,0,1.0,test
2025-05-12,EAST,Baby & Toddler,296.0,2025,20,0,0.0,0,0,0,0,1.0,test
2025-05-19,EAST,Baby & Toddler,308.0,2025,21,0,0.0,0,0,0,0,1.0,test
2025-05-26,EAST,Baby & Toddler,288.0,2025,22,0,0.0,0,1,0,0,1.0,test
2025-06-02,EAST,Baby & Toddler,351.0,2025,23,0,0.0,0,1,0,0,1.0,test
2025-06-09,EAST,Baby & Toddler,340.0,2025,24,0,0.0,0,1,0,0,1.0,test
2025-06-16,EAST,Baby & Toddler,337.0,2025,25,0,0.0,0,1,0,0,1.0,test
2025-06-23,EAST,Baby & Toddler,365.0,2025,26,0,0.0,0,1,0,0,1.0,test
2025-06-30,EAST,Baby & Toddler,343.0,2025,27,0,0.0,0,1,0,0,1.0,test
2025-07-07,EAST,Baby & Toddler,367.0,2025,28,0,0.0,0,1,0,0,1.0,test
2025-07-14,EAST,Baby & Toddler,317.0,2025,29,0,0.0,0,1,0,0,1.0,test
2025-07-21,EAST,Baby & Toddler,352.0,2025,30,0,0.0,0,1,0,0,1.0,test
2025-07-28,EAST,Baby & Toddler,352.0,2025,31,0,0.0,0,1,0,0,1.0,test
2025-08-04,EAST,Baby & Toddler,324.0,2025,32,0,0.0,0,1,0,0,1.0,test
2025-08-11,EAST,Baby & Toddler,331.0,2025,33,0,0.0,0,1,0,0,1.0,test
2025-08-18,EAST,Baby & Toddler,335.0,2025,34,0,0.0,0,1,0,0,1.0,test
2025-08-25,EAST,Baby & Toddler,358.0,2025,35,0,0.0,0,1,0,0,1.0,test
2025-09-01,EAST,Baby & Toddler,354.0,2025,36,0,0.0,0,0,1,0,1.5,test
2025-09-08,EAST,Baby & Toddler,347.0,2025,37,0,0.0,0,0,1,0,1.5,test
2025-09-15,EAST,Baby & Toddler,353.0,2025,38,0,0.0,0,0,1,0,1.5,test
2025-09-22,EAST,Baby & Toddler,374.0,2025,39,0,0.0,0,0,1,0,1.5,test
2025-09-29,EAST,Baby & Toddler,301.0,2025,40,0,0.0,0,0,1,0,1.5,test
2025-10-06,EAST,Baby & Toddler,282.0,2025,41,0,0.0,0,0,0,0,1.0,test
2025-10-13,EAST,Baby & Toddler,293.0,2025,42,0,0.0,0,0,0,0,1.0,test
2025-10-20,EAST,Baby & Toddler,320.0,2025,43,0,0.0,0,0,0,0,1.0,test
2025-10-27,EAST,Baby & Toddler,301.0,2025,44,0,0.0,0,0,0,0,1.0,test
2025-11-03,EAST,Baby & Toddler,272.0,2025,45,0,0.0,0,0,0,0,1.0,test
2025-11-10,EAST,Baby & Toddler,283.0,2025,46,0,0.0,0,0,0,0,1.0,test
2025-11-17,EAST,Baby & Toddler,291.0,2025,47,0,0.0,0,0,0,0,1.0,test
2025-11-24,EAST,Baby & Toddler,290.0,2025,48,0,0.0,0,0,0,0,1.0,test
2025-12-01,EAST,Baby & Toddler,327.0,2025,49,0,0.0,0,0,0,0,1.0,test
2025-12-08,EAST,Baby & Toddler,296.0,2025,50,0,0.0,0,0,0,0,1.0,test
2025-12-15,EAST,Baby & Toddler,328.0,2025,51,0,0.0,0,0,0,0,1.0,test
2025-12-22,EAST,Baby & Toddler,326.0,2025,52,0,0.0,0,0,0,0,1.0,test
2024-01-01,EAST,Business & Industrial,172.0,2024,1,0,0.0,0,0,0,1,1.0,train
2024-01-08,EAST,Business & Industrial,180.0,2024,2,0,0.0,0,0,0,1,1.0,train
2024-01-15,EAST,Business & Industrial,143.0,2024,3,0,0.0,0,0,0,1,1.0,train
2024-01-22,EAST,Business & Industrial,169.0,2024,4,0,0.0,0,0,0,1,1.0,train
2024-01-29,EAST,Business & Industrial,171.0,2024,5,0,0.0,0,0,0,1,1.0,train
2024-02-05,EAST,Business & Industrial,194.0,2024,6,0,0.0,0,0,0,1,1.0,train
2024-02-12,EAST,Business & Industrial,161.0,2024,7,0,0.0,0,0,0,1,1.0,train
2024-02-19,EAST,Business & Industrial,178.0,2024,8,0,0.0,0,0,0,1,1.0,train
2024-02-26,EAST,Business & Industrial,156.0,2024,9,0,0.0,0,0,0,1,1.0,train
2024-03-04,EAST,Business & Industrial,245.0,2024,10,0,0.0,0,0,0,0,1.0,train
2024-03-11,EAST,Business & Industrial,283.0,2024,11,1,0.0,0,0,0,0,1.0,train
2024-03-18,EAST,Business & Industrial,317.0,2024,12,1,0.25,0,0,0,0,1.0,train
2024-03-25,EAST,Business & Industrial,313.0,2024,13,1,0.5,0,0,0,0,1.0,train
2024-04-01,EAST,Business & Industrial,359.0,2024,14,1,0.75,0,0,0,0,1.0,train
2024-04-08,EAST,Business & Industrial,317.0,2024,15,1,1.0,1,0,0,0,1.0,train
2024-04-15,EAST,Business & Industrial,198.0,2024,16,0,0.0,0,0,0,0,1.0,train
2024-04-22,EAST,Business & Industrial,191.0,2024,17,0,0.0,0,0,0,0,1.0,train
2024-04-29,EAST,Business & Industrial,190.0,2024,18,0,0.0,0,0,0,0,1.0,train
2024-05-06,EAST,Business & Industrial,189.0,2024,19,0,0.0,0,0,0,0,1.0,train
2024-05-13,EAST,Business & Industrial,198.0,2024,20,0,0.0,0,0,0,0,1.0,train
2024-05-20,EAST,Business & Industrial,175.0,2024,21,0,0.0,0,0,0,0,1.0,train
2024-05-27,EAST,Business & Industrial,195.0,2024,22,0,0.0,0,1,0,0,1.0,train
2024-06-03,EAST,Business & Industrial,207.0,2024,23,0,0.0,0,1,0,0,1.0,train
2024-06-10,EAST,Business & Industrial,224.0,2024,24,0,0.0,0,1,0,0,1.0,train
2024-06-17,EAST,Business & Industrial,228.0,2024,25,0,0.0,0,1,0,0,1.0,train
2024-06-24,EAST,Business & Industrial,236.0,2024,26,0,0.0,0,1,0,0,1.0,train
2024-07-01,EAST,Business & Industrial,207.0,2024,27,0,0.0,0,1,0,0,1.0,train
2024-07-08,EAST,Business & Industrial,237.0,2024,28,0,0.0,0,1,0,0,1.0,train
2024-07-15,EAST,Business & Industrial,245.0,2024,29,0,0.0,0,1,0,0,1.0,train
2024-07-22,EAST,Business & Industrial,246.0,2024,30,0,0.0,0,1,0,0,1.0,train
2024-07-29,EAST,Business & Industrial,211.0,2024,31,0,0.0,0,1,0,0,1.0,train
2024-08-05,EAST,Business & Industrial,215.0,2024,32,0,0.0,0,1,0,0,1.0,train
2024-08-12,EAST,Business & Industrial,239.0,2024,33,0,0.0,0,1,0,0,1.0,train
2024-08-19,EAST,Business & Industrial,240.0,2024,34,0,0.0,0,1,0,0,1.0,train
2024-08-26,EAST,Business & Industrial,228.0,2024,35,0,0.0,0,1,1,0,1.0,train
2024-09-02,EAST,Business & Industrial,271.0,2024,36,0,0.0,0,0,1,0,1.0,train
2024-09-09,EAST,Business & Industrial,242.0,2024,37,0,0.0,0,0,1,0,1.0,train
2024-09-16,EAST,Business & Industrial,258.0,2024,38,0,0.0,0,0,1,0,1.0,train
2024-09-23,EAST,Business & Industrial,232.0,2024,39,0,0.0,0,0,1,0,1.0,train
2024-09-30,EAST,Business & Industrial,198.0,2024,40,0,0.0,0,0,1,0,1.0,train
2024-10-07,EAST,Business & Industrial,196.0,2024,41,0,0.0,0,0,0,0,1.0,train
2024-10-14,EAST,Business & Industrial,193.0,2024,42,0,0.0,0,0,0,0,1.0,train
2024-10-21,EAST,Business & Industrial,207.0,2024,43,0,0.0,0,0,0,0,1.0,train
2024-10-28,EAST,Business & Industrial,199.0,2024,44,0,0.0,0,0,0,0,1.0,train
2024-11-04,EAST,Business & Industrial,206.0,2024,45,0,0.0,0,0,0,0,1.0,validation
2024-11-11,EAST,Business & Industrial,208.0,2024,46,0,0.0,0,0,0,0,1.0,validation
2024-11-18,EAST,Business & Industrial,178.0,2024,47,0,0.0,0,0,0,0,1.0,validation
2024-11-25,EAST,Business & Industrial,229.0,2024,48,0,0.0,0,0,0,0,1.0,validation
2024-12-02,EAST,Business & Industrial,207.0,2024,49,0,0.0,0,0,0,0,1.0,validation
2024-12-09,EAST,Business & Industrial,218.0,2024,50,0,0.0,0,0,0,0,1.0,validation
2024-12-16,EAST,Business & Industrial,219.0,2024,51,0,0.0,0,0,0,0,1.0,validation
2024-12-23,EAST,Business & Industrial,213.0,2024,52,0,0.0,0,0,0,0,1.0,validation
2024-12-30,EAST,Business & Industrial,196.0,2025,1,0,0.0,0,0,0,1,1.0,test
2025-01-06,EAST,Business & Industrial,184.0,2025,2,0,0.0,0,0,0,1,1.0,test
2025-01-13,EAST,Business & Industrial,161.0,2025,3,0,0.0,0,0,0,1,1.0,test
2025-01-20,EAST,Business & Industrial,156.0,2025,4,0,0.0,0,0,0,1,1.0,test
2025-01-27,EAST,Business & Industrial,177.0,2025,5,0,0.0,0,0,0,1,1.0,test
2025-02-03,EAST,Business & Industrial,158.0,2025,6,0,0.0,0,0,0,1,1.0,test
2025-02-10,EAST,Business & Industrial,208.0,2025,7,0,0.0,0,0,0,1,1.0,test
2025-02-17,EAST,Business & Industrial,152.0,2025,8,0,0.0,0,0,0,1,1.0,test
2025-02-24,EAST,Business & Industrial,204.0,2025,9,1,0.0,0,0,0,1,1.0,test
2025-03-03,EAST,Business & Industrial,304.0,2025,10,1,0.25,0,0,0,0,1.0,test
2025-03-10,EAST,Business & Industrial,331.0,2025,11,1,0.5,0,0,0,0,1.0,test
2025-03-17,EAST,Business & Industrial,328.0,2025,12,1,0.75,0,0,0,0,1.0,test
2025-03-24,EAST,Business & Industrial,365.0,2025,13,1,1.0,1,0,0,0,1.0,test
2025-03-31,EAST,Business & Industrial,187.0,2025,14,0,0.0,0,0,0,0,1.0,test
2025-04-07,EAST,Business & Industrial,196.0,2025,15,0,0.0,0,0,0,0,1.0,test
2025-04-14,EAST,Business & Industrial,182.0,2025,16,0,0.0,0,0,0,0,1.0,test
2025-04-21,EAST,Business & Industrial,201.0,2025,17,0,0.0,0,0,0,0,1.0,test
2025-04-28,EAST,Business & Industrial,171.0,2025,18,0,0.0,0,0,0,0,1.0,test
2025-05-05,EAST,Business & Industrial,198.0,2025,19,0,0.0,0,0,0,0,1.0,test
2025-05-12,EAST,Business & Industrial,176.0,2025,20,0,0.0,0,0,0,0,1.0,test
2025-05-19,EAST,Business & Industrial,192.0,2025,21,0,0.0,0,0,0,0,1.0,test
2025-05-26,EAST,Business & Industrial,209.0,2025,22,0,0.0,0,1,0,0,1.0,test
2025-06-02,EAST,Business & Industrial,210.0,2025,23,0,0.0,0,1,0,0,1.0,test
2025-06-09,EAST,Business & Industrial,249.0,2025,24,0,0.0,0,1,0,0,1.0,test
2025-06-16,EAST,Business & Industrial,218.0,2025,25,0,0.0,0,1,0,0,1.0,test
2025-06-23,EAST,Business & Industrial,245.0,2025,26,0,0.0,0,1,0,0,1.0,test
2025-06-30,EAST,Business & Industrial,254.0,2025,27,0,0.0,0,1,0,0,1.0,test
2025-07-07,EAST,Business & Industrial,227.0,2025,28,0,0.0,0,1,0,0,1.0,test
2025-07-14,EAST,Business & Industrial,280.0,2025,29,0,0.0,0,1,0,0,1.0,test
2025-07-21,EAST,Business & Industrial,257.0,2025,30,0,0.0,0,1,0,0,1.0,test
2025-07-28,EAST,Business & Industrial,246.0,2025,31,0,0.0,0,1,0,0,1.0,test
2025-08-04,EAST,Business & Industrial,214.0,2025,32,0,0.0,0,1,0,0,1.0,test
2025-08-11,EAST,Business & Industrial,231.0,2025,33,0,0.0,0,1,0,0,1.0,test
2025-08-18,EAST,Business & Industrial,242.0,2025,34,0,0.0,0,1,0,0,1.0,test
2025-08-25,EAST,Business & Industrial,208.0,2025,35,0,0.0,0,1,0,0,1.0,test
2025-09-01,EAST,Business & Industrial,270.0,2025,36,0,0.0,0,0,1,0,1.0,test
2025-09-08,EAST,Business & Industrial,260.0,2025,37,0,0.0,0,0,1,0,1.0,test
2025-09-15,EAST,Business & Industrial,256.0,2025,38,0,0.0,0,0,1,0,1.0,test
2025-09-22,EAST,Business & Industrial,236.0,2025,39,0,0.0,0,0,1,0,1.0,test
2025-09-29,EAST,Business & Industrial,198.0,2025,40,0,0.0,0,0,1,0,1.0,test
2025-10-06,EAST,Business & Industrial,198.0,2025,41,0,0.0,0,0,0,0,1.0,test
2025-10-13,EAST,Business & Industrial,182.0,2025,42,0,0.0,0,0,0,0,1.0,test
2025-10-20,EAST,Business & Industrial,201.0,2025,43,0,0.0,0,0,0,0,1.0,test
2025-10-27,EAST,Business & Industrial,213.0,2025,44,0,0.0,0,0,0,0,1.0,test
2025-11-03,EAST,Business & Industrial,188.0,2025,45,0,0.0,0,0,0,0,1.0,test
2025-11-10,EAST,Business & Industrial,194.0,2025,46,0,0.0,0,0,0,0,1.0,test
2025-11-17,EAST,Business & Industrial,167.0,2025,47,0,0.0,0,0,0,0,1.0,test
2025-11-24,EAST,Business & Industrial,221.0,2025,48,0,0.0,0,0,0,0,1.0,test
2025-12-01,EAST,Business & Industrial,231.0,2025,49,0,0.0,0,0,0,0,1.0,test
2025-12-08,EAST,Business & Industrial,196.0,2025,50,0,0.0,0,0,0,0,1.0,test
2025-12-15,EAST,Business & Industrial,205.0,2025,51,0,0.0,0,0,0,0,1.0,test
2025-12-22,EAST,Business & Industrial,221.0,2025,52,0,0.0,0,0,0,0,1.0,test
2024-01-01,EAST,Cameras & Optics,32.0,2024,1,0,0.0,0,0,0,1,1.0,train
2024-01-08,EAST,Cameras & Optics,59.0,2024,2,0,0.0,0,0,0,1,1.0,train
2024-01-15,EAST,Cameras & Optics,50.0,2024,3,0,0.0,0,0,0,1,1.0,train
2024-01-22,EAST,Cameras & Optics,46.0,2024,4,0,0.0,0,0,0,1,1.0,train
2024-01-29,EAST,Cameras & Optics,45.0,2024,5,0,0.0,0,0,0,1,1.0,train
2024-02-05,EAST,Cameras & Optics,43.0,2024,6,0,0.0,0,0,0,1,1.0,train
2024-02-12,EAST,Cameras & Optics,46.0,2024,7,0,0.0,0,0,0,1,1.0,train
2024-02-19,EAST,Cameras & Optics,52.0,2024,8,0,0.0,0,0,0,1,1.0,train
2024-02-26,EAST,Cameras & Optics,47.0,2024,9,0,0.0,0,0,0,1,1.0,train
2024-03-04,EAST,Cameras & Optics,39.0,2024,10,0,0.0,0,0,0,0,1.0,train
2024-03-11,EAST,Cameras & Optics,76.0,2024,11,1,0.0,0,0,0,0,1.15,train
2024-03-18,EAST,Cameras & Optics,84.0,2024,12,1,0.25,0,0,0,0,1.15,train
2024-03-25,EAST,Cameras & Optics,89.0,2024,13,1,0.5,0,0,0,0,1.15,train
2024-04-01,EAST,Cameras & Optics,96.0,2024,14,1,0.75,0,0,0,0,1.15,train
2024-04-08,EAST,Cameras & Optics,82.0,2024,15,1,1.0,1,0,0,0,1.15,train
2024-04-15,EAST,Cameras & Optics,58.0,2024,16,0,0.0,0,0,0,0,1.0,train
2024-04-22,EAST,Cameras & Optics,63.0,2024,17,0,0.0,0,0,0,0,1.0,train
2024-04-29,EAST,Cameras & Optics,53.0,2024,18,0,0.0,0,0,0,0,1.0,train
2024-05-06,EAST,Cameras & Optics,39.0,2024,19,0,0.0,0,0,0,0,1.0,train
2024-05-13,EAST,Cameras & Optics,55.0,2024,20,0,0.0,0,0,0,0,1.0,train
2024-05-20,EAST,Cameras & Optics,55.0,2024,21,0,0.0,0,0,0,0,1.0,train
2024-05-27,EAST,Cameras & Optics,54.0,2024,22,0,0.0,0,1,0,0,1.0,train
2024-06-03,EAST,Cameras & Optics,60.0,2024,23,0,0.0,0,1,0,0,1.0,train
2024-06-10,EAST,Cameras & Optics,80.0,2024,24,0,0.0,0,1,0,0,1.0,train
2024-06-17,EAST,Cameras & Optics,56.0,2024,25,0,0.0,0,1,0,0,1.0,train
2024-06-24,EAST,Cameras & Optics,68.0,2024,26,0,0.0,0,1,0,0,1.0,train
2024-07-01,EAST,Cameras & Optics,67.0,2024,27,0,0.0,0,1,0,0,1.0,train
2024-07-08,EAST,Cameras & Optics,79.0,2024,28,0,0.0,0,1,0,0,1.0,train
2024-07-15,EAST,Cameras & Optics,75.0,2024,29,0,0.0,0,1,0,0,1.0,train
2024-07-22,EAST,Cameras & Optics,61.0,2024,30,0,0.0,0,1,0,0,1.0,train
2024-07-29,EAST,Cameras & Optics,68.0,2024,31,0,0.0,0,1,0,0,1.0,train
2024-08-05,EAST,Cameras & Optics,69.0,2024,32,0,0.0,0,1,0,0,1.0,train
2024-08-12,EAST,Cameras & Optics,53.0,2024,33,0,0.0,0,1,0,0,1.0,train
2024-08-19,EAST,Cameras & Optics,74.0,2024,34,0,0.0,0,1,0,0,1.0,train
2024-08-26,EAST,Cameras & Optics,63.0,2024,35,0,0.0,0,1,1,0,1.0,train
2024-09-02,EAST,Cameras & Optics,55.0,2024,36,0,0.0,0,0,1,0,1.0,train
2024-09-09,EAST,Cameras & Optics,77.0,2024,37,0,0.0,0,0,1,0,1.0,train
2024-09-16,EAST,Cameras & Optics,70.0,2024,38,0,0.0,0,0,1,0,1.0,train
2024-09-23,EAST,Cameras & Optics,70.0,2024,39,0,0.0,0,0,1,0,1.0,train
2024-09-30,EAST,Cameras & Optics,53.0,2024,40,0,0.0,0,0,1,0,1.0,train
2024-10-07,EAST,Cameras & Optics,51.0,2024,41,0,0.0,0,0,0,0,1.0,train
2024-10-14,EAST,Cameras & Optics,50.0,2024,42,0,0.0,0,0,0,0,1.0,train
2024-10-21,EAST,Cameras & Optics,50.0,2024,43,0,0.0,0,0,0,0,1.0,train
2024-10-28,EAST,Cameras & Optics,53.0,2024,44,0,0.0,0,0,0,0,1.0,train
2024-11-04,EAST,Cameras & Optics,51.0,2024,45,0,0.0,0,0,0,0,1.0,validation
2024-11-11,EAST,Cameras & Optics,59.0,2024,46,0,0.0,0,0,0,0,1.0,validation
2024-11-18,EAST,Cameras & Optics,54.0,2024,47,0,0.0,0,0,0,0,1.0,validation
2024-11-25,EAST,Cameras & Optics,66.0,2024,48,0,0.0,0,0,0,0,1.0,validation
2024-12-02,EAST,Cameras & Optics,51.0,2024,49,0,0.0,0,0,0,0,1.0,validation
2024-12-09,EAST,Cameras & Optics,64.0,2024,50,0,0.0,0,0,0,0,1.0,validation
2024-12-16,EAST,Cameras & Optics,65.0,2024,51,0,0.0,0,0,0,0,1.0,validation
2024-12-23,EAST,Cameras & Optics,52.0,2024,52,0,0.0,0,0,0,0,1.0,validation
2024-12-30,EAST,Cameras & Optics,58.0,2025,1,0,0.0,0,0,0,1,1.0,test
2025-01-06,EAST,Cameras & Optics,50.0,2025,2,0,0.0,0,0,0,1,1.0,test
2025-01-13,EAST,Cameras & Optics,43.0,2025,3,0,0.0,0,0,0,1,1.0,test
2025-01-20,EAST,Cameras & Optics,49.0,2025,4,0,0.0,0,0,0,1,1.0,test
2025-01-27,EAST,Cameras & Optics,43.0,2025,5,0,0.0,0,0,0,1,1.0,test
2025-02-03,EAST,Cameras & Optics,44.0,2025,6,0,0.0,0,0,0,1,1.0,test
2025-02-10,EAST,Cameras & Optics,52.0,2025,7,0,0.0,0,0,0,1,1.0,test
2025-02-17,EAST,Cameras & Optics,38.0,2025,8,0,0.0,0,0,0,1,1.0,test
2025-02-24,EAST,Cameras & Optics,60.0,2025,9,1,0.0,0,0,0,1,1.15,test
2025-03-03,EAST,Cameras & Optics,83.0,2025,10,1,0.25,0,0,0,0,1.15,test
2025-03-10,EAST,Cameras & Optics,78.0,2025,11,1,0.5,0,0,0,0,1.15,test
2025-03-17,EAST,Cameras & Optics,111.0,2025,12,1,0.75,0,0,0,0,1.15,test
2025-03-24,EAST,Cameras & Optics,111.0,2025,13,1,1.0,1,0,0,0,1.15,test
2025-03-31,EAST,Cameras & Optics,55.0,2025,14,0,0.0,0,0,0,0,1.0,test
2025-04-07,EAST,Cameras & Optics,43.0,2025,15,0,0.0,0,0,0,0,1.0,test
2025-04-14,EAST,Cameras & Optics,47.0,2025,16,0,0.0,0,0,0,0,1.0,test
2025-04-21,EAST,Cameras & Optics,64.0,2025,17,0,0.0,0,0,0,0,1.0,test
2025-04-28,EAST,Cameras & Optics,41.0,2025,18,0,0.0,0,0,0,0,1.0,test
2025-05-05,EAST,Cameras & Optics,64.0,2025,19,0,0.0,0,0,0,0,1.0,test
2025-05-12,EAST,Cameras & Optics,54.0,2025,20,0,0.0,0,0,0,0,1.0,test
2025-05-19,EAST,Cameras & Optics,56.0,2025,21,0,0.0,0,0,0,0,1.0,test
2025-05-26,EAST,Cameras & Optics,59.0,2025,22,0,0.0,0,1,0,0,1.0,test
2025-06-02,EAST,Cameras & Optics,61.0,2025,23,0,0.0,0,1,0,0,1.0,test
2025-06-09,EAST,Cameras & Optics,77.0,2025,24,0,0.0,0,1,0,0,1.0,test
2025-06-16,EAST,Cameras & Optics,67.0,2025,25,0,0.0,0,1,0,0,1.0,test
2025-06-23,EAST,Cameras & Optics,65.0,2025,26,0,0.0,0,1,0,0,1.0,test
2025-06-30,EAST,Cameras & Optics,64.0,2025,27,0,0.0,0,1,0,0,1.0,test
2025-07-07,EAST,Cameras & Optics,78.0,2025,28,0,0.0,0,1,0,0,1.0,test
2025-07-14,EAST,Cameras & Optics,62.0,2025,29,0,0.0,0,1,0,0,1.0,test
2025-07-21,EAST,Cameras & Optics,67.0,2025,30,0,0.0,0,1,0,0,1.0,test
2025-07-28,EAST,Cameras & Optics,69.0,2025,31,0,0.0,0,1,0,0,1.0,test
2025-08-04,EAST,Cameras & Optics,66.0,2025,32,0,0.0,0,1,0,0,1.0,test
2025-08-11,EAST,Cameras & Optics,70.0,2025,33,0,0.0,0,1,0,0,1.0,test
2025-08-18,EAST,Cameras & Optics,66.0,2025,34,0,0.0,0,1,0,0,1.0,test
2025-08-25,EAST,Cameras & Optics,65.0,2025,35,0,0.0,0,1,0,0,1.0,test
2025-09-01,EAST,Cameras & Optics,70.0,2025,36,0,0.0,0,0,1,0,1.0,test
2025-09-08,EAST,Cameras & Optics,81.0,2025,37,0,0.0,0,0,1,0,1.0,test
2025-09-15,EAST,Cameras & Optics,72.0,2025,38,0,0.0,0,0,1,0,1.0,test
2025-09-22,EAST,Cameras & Optics,73.0,2025,39,0,0.0,0,0,1,0,1.0,test
2025-09-29,EAST,Cameras & Optics,69.0,2025,40,0,0.0,0,0,1,0,1.0,test
2025-10-06,EAST,Cameras & Optics,57.0,2025,41,0,0.0,0,0,0,0,1.0,test
2025-10-13,EAST,Cameras & Optics,57.0,2025,42,0,0.0,0,0,0,0,1.0,test
2025-10-20,EAST,Cameras & Optics,53.0,2025,43,0,0.0,0,0,0,0,1.0,test
2025-10-27,EAST,Cameras & Optics,57.0,2025,44,0,0.0,0,0,0,0,1.0,test
2025-11-03,EAST,Cameras & Optics,54.0,2025,45,0,0.0,0,0,0,0,1.0,test
2025-11-10,EAST,Cameras & Optics,55.0,2025,46,0,0.0,0,0,0,0,1.0,test
2025-11-17,EAST,Cameras & Optics,37.0,2025,47,0,0.0,0,0,0,0,1.0,test
2025-11-24,EAST,Cameras & Optics,73.0,2025,48,0,0.0,0,0,0,0,1.0,test
2025-12-01,EAST,Cameras & Optics,70.0,2025,49,0,0.0,0,0,0,0,1.0,test
2025-12-08,EAST,Cameras & Optics,55.0,2025,50,0,0.0,0,0,0,0,1.0,test
2025-12-15,EAST,Cameras & Optics,76.0,2025,51,0,0.0,0,0,0,0,1.0,test
2025-12-22,EAST,Cameras & Optics,54.0,2025,52,0,0.0,0,0,0,0,1.0,test
2024-01-01,EAST,Electronics,324.0,2024,1,0,0.0,0,0,0,1,1.0,train
2024-01-08,EAST,Electronics,321.0,2024,2,0,0.0,0,0,0,1,1.0,train
2024-01-15,EAST,Electronics,350.0,2024,3,0,0.0,0,0,0,1,1.0,train
2024-01-22,EAST,Electronics,316.0,2024,4,0,0.0,0,0,0,1,1.0,train
2024-01-29,EAST,Electronics,315.0,2024,5,0,0.0,0,0,0,1,1.0,train
2024-02-05,EAST,Electronics,332.0,2024,6,0,0.0,0,0,0,1,1.0,train
2024-02-12,EAST,Electronics,342.0,2024,7,0,0.0,0,0,0,1,1.0,train
2024-02-19,EAST,Electronics,344.0,2024,8,0,0.0,0,0,0,1,1.0,train
2024-02-26,EAST,Electronics,373.0,2024,9,0,0.0,0,0,0,1,1.0,train
2024-03-04,EAST,Electronics,394.0,2024,10,0,0.0,0,0,0,0,1.0,train
2024-03-11,EAST,Electronics,552.0,2024,11,1,0.0,0,0,0,0,1.15,train
2024-03-18,EAST,Electronics,570.0,2024,12,1,0.25,0,0,0,0,1.15,train
2024-03-25,EAST,Electronics,578.0,2024,13,1,0.5,0,0,0,0,1.15,train
2024-04-01,EAST,Electronics,682.0,2024,14,1,0.75,0,0,0,0,1.15,train
2024-04-08,EAST,Electronics,585.0,2024,15,1,1.0,1,0,0,0,1.15,train
2024-04-15,EAST,Electronics,340.0,2024,16,0,0.0,0,0,0,0,1.0,train
2024-04-22,EAST,Electronics,378.0,2024,17,0,0.0,0,0,0,0,1.0,train
2024-04-29,EAST,Electronics,344.0,2024,18,0,0.0,0,0,0,0,1.0,train
2024-05-06,EAST,Electronics,361.0,2024,19,0,0.0,0,0,0,0,1.0,train
2024-05-13,EAST,Electronics,383.0,2024,20,0,0.0,0,0,0,0,1.0,train
2024-05-20,EAST,Electronics,379.0,2024,21,0,0.0,0,0,0,0,1.0,train
2024-05-27,EAST,Electronics,400.0,2024,22,0,0.0,0,1,0,0,1.0,train
2024-06-03,EAST,Electronics,441.0,2024,23,0,0.0,0,1,0,0,1.0,train
2024-06-10,EAST,Electronics,439.0,2024,24,0,0.0,0,1,0,0,1.0,train
2024-06-17,EAST,Electronics,397.0,2024,25,0,0.0,0,1,0,0,1.0,train
2024-06-24,EAST,Electronics,452.0,2024,26,0,0.0,0,1,0,0,1.0,train
2024-07-01,EAST,Electronics,414.0,2024,27,0,0.0,0,1,0,0,1.0,train
2024-07-08,EAST,Electronics,446.0,2024,28,0,0.0,0,1,0,0,1.0,train
2024-07-15,EAST,Electronics,445.0,2024,29,0,0.0,0,1,0,0,1.0,train
2024-07-22,EAST,Electronics,431.0,2024,30,0,0.0,0,1,0,0,1.0,train
2024-07-29,EAST,Electronics,419.0,2024,31,0,0.0,0,1,0,0,1.0,train
2024-08-05,EAST,Electronics,451.0,2024,32,0,0.0,0,1,0,0,1.0,train
2024-08-12,EAST,Electronics,414.0,2024,33,0,0.0,0,1,0,0,1.0,train
2024-08-19,EAST,Electronics,459.0,2024,34,0,0.0,0,1,0,0,1.0,train
2024-08-26,EAST,Electronics,448.0,2024,35,0,0.0,0,1,1,0,1.0,train
2024-09-02,EAST,Electronics,456.0,2024,36,0,0.0,0,0,1,0,1.0,train
2024-09-09,EAST,Electronics,505.0,2024,37,0,0.0,0,0,1,0,1.0,train
2024-09-16,EAST,Electronics,483.0,2024,38,0,0.0,0,0,1,0,1.0,train
2024-09-23,EAST,Electronics,466.0,2024,39,0,0.0,0,0,1,0,1.0,train
2024-09-30,EAST,Electronics,360.0,2024,40,0,0.0,0,0,1,0,1.0,train
2024-10-07,EAST,Electronics,322.0,2024,41,0,0.0,0,0,0,0,1.0,train
2024-10-14,EAST,Electronics,349.0,2024,42,0,0.0,0,0,0,0,1.0,train
2024-10-21,EAST,Electronics,363.0,2024,43,0,0.0,0,0,0,0,1.0,train
2024-10-28,EAST,Electronics,355.0,2024,44,0,0.0,0,0,0,0,1.0,train
2024-11-04,EAST,Electronics,370.0,2024,45,0,0.0,0,0,0,0,1.0,validation
2024-11-11,EAST,Electronics,352.0,2024,46,0,0.0,0,0,0,0,1.0,validation
2024-11-18,EAST,Electronics,362.0,2024,47,0,0.0,0,0,0,0,1.0,validation
2024-11-25,EAST,Electronics,367.0,2024,48,0,0.0,0,0,0,0,1.0,validation
2024-12-02,EAST,Electronics,383.0,2024,49,0,0.0,0,0,0,0,1.0,validation
2024-12-09,EAST,Electronics,441.0,2024,50,0,0.0,0,0,0,0,1.0,validation
2024-12-16,EAST,Electronics,418.0,2024,51,0,0.0,0,0,0,0,1.0,validation
2024-12-23,EAST,Electronics,371.0,2024,52,0,0.0,0,0,0,0,1.0,validation
2024-12-30,EAST,Electronics,345.0,2025,1,0,0.0,0,0,0,1,1.0,test
2025-01-06,EAST,Electronics,333.0,2025,2,0,0.0,0,0,0,1,1.0,test
2025-01-13,EAST,Electronics,314.0,2025,3,0,0.0,0,0,0,1,1.0,test
2025-01-20,EAST,Electronics,291.0,2025,4,0,0.0,0,0,0,1,1.0,test
2025-01-27,EAST,Electronics,329.0,2025,5,0,0.0,0,0,0,1,1.0,test
2025-02-03,EAST,Electronics,306.0,2025,6,0,0.0,0,0,0,1,1.0,test
2025-02-10,EAST,Electronics,349.0,2025,7,0,0.0,0,0,0,1,1.0,test
2025-02-17,EAST,Electronics,327.0,2025,8,0,0.0,0,0,0,1,1.0,test
2025-02-24,EAST,Electronics,378.0,2025,9,1,0.0,0,0,0,1,1.15,test
2025-03-03,EAST,Electronics,521.0,2025,10,1,0.25,0,0,0,0,1.15,test
2025-03-10,EAST,Electronics,579.0,2025,11,1,0.5,0,0,0,0,1.15,test
2025-03-17,EAST,Electronics,628.0,2025,12,1,0.75,0,0,0,0,1.15,test
2025-03-24,EAST,Electronics,722.0,2025,13,1,1.0,1,0,0,0,1.15,test
2025-03-31,EAST,Electronics,364.0,2025,14,0,0.0,0,0,0,0,1.0,test
2025-04-07,EAST,Electronics,365.0,2025,15,0,0.0,0,0,0,0,1.0,test
2025-04-14,EAST,Electronics,348.0,2025,16,0,0.0,0,0,0,0,1.0,test
2025-04-21,EAST,Electronics,358.0,2025,17,0,0.0,0,0,0,0,1.0,test
2025-04-28,EAST,Electronics,352.0,2025,18,0,0.0,0,0,0,0,1.0,test
2025-05-05,EAST,Electronics,328.0,2025,19,0,0.0,0,0,0,0,1.0,test
2025-05-12,EAST,Electronics,342.0,2025,20,0,0.0,0,0,0,0,1.0,test
2025-05-19,EAST,Electronics,371.0,2025,21,0,0.0,0,0,0,0,1.0,test
2025-05-26,EAST,Electronics,367.0,2025,22,0,0.0,0,1,0,0,1.0,test
2025-06-02,EAST,Electronics,419.0,2025,23,0,0.0,0,1,0,0,1.0,test
2025-06-09,EAST,Electronics,434.0,2025,24,0,0.0,0,1,0,0,1.0,test
2025-06-16,EAST,Electronics,418.0,2025,25,0,0.0,0,1,0,0,1.0,test
2025-06-23,EAST,Electronics,434.0,2025,26,0,0.0,0,1,0,0,1.0,test
2025-06-30,EAST,Electronics,430.0,2025,27,0,0.0,0,1,0,0,1.0,test
2025-07-07,EAST,Electronics,421.0,2025,28,0,0.0,0,1,0,0,1.0,test
2025-07-14,EAST,Electronics,430.0,2025,29,0,0.0,0,1,0,0,1.0,test
2025-07-21,EAST,Electronics,435.0,2025,30,0,0.0,0,1,0,0,1.0,test
2025-07-28,EAST,Electronics,464.0,2025,31,0,0.0,0,1,0,0,1.0,test
2025-08-04,EAST,Electronics,435.0,2025,32,0,0.0,0,1,0,0,1.0,test
2025-08-11,EAST,Electronics,440.0,2025,33,0,0.0,0,1,0,0,1.0,test
2025-08-18,EAST,Electronics,466.0,2025,34,0,0.0,0,1,0,0,1.0,test
2025-08-25,EAST,Electronics,443.0,2025,35,0,0.0,0,1,0,0,1.0,test
2025-09-01,EAST,Electronics,445.0,2025,36,0,0.0,0,0,1,0,1.0,test
2025-09-08,EAST,Electronics,472.0,2025,37,0,0.0,0,0,1,0,1.0,test
2025-09-15,EAST,Electronics,478.0,2025,38,0,0.0,0,0,1,0,1.0,test
2025-09-22,EAST,Electronics,465.0,2025,39,0,0.0,0,0,1,0,1.0,test
2025-09-29,EAST,Electronics,415.0,2025,40,0,0.0,0,0,1,0,1.0,test
2025-10-06,EAST,Electronics,334.0,2025,41,0,0.0,0,0,0,0,1.0,test
2025-10-13,EAST,Electronics,322.0,2025,42,0,0.0,0,0,0,0,1.0,test
2025-10-20,EAST,Electronics,359.0,2025,43,0,0.0,0,0,0,0,1.0,test
2025-10-27,EAST,Electronics,366.0,2025,44,0,0.0,0,0,0,0,1.0,test
2025-11-03,EAST,Electronics,330.0,2025,45,0,0.0,0,0,0,0,1.0,test
2025-11-10,EAST,Electronics,365.0,2025,46,0,0.0,0,0,0,0,1.0,test
2025-11-17,EAST,Electronics,346.0,2025,47,0,0.0,0,0,0,0,1.0,test
2025-11-24,EAST,Electronics,345.0,2025,48,0,0.0,0,0,0,0,1.0,test
2025-12-01,EAST,Electronics,409.0,2025,49,0,0.0,0,0,0,0,1.0,test
2025-12-08,EAST,Electronics,405.0,2025,50,0,0.0,0,0,0,0,1.0,test
2025-12-15,EAST,Electronics,420.0,2025,51,0,0.0,0,0,0,0,1.0,test
2025-12-22,EAST,Electronics,394.0,2025,52,0,0.0,0,0,0,0,1.0,test
2024-01-01,EAST,Furniture,336.0,2024,1,0,0.0,0,0,0,1,1.0,train
2024-01-08,EAST,Furniture,315.0,2024,2,0,0.0,0,0,0,1,1.0,train
2024-01-15,EAST,Furniture,327.0,2024,3,0,0.0,0,0,0,1,1.0,train
2024-01-22,EAST,Furniture,342.0,2024,4,0,0.0,0,0,0,1,1.0,train
2024-01-29,EAST,Furniture,322.0,2024,5,0,0.0,0,0,0,1,1.0,train
2024-02-05,EAST,Furniture,325.0,2024,6,0,0.0,0,0,0,1,1.0,train
2024-02-12,EAST,Furniture,302.0,2024,7,0,0.0,0,0,0,1,1.0,train
2024-02-19,EAST,Furniture,332.0,2024,8,0,0.0,0,0,0,1,1.0,train
2024-02-26,EAST,Furniture,343.0,2024,9,0,0.0,0,0,0,1,1.0,train
2024-03-04,EAST,Furniture,411.0,2024,10,0,0.0,0,0,0,0,1.0,train
2024-03-11,EAST,Furniture,527.0,2024,11,1,0.0,0,0,0,0,1.25,train
2024-03-18,EAST,Furniture,594.0,2024,12,1,0.25,0,0,0,0,1.25,train
2024-03-25,EAST,Furniture,607.0,2024,13,1,0.5,0,0,0,0,1.25,train
2024-04-01,EAST,Furniture,653.0,2024,14,1,0.75,0,0,0,0,1.25,train
2024-04-08,EAST,Furniture,645.0,2024,15,1,1.0,1,0,0,0,1.25,train
2024-04-15,EAST,Furniture,351.0,2024,16,0,0.0,0,0,0,0,1.0,train
2024-04-22,EAST,Furniture,354.0,2024,17,0,0.0,0,0,0,0,1.0,train
2024-04-29,EAST,Furniture,349.0,2024,18,0,0.0,0,0,0,0,1.0,train
2024-05-06,EAST,Furniture,367.0,2024,19,0,0.0,0,0,0,0,1.0,train
2024-05-13,EAST,Furniture,394.0,2024,20,0,0.0,0,0,0,0,1.0,train
2024-05-20,EAST,Furniture,368.0,2024,21,0,0.0,0,0,0,0,1.0,train
2024-05-27,EAST,Furniture,345.0,2024,22,0,0.0,0,1,0,0,1.0,train
2024-06-03,EAST,Furniture,429.0,2024,23,0,0.0,0,1,0,0,1.0,train
2024-06-10,EAST,Furniture,414.0,2024,24,0,0.0,0,1,0,0,1.0,train
2024-06-17,EAST,Furniture,409.0,2024,25,0,0.0,0,1,0,0,1.0,train
2024-06-24,EAST,Furniture,424.0,2024,26,0,0.0,0,1,0,0,1.0,train
2024-07-01,EAST,Furniture,484.0,2024,27,0,0.0,0,1,0,0,1.0,train
2024-07-08,EAST,Furniture,459.0,2024,28,0,0.0,0,1,0,0,1.0,train
2024-07-15,EAST,Furniture,419.0,2024,29,0,0.0,0,1,0,0,1.0,train
2024-07-22,EAST,Furniture,414.0,2024,30,0,0.0,0,1,0,0,1.0,train
2024-07-29,EAST,Furniture,385.0,2024,31,0,0.0,0,1,0,0,1.0,train
2024-08-05,EAST,Furniture,436.0,2024,32,0,0.0,0,1,0,0,1.0,train
2024-08-12,EAST,Furniture,449.0,2024,33,0,0.0,0,1,0,0,1.0,train
2024-08-19,EAST,Furniture,442.0,2024,34,0,0.0,0,1,0,0,1.0,train
2024-08-26,EAST,Furniture,435.0,2024,35,0,0.0,0,1,1,0,1.0,train
2024-09-02,EAST,Furniture,474.0,2024,36,0,0.0,0,0,1,0,1.0,train
2024-09-09,EAST,Furniture,484.0,2024,37,0,0.0,0,0,1,0,1.0,train
2024-09-16,EAST,Furniture,516.0,2024,38,0,0.0,0,0,1,0,1.0,train
2024-09-23,EAST,Furniture,450.0,2024,39,0,0.0,0,0,1,0,1.0,train
2024-09-30,EAST,Furniture,380.0,2024,40,0,0.0,0,0,1,0,1.0,train
2024-10-07,EAST,Furniture,357.0,2024,41,0,0.0,0,0,0,0,1.0,train
2024-10-14,EAST,Furniture,331.0,2024,42,0,0.0,0,0,0,0,1.0,train
2024-10-21,EAST,Furniture,348.0,2024,43,0,0.0,0,0,0,0,1.0,train
2024-10-28,EAST,Furniture,350.0,2024,44,0,0.0,0,0,0,0,1.0,train
2024-11-04,EAST,Furniture,363.0,2024,45,0,0.0,0,0,0,0,1.0,validation
2024-11-11,EAST,Furniture,333.0,2024,46,0,0.0,0,0,0,0,1.0,validation
2024-11-18,EAST,Furniture,363.0,2024,47,0,0.0,0,0,0,0,1.0,validation
2024-11-25,EAST,Furniture,375.0,2024,48,0,0.0,0,0,0,0,1.0,validation
2024-12-02,EAST,Furniture,407.0,2024,49,0,0.0,0,0,0,0,1.0,validation
2024-12-09,EAST,Furniture,401.0,2024,50,0,0.0,0,0,0,0,1.0,validation
2024-12-16,EAST,Furniture,388.0,2024,51,0,0.0,0,0,0,0,1.0,validation
2024-12-23,EAST,Furniture,415.0,2024,52,0,0.0,0,0,0,0,1.0,validation
2024-12-30,EAST,Furniture,346.0,2025,1,0,0.0,0,0,0,1,1.0,test
2025-01-06,EAST,Furniture,350.0,2025,2,0,0.0,0,0,0,1,1.0,test
2025-01-13,EAST,Furniture,307.0,2025,3,0,0.0,0,0,0,1,1.0,test
2025-01-20,EAST,Furniture,335.0,2025,4,0,0.0,0,0,0,1,1.0,test
2025-01-27,EAST,Furniture,322.0,2025,5,0,0.0,0,0,0,1,1.0,test
2025-02-03,EAST,Furniture,319.0,2025,6,0,0.0,0,0,0,1,1.0,test
2025-02-10,EAST,Furniture,329.0,2025,7,0,0.0,0,0,0,1,1.0,test
2025-02-17,EAST,Furniture,337.0,2025,8,0,0.0,0,0,0,1,1.0,test
2025-02-24,EAST,Furniture,375.0,2025,9,1,0.0,0,0,0,1,1.25,test
2025-03-03,EAST,Furniture,548.0,2025,10,1,0.25,0,0,0,0,1.25,test
2025-03-10,EAST,Furniture,545.0,2025,11,1,0.5,0,0,0,0,1.25,test
2025-03-17,EAST,Furniture,622.0,2025,12,1,0.75,0,0,0,0,1.25,test
2025-03-24,EAST,Furniture,700.0,2025,13,1,1.0,1,0,0,0,1.25,test
2025-03-31,EAST,Furniture,332.0,2025,14,0,0.0,0,0,0,0,1.0,test
2025-04-07,EAST,Furniture,339.0,2025,15,0,0.0,0,0,0,0,1.0,test
2025-04-14,EAST,Furniture,342.0,2025,16,0,0.0,0,0,0,0,1.0,test
2025-04-21,EAST,Furniture,377.0,2025,17,0,0.0,0,0,0,0,1.0,test
2025-04-28,EAST,Furniture,351.0,2025,18,0,0.0,0,0,0,0,1.0,test
2025-05-05,EAST,Furniture,335.0,2025,19,0,0.0,0,0,0,0,1.0,test
2025-05-12,EAST,Furniture,338.0,2025,20,0,0.0,0,0,0,0,1.0,test
2025-05-19,EAST,Furniture,359.0,2025,21,0,0.0,0,0,0,0,1.0,test
2025-05-26,EAST,Furniture,354.0,2025,22,0,0.0,0,1,0,0,1.0,test
2025-06-02,EAST,Furniture,430.0,2025,23,0,0.0,0,1,0,0,1.0,test
2025-06-09,EAST,Furniture,443.0,2025,24,0,0.0,0,1,0,0,1.0,test
2025-06-16,EAST,Furniture,419.0,2025,25,0,0.0,0,1,0,0,1.0,test
2025-06-23,EAST,Furniture,433.0,2025,26,0,0.0,0,1,0,0,1.0,test
2025-06-30,EAST,Furniture,448.0,2025,27,0,0.0,0,1,0,0,1.0,test
2025-07-07,EAST,Furniture,431.0,2025,28,0,0.0,0,1,0,0,1.0,test
2025-07-14,EAST,Furniture,410.0,2025,29,0,0.0,0,1,0,0,1.0,test
2025-07-21,EAST,Furniture,445.0,2025,30,0,0.0,0,1,0,0,1.0,test
2025-07-28,EAST,Furniture,401.0,2025,31,0,0.0,0,1,0,0,1.0,test
2025-08-04,EAST,Furniture,449.0,2025,32,0,0.0,0,1,0,0,1.0,test
2025-08-11,EAST,Furniture,446.0,2025,33,0,0.0,0,1,0,0,1.0,test
2025-08-18,EAST,Furniture,440.0,2025,34,0,0.0,0,1,0,0,1.0,test
2025-08-25,EAST,Furniture,431.0,2025,35,0,0.0,0,1,0,0,1.0,test
2025-09-01,EAST,Furniture,464.0,2025,36,0,0.0,0,0,1,0,1.0,test
2025-09-08,EAST,Furniture,507.0,2025,37,0,0.0,0,0,1,0,1.0,test
2025-09-15,EAST,Furniture,432.0,2025,38,0,0.0,0,0,1,0,1.0,test
2025-09-22,EAST,Furniture,445.0,2025,39,0,0.0,0,0,1,0,1.0,test
2025-09-29,EAST,Furniture,404.0,2025,40,0,0.0,0,0,1,0,1.0,test
2025-10-06,EAST,Furniture,367.0,2025,41,0,0.0,0,0,0,0,1.0,test
2025-10-13,EAST,Furniture,390.0,2025,42,0,0.0,0,0,0,0,1.0,test
2025-10-20,EAST,Furniture,367.0,2025,43,0,0.0,0,0,0,0,1.0,test
2025-10-27,EAST,Furniture,382.0,2025,44,0,0.0,0,0,0,0,1.0,test
2025-11-03,EAST,Furniture,322.0,2025,45,0,0.0,0,0,0,0,1.0,test
2025-11-10,EAST,Furniture,363.0,2025,46,0,0.0,0,0,0,0,1.0,test
2025-11-17,EAST,Furniture,402.0,2025,47,0,0.0,0,0,0,0,1.0,test
2025-11-24,EAST,Furniture,358.0,2025,48,0,0.0,0,0,0,0,1.0,test
2025-12-01,EAST,Furniture,383.0,2025,49,0,0.0,0,0,0,0,1.0,test
2025-12-08,EAST,Furniture,382.0,2025,50,0,0.0,0,0,0,0,1.0,test
2025-12-15,EAST,Furniture,355.0,2025,51,0,0.0,0,0,0,0,1.0,test
2025-12-22,EAST,Furniture,416.0,2025,52,0,0.0,0,0,0,0,1.0,test
2024-01-01,EAST,Hardware,277.0,2024,1,0,0.0,0,0,0,1,1.0,train
2024-01-08,EAST,Hardware,252.0,2024,2,0,0.0,0,0,0,1,1.0,train
2024-01-15,EAST,Hardware,241.0,2024,3,0,0.0,0,0,0,1,1.0,train
2024-01-22,EAST,Hardware,244.0,2024,4,0,0.0,0,0,0,1,1.0,train
2024-01-29,EAST,Hardware,265.0,2024,5,0,0.0,0,0,0,1,1.0,train
2024-02-05,EAST,Hardware,289.0,2024,6,0,0.0,0,0,0,1,1.0,train
2024-02-12,EAST,Hardware,267.0,2024,7,0,0.0,0,0,0,1,1.0,train
2024-02-19,EAST,Hardware,269.0,2024,8,0,0.0,0,0,0,1,1.0,train
2024-02-26,EAST,Hardware,294.0,2024,9,0,0.0,0,0,0,1,1.0,train
2024-03-04,EAST,Hardware,336.0,2024,10,0,0.0,0,0,0,0,1.0,train
2024-03-11,EAST,Hardware,463.0,2024,11,1,0.0,0,0,0,0,1.0,train
2024-03-18,EAST,Hardware,461.0,2024,12,1,0.25,0,0,0,0,1.0,train
2024-03-25,EAST,Hardware,518.0,2024,13,1,0.5,0,0,0,0,1.0,train
2024-04-01,EAST,Hardware,525.0,2024,14,1,0.75,0,0,0,0,1.0,train
2024-04-08,EAST,Hardware,550.0,2024,15,1,1.0,1,0,0,0,1.0,train
2024-04-15,EAST,Hardware,289.0,2024,16,0,0.0,0,0,0,0,1.0,train
2024-04-22,EAST,Hardware,304.0,2024,17,0,0.0,0,0,0,0,1.0,train
2024-04-29,EAST,Hardware,317.0,2024,18,0,0.0,0,0,0,0,1.0,train
2024-05-06,EAST,Hardware,284.0,2024,19,0,0.0,0,0,0,0,1.0,train
2024-05-13,EAST,Hardware,299.0,2024,20,0,0.0,0,0,0,0,1.0,train
2024-05-20,EAST,Hardware,294.0,2024,21,0,0.0,0,0,0,0,1.0,train
2024-05-27,EAST,Hardware,318.0,2024,22,0,0.0,0,1,0,0,1.0,train
2024-06-03,EAST,Hardware,371.0,2024,23,0,0.0,0,1,0,0,1.0,train
2024-06-10,EAST,Hardware,346.0,2024,24,0,0.0,0,1,0,0,1.0,train
2024-06-17,EAST,Hardware,352.0,2024,25,0,0.0,0,1,0,0,1.0,train
2024-06-24,EAST,Hardware,357.0,2024,26,0,0.0,0,1,0,0,1.0,train
2024-07-01,EAST,Hardware,364.0,2024,27,0,0.0,0,1,0,0,1.0,train
2024-07-08,EAST,Hardware,351.0,2024,28,0,0.0,0,1,0,0,1.0,train
2024-07-15,EAST,Hardware,341.0,2024,29,0,0.0,0,1,0,0,1.0,train
2024-07-22,EAST,Hardware,353.0,2024,30,0,0.0,0,1,0,0,1.0,train
2024-07-29,EAST,Hardware,344.0,2024,31,0,0.0,0,1,0,0,1.0,train
2024-08-05,EAST,Hardware,352.0,2024,32,0,0.0,0,1,0,0,1.0,train
2024-08-12,EAST,Hardware,357.0,2024,33,0,0.0,0,1,0,0,1.0,train
2024-08-19,EAST,Hardware,354.0,2024,34,0,0.0,0,1,0,0,1.0,train
2024-08-26,EAST,Hardware,363.0,2024,35,0,0.0,0,1,1,0,1.0,train
2024-09-02,EAST,Hardware,354.0,2024,36,0,0.0,0,0,1,0,1.0,train
2024-09-09,EAST,Hardware,357.0,2024,37,0,0.0,0,0,1,0,1.0,train
2024-09-16,EAST,Hardware,383.0,2024,38,0,0.0,0,0,1,0,1.0,train
2024-09-23,EAST,Hardware,385.0,2024,39,0,0.0,0,0,1,0,1.0,train
2024-09-30,EAST,Hardware,305.0,2024,40,0,0.0,0,0,1,0,1.0,train
2024-10-07,EAST,Hardware,282.0,2024,41,0,0.0,0,0,0,0,1.0,train
2024-10-14,EAST,Hardware,309.0,2024,42,0,0.0,0,0,0,0,1.0,train
2024-10-21,EAST,Hardware,341.0,2024,43,0,0.0,0,0,0,0,1.0,train
2024-10-28,EAST,Hardware,301.0,2024,44,0,0.0,0,0,0,0,1.0,train
2024-11-04,EAST,Hardware,298.0,2024,45,0,0.0,0,0,0,0,1.0,validation
2024-11-11,EAST,Hardware,304.0,2024,46,0,0.0,0,0,0,0,1.0,validation
2024-11-18,EAST,Hardware,295.0,2024,47,0,0.0,0,0,0,0,1.0,validation
2024-11-25,EAST,Hardware,269.0,2024,48,0,0.0,0,0,0,0,1.0,validation
2024-12-02,EAST,Hardware,322.0,2024,49,0,0.0,0,0,0,0,1.0,validation
2024-12-09,EAST,Hardware,317.0,2024,50,0,0.0,0,0,0,0,1.0,validation
2024-12-16,EAST,Hardware,321.0,2024,51,0,0.0,0,0,0,0,1.0,validation
2024-12-23,EAST,Hardware,316.0,2024,52,0,0.0,0,0,0,0,1.0,validation
2024-12-30,EAST,Hardware,267.0,2025,1,0,0.0,0,0,0,1,1.0,test
2025-01-06,EAST,Hardware,268.0,2025,2,0,0.0,0,0,0,1,1.0,test
2025-01-13,EAST,Hardware,234.0,2025,3,0,0.0,0,0,0,1,1.0,test
2025-01-20,EAST,Hardware,282.0,2025,4,0,0.0,0,0,0,1,1.0,test
2025-01-27,EAST,Hardware,271.0,2025,5,0,0.0,0,0,0,1,1.0,test
2025-02-03,EAST,Hardware,259.0,2025,6,0,0.0,0,0,0,1,1.0,test
2025-02-10,EAST,Hardware,265.0,2025,7,0,0.0,0,0,0,1,1.0,test
2025-02-17,EAST,Hardware,262.0,2025,8,0,0.0,0,0,0,1,1.0,test
2025-02-24,EAST,Hardware,312.0,2025,9,1,0.0,0,0,0,1,1.0,test
2025-03-03,EAST,Hardware,448.0,2025,10,1,0.25,0,0,0,0,1.0,test
2025-03-10,EAST,Hardware,466.0,2025,11,1,0.5,0,0,0,0,1.0,test
2025-03-17,EAST,Hardware,493.0,2025,12,1,0.75,0,0,0,0,1.0,test
2025-03-24,EAST,Hardware,545.0,2025,13,1,1.0,1,0,0,0,1.0,test
2025-03-31,EAST,Hardware,314.0,2025,14,0,0.0,0,0,0,0,1.0,test
2025-04-07,EAST,Hardware,285.0,2025,15,0,0.0,0,0,0,0,1.0,test
2025-04-14,EAST,Hardware,290.0,2025,16,0,0.0,0,0,0,0,1.0,test
2025-04-21,EAST,Hardware,301.0,2025,17,0,0.0,0,0,0,0,1.0,test
2025-04-28,EAST,Hardware,295.0,2025,18,0,0.0,0,0,0,0,1.0,test
2025-05-05,EAST,Hardware,309.0,2025,19,0,0.0,0,0,0,0,1.0,test
2025-05-12,EAST,Hardware,285.0,2025,20,0,0.0,0,0,0,0,1.0,test
2025-05-19,EAST,Hardware,329.0,2025,21,0,0.0,0,0,0,0,1.0,test
2025-05-26,EAST,Hardware,297.0,2025,22,0,0.0,0,1,0,0,1.0,test
2025-06-02,EAST,Hardware,380.0,2025,23,0,0.0,0,1,0,0,1.0,test
2025-06-09,EAST,Hardware,376.0,2025,24,0,0.0,0,1,0,0,1.0,test
2025-06-16,EAST,Hardware,396.0,2025,25,0,0.0,0,1,0,0,1.0,test
2025-06-23,EAST,Hardware,346.0,2025,26,0,0.0,0,1,0,0,1.0,test
2025-06-30,EAST,Hardware,385.0,2025,27,0,0.0,0,1,0,0,1.0,test
2025-07-07,EAST,Hardware,385.0,2025,28,0,0.0,0,1,0,0,1.0,test
2025-07-14,EAST,Hardware,356.0,2025,29,0,0.0,0,1,0,0,1.0,test
2025-07-21,EAST,Hardware,378.0,2025,30,0,0.0,0,1,0,0,1.0,test
2025-07-28,EAST,Hardware,356.0,2025,31,0,0.0,0,1,0,0,1.0,test
2025-08-04,EAST,Hardware,341.0,2025,32,0,0.0,0,1,0,0,1.0,test
2025-08-11,EAST,Hardware,342.0,2025,33,0,0.0,0,1,0,0,1.0,test
2025-08-18,EAST,Hardware,365.0,2025,34,0,0.0,0,1,0,0,1.0,test
2025-08-25,EAST,Hardware,345.0,2025,35,0,0.0,0,1,0,0,1.0,test
2025-09-01,EAST,Hardware,371.0,2025,36,0,0.0,0,0,1,0,1.0,test
2025-09-08,EAST,Hardware,384.0,2025,37,0,0.0,0,0,1,0,1.0,test
2025-09-15,EAST,Hardware,390.0,2025,38,0,0.0,0,0,1,0,1.0,test
2025-09-22,EAST,Hardware,318.0,2025,39,0,0.0,0,0,1,0,1.0,test
2025-09-29,EAST,Hardware,279.0,2025,40,0,0.0,0,0,1,0,1.0,test
2025-10-06,EAST,Hardware,305.0,2025,41,0,0.0,0,0,0,0,1.0,test
2025-10-13,EAST,Hardware,263.0,2025,42,0,0.0,0,0,0,0,1.0,test
2025-10-20,EAST,Hardware,276.0,2025,43,0,0.0,0,0,0,0,1.0,test
2025-10-27,EAST,Hardware,296.0,2025,44,0,0.0,0,0,0,0,1.0,test
2025-11-03,EAST,Hardware,284.0,2025,45,0,0.0,0,0,0,0,1.0,test
2025-11-10,EAST,Hardware,323.0,2025,46,0,0.0,0,0,0,0,1.0,test
2025-11-17,EAST,Hardware,274.0,2025,47,0,0.0,0,0,0,0,1.0,test
2025-11-24,EAST,Hardware,305.0,2025,48,0,0.0,0,0,0,0,1.0,test
2025-12-01,EAST,Hardware,326.0,2025,49,0,0.0,0,0,0,0,1.0,test
2025-12-08,EAST,Hardware,331.0,2025,50,0,0.0,0,0,0,0,1.0,test
2025-12-15,EAST,Hardware,334.0,2025,51,0,0.0,0,0,0,0,1.0,test
2025-12-22,EAST,Hardware,352.0,2025,52,0,0.0,0,0,0,0,1.0,test
2024-01-01,EAST,Health & Beauty,310.0,2024,1,0,0.0,0,0,0,1,1.0,train
2024-01-08,EAST,Health & Beauty,317.0,2024,2,0,0.0,0,0,0,1,1.0,train
2024-01-15,EAST,Health & Beauty,320.0,2024,3,0,0.0,0,0,0,1,1.0,train
2024-01-22,EAST,Health & Beauty,339.0,2024,4,0,0.0,0,0,0,1,1.0,train
2024-01-29,EAST,Health & Beauty,323.0,2024,5,0,0.0,0,0,0,1,1.0,train
2024-02-05,EAST,Health & Beauty,321.0,2024,6,0,0.0,0,0,0,1,1.0,train
2024-02-12,EAST,Health & Beauty,330.0,2024,7,0,0.0,0,0,0,1,1.0,train
2024-02-19,EAST,Health & Beauty,329.0,2024,8,0,0.0,0,0,0,1,1.0,train
2024-02-26,EAST,Health & Beauty,357.0,2024,9,0,0.0,0,0,0,1,1.0,train
2024-03-04,EAST,Health & Beauty,381.0,2024,10,0,0.0,0,0,0,0,1.0,train
2024-03-11,EAST,Health & Beauty,525.0,2024,11,1,0.0,0,0,0,0,1.2,train
2024-03-18,EAST,Health & Beauty,545.0,2024,12,1,0.25,0,0,0,0,1.2,train
2024-03-25,EAST,Health & Beauty,606.0,2024,13,1,0.5,0,0,0,0,1.2,train
2024-04-01,EAST,Health & Beauty,665.0,2024,14,1,0.75,0,0,0,0,1.2,train
2024-04-08,EAST,Health & Beauty,561.0,2024,15,1,1.0,1,0,0,0,1.2,train
2024-04-15,EAST,Health & Beauty,346.0,2024,16,0,0.0,0,0,0,0,1.0,train
2024-04-22,EAST,Health & Beauty,354.0,2024,17,0,0.0,0,0,0,0,1.0,train
2024-04-29,EAST,Health & Beauty,355.0,2024,18,0,0.0,0,0,0,0,1.0,train
2024-05-06,EAST,Health & Beauty,374.0,2024,19,0,0.0,0,0,0,0,1.0,train
2024-05-13,EAST,Health & Beauty,352.0,2024,20,0,0.0,0,0,0,0,1.0,train
2024-05-20,EAST,Health & Beauty,357.0,2024,21,0,0.0,0,0,0,0,1.0,train
2024-05-27,EAST,Health & Beauty,384.0,2024,22,0,0.0,0,1,0,0,1.0,train
2024-06-03,EAST,Health & Beauty,424.0,2024,23,0,0.0,0,1,0,0,1.0,train
2024-06-10,EAST,Health & Beauty,451.0,2024,24,0,0.0,0,1,0,0,1.0,train
2024-06-17,EAST,Health & Beauty,446.0,2024,25,0,0.0,0,1,0,0,1.0,train
2024-06-24,EAST,Health & Beauty,424.0,2024,26,0,0.0,0,1,0,0,1.0,train
2024-07-01,EAST,Health & Beauty,474.0,2024,27,0,0.0,0,1,0,0,1.0,train
2024-07-08,EAST,Health & Beauty,444.0,2024,28,0,0.0,0,1,0,0,1.0,train
2024-07-15,EAST,Health & Beauty,435.0,2024,29,0,0.0,0,1,0,0,1.0,train
2024-07-22,EAST,Health & Beauty,451.0,2024,30,0,0.0,0,1,0,0,1.0,train
2024-07-29,EAST,Health & Beauty,418.0,2024,31,0,0.0,0,1,0,0,1.0,train
2024-08-05,EAST,Health & Beauty,460.0,2024,32,0,0.0,0,1,0,0,1.0,train
2024-08-12,EAST,Health & Beauty,437.0,2024,33,0,0.0,0,1,0,0,1.0,train
2024-08-19,EAST,Health & Beauty,430.0,2024,34,0,0.0,0,1,0,0,1.0,train
2024-08-26,EAST,Health & Beauty,427.0,2024,35,0,0.0,0,1,1,0,1.0,train
2024-09-02,EAST,Health & Beauty,480.0,2024,36,0,0.0,0,0,1,0,1.0,train
2024-09-09,EAST,Health & Beauty,492.0,2024,37,0,0.0,0,0,1,0,1.0,train
2024-09-16,EAST,Health & Beauty,451.0,2024,38,0,0.0,0,0,1,0,1.0,train
2024-09-23,EAST,Health & Beauty,478.0,2024,39,0,0.0,0,0,1,0,1.0,train
2024-09-30,EAST,Health & Beauty,346.0,2024,40,0,0.0,0,0,1,0,1.0,train
2024-10-07,EAST,Health & Beauty,355.0,2024,41,0,0.0,0,0,0,0,1.0,train
2024-10-14,EAST,Health & Beauty,382.0,2024,42,0,0.0,0,0,0,0,1.0,train
2024-10-21,EAST,Health & Beauty,350.0,2024,43,0,0.0,0,0,0,0,1.0,train
2024-10-28,EAST,Health & Beauty,347.0,2024,44,0,0.0,0,0,0,0,1.0,train
2024-11-04,EAST,Health & Beauty,324.0,2024,45,0,0.0,0,0,0,0,1.0,validation
2024-11-11,EAST,Health & Beauty,348.0,2024,46,0,0.0,0,0,0,0,1.0,validation
2024-11-18,EAST,Health & Beauty,341.0,2024,47,0,0.0,0,0,0,0,1.0,validation
2024-11-25,EAST,Health & Beauty,356.0,2024,48,0,0.0,0,0,0,0,1.0,validation
2024-12-02,EAST,Health & Beauty,440.0,2024,49,0,0.0,0,0,0,0,1.0,validation
2024-12-09,EAST,Health & Beauty,413.0,2024,50,0,0.0,0,0,0,0,1.0,validation
2024-12-16,EAST,Health & Beauty,412.0,2024,51,0,0.0,0,0,0,0,1.0,validation
2024-12-23,EAST,Health & Beauty,402.0,2024,52,0,0.0,0,0,0,0,1.0,validation
2024-12-30,EAST,Health & Beauty,351.0,2025,1,0,0.0,0,0,0,1,1.0,test
2025-01-06,EAST,Health & Beauty,348.0,2025,2,0,0.0,0,0,0,1,1.0,test
2025-01-13,EAST,Health & Beauty,335.0,2025,3,0,0.0,0,0,0,1,1.0,test
2025-01-20,EAST,Health & Beauty,342.0,2025,4,0,0.0,0,0,0,1,1.0,test
2025-01-27,EAST,Health & Beauty,315.0,2025,5,0,0.0,0,0,0,1,1.0,test
2025-02-03,EAST,Health & Beauty,352.0,2025,6,0,0.0,0,0,0,1,1.0,test
2025-02-10,EAST,Health & Beauty,344.0,2025,7,0,0.0,0,0,0,1,1.0,test
2025-02-17,EAST,Health & Beauty,347.0,2025,8,0,0.0,0,0,0,1,1.0,test
2025-02-24,EAST,Health & Beauty,365.0,2025,9,1,0.0,0,0,0,1,1.2,test
2025-03-03,EAST,Health & Beauty,608.0,2025,10,1,0.25,0,0,0,0,1.2,test
2025-03-10,EAST,Health & Beauty,581.0,2025,11,1,0.5,0,0,0,0,1.2,test
2025-03-17,EAST,Health & Beauty,633.0,2025,12,1,0.75,0,0,0,0,1.2,test
2025-03-24,EAST,Health & Beauty,671.0,2025,13,1,1.0,1,0,0,0,1.2,test
2025-03-31,EAST,Health & Beauty,371.0,2025,14,0,0.0,0,0,0,0,1.0,test
2025-04-07,EAST,Health & Beauty,353.0,2025,15,0,0.0,0,0,0,0,1.0,test
2025-04-14,EAST,Health & Beauty,351.0,2025,16,0,0.0,0,0,0,0,1.0,test
2025-04-21,EAST,Health & Beauty,349.0,2025,17,0,0.0,0,0,0,0,1.0,test
2025-04-28,EAST,Health & Beauty,321.0,2025,18,0,0.0,0,0,0,0,1.0,test
2025-05-05,EAST,Health & Beauty,342.0,2025,19,0,0.0,0,0,0,0,1.0,test
2025-05-12,EAST,Health & Beauty,386.0,2025,20,0,0.0,0,0,0,0,1.0,test
2025-05-19,EAST,Health & Beauty,366.0,2025,21,0,0.0,0,0,0,0,1.0,test
2025-05-26,EAST,Health & Beauty,371.0,2025,22,0,0.0,0,1,0,0,1.0,test
2025-06-02,EAST,Health & Beauty,424.0,2025,23,0,0.0,0,1,0,0,1.0,test
2025-06-09,EAST,Health & Beauty,458.0,2025,24,0,0.0,0,1,0,0,1.0,test
2025-06-16,EAST,Health & Beauty,428.0,2025,25,0,0.0,0,1,0,0,1.0,test
2025-06-23,EAST,Health & Beauty,406.0,2025,26,0,0.0,0,1,0,0,1.0,test
2025-06-30,EAST,Health & Beauty,442.0,2025,27,0,0.0,0,1,0,0,1.0,test
2025-07-07,EAST,Health & Beauty,425.0,2025,28,0,0.0,0,1,0,0,1.0,test
2025-07-14,EAST,Health & Beauty,447.0,2025,29,0,0.0,0,1,0,0,1.0,test
2025-07-21,EAST,Health & Beauty,478.0,2025,30,0,0.0,0,1,0,0,1.0,test
2025-07-28,EAST,Health & Beauty,425.0,2025,31,0,0.0,0,1,0,0,1.0,test
2025-08-04,EAST,Health & Beauty,434.0,2025,32,0,0.0,0,1,0,0,1.0,test
2025-08-11,EAST,Health & Beauty,484.0,2025,33,0,0.0,0,1,0,0,1.0,test
2025-08-18,EAST,Health & Beauty,422.0,2025,34,0,0.0,0,1,0,0,1.0,test
2025-08-25,EAST,Health & Beauty,457.0,2025,35,0,0.0,0,1,0,0,1.0,test
2025-09-01,EAST,Health & Beauty,516.0,2025,36,0,0.0,0,0,1,0,1.0,test
2025-09-08,EAST,Health & Beauty,444.0,2025,37,0,0.0,0,0,1,0,1.0,test
2025-09-15,EAST,Health & Beauty,459.0,2025,38,0,0.0,0,0,1,0,1.0,test
2025-09-22,EAST,Health & Beauty,469.0,2025,39,0,0.0,0,0,1,0,1.0,test
2025-09-29,EAST,Health & Beauty,394.0,2025,40,0,0.0,0,0,1,0,1.0,test
2025-10-06,EAST,Health & Beauty,347.0,2025,41,0,0.0,0,0,0,0,1.0,test
2025-10-13,EAST,Health & Beauty,364.0,2025,42,0,0.0,0,0,0,0,1.0,test
2025-10-20,EAST,Health & Beauty,366.0,2025,43,0,0.0,0,0,0,0,1.0,test
2025-10-27,EAST,Health & Beauty,388.0,2025,44,0,0.0,0,0,0,0,1.0,test
2025-11-03,EAST,Health & Beauty,323.0,2025,45,0,0.0,0,0,0,0,1.0,test
2025-11-10,EAST,Health & Beauty,356.0,2025,46,0,0.0,0,0,0,0,1.0,test
2025-11-17,EAST,Health & Beauty,378.0,2025,47,0,0.0,0,0,0,0,1.0,test
2025-11-24,EAST,Health & Beauty,355.0,2025,48,0,0.0,0,0,0,0,1.0,test
2025-12-01,EAST,Health & Beauty,385.0,2025,49,0,0.0,0,0,0,0,1.0,test
2025-12-08,EAST,Health & Beauty,371.0,2025,50,0,0.0,0,0,0,0,1.0,test
2025-12-15,EAST,Health & Beauty,361.0,2025,51,0,0.0,0,0,0,0,1.0,test
2025-12-22,EAST,Health & Beauty,392.0,2025,52,0,0.0,0,0,0,0,1.0,test
2024-01-01,EAST,Home & Garden,834.0,2024,1,0,0.0,0,0,0,1,1.0,train
2024-01-08,EAST,Home & Garden,857.0,2024,2,0,0.0,0,0,0,1,1.0,train
2024-01-15,EAST,Home & Garden,875.0,2024,3,0,0.0,0,0,0,1,1.0,train
2024-01-22,EAST,Home & Garden,823.0,2024,4,0,0.0,0,0,0,1,1.0,train
2024-01-29,EAST,Home & Garden,794.0,2024,5,0,0.0,0,0,0,1,1.0,train
2024-02-05,EAST,Home & Garden,837.0,2024,6,0,0.0,0,0,0,1,1.0,train
2024-02-12,EAST,Home & Garden,835.0,2024,7,0,0.0,0,0,0,1,1.0,train
2024-02-19,EAST,Home & Garden,870.0,2024,8,0,0.0,0,0,0,1,1.0,train
2024-02-26,EAST,Home & Garden,883.0,2024,9,0,0.0,0,0,0,1,1.0,train
2024-03-04,EAST,Home & Garden,983.0,2024,10,0,0.0,0,0,0,0,1.0,train
2024-03-11,EAST,Home & Garden,1396.0,2024,11,1,0.0,0,0,0,0,1.25,train
2024-03-18,EAST,Home & Garden,1440.0,2024,12,1,0.25,0,0,0,0,1.25,train
2024-03-25,EAST,Home & Garden,1522.0,2024,13,1,0.5,0,0,0,0,1.25,train
2024-04-01,EAST,Home & Garden,1645.0,2024,14,1,0.75,0,0,0,0,1.25,train
2024-04-08,EAST,Home & Garden,1584.0,2024,15,1,1.0,1,0,0,0,1.25,train
2024-04-15,EAST,Home & Garden,922.0,2024,16,0,0.0,0,0,0,0,1.0,train
2024-04-22,EAST,Home & Garden,846.0,2024,17,0,0.0,0,0,0,0,1.0,train
2024-04-29,EAST,Home & Garden,919.0,2024,18,0,0.0,0,0,0,0,1.0,train
2024-05-06,EAST,Home & Garden,939.0,2024,19,0,0.0,0,0,0,0,1.0,train
2024-05-13,EAST,Home & Garden,879.0,2024,20,0,0.0,0,0,0,0,1.0,train
2024-05-20,EAST,Home & Garden,940.0,2024,21,0,0.0,0,0,0,0,1.0,train
2024-05-27,EAST,Home & Garden,971.0,2024,22,0,0.0,0,1,0,0,1.0,train
2024-06-03,EAST,Home & Garden,1088.0,2024,23,0,0.0,0,1,0,0,1.0,train
2024-06-10,EAST,Home & Garden,1107.0,2024,24,0,0.0,0,1,0,0,1.0,train
2024-06-17,EAST,Home & Garden,1078.0,2024,25,0,0.0,0,1,0,0,1.0,train
2024-06-24,EAST,Home & Garden,1137.0,2024,26,0,0.0,0,1,0,0,1.0,train
2024-07-01,EAST,Home & Garden,1115.0,2024,27,0,0.0,0,1,0,0,1.0,train
2024-07-08,EAST,Home & Garden,1110.0,2024,28,0,0.0,0,1,0,0,1.0,train
2024-07-15,EAST,Home & Garden,1080.0,2024,29,0,0.0,0,1,0,0,1.0,train
2024-07-22,EAST,Home & Garden,1156.0,2024,30,0,0.0,0,1,0,0,1.0,train
2024-07-29,EAST,Home & Garden,1104.0,2024,31,0,0.0,0,1,0,0,1.0,train
2024-08-05,EAST,Home & Garden,1070.0,2024,32,0,0.0,0,1,0,0,1.0,train
2024-08-12,EAST,Home & Garden,1150.0,2024,33,0,0.0,0,1,0,0,1.0,train
2024-08-19,EAST,Home & Garden,1118.0,2024,34,0,0.0,0,1,0,0,1.0,train
2024-08-26,EAST,Home & Garden,1070.0,2024,35,0,0.0,0,1,1,0,1.0,train
2024-09-02,EAST,Home & Garden,1221.0,2024,36,0,0.0,0,0,1,0,1.0,train
2024-09-09,EAST,Home & Garden,1141.0,2024,37,0,0.0,0,0,1,0,1.0,train
2024-09-16,EAST,Home & Garden,1155.0,2024,38,0,0.0,0,0,1,0,1.0,train
2024-09-23,EAST,Home & Garden,1218.0,2024,39,0,0.0,0,0,1,0,1.0,train
2024-09-30,EAST,Home & Garden,957.0,2024,40,0,0.0,0,0,1,0,1.0,train
2024-10-07,EAST,Home & Garden,889.0,2024,41,0,0.0,0,0,0,0,1.0,train
2024-10-14,EAST,Home & Garden,957.0,2024,42,0,0.0,0,0,0,0,1.0,train
2024-10-21,EAST,Home & Garden,936.0,2024,43,0,0.0,0,0,0,0,1.0,train
2024-10-28,EAST,Home & Garden,921.0,2024,44,0,0.0,0,0,0,0,1.0,train
2024-11-04,EAST,Home & Garden,905.0,2024,45,0,0.0,0,0,0,0,1.0,validation
2024-11-11,EAST,Home & Garden,870.0,2024,46,0,0.0,0,0,0,0,1.0,validation
2024-11-18,EAST,Home & Garden,850.0,2024,47,0,0.0,0,0,0,0,1.0,validation
2024-11-25,EAST,Home & Garden,974.0,2024,48,0,0.0,0,0,0,0,1.0,validation
2024-12-02,EAST,Home & Garden,1009.0,2024,49,0,0.0,0,0,0,0,1.0,validation
2024-12-09,EAST,Home & Garden,975.0,2024,50,0,0.0,0,0,0,0,1.0,validation
2024-12-16,EAST,Home & Garden,1001.0,2024,51,0,0.0,0,0,0,0,1.0,validation
2024-12-23,EAST,Home & Garden,973.0,2024,52,0,0.0,0,0,0,0,1.0,validation
2024-12-30,EAST,Home & Garden,854.0,2025,1,0,0.0,0,0,0,1,1.0,test
2025-01-06,EAST,Home & Garden,811.0,2025,2,0,0.0,0,0,0,1,1.0,test
2025-01-13,EAST,Home & Garden,835.0,2025,3,0,0.0,0,0,0,1,1.0,test
2025-01-20,EAST,Home & Garden,851.0,2025,4,0,0.0,0,0,0,1,1.0,test
2025-01-27,EAST,Home & Garden,746.0,2025,5,0,0.0,0,0,0,1,1.0,test
2025-02-03,EAST,Home & Garden,820.0,2025,6,0,0.0,0,0,0,1,1.0,test
2025-02-10,EAST,Home & Garden,825.0,2025,7,0,0.0,0,0,0,1,1.0,test
2025-02-17,EAST,Home & Garden,826.0,2025,8,0,0.0,0,0,0,1,1.0,test
2025-02-24,EAST,Home & Garden,960.0,2025,9,1,0.0,0,0,0,1,1.25,test
2025-03-03,EAST,Home & Garden,1339.0,2025,10,1,0.25,0,0,0,0,1.25,test
2025-03-10,EAST,Home & Garden,1453.0,2025,11,1,0.5,0,0,0,0,1.25,test
2025-03-17,EAST,Home & Garden,1555.0,2025,12,1,0.75,0,0,0,0,1.25,test
2025-03-24,EAST,Home & Garden,1722.0,2025,13,1,1.0,1,0,0,0,1.25,test
2025-03-31,EAST,Home & Garden,946.0,2025,14,0,0.0,0,0,0,0,1.0,test
2025-04-07,EAST,Home & Garden,947.0,2025,15,0,0.0,0,0,0,0,1.0,test
2025-04-14,EAST,Home & Garden,953.0,2025,16,0,0.0,0,0,0,0,1.0,test
2025-04-21,EAST,Home & Garden,965.0,2025,17,0,0.0,0,0,0,0,1.0,test
2025-04-28,EAST,Home & Garden,873.0,2025,18,0,0.0,0,0,0,0,1.0,test
2025-05-05,EAST,Home & Garden,926.0,2025,19,0,0.0,0,0,0,0,1.0,test
2025-05-12,EAST,Home & Garden,922.0,2025,20,0,0.0,0,0,0,0,1.0,test
2025-05-19,EAST,Home & Garden,916.0,2025,21,0,0.0,0,0,0,0,1.0,test
2025-05-26,EAST,Home & Garden,940.0,2025,22,0,0.0,0,1,0,0,1.0,test
2025-06-02,EAST,Home & Garden,1118.0,2025,23,0,0.0,0,1,0,0,1.0,test
2025-06-09,EAST,Home & Garden,1096.0,2025,24,0,0.0,0,1,0,0,1.0,test
2025-06-16,EAST,Home & Garden,1075.0,2025,25,0,0.0,0,1,0,0,1.0,test
2025-06-23,EAST,Home & Garden,1075.0,2025,26,0,0.0,0,1,0,0,1.0,test
2025-06-30,EAST,Home & Garden,1094.0,2025,27,0,0.0,0,1,0,0,1.0,test
2025-07-07,EAST,Home & Garden,1070.0,2025,28,0,0.0,0,1,0,0,1.0,test
2025-07-14,EAST,Home & Garden,1094.0,2025,29,0,0.0,0,1,0,0,1.0,test
2025-07-21,EAST,Home & Garden,1137.0,2025,30,0,0.0,0,1,0,0,1.0,test
2025-07-28,EAST,Home & Garden,1076.0,2025,31,0,0.0,0,1,0,0,1.0,test
2025-08-04,EAST,Home & Garden,1136.0,2025,32,0,0.0,0,1,0,0,1.0,test
2025-08-11,EAST,Home & Garden,1044.0,2025,33,0,0.0,0,1,0,0,1.0,test
2025-08-18,EAST,Home & Garden,1141.0,2025,34,0,0.0,0,1,0,0,1.0,test
2025-08-25,EAST,Home & Garden,1110.0,2025,35,0,0.0,0,1,0,0,1.0,test
2025-09-01,EAST,Home & Garden,1177.0,2025,36,0,0.0,0,0,1,0,1.0,test
2025-09-08,EAST,Home & Garden,1207.0,2025,37,0,0.0,0,0,1,0,1.0,test
2025-09-15,EAST,Home & Garden,1203.0,2025,38,0,0.0,0,0,1,0,1.0,test
2025-09-22,EAST,Home & Garden,1232.0,2025,39,0,0.0,0,0,1,0,1.0,test
2025-09-29,EAST,Home & Garden,993.0,2025,40,0,0.0,0,0,1,0,1.0,test
2025-10-06,EAST,Home & Garden,876.0,2025,41,0,0.0,0,0,0,0,1.0,test
2025-10-13,EAST,Home & Garden,937.0,2025,42,0,0.0,0,0,0,0,1.0,test
2025-10-20,EAST,Home & Garden,932.0,2025,43,0,0.0,0,0,0,0,1.0,test
2025-10-27,EAST,Home & Garden,929.0,2025,44,0,0.0,0,0,0,0,1.0,test
2025-11-03,EAST,Home & Garden,955.0,2025,45,0,0.0,0,0,0,0,1.0,test
2025-11-10,EAST,Home & Garden,941.0,2025,46,0,0.0,0,0,0,0,1.0,test
2025-11-17,EAST,Home & Garden,955.0,2025,47,0,0.0,0,0,0,0,1.0,test
2025-11-24,EAST,Home & Garden,930.0,2025,48,0,0.0,0,0,0,0,1.0,test
2025-12-01,EAST,Home & Garden,988.0,2025,49,0,0.0,0,0,0,0,1.0,test
2025-12-08,EAST,Home & Garden,970.0,2025,50,0,0.0,0,0,0,0,1.0,test
2025-12-15,EAST,Home & Garden,999.0,2025,51,0,0.0,0,0,0,0,1.0,test
2025-12-22,EAST,Home & Garden,1000.0,2025,52,0,0.0,0,0,0,0,1.0,test
2024-01-01,EAST,Luggage & Bags,274.0,2024,1,0,0.0,0,0,0,1,1.0,train
2024-01-08,EAST,Luggage & Bags,266.0,2024,2,0,0.0,0,0,0,1,1.0,train
2024-01-15,EAST,Luggage & Bags,245.0,2024,3,0,0.0,0,0,0,1,1.0,train
2024-01-22,EAST,Luggage & Bags,289.0,2024,4,0,0.0,0,0,0,1,1.0,train
2024-01-29,EAST,Luggage & Bags,230.0,2024,5,0,0.0,0,0,0,1,1.0,train
2024-02-05,EAST,Luggage & Bags,239.0,2024,6,0,0.0,0,0,0,1,1.0,train
2024-02-12,EAST,Luggage & Bags,273.0,2024,7,0,0.0,0,0,0,1,1.0,train
2024-02-19,EAST,Luggage & Bags,253.0,2024,8,0,0.0,0,0,0,1,1.0,train
2024-02-26,EAST,Luggage & Bags,278.0,2024,9,0,0.0,0,0,0,1,1.0,train
2024-03-04,EAST,Luggage & Bags,323.0,2024,10,0,0.0,0,0,0,0,1.0,train
2024-03-11,EAST,Luggage & Bags,432.0,2024,11,1,0.0,0,0,0,0,1.0,train
2024-03-18,EAST,Luggage & Bags,459.0,2024,12,1,0.25,0,0,0,0,1.0,train
2024-03-25,EAST,Luggage & Bags,481.0,2024,13,1,0.5,0,0,0,0,1.0,train
2024-04-01,EAST,Luggage & Bags,540.0,2024,14,1,0.75,0,0,0,0,1.0,train
2024-04-08,EAST,Luggage & Bags,509.0,2024,15,1,1.0,1,0,0,0,1.5,train
2024-04-15,EAST,Luggage & Bags,266.0,2024,16,0,0.0,0,0,0,0,1.0,train
2024-04-22,EAST,Luggage & Bags,291.0,2024,17,0,0.0,0,0,0,0,1.0,train
2024-04-29,EAST,Luggage & Bags,294.0,2024,18,0,0.0,0,0,0,0,1.0,train
2024-05-06,EAST,Luggage & Bags,313.0,2024,19,0,0.0,0,0,0,0,1.0,train
2024-05-13,EAST,Luggage & Bags,325.0,2024,20,0,0.0,0,0,0,0,1.0,train
2024-05-20,EAST,Luggage & Bags,303.0,2024,21,0,0.0,0,0,0,0,1.0,train
2024-05-27,EAST,Luggage & Bags,293.0,2024,22,0,0.0,0,1,0,0,1.0,train
2024-06-03,EAST,Luggage & Bags,320.0,2024,23,0,0.0,0,1,0,0,1.0,train
2024-06-10,EAST,Luggage & Bags,332.0,2024,24,0,0.0,0,1,0,0,1.0,train
2024-06-17,EAST,Luggage & Bags,351.0,2024,25,0,0.0,0,1,0,0,1.0,train
2024-06-24,EAST,Luggage & Bags,326.0,2024,26,0,0.0,0,1,0,0,1.0,train
2024-07-01,EAST,Luggage & Bags,337.0,2024,27,0,0.0,0,1,0,0,1.0,train
2024-07-08,EAST,Luggage & Bags,379.0,2024,28,0,0.0,0,1,0,0,1.0,train
2024-07-15,EAST,Luggage & Bags,318.0,2024,29,0,0.0,0,1,0,0,1.0,train
2024-07-22,EAST,Luggage & Bags,334.0,2024,30,0,0.0,0,1,0,0,1.0,train
2024-07-29,EAST,Luggage & Bags,346.0,2024,31,0,0.0,0,1,0,0,1.0,train
2024-08-05,EAST,Luggage & Bags,331.0,2024,32,0,0.0,0,1,0,0,1.0,train
2024-08-12,EAST,Luggage & Bags,368.0,2024,33,0,0.0,0,1,0,0,1.0,train
2024-08-19,EAST,Luggage & Bags,344.0,2024,34,0,0.0,0,1,0,0,1.0,train
2024-08-26,EAST,Luggage & Bags,321.0,2024,35,0,0.0,0,1,1,0,1.0,train
2024-09-02,EAST,Luggage & Bags,369.0,2024,36,0,0.0,0,0,1,0,1.0,train
2024-09-09,EAST,Luggage & Bags,399.0,2024,37,0,0.0,0,0,1,0,1.0,train
2024-09-16,EAST,Luggage & Bags,421.0,2024,38,0,0.0,0,0,1,0,1.0,train
2024-09-23,EAST,Luggage & Bags,391.0,2024,39,0,0.0,0,0,1,0,1.0,train
2024-09-30,EAST,Luggage & Bags,283.0,2024,40,0,0.0,0,0,1,0,1.0,train
2024-10-07,EAST,Luggage & Bags,258.0,2024,41,0,0.0,0,0,0,0,1.0,train
2024-10-14,EAST,Luggage & Bags,295.0,2024,42,0,0.0,0,0,0,0,1.0,train
2024-10-21,EAST,Luggage & Bags,284.0,2024,43,0,0.0,0,0,0,0,1.0,train
2024-10-28,EAST,Luggage & Bags,272.0,2024,44,0,0.0,0,0,0,0,1.0,train
2024-11-04,EAST,Luggage & Bags,309.0,2024,45,0,0.0,0,0,0,0,1.0,validation
2024-11-11,EAST,Luggage & Bags,313.0,2024,46,0,0.0,0,0,0,0,1.0,validation
2024-11-18,EAST,Luggage & Bags,248.0,2024,47,0,0.0,0,0,0,0,1.0,validation
2024-11-25,EAST,Luggage & Bags,281.0,2024,48,0,0.0,0,0,0,0,1.0,validation
2024-12-02,EAST,Luggage & Bags,325.0,2024,49,0,0.0,0,0,0,0,1.0,validation
2024-12-09,EAST,Luggage & Bags,316.0,2024,50,0,0.0,0,0,0,0,1.0,validation
2024-12-16,EAST,Luggage & Bags,335.0,2024,51,0,0.0,0,0,0,0,1.0,validation
2024-12-23,EAST,Luggage & Bags,308.0,2024,52,0,0.0,0,0,0,0,1.0,validation
2024-12-30,EAST,Luggage & Bags,272.0,2025,1,0,0.0,0,0,0,1,1.0,test
2025-01-06,EAST,Luggage & Bags,236.0,2025,2,0,0.0,0,0,0,1,1.0,test
2025-01-13,EAST,Luggage & Bags,264.0,2025,3,0,0.0,0,0,0,1,1.0,test
2025-01-20,EAST,Luggage & Bags,254.0,2025,4,0,0.0,0,0,0,1,1.0,test
2025-01-27,EAST,Luggage & Bags,270.0,2025,5,0,0.0,0,0,0,1,1.0,test
2025-02-03,EAST,Luggage & Bags,254.0,2025,6,0,0.0,0,0,0,1,1.0,test
2025-02-10,EAST,Luggage & Bags,255.0,2025,7,0,0.0,0,0,0,1,1.0,test
2025-02-17,EAST,Luggage & Bags,287.0,2025,8,0,0.0,0,0,0,1,1.0,test
2025-02-24,EAST,Luggage & Bags,313.0,2025,9,1,0.0,0,0,0,1,1.0,test
2025-03-03,EAST,Luggage & Bags,413.0,2025,10,1,0.25,0,0,0,0,1.0,test
2025-03-10,EAST,Luggage & Bags,491.0,2025,11,1,0.5,0,0,0,0,1.0,test
2025-03-17,EAST,Luggage & Bags,490.0,2025,12,1,0.75,0,0,0,0,1.0,test
2025-03-24,EAST,Luggage & Bags,579.0,2025,13,1,1.0,1,0,0,0,1.5,test
2025-03-31,EAST,Luggage & Bags,311.0,2025,14,0,0.0,0,0,0,0,1.0,test
2025-04-07,EAST,Luggage & Bags,298.0,2025,15,0,0.0,0,0,0,0,1.0,test
2025-04-14,EAST,Luggage & Bags,285.0,2025,16,0,0.0,0,0,0,0,1.0,test
2025-04-21,EAST,Luggage & Bags,286.0,2025,17,0,0.0,0,0,0,0,1.0,test
2025-04-28,EAST,Luggage & Bags,270.0,2025,18,0,0.0,0,0,0,0,1.0,test
2025-05-05,EAST,Luggage & Bags,293.0,2025,19,0,0.0,0,0,0,0,1.0,test
2025-05-12,EAST,Luggage & Bags,282.0,2025,20,0,0.0,0,0,0,0,1.0,test
2025-05-19,EAST,Luggage & Bags,314.0,2025,21,0,0.0,0,0,0,0,1.0,test
2025-05-26,EAST,Luggage & Bags,294.0,2025,22,0,0.0,0,1,0,0,1.0,test
2025-06-02,EAST,Luggage & Bags,370.0,2025,23,0,0.0,0,1,0,0,1.0,test
2025-06-09,EAST,Luggage & Bags,360.0,2025,24,0,0.0,0,1,0,0,1.0,test
2025-06-16,EAST,Luggage & Bags,359.0,2025,25,0,0.0,0,1,0,0,1.0,test
2025-06-23,EAST,Luggage & Bags,350.0,2025,26,0,0.0,0,1,0,0,1.0,test
2025-06-30,EAST,Luggage & Bags,349.0,2025,27,0,0.0,0,1,0,0,1.0,test
2025-07-07,EAST,Luggage & Bags,363.0,2025,28,0,0.0,0,1,0,0,1.0,test
2025-07-14,EAST,Luggage & Bags,341.0,2025,29,0,0.0,0,1,0,0,1.0,test
2025-07-21,EAST,Luggage & Bags,314.0,2025,30,0,0.0,0,1,0,0,1.0,test
2025-07-28,EAST,Luggage & Bags,319.0,2025,31,0,0.0,0,1,0,0,1.0,test
2025-08-04,EAST,Luggage & Bags,338.0,2025,32,0,0.0,0,1,0,0,1.0,test
2025-08-11,EAST,Luggage & Bags,319.0,2025,33,0,0.0,0,1,0,0,1.0,test
2025-08-18,EAST,Luggage & Bags,345.0,2025,34,0,0.0,0,1,0,0,1.0,test
2025-08-25,EAST,Luggage & Bags,337.0,2025,35,0,0.0,0,1,0,0,1.0,test
2025-09-01,EAST,Luggage & Bags,406.0,2025,36,0,0.0,0,0,1,0,1.0,test
2025-09-08,EAST,Luggage & Bags,373.0,2025,37,0,0.0,0,0,1,0,1.0,test
2025-09-15,EAST,Luggage & Bags,380.0,2025,38,0,0.0,0,0,1,0,1.0,test
2025-09-22,EAST,Luggage & Bags,390.0,2025,39,0,0.0,0,0,1,0,1.0,test
2025-09-29,EAST,Luggage & Bags,330.0,2025,40,0,0.0,0,0,1,0,1.0,test
2025-10-06,EAST,Luggage & Bags,277.0,2025,41,0,0.0,0,0,0,0,1.0,test
2025-10-13,EAST,Luggage & Bags,284.0,2025,42,0,0.0,0,0,0,0,1.0,test
2025-10-20,EAST,Luggage & Bags,290.0,2025,43,0,0.0,0,0,0,0,1.0,test
2025-10-27,EAST,Luggage & Bags,264.0,2025,44,0,0.0,0,0,0,0,1.0,test
2025-11-03,EAST,Luggage & Bags,256.0,2025,45,0,0.0,0,0,0,0,1.0,test
2025-11-10,EAST,Luggage & Bags,264.0,2025,46,0,0.0,0,0,0,0,1.0,test
2025-11-17,EAST,Luggage & Bags,315.0,2025,47,0,0.0,0,0,0,0,1.0,test
2025-11-24,EAST,Luggage & Bags,267.0,2025,48,0,0.0,0,0,0,0,1.0,test
2025-12-01,EAST,Luggage & Bags,328.0,2025,49,0,0.0,0,0,0,0,1.0,test
2025-12-08,EAST,Luggage & Bags,299.0,2025,50,0,0.0,0,0,0,0,1.0,test
2025-12-15,EAST,Luggage & Bags,324.0,2025,51,0,0.0,0,0,0,0,1.0,test
2025-12-22,EAST,Luggage & Bags,304.0,2025,52,0,0.0,0,0,0,0,1.0,test
2024-01-01,EAST,Media,116.0,2024,1,0,0.0,0,0,0,1,1.0,train
2024-01-08,EAST,Media,142.0,2024,2,0,0.0,0,0,0,1,1.0,train
2024-01-15,EAST,Media,120.0,2024,3,0,0.0,0,0,0,1,1.0,train
2024-01-22,EAST,Media,117.0,2024,4,0,0.0,0,0,0,1,1.0,train
2024-01-29,EAST,Media,124.0,2024,5,0,0.0,0,0,0,1,1.0,train
2024-02-05,EAST,Media,129.0,2024,6,0,0.0,0,0,0,1,1.0,train
2024-02-12,EAST,Media,124.0,2024,7,0,0.0,0,0,0,1,1.0,train
2024-02-19,EAST,Media,148.0,2024,8,0,0.0,0,0,0,1,1.0,train
2024-02-26,EAST,Media,140.0,2024,9,0,0.0,0,0,0,1,1.0,train
2024-03-04,EAST,Media,159.0,2024,10,0,0.0,0,0,0,0,1.0,train
2024-03-11,EAST,Media,195.0,2024,11,1,0.0,0,0,0,0,1.0,train
2024-03-18,EAST,Media,214.0,2024,12,1,0.25,0,0,0,0,1.0,train
2024-03-25,EAST,Media,244.0,2024,13,1,0.5,0,0,0,0,1.0,train
2024-04-01,EAST,Media,257.0,2024,14,1,0.75,0,0,0,0,1.0,train
2024-04-08,EAST,Media,271.0,2024,15,1,1.0,1,0,0,0,1.0,train
2024-04-15,EAST,Media,151.0,2024,16,0,0.0,0,0,0,0,1.0,train
2024-04-22,EAST,Media,136.0,2024,17,0,0.0,0,0,0,0,1.0,train
2024-04-29,EAST,Media,117.0,2024,18,0,0.0,0,0,0,0,1.0,train
2024-05-06,EAST,Media,144.0,2024,19,0,0.0,0,0,0,0,1.0,train
2024-05-13,EAST,Media,137.0,2024,20,0,0.0,0,0,0,0,1.0,train
2024-05-20,EAST,Media,141.0,2024,21,0,0.0,0,0,0,0,1.0,train
2024-05-27,EAST,Media,151.0,2024,22,0,0.0,0,1,0,0,1.0,train
2024-06-03,EAST,Media,175.0,2024,23,0,0.0,0,1,0,0,1.0,train
2024-06-10,EAST,Media,160.0,2024,24,0,0.0,0,1,0,0,1.0,train
2024-06-17,EAST,Media,204.0,2024,25,0,0.0,0,1,0,0,1.0,train
2024-06-24,EAST,Media,163.0,2024,26,0,0.0,0,1,0,0,1.0,train
2024-07-01,EAST,Media,169.0,2024,27,0,0.0,0,1,0,0,1.0,train
2024-07-08,EAST,Media,177.0,2024,28,0,0.0,0,1,0,0,1.0,train
2024-07-15,EAST,Media,150.0,2024,29,0,0.0,0,1,0,0,1.0,train
2024-07-22,EAST,Media,162.0,2024,30,0,0.0,0,1,0,0,1.0,train
2024-07-29,EAST,Media,153.0,2024,31,0,0.0,0,1,0,0,1.0,train
2024-08-05,EAST,Media,154.0,2024,32,0,0.0,0,1,0,0,1.0,train
2024-08-12,EAST,Media,167.0,2024,33,0,0.0,0,1,0,0,1.0,train
2024-08-19,EAST,Media,168.0,2024,34,0,0.0,0,1,0,0,1.0,train
2024-08-26,EAST,Media,167.0,2024,35,0,0.0,0,1,1,0,1.5,train
2024-09-02,EAST,Media,186.0,2024,36,0,0.0,0,0,1,0,1.5,train
2024-09-09,EAST,Media,193.0,2024,37,0,0.0,0,0,1,0,1.5,train
2024-09-16,EAST,Media,196.0,2024,38,0,0.0,0,0,1,0,1.5,train
2024-09-23,EAST,Media,150.0,2024,39,0,0.0,0,0,1,0,1.5,train
2024-09-30,EAST,Media,167.0,2024,40,0,0.0,0,0,1,0,1.5,train
2024-10-07,EAST,Media,141.0,2024,41,0,0.0,0,0,0,0,1.0,train
2024-10-14,EAST,Media,126.0,2024,42,0,0.0,0,0,0,0,1.0,train
2024-10-21,EAST,Media,119.0,2024,43,0,0.0,0,0,0,0,1.0,train
2024-10-28,EAST,Media,139.0,2024,44,0,0.0,0,0,0,0,1.0,train
2024-11-04,EAST,Media,139.0,2024,45,0,0.0,0,0,0,0,1.0,validation
2024-11-11,EAST,Media,151.0,2024,46,0,0.0,0,0,0,0,1.0,validation
2024-11-18,EAST,Media,123.0,2024,47,0,0.0,0,0,0,0,1.0,validation
2024-11-25,EAST,Media,140.0,2024,48,0,0.0,0,0,0,0,1.0,validation
2024-12-02,EAST,Media,121.0,2024,49,0,0.0,0,0,0,0,1.0,validation
2024-12-09,EAST,Media,138.0,2024,50,0,0.0,0,0,0,0,1.0,validation
2024-12-16,EAST,Media,147.0,2024,51,0,0.0,0,0,0,0,1.0,validation
2024-12-23,EAST,Media,147.0,2024,52,0,0.0,0,0,0,0,1.0,validation
2024-12-30,EAST,Media,138.0,2025,1,0,0.0,0,0,0,1,1.0,test
2025-01-06,EAST,Media,108.0,2025,2,0,0.0,0,0,0,1,1.0,test
2025-01-13,EAST,Media,118.0,2025,3,0,0.0,0,0,0,1,1.0,test
2025-01-20,EAST,Media,132.0,2025,4,0,0.0,0,0,0,1,1.0,test
2025-01-27,EAST,Media,125.0,2025,5,0,0.0,0,0,0,1,1.0,test
2025-02-03,EAST,Media,140.0,2025,6,0,0.0,0,0,0,1,1.0,test
2025-02-10,EAST,Media,119.0,2025,7,0,0.0,0,0,0,1,1.0,test
2025-02-17,EAST,Media,133.0,2025,8,0,0.0,0,0,0,1,1.0,test
2025-02-24,EAST,Media,137.0,2025,9,1,0.0,0,0,0,1,1.0,test
2025-03-03,EAST,Media,228.0,2025,10,1,0.25,0,0,0,0,1.0,test
2025-03-10,EAST,Media,235.0,2025,11,1,0.5,0,0,0,0,1.0,test
2025-03-17,EAST,Media,246.0,2025,12,1,0.75,0,0,0,0,1.0,test
2025-03-24,EAST,Media,269.0,2025,13,1,1.0,1,0,0,0,1.0,test
2025-03-31,EAST,Media,120.0,2025,14,0,0.0,0,0,0,0,1.0,test
2025-04-07,EAST,Media,145.0,2025,15,0,0.0,0,0,0,0,1.0,test
2025-04-14,EAST,Media,133.0,2025,16,0,0.0,0,0,0,0,1.0,test
2025-04-21,EAST,Media,121.0,2025,17,0,0.0,0,0,0,0,1.0,test
2025-04-28,EAST,Media,141.0,2025,18,0,0.0,0,0,0,0,1.0,test
2025-05-05,EAST,Media,142.0,2025,19,0,0.0,0,0,0,0,1.0,test
2025-05-12,EAST,Media,130.0,2025,20,0,0.0,0,0,0,0,1.0,test
2025-05-19,EAST,Media,138.0,2025,21,0,0.0,0,0,0,0,1.0,test
2025-05-26,EAST,Media,133.0,2025,22,0,0.0,0,1,0,0,1.0,test
2025-06-02,EAST,Media,148.0,2025,23,0,0.0,0,1,0,0,1.0,test
2025-06-09,EAST,Media,152.0,2025,24,0,0.0,0,1,0,0,1.0,test
2025-06-16,EAST,Media,161.0,2025,25,0,0.0,0,1,0,0,1.0,test
2025-06-23,EAST,Media,196.0,2025,26,0,0.0,0,1,0,0,1.0,test
2025-06-30,EAST,Media,166.0,2025,27,0,0.0,0,1,0,0,1.0,test
2025-07-07,EAST,Media,151.0,2025,28,0,0.0,0,1,0,0,1.0,test
2025-07-14,EAST,Media,158.0,2025,29,0,0.0,0,1,0,0,1.0,test
2025-07-21,EAST,Media,141.0,2025,30,0,0.0,0,1,0,0,1.0,test
2025-07-28,EAST,Media,166.0,2025,31,0,0.0,0,1,0,0,1.0,test
2025-08-04,EAST,Media,174.0,2025,32,0,0.0,0,1,0,0,1.0,test
2025-08-11,EAST,Media,158.0,2025,33,0,0.0,0,1,0,0,1.0,test
2025-08-18,EAST,Media,190.0,2025,34,0,0.0,0,1,0,0,1.0,test
2025-08-25,EAST,Media,167.0,2025,35,0,0.0,0,1,0,0,1.0,test
2025-09-01,EAST,Media,200.0,2025,36,0,0.0,0,0,1,0,1.5,test
2025-09-08,EAST,Media,185.0,2025,37,0,0.0,0,0,1,0,1.5,test
2025-09-15,EAST,Media,172.0,2025,38,0,0.0,0,0,1,0,1.5,test
2025-09-22,EAST,Media,160.0,2025,39,0,0.0,0,0,1,0,1.5,test
2025-09-29,EAST,Media,177.0,2025,40,0,0.0,0,0,1,0,1.5,test
2025-10-06,EAST,Media,118.0,2025,41,0,0.0,0,0,0,0,1.0,test
2025-10-13,EAST,Media,142.0,2025,42,0,0.0,0,0,0,0,1.0,test
2025-10-20,EAST,Media,140.0,2025,43,0,0.0,0,0,0,0,1.0,test
2025-10-27,EAST,Media,140.0,2025,44,0,0.0,0,0,0,0,1.0,test
2025-11-03,EAST,Media,144.0,2025,45,0,0.0,0,0,0,0,1.0,test
2025-11-10,EAST,Media,128.0,2025,46,0,0.0,0,0,0,0,1.0,test
2025-11-17,EAST,Media,122.0,2025,47,0,0.0,0,0,0,0,1.0,test
2025-11-24,EAST,Media,151.0,2025,48,0,0.0,0,0,0,0,1.0,test
2025-12-01,EAST,Media,162.0,2025,49,0,0.0,0,0,0,0,1.0,test
2025-12-08,EAST,Media,144.0,2025,50,0,0.0,0,0,0,0,1.0,test
2025-12-15,EAST,Media,139.0,2025,51,0,0.0,0,0,0,0,1.0,test
2025-12-22,EAST,Media,151.0,2025,52,0,0.0,0,0,0,0,1.0,test
2024-01-01,EAST,Office Supplies,306.0,2024,1,0,0.0,0,0,0,1,1.0,train
2024-01-08,EAST,Office Supplies,276.0,2024,2,0,0.0,0,0,0,1,1.0,train
2024-01-15,EAST,Office Supplies,269.0,2024,3,0,0.0,0,0,0,1,1.0,train
2024-01-22,EAST,Office Supplies,274.0,2024,4,0,0.0,0,0,0,1,1.0,train
2024-01-29,EAST,Office Supplies,262.0,2024,5,0,0.0,0,0,0,1,1.0,train
2024-02-05,EAST,Office Supplies,279.0,2024,6,0,0.0,0,0,0,1,1.0,train
2024-02-12,EAST,Office Supplies,261.0,2024,7,0,0.0,0,0,0,1,1.0,train
2024-02-19,EAST,Office Supplies,243.0,2024,8,0,0.0,0,0,0,1,1.0,train
2024-02-26,EAST,Office Supplies,305.0,2024,9,0,0.0,0,0,0,1,1.0,train
2024-03-04,EAST,Office Supplies,334.0,2024,10,0,0.0,0,0,0,0,1.0,train
2024-03-11,EAST,Office Supplies,440.0,2024,11,1,0.0,0,0,0,0,1.0,train
2024-03-18,EAST,Office Supplies,483.0,2024,12,1,0.25,0,0,0,0,1.0,train
2024-03-25,EAST,Office Supplies,500.0,2024,13,1,0.5,0,0,0,0,1.0,train
2024-04-01,EAST,Office Supplies,526.0,2024,14,1,0.75,0,0,0,0,1.0,train
2024-04-08,EAST,Office Supplies,441.0,2024,15,1,1.0,1,0,0,0,1.0,train
2024-04-15,EAST,Office Supplies,279.0,2024,16,0,0.0,0,0,0,0,1.0,train
2024-04-22,EAST,Office Supplies,312.0,2024,17,0,0.0,0,0,0,0,1.0,train
2024-04-29,EAST,Office Supplies,324.0,2024,18,0,0.0,0,0,0,0,1.0,train
2024-05-06,EAST,Office Supplies,313.0,2024,19,0,0.0,0,0,0,0,1.0,train
2024-05-13,EAST,Office Supplies,270.0,2024,20,0,0.0,0,0,0,0,1.0,train
2024-05-20,EAST,Office Supplies,281.0,2024,21,0,0.0,0,0,0,0,1.0,train
2024-05-27,EAST,Office Supplies,320.0,2024,22,0,0.0,0,1,0,0,1.0,train
2024-06-03,EAST,Office Supplies,333.0,2024,23,0,0.0,0,1,0,0,1.0,train
2024-06-10,EAST,Office Supplies,365.0,2024,24,0,0.0,0,1,0,0,1.0,train
2024-06-17,EAST,Office Supplies,364.0,2024,25,0,0.0,0,1,0,0,1.0,train
2024-06-24,EAST,Office Supplies,393.0,2024,26,0,0.0,0,1,0,0,1.0,train
2024-07-01,EAST,Office Supplies,372.0,2024,27,0,0.0,0,1,0,0,1.0,train
2024-07-08,EAST,Office Supplies,354.0,2024,28,0,0.0,0,1,0,0,1.0,train
2024-07-15,EAST,Office Supplies,355.0,2024,29,0,0.0,0,1,0,0,1.0,train
2024-07-22,EAST,Office Supplies,354.0,2024,30,0,0.0,0,1,0,0,1.0,train
2024-07-29,EAST,Office Supplies,340.0,2024,31,0,0.0,0,1,0,0,1.0,train
2024-08-05,EAST,Office Supplies,345.0,2024,32,0,0.0,0,1,0,0,1.0,train
2024-08-12,EAST,Office Supplies,362.0,2024,33,0,0.0,0,1,0,0,1.0,train
2024-08-19,EAST,Office Supplies,367.0,2024,34,0,0.0,0,1,0,0,1.0,train
2024-08-26,EAST,Office Supplies,345.0,2024,35,0,0.0,0,1,1,0,1.5,train
2024-09-02,EAST,Office Supplies,419.0,2024,36,0,0.0,0,0,1,0,1.5,train
2024-09-09,EAST,Office Supplies,386.0,2024,37,0,0.0,0,0,1,0,1.5,train
2024-09-16,EAST,Office Supplies,381.0,2024,38,0,0.0,0,0,1,0,1.5,train
2024-09-23,EAST,Office Supplies,347.0,2024,39,0,0.0,0,0,1,0,1.5,train
2024-09-30,EAST,Office Supplies,324.0,2024,40,0,0.0,0,0,1,0,1.5,train
2024-10-07,EAST,Office Supplies,264.0,2024,41,0,0.0,0,0,0,0,1.0,train
2024-10-14,EAST,Office Supplies,272.0,2024,42,0,0.0,0,0,0,0,1.0,train
2024-10-21,EAST,Office Supplies,276.0,2024,43,0,0.0,0,0,0,0,1.0,train
2024-10-28,EAST,Office Supplies,272.0,2024,44,0,0.0,0,0,0,0,1.0,train
2024-11-04,EAST,Office Supplies,283.0,2024,45,0,0.0,0,0,0,0,1.0,validation
2024-11-11,EAST,Office Supplies,282.0,2024,46,0,0.0,0,0,0,0,1.0,validation
2024-11-18,EAST,Office Supplies,279.0,2024,47,0,0.0,0,0,0,0,1.0,validation
2024-11-25,EAST,Office Supplies,330.0,2024,48,0,0.0,0,0,0,0,1.0,validation
2024-12-02,EAST,Office Supplies,284.0,2024,49,0,0.0,0,0,0,0,1.0,validation
2024-12-09,EAST,Office Supplies,344.0,2024,50,0,0.0,0,0,0,0,1.0,validation
2024-12-16,EAST,Office Supplies,323.0,2024,51,0,0.0,0,0,0,0,1.0,validation
2024-12-23,EAST,Office Supplies,308.0,2024,52,0,0.0,0,0,0,0,1.0,validation
2024-12-30,EAST,Office Supplies,296.0,2025,1,0,0.0,0,0,0,1,1.0,test
2025-01-06,EAST,Office Supplies,266.0,2025,2,0,0.0,0,0,0,1,1.0,test
2025-01-13,EAST,Office Supplies,229.0,2025,3,0,0.0,0,0,0,1,1.0,test
2025-01-20,EAST,Office Supplies,239.0,2025,4,0,0.0,0,0,0,1,1.0,test
2025-01-27,EAST,Office Supplies,240.0,2025,5,0,0.0,0,0,0,1,1.0,test
2025-02-03,EAST,Office Supplies,249.0,2025,6,0,0.0,0,0,0,1,1.0,test
2025-02-10,EAST,Office Supplies,284.0,2025,7,0,0.0,0,0,0,1,1.0,test
2025-02-17,EAST,Office Supplies,286.0,2025,8,0,0.0,0,0,0,1,1.0,test
2025-02-24,EAST,Office Supplies,319.0,2025,9,1,0.0,0,0,0,1,1.0,test
2025-03-03,EAST,Office Supplies,462.0,2025,10,1,0.25,0,0,0,0,1.0,test
2025-03-10,EAST,Office Supplies,440.0,2025,11,1,0.5,0,0,0,0,1.0,test
2025-03-17,EAST,Office Supplies,511.0,2025,12,1,0.75,0,0,0,0,1.0,test
2025-03-24,EAST,Office Supplies,538.0,2025,13,1,1.0,1,0,0,0,1.0,test
2025-03-31,EAST,Office Supplies,266.0,2025,14,0,0.0,0,0,0,0,1.0,test
2025-04-07,EAST,Office Supplies,287.0,2025,15,0,0.0,0,0,0,0,1.0,test
2025-04-14,EAST,Office Supplies,285.0,2025,16,0,0.0,0,0,0,0,1.0,test
2025-04-21,EAST,Office Supplies,293.0,2025,17,0,0.0,0,0,0,0,1.0,test
2025-04-28,EAST,Office Supplies,298.0,2025,18,0,0.0,0,0,0,0,1.0,test
2025-05-05,EAST,Office Supplies,253.0,2025,19,0,0.0,0,0,0,0,1.0,test
2025-05-12,EAST,Office Supplies,312.0,2025,20,0,0.0,0,0,0,0,1.0,test
2025-05-19,EAST,Office Supplies,301.0,2025,21,0,0.0,0,0,0,0,1.0,test
2025-05-26,EAST,Office Supplies,283.0,2025,22,0,0.0,0,1,0,0,1.0,test
2025-06-02,EAST,Office Supplies,358.0,2025,23,0,0.0,0,1,0,0,1.0,test
2025-06-09,EAST,Office Supplies,325.0,2025,24,0,0.0,0,1,0,0,1.0,test
2025-06-16,EAST,Office Supplies,346.0,2025,25,0,0.0,0,1,0,0,1.0,test
2025-06-23,EAST,Office Supplies,369.0,2025,26,0,0.0,0,1,0,0,1.0,test
2025-06-30,EAST,Office Supplies,350.0,2025,27,0,0.0,0,1,0,0,1.0,test
2025-07-07,EAST,Office Supplies,350.0,2025,28,0,0.0,0,1,0,0,1.0,test
2025-07-14,EAST,Office Supplies,333.0,2025,29,0,0.0,0,1,0,0,1.0,test
2025-07-21,EAST,Office Supplies,371.0,2025,30,0,0.0,0,1,0,0,1.0,test
2025-07-28,EAST,Office Supplies,344.0,2025,31,0,0.0,0,1,0,0,1.0,test
2025-08-04,EAST,Office Supplies,372.0,2025,32,0,0.0,0,1,0,0,1.0,test
2025-08-11,EAST,Office Supplies,335.0,2025,33,0,0.0,0,1,0,0,1.0,test
2025-08-18,EAST,Office Supplies,365.0,2025,34,0,0.0,0,1,0,0,1.0,test
2025-08-25,EAST,Office Supplies,350.0,2025,35,0,0.0,0,1,0,0,1.0,test
2025-09-01,EAST,Office Supplies,414.0,2025,36,0,0.0,0,0,1,0,1.5,test
2025-09-08,EAST,Office Supplies,371.0,2025,37,0,0.0,0,0,1,0,1.5,test
2025-09-15,EAST,Office Supplies,347.0,2025,38,0,0.0,0,0,1,0,1.5,test
2025-09-22,EAST,Office Supplies,370.0,2025,39,0,0.0,0,0,1,0,1.5,test
2025-09-29,EAST,Office Supplies,312.0,2025,40,0,0.0,0,0,1,0,1.5,test
2025-10-06,EAST,Office Supplies,314.0,2025,41,0,0.0,0,0,0,0,1.0,test
2025-10-13,EAST,Office Supplies,280.0,2025,42,0,0.0,0,0,0,0,1.0,test
2025-10-20,EAST,Office Supplies,268.0,2025,43,0,0.0,0,0,0,0,1.0,test
2025-10-27,EAST,Office Supplies,276.0,2025,44,0,0.0,0,0,0,0,1.0,test
2025-11-03,EAST,Office Supplies,280.0,2025,45,0,0.0,0,0,0,0,1.0,test
2025-11-10,EAST,Office Supplies,290.0,2025,46,0,0.0,0,0,0,0,1.0,test
2025-11-17,EAST,Office Supplies,301.0,2025,47,0,0.0,0,0,0,0,1.0,test
2025-11-24,EAST,Office Supplies,272.0,2025,48,0,0.0,0,0,0,0,1.0,test
2025-12-01,EAST,Office Supplies,318.0,2025,49,0,0.0,0,0,0,0,1.0,test
2025-12-08,EAST,Office Supplies,328.0,2025,50,0,0.0,0,0,0,0,1.0,test
2025-12-15,EAST,Office Supplies,327.0,2025,51,0,0.0,0,0,0,0,1.0,test
2025-12-22,EAST,Office Supplies,332.0,2025,52,0,0.0,0,0,0,0,1.0,test
2024-01-01,EAST,Software,26.0,2024,1,0,0.0,0,0,0,1,1.0,train
2024-01-08,EAST,Software,14.0,2024,2,0,0.0,0,0,0,1,1.0,train
2024-01-15,EAST,Software,22.0,2024,3,0,0.0,0,0,0,1,1.0,train
2024-01-22,EAST,Software,36.0,2024,4,0,0.0,0,0,0,1,1.0,train
2024-01-29,EAST,Software,34.0,2024,5,0,0.0,0,0,0,1,1.0,train
2024-02-05,EAST,Software,27.0,2024,6,0,0.0,0,0,0,1,1.0,train
2024-02-12,EAST,Software,24.0,2024,7,0,0.0,0,0,0,1,1.0,train
2024-02-19,EAST,Software,37.0,2024,8,0,0.0,0,0,0,1,1.0,train
2024-02-26,EAST,Software,24.0,2024,9,0,0.0,0,0,0,1,1.0,train
2024-03-04,EAST,Software,29.0,2024,10,0,0.0,0,0,0,0,1.0,train
2024-03-11,EAST,Software,43.0,2024,11,1,0.0,0,0,0,0,1.0,train
2024-03-18,EAST,Software,39.0,2024,12,1,0.25,0,0,0,0,1.0,train
2024-03-25,EAST,Software,41.0,2024,13,1,0.5,0,0,0,0,1.0,train
2024-04-01,EAST,Software,42.0,2024,14,1,0.75,0,0,0,0,1.0,train
2024-04-08,EAST,Software,44.0,2024,15,1,1.0,1,0,0,0,1.0,train
2024-04-15,EAST,Software,27.0,2024,16,0,0.0,0,0,0,0,1.0,train
2024-04-22,EAST,Software,27.0,2024,17,0,0.0,0,0,0,0,1.0,train
2024-04-29,EAST,Software,21.0,2024,18,0,0.0,0,0,0,0,1.0,train
2024-05-06,EAST,Software,26.0,2024,19,0,0.0,0,0,0,0,1.0,train
2024-05-13,EAST,Software,26.0,2024,20,0,0.0,0,0,0,0,1.0,train
2024-05-20,EAST,Software,21.0,2024,21,0,0.0,0,0,0,0,1.0,train
2024-05-27,EAST,Software,24.0,2024,22,0,0.0,0,1,0,0,1.0,train
2024-06-03,EAST,Software,31.0,2024,23,0,0.0,0,1,0,0,1.0,train
2024-06-10,EAST,Software,35.0,2024,24,0,0.0,0,1,0,0,1.0,train
2024-06-17,EAST,Software,32.0,2024,25,0,0.0,0,1,0,0,1.0,train
2024-06-24,EAST,Software,38.0,2024,26,0,0.0,0,1,0,0,1.0,train
2024-07-01,EAST,Software,29.0,2024,27,0,0.0,0,1,0,0,1.0,train
2024-07-08,EAST,Software,36.0,2024,28,0,0.0,0,1,0,0,1.0,train
2024-07-15,EAST,Software,28.0,2024,29,0,0.0,0,1,0,0,1.0,train
2024-07-22,EAST,Software,29.0,2024,30,0,0.0,0,1,0,0,1.0,train
2024-07-29,EAST,Software,29.0,2024,31,0,0.0,0,1,0,0,1.0,train
2024-08-05,EAST,Software,34.0,2024,32,0,0.0,0,1,0,0,1.0,train
2024-08-12,EAST,Software,39.0,2024,33,0,0.0,0,1,0,0,1.0,train
2024-08-19,EAST,Software,31.0,2024,34,0,0.0,0,1,0,0,1.0,train
2024-08-26,EAST,Software,32.0,2024,35,0,0.0,0,1,1,0,1.0,train
2024-09-02,EAST,Software,41.0,2024,36,0,0.0,0,0,1,0,1.0,train
2024-09-09,EAST,Software,37.0,2024,37,0,0.0,0,0,1,0,1.0,train
2024-09-16,EAST,Software,44.0,2024,38,0,0.0,0,0,1,0,1.0,train
2024-09-23,EAST,Software,33.0,2024,39,0,0.0,0,0,1,0,1.0,train
2024-09-30,EAST,Software,32.0,2024,40,0,0.0,0,0,1,0,1.0,train
2024-10-07,EAST,Software,22.0,2024,41,0,0.0,0,0,0,0,1.0,train
2024-10-14,EAST,Software,35.0,2024,42,0,0.0,0,0,0,0,1.0,train
2024-10-21,EAST,Software,21.0,2024,43,0,0.0,0,0,0,0,1.0,train
2024-10-28,EAST,Software,31.0,2024,44,0,0.0,0,0,0,0,1.0,train
2024-11-04,EAST,Software,23.0,2024,45,0,0.0,0,0,0,0,1.0,validation
2024-11-11,EAST,Software,32.0,2024,46,0,0.0,0,0,0,0,1.0,validation
2024-11-18,EAST,Software,28.0,2024,47,0,0.0,0,0,0,0,1.0,validation
2024-11-25,EAST,Software,19.0,2024,48,0,0.0,0,0,0,0,1.0,validation
2024-12-02,EAST,Software,29.0,2024,49,0,0.0,0,0,0,0,1.0,validation
2024-12-09,EAST,Software,30.0,2024,50,0,0.0,0,0,0,0,1.0,validation
2024-12-16,EAST,Software,29.0,2024,51,0,0.0,0,0,0,0,1.0,validation
2024-12-23,EAST,Software,38.0,2024,52,0,0.0,0,0,0,0,1.0,validation
2024-12-30,EAST,Software,28.0,2025,1,0,0.0,0,0,0,1,1.0,test
2025-01-06,EAST,Software,24.0,2025,2,0,0.0,0,0,0,1,1.0,test
2025-01-13,EAST,Software,22.0,2025,3,0,0.0,0,0,0,1,1.0,test
2025-01-20,EAST,Software,19.0,2025,4,0,0.0,0,0,0,1,1.0,test
2025-01-27,EAST,Software,24.0,2025,5,0,0.0,0,0,0,1,1.0,test
2025-02-03,EAST,Software,18.0,2025,6,0,0.0,0,0,0,1,1.0,test
2025-02-10,EAST,Software,22.0,2025,7,0,0.0,0,0,0,1,1.0,test
2025-02-17,EAST,Software,15.0,2025,8,0,0.0,0,0,0,1,1.0,test
2025-02-24,EAST,Software,32.0,2025,9,1,0.0,0,0,0,1,1.0,test
2025-03-03,EAST,Software,45.0,2025,10,1,0.25,0,0,0,0,1.0,test
2025-03-10,EAST,Software,42.0,2025,11,1,0.5,0,0,0,0,1.0,test
2025-03-17,EAST,Software,41.0,2025,12,1,0.75,0,0,0,0,1.0,test
2025-03-24,EAST,Software,54.0,2025,13,1,1.0,1,0,0,0,1.0,test
2025-03-31,EAST,Software,25.0,2025,14,0,0.0,0,0,0,0,1.0,test
2025-04-07,EAST,Software,32.0,2025,15,0,0.0,0,0,0,0,1.0,test
2025-04-14,EAST,Software,35.0,2025,16,0,0.0,0,0,0,0,1.0,test
2025-04-21,EAST,Software,33.0,2025,17,0,0.0,0,0,0,0,1.0,test
2025-04-28,EAST,Software,24.0,2025,18,0,0.0,0,0,0,0,1.0,test
2025-05-05,EAST,Software,29.0,2025,19,0,0.0,0,0,0,0,1.0,test
2025-05-12,EAST,Software,29.0,2025,20,0,0.0,0,0,0,0,1.0,test
2025-05-19,EAST,Software,22.0,2025,21,0,0.0,0,0,0,0,1.0,test
2025-05-26,EAST,Software,28.0,2025,22,0,0.0,0,1,0,0,1.0,test
2025-06-02,EAST,Software,39.0,2025,23,0,0.0,0,1,0,0,1.0,test
2025-06-09,EAST,Software,37.0,2025,24,0,0.0,0,1,0,0,1.0,test
2025-06-16,EAST,Software,27.0,2025,25,0,0.0,0,1,0,0,1.0,test
2025-06-23,EAST,Software,36.0,2025,26,0,0.0,0,1,0,0,1.0,test
2025-06-30,EAST,Software,33.0,2025,27,0,0.0,0,1,0,0,1.0,test
2025-07-07,EAST,Software,26.0,2025,28,0,0.0,0,1,0,0,1.0,test
2025-07-14,EAST,Software,35.0,2025,29,0,0.0,0,1,0,0,1.0,test
2025-07-21,EAST,Software,41.0,2025,30,0,0.0,0,1,0,0,1.0,test
2025-07-28,EAST,Software,31.0,2025,31,0,0.0,0,1,0,0,1.0,test
2025-08-04,EAST,Software,34.0,2025,32,0,0.0,0,1,0,0,1.0,test
2025-08-11,EAST,Software,34.0,2025,33,0,0.0,0,1,0,0,1.0,test
2025-08-18,EAST,Software,35.0,2025,34,0,0.0,0,1,0,0,1.0,test
2025-08-25,EAST,Software,27.0,2025,35,0,0.0,0,1,0,0,1.0,test
2025-09-01,EAST,Software,39.0,2025,36,0,0.0,0,0,1,0,1.0,test
2025-09-08,EAST,Software,33.0,2025,37,0,0.0,0,0,1,0,1.0,test
2025-09-15,EAST,Software,33.0,2025,38,0,0.0,0,0,1,0,1.0,test
2025-09-22,EAST,Software,40.0,2025,39,0,0.0,0,0,1,0,1.0,test
2025-09-29,EAST,Software,36.0,2025,40,0,0.0,0,0,1,0,1.0,test
2025-10-06,EAST,Software,36.0,2025,41,0,0.0,0,0,0,0,1.0,test
2025-10-13,EAST,Software,26.0,2025,42,0,0.0,0,0,0,0,1.0,test
2025-10-20,EAST,Software,29.0,2025,43,0,0.0,0,0,0,0,1.0,test
2025-10-27,EAST,Software,38.0,2025,44,0,0.0,0,0,0,0,1.0,test
2025-11-03,EAST,Software,28.0,2025,45,0,0.0,0,0,0,0,1.0,test
2025-11-10,EAST,Software,25.0,2025,46,0,0.0,0,0,0,0,1.0,test
2025-11-17,EAST,Software,30.0,2025,47,0,0.0,0,0,0,0,1.0,test
2025-11-24,EAST,Software,22.0,2025,48,0,0.0,0,0,0,0,1.0,test
2025-12-01,EAST,Software,31.0,2025,49,0,0.0,0,0,0,0,1.0,test
2025-12-08,EAST,Software,36.0,2025,50,0,0.0,0,0,0,0,1.0,test
2025-12-15,EAST,Software,30.0,2025,51,0,0.0,0,0,0,0,1.0,test
2025-12-22,EAST,Software,33.0,2025,52,0,0.0,0,0,0,0,1.0,test
2024-01-01,EAST,Sporting Goods,262.0,2024,1,0,0.0,0,0,0,1,1.0,train
2024-01-08,EAST,Sporting Goods,240.0,2024,2,0,0.0,0,0,0,1,1.0,train
2024-01-15,EAST,Sporting Goods,254.0,2024,3,0,0.0,0,0,0,1,1.0,train
2024-01-22,EAST,Sporting Goods,281.0,2024,4,0,0.0,0,0,0,1,1.0,train
2024-01-29,EAST,Sporting Goods,272.0,2024,5,0,0.0,0,0,0,1,1.0,train
2024-02-05,EAST,Sporting Goods,264.0,2024,6,0,0.0,0,0,0,1,1.0,train
2024-02-12,EAST,Sporting Goods,281.0,2024,7,0,0.0,0,0,0,1,1.0,train
2024-02-19,EAST,Sporting Goods,227.0,2024,8,0,0.0,0,0,0,1,1.0,train
2024-02-26,EAST,Sporting Goods,269.0,2024,9,0,0.0,0,0,0,1,1.0,train
2024-03-04,EAST,Sporting Goods,337.0,2024,10,0,0.0,0,0,0,0,1.0,train
2024-03-11,EAST,Sporting Goods,446.0,2024,11,1,0.0,0,0,0,0,1.0,train
2024-03-18,EAST,Sporting Goods,472.0,2024,12,1,0.25,0,0,0,0,1.0,train
2024-03-25,EAST,Sporting Goods,503.0,2024,13,1,0.5,0,0,0,0,1.0,train
2024-04-01,EAST,Sporting Goods,536.0,2024,14,1,0.75,0,0,0,0,1.0,train
2024-04-08,EAST,Sporting Goods,509.0,2024,15,1,1.0,1,0,0,0,1.0,train
2024-04-15,EAST,Sporting Goods,282.0,2024,16,0,0.0,0,0,0,0,1.0,train
2024-04-22,EAST,Sporting Goods,273.0,2024,17,0,0.0,0,0,0,0,1.0,train
2024-04-29,EAST,Sporting Goods,311.0,2024,18,0,0.0,0,0,0,0,1.0,train
2024-05-06,EAST,Sporting Goods,271.0,2024,19,0,0.0,0,0,0,0,1.0,train
2024-05-13,EAST,Sporting Goods,305.0,2024,20,0,0.0,0,0,0,0,1.0,train
2024-05-20,EAST,Sporting Goods,283.0,2024,21,0,0.0,0,0,0,0,1.0,train
2024-05-27,EAST,Sporting Goods,280.0,2024,22,0,0.0,0,1,0,0,1.4,train
2024-06-03,EAST,Sporting Goods,325.0,2024,23,0,0.0,0,1,0,0,1.4,train
2024-06-10,EAST,Sporting Goods,367.0,2024,24,0,0.0,0,1,0,0,1.4,train
2024-06-17,EAST,Sporting Goods,376.0,2024,25,0,0.0,0,1,0,0,1.4,train
2024-06-24,EAST,Sporting Goods,343.0,2024,26,0,0.0,0,1,0,0,1.4,train
2024-07-01,EAST,Sporting Goods,313.0,2024,27,0,0.0,0,1,0,0,1.4,train
2024-07-08,EAST,Sporting Goods,359.0,2024,28,0,0.0,0,1,0,0,1.4,train
2024-07-15,EAST,Sporting Goods,380.0,2024,29,0,0.0,0,1,0,0,1.4,train
2024-07-22,EAST,Sporting Goods,336.0,2024,30,0,0.0,0,1,0,0,1.4,train
2024-07-29,EAST,Sporting Goods,375.0,2024,31,0,0.0,0,1,0,0,1.4,train
2024-08-05,EAST,Sporting Goods,345.0,2024,32,0,0.0,0,1,0,0,1.4,train
2024-08-12,EAST,Sporting Goods,316.0,2024,33,0,0.0,0,1,0,0,1.4,train
2024-08-19,EAST,Sporting Goods,361.0,2024,34,0,0.0,0,1,0,0,1.4,train
2024-08-26,EAST,Sporting Goods,351.0,2024,35,0,0.0,0,1,1,0,1.4,train
2024-09-02,EAST,Sporting Goods,387.0,2024,36,0,0.0,0,0,1,0,1.0,train
2024-09-09,EAST,Sporting Goods,381.0,2024,37,0,0.0,0,0,1,0,1.0,train
2024-09-16,EAST,Sporting Goods,382.0,2024,38,0,0.0,0,0,1,0,1.0,train
2024-09-23,EAST,Sporting Goods,378.0,2024,39,0,0.0,0,0,1,0,1.0,train
2024-09-30,EAST,Sporting Goods,306.0,2024,40,0,0.0,0,0,1,0,1.0,train
2024-10-07,EAST,Sporting Goods,276.0,2024,41,0,0.0,0,0,0,0,1.0,train
2024-10-14,EAST,Sporting Goods,297.0,2024,42,0,0.0,0,0,0,0,1.0,train
2024-10-21,EAST,Sporting Goods,287.0,2024,43,0,0.0,0,0,0,0,1.0,train
2024-10-28,EAST,Sporting Goods,307.0,2024,44,0,0.0,0,0,0,0,1.0,train
2024-11-04,EAST,Sporting Goods,310.0,2024,45,0,0.0,0,0,0,0,1.0,validation
2024-11-11,EAST,Sporting Goods,292.0,2024,46,0,0.0,0,0,0,0,1.0,validation
2024-11-18,EAST,Sporting Goods,337.0,2024,47,0,0.0,0,0,0,0,1.0,validation
2024-11-25,EAST,Sporting Goods,324.0,2024,48,0,0.0,0,0,0,0,1.0,validation
2024-12-02,EAST,Sporting Goods,311.0,2024,49,0,0.0,0,0,0,0,1.0,validation
2024-12-09,EAST,Sporting Goods,316.0,2024,50,0,0.0,0,0,0,0,1.0,validation
2024-12-16,EAST,Sporting Goods,360.0,2024,51,0,0.0,0,0,0,0,1.0,validation
2024-12-23,EAST,Sporting Goods,315.0,2024,52,0,0.0,0,0,0,0,1.0,validation
2024-12-30,EAST,Sporting Goods,258.0,2025,1,0,0.0,0,0,0,1,1.0,test
2025-01-06,EAST,Sporting Goods,261.0,2025,2,0,0.0,0,0,0,1,1.0,test
2025-01-13,EAST,Sporting Goods,285.0,2025,3,0,0.0,0,0,0,1,1.0,test
2025-01-20,EAST,Sporting Goods,268.0,2025,4,0,0.0,0,0,0,1,1.0,test
2025-01-27,EAST,Sporting Goods,275.0,2025,5,0,0.0,0,0,0,1,1.0,test
2025-02-03,EAST,Sporting Goods,266.0,2025,6,0,0.0,0,0,0,1,1.0,test
2025-02-10,EAST,Sporting Goods,277.0,2025,7,0,0.0,0,0,0,1,1.0,test
2025-02-17,EAST,Sporting Goods,242.0,2025,8,0,0.0,0,0,0,1,1.0,test
2025-02-24,EAST,Sporting Goods,286.0,2025,9,1,0.0,0,0,0,1,1.0,test
2025-03-03,EAST,Sporting Goods,431.0,2025,10,1,0.25,0,0,0,0,1.0,test
2025-03-10,EAST,Sporting Goods,526.0,2025,11,1,0.5,0,0,0,0,1.0,test
2025-03-17,EAST,Sporting Goods,513.0,2025,12,1,0.75,0,0,0,0,1.0,test
2025-03-24,EAST,Sporting Goods,607.0,2025,13,1,1.0,1,0,0,0,1.0,test
2025-03-31,EAST,Sporting Goods,288.0,2025,14,0,0.0,0,0,0,0,1.0,test
2025-04-07,EAST,Sporting Goods,267.0,2025,15,0,0.0,0,0,0,0,1.0,test
2025-04-14,EAST,Sporting Goods,295.0,2025,16,0,0.0,0,0,0,0,1.0,test
2025-04-21,EAST,Sporting Goods,282.0,2025,17,0,0.0,0,0,0,0,1.0,test
2025-04-28,EAST,Sporting Goods,285.0,2025,18,0,0.0,0,0,0,0,1.0,test
2025-05-05,EAST,Sporting Goods,321.0,2025,19,0,0.0,0,0,0,0,1.0,test
2025-05-12,EAST,Sporting Goods,280.0,2025,20,0,0.0,0,0,0,0,1.0,test
2025-05-19,EAST,Sporting Goods,291.0,2025,21,0,0.0,0,0,0,0,1.0,test
2025-05-26,EAST,Sporting Goods,297.0,2025,22,0,0.0,0,1,0,0,1.4,test
2025-06-02,EAST,Sporting Goods,340.0,2025,23,0,0.0,0,1,0,0,1.4,test
2025-06-09,EAST,Sporting Goods,350.0,2025,24,0,0.0,0,1,0,0,1.4,test
2025-06-16,EAST,Sporting Goods,359.0,2025,25,0,0.0,0,1,0,0,1.4,test
2025-06-23,EAST,Sporting Goods,328.0,2025,26,0,0.0,0,1,0,0,1.4,test
2025-06-30,EAST,Sporting Goods,374.0,2025,27,0,0.0,0,1,0,0,1.4,test
2025-07-07,EAST,Sporting Goods,346.0,2025,28,0,0.0,0,1,0,0,1.4,test
2025-07-14,EAST,Sporting Goods,355.0,2025,29,0,0.0,0,1,0,0,1.4,test
2025-07-21,EAST,Sporting Goods,359.0,2025,30,0,0.0,0,1,0,0,1.4,test
2025-07-28,EAST,Sporting Goods,387.0,2025,31,0,0.0,0,1,0,0,1.4,test
2025-08-04,EAST,Sporting Goods,356.0,2025,32,0,0.0,0,1,0,0,1.4,test
2025-08-11,EAST,Sporting Goods,346.0,2025,33,0,0.0,0,1,0,0,1.4,test
2025-08-18,EAST,Sporting Goods,381.0,2025,34,0,0.0,0,1,0,0,1.4,test
2025-08-25,EAST,Sporting Goods,355.0,2025,35,0,0.0,0,1,0,0,1.4,test
2025-09-01,EAST,Sporting Goods,387.0,2025,36,0,0.0,0,0,1,0,1.0,test
2025-09-08,EAST,Sporting Goods,377.0,2025,37,0,0.0,0,0,1,0,1.0,test
2025-09-15,EAST,Sporting Goods,373.0,2025,38,0,0.0,0,0,1,0,1.0,test
2025-09-22,EAST,Sporting Goods,392.0,2025,39,0,0.0,0,0,1,0,1.0,test
2025-09-29,EAST,Sporting Goods,331.0,2025,40,0,0.0,0,0,1,0,1.0,test
2025-10-06,EAST,Sporting Goods,292.0,2025,41,0,0.0,0,0,0,0,1.0,test
2025-10-13,EAST,Sporting Goods,290.0,2025,42,0,0.0,0,0,0,0,1.0,test
2025-10-20,EAST,Sporting Goods,316.0,2025,43,0,0.0,0,0,0,0,1.0,test
2025-10-27,EAST,Sporting Goods,321.0,2025,44,0,0.0,0,0,0,0,1.0,test
2025-11-03,EAST,Sporting Goods,301.0,2025,45,0,0.0,0,0,0,0,1.0,test
2025-11-10,EAST,Sporting Goods,300.0,2025,46,0,0.0,0,0,0,0,1.0,test
2025-11-17,EAST,Sporting Goods,262.0,2025,47,0,0.0,0,0,0,0,1.0,test
2025-11-24,EAST,Sporting Goods,315.0,2025,48,0,0.0,0,0,0,0,1.0,test
2025-12-01,EAST,Sporting Goods,350.0,2025,49,0,0.0,0,0,0,0,1.0,test
2025-12-08,EAST,Sporting Goods,301.0,2025,50,0,0.0,0,0,0,0,1.0,test
2025-12-15,EAST,Sporting Goods,358.0,2025,51,0,0.0,0,0,0,0,1.0,test
2025-12-22,EAST,Sporting Goods,325.0,2025,52,0,0.0,0,0,0,0,1.0,test
2024-01-01,EAST,Vehicles & Parts,264.0,2024,1,0,0.0,0,0,0,1,1.0,train
2024-01-08,EAST,Vehicles & Parts,296.0,2024,2,0,0.0,0,0,0,1,1.0,train
2024-01-15,EAST,Vehicles & Parts,259.0,2024,3,0,0.0,0,0,0,1,1.0,train
2024-01-22,EAST,Vehicles & Parts,245.0,2024,4,0,0.0,0,0,0,1,1.0,train
2024-01-29,EAST,Vehicles & Parts,262.0,2024,5,0,0.0,0,0,0,1,1.0,train
2024-02-05,EAST,Vehicles & Parts,253.0,2024,6,0,0.0,0,0,0,1,1.0,train
2024-02-12,EAST,Vehicles & Parts,264.0,2024,7,0,0.0,0,0,0,1,1.0,train
2024-02-19,EAST,Vehicles & Parts,267.0,2024,8,0,0.0,0,0,0,1,1.0,train
2024-02-26,EAST,Vehicles & Parts,261.0,2024,9,0,0.0,0,0,0,1,1.0,train
2024-03-04,EAST,Vehicles & Parts,327.0,2024,10,0,0.0,0,0,0,0,1.0,train
2024-03-11,EAST,Vehicles & Parts,407.0,2024,11,1,0.0,0,0,0,0,1.0,train
2024-03-18,EAST,Vehicles & Parts,471.0,2024,12,1,0.25,0,0,0,0,1.0,train
2024-03-25,EAST,Vehicles & Parts,475.0,2024,13,1,0.5,0,0,0,0,1.0,train
2024-04-01,EAST,Vehicles & Parts,537.0,2024,14,1,0.75,0,0,0,0,1.0,train
2024-04-08,EAST,Vehicles & Parts,516.0,2024,15,1,1.0,1,0,0,0,1.0,train
2024-04-15,EAST,Vehicles & Parts,296.0,2024,16,0,0.0,0,0,0,0,1.0,train
2024-04-22,EAST,Vehicles & Parts,275.0,2024,17,0,0.0,0,0,0,0,1.0,train
2024-04-29,EAST,Vehicles & Parts,301.0,2024,18,0,0.0,0,0,0,0,1.0,train
2024-05-06,EAST,Vehicles & Parts,310.0,2024,19,0,0.0,0,0,0,0,1.0,train
2024-05-13,EAST,Vehicles & Parts,319.0,2024,20,0,0.0,0,0,0,0,1.0,train
2024-05-20,EAST,Vehicles & Parts,281.0,2024,21,0,0.0,0,0,0,0,1.0,train
2024-05-27,EAST,Vehicles & Parts,294.0,2024,22,0,0.0,0,1,0,0,1.0,train
2024-06-03,EAST,Vehicles & Parts,372.0,2024,23,0,0.0,0,1,0,0,1.0,train
2024-06-10,EAST,Vehicles & Parts,364.0,2024,24,0,0.0,0,1,0,0,1.0,train
2024-06-17,EAST,Vehicles & Parts,372.0,2024,25,0,0.0,0,1,0,0,1.0,train
2024-06-24,EAST,Vehicles & Parts,365.0,2024,26,0,0.0,0,1,0,0,1.0,train
2024-07-01,EAST,Vehicles & Parts,353.0,2024,27,0,0.0,0,1,0,0,1.0,train
2024-07-08,EAST,Vehicles & Parts,406.0,2024,28,0,0.0,0,1,0,0,1.0,train
2024-07-15,EAST,Vehicles & Parts,326.0,2024,29,0,0.0,0,1,0,0,1.0,train
2024-07-22,EAST,Vehicles & Parts,356.0,2024,30,0,0.0,0,1,0,0,1.0,train
2024-07-29,EAST,Vehicles & Parts,352.0,2024,31,0,0.0,0,1,0,0,1.0,train
2024-08-05,EAST,Vehicles & Parts,362.0,2024,32,0,0.0,0,1,0,0,1.0,train
2024-08-12,EAST,Vehicles & Parts,371.0,2024,33,0,0.0,0,1,0,0,1.0,train
2024-08-19,EAST,Vehicles & Parts,364.0,2024,34,0,0.0,0,1,0,0,1.0,train
2024-08-26,EAST,Vehicles & Parts,365.0,2024,35,0,0.0,0,1,1,0,1.0,train
2024-09-02,EAST,Vehicles & Parts,402.0,2024,36,0,0.0,0,0,1,0,1.0,train
2024-09-09,EAST,Vehicles & Parts,373.0,2024,37,0,0.0,0,0,1,0,1.0,train
2024-09-16,EAST,Vehicles & Parts,368.0,2024,38,0,0.0,0,0,1,0,1.0,train
2024-09-23,EAST,Vehicles & Parts,408.0,2024,39,0,0.0,0,0,1,0,1.0,train
2024-09-30,EAST,Vehicles & Parts,318.0,2024,40,0,0.0,0,0,1,0,1.0,train
2024-10-07,EAST,Vehicles & Parts,285.0,2024,41,0,0.0,0,0,0,0,1.0,train
2024-10-14,EAST,Vehicles & Parts,273.0,2024,42,0,0.0,0,0,0,0,1.0,train
2024-10-21,EAST,Vehicles & Parts,268.0,2024,43,0,0.0,0,0,0,0,1.0,train
2024-10-28,EAST,Vehicles & Parts,304.0,2024,44,0,0.0,0,0,0,0,1.0,train
2024-11-04,EAST,Vehicles & Parts,281.0,2024,45,0,0.0,0,0,0,0,1.0,validation
2024-11-11,EAST,Vehicles & Parts,278.0,2024,46,0,0.0,0,0,0,0,1.0,validation
2024-11-18,EAST,Vehicles & Parts,320.0,2024,47,0,0.0,0,0,0,0,1.0,validation
2024-11-25,EAST,Vehicles & Parts,328.0,2024,48,0,0.0,0,0,0,0,1.0,validation
2024-12-02,EAST,Vehicles & Parts,329.0,2024,49,0,0.0,0,0,0,0,1.0,validation
2024-12-09,EAST,Vehicles & Parts,328.0,2024,50,0,0.0,0,0,0,0,1.0,validation
2024-12-16,EAST,Vehicles & Parts,343.0,2024,51,0,0.0,0,0,0,0,1.0,validation
2024-12-23,EAST,Vehicles & Parts,320.0,2024,52,0,0.0,0,0,0,0,1.0,validation
2024-12-30,EAST,Vehicles & Parts,280.0,2025,1,0,0.0,0,0,0,1,1.0,test
2025-01-06,EAST,Vehicles & Parts,248.0,2025,2,0,0.0,0,0,0,1,1.0,test
2025-01-13,EAST,Vehicles & Parts,250.0,2025,3,0,0.0,0,0,0,1,1.0,test
2025-01-20,EAST,Vehicles & Parts,311.0,2025,4,0,0.0,0,0,0,1,1.0,test
2025-01-27,EAST,Vehicles & Parts,259.0,2025,5,0,0.0,0,0,0,1,1.0,test
2025-02-03,EAST,Vehicles & Parts,244.0,2025,6,0,0.0,0,0,0,1,1.0,test
2025-02-10,EAST,Vehicles & Parts,265.0,2025,7,0,0.0,0,0,0,1,1.0,test
2025-02-17,EAST,Vehicles & Parts,282.0,2025,8,0,0.0,0,0,0,1,1.0,test
2025-02-24,EAST,Vehicles & Parts,342.0,2025,9,1,0.0,0,0,0,1,1.0,test
2025-03-03,EAST,Vehicles & Parts,423.0,2025,10,1,0.25,0,0,0,0,1.0,test
2025-03-10,EAST,Vehicles & Parts,471.0,2025,11,1,0.5,0,0,0,0,1.0,test
2025-03-17,EAST,Vehicles & Parts,477.0,2025,12,1,0.75,0,0,0,0,1.0,test
2025-03-24,EAST,Vehicles & Parts,536.0,2025,13,1,1.0,1,0,0,0,1.0,test
2025-03-31,EAST,Vehicles & Parts,317.0,2025,14,0,0.0,0,0,0,0,1.0,test
2025-04-07,EAST,Vehicles & Parts,278.0,2025,15,0,0.0,0,0,0,0,1.0,test
2025-04-14,EAST,Vehicles & Parts,293.0,2025,16,0,0.0,0,0,0,0,1.0,test
2025-04-21,EAST,Vehicles & Parts,308.0,2025,17,0,0.0,0,0,0,0,1.0,test
2025-04-28,EAST,Vehicles & Parts,272.0,2025,18,0,0.0,0,0,0,0,1.0,test
2025-05-05,EAST,Vehicles & Parts,331.0,2025,19,0,0.0,0,0,0,0,1.0,test
2025-05-12,EAST,Vehicles & Parts,282.0,2025,20,0,0.0,0,0,0,0,1.0,test
2025-05-19,EAST,Vehicles & Parts,335.0,2025,21,0,0.0,0,0,0,0,1.0,test
2025-05-26,EAST,Vehicles & Parts,265.0,2025,22,0,0.0,0,1,0,0,1.0,test
2025-06-02,EAST,Vehicles & Parts,344.0,2025,23,0,0.0,0,1,0,0,1.0,test
2025-06-09,EAST,Vehicles & Parts,335.0,2025,24,0,0.0,0,1,0,0,1.0,test
2025-06-16,EAST,Vehicles & Parts,350.0,2025,25,0,0.0,0,1,0,0,1.0,test
2025-06-23,EAST,Vehicles & Parts,340.0,2025,26,0,0.0,0,1,0,0,1.0,test
2025-06-30,EAST,Vehicles & Parts,344.0,2025,27,0,0.0,0,1,0,0,1.0,test
2025-07-07,EAST,Vehicles & Parts,356.0,2025,28,0,0.0,0,1,0,0,1.0,test
2025-07-14,EAST,Vehicles & Parts,343.0,2025,29,0,0.0,0,1,0,0,1.0,test
2025-07-21,EAST,Vehicles & Parts,368.0,2025,30,0,0.0,0,1,0,0,1.0,test
2025-07-28,EAST,Vehicles & Parts,334.0,2025,31,0,0.0,0,1,0,0,1.0,test
2025-08-04,EAST,Vehicles & Parts,380.0,2025,32,0,0.0,0,1,0,0,1.0,test
2025-08-11,EAST,Vehicles & Parts,356.0,2025,33,0,0.0,0,1,0,0,1.0,test
2025-08-18,EAST,Vehicles & Parts,343.0,2025,34,0,0.0,0,1,0,0,1.0,test
2025-08-25,EAST,Vehicles & Parts,352.0,2025,35,0,0.0,0,1,0,0,1.0,test
2025-09-01,EAST,Vehicles & Parts,411.0,2025,36,0,0.0,0,0,1,0,1.0,test
2025-09-08,EAST,Vehicles & Parts,398.0,2025,37,0,0.0,0,0,1,0,1.0,test
2025-09-15,EAST,Vehicles & Parts,392.0,2025,38,0,0.0,0,0,1,0,1.0,test
2025-09-22,EAST,Vehicles & Parts,370.0,2025,39,0,0.0,0,0,1,0,1.0,test
2025-09-29,EAST,Vehicles & Parts,287.0,2025,40,0,0.0,0,0,1,0,1.0,test
2025-10-06,EAST,Vehicles & Parts,322.0,2025,41,0,0.0,0,0,0,0,1.0,test
2025-10-13,EAST,Vehicles & Parts,313.0,2025,42,0,0.0,0,0,0,0,1.0,test
2025-10-20,EAST,Vehicles & Parts,267.0,2025,43,0,0.0,0,0,0,0,1.0,test
2025-10-27,EAST,Vehicles & Parts,284.0,2025,44,0,0.0,0,0,0,0,1.0,test
2025-11-03,EAST,Vehicles & Parts,295.0,2025,45,0,0.0,0,0,0,0,1.0,test
2025-11-10,EAST,Vehicles & Parts,314.0,2025,46,0,0.0,0,0,0,0,1.0,test
2025-11-17,EAST,Vehicles & Parts,302.0,2025,47,0,0.0,0,0,0,0,1.0,test
2025-11-24,EAST,Vehicles & Parts,299.0,2025,48,0,0.0,0,0,0,0,1.0,test
2025-12-01,EAST,Vehicles & Parts,291.0,2025,49,0,0.0,0,0,0,0,1.0,test
2025-12-08,EAST,Vehicles & Parts,311.0,2025,50,0,0.0,0,0,0,0,1.0,test
2025-12-15,EAST,Vehicles & Parts,323.0,2025,51,0,0.0,0,0,0,0,1.0,test
2025-12-22,EAST,Vehicles & Parts,322.0,2025,52,0,0.0,0,0,0,0,1.0,test
2024-01-01,NORTH,Animals & Pet Supplies,228.0,2024,1,0,0.0,0,0,0,1,1.0,train
2024-01-08,NORTH,Animals & Pet Supplies,252.0,2024,2,0,0.0,0,0,0,1,1.0,train
2024-01-15,NORTH,Animals & Pet Supplies,233.0,2024,3,0,0.0,0,0,0,1,1.0,train
2024-01-22,NORTH,Animals & Pet Supplies,222.0,2024,4,0,0.0,0,0,0,1,1.0,train
2024-01-29,NORTH,Animals & Pet Supplies,223.0,2024,5,0,0.0,0,0,0,1,1.0,train
2024-02-05,NORTH,Animals & Pet Supplies,242.0,2024,6,0,0.0,0,0,0,1,1.0,train
2024-02-12,NORTH,Animals & Pet Supplies,210.0,2024,7,0,0.0,0,0,0,1,1.0,train
2024-02-19,NORTH,Animals & Pet Supplies,248.0,2024,8,0,0.0,0,0,0,1,1.0,train
2024-02-26,NORTH,Animals & Pet Supplies,277.0,2024,9,0,0.0,0,0,0,1,1.0,train
2024-03-04,NORTH,Animals & Pet Supplies,318.0,2024,10,0,0.0,0,0,0,0,1.0,train
2024-03-11,NORTH,Animals & Pet Supplies,396.0,2024,11,1,0.0,0,0,0,0,1.0,train
2024-03-18,NORTH,Animals & Pet Supplies,435.0,2024,12,1,0.25,0,0,0,0,1.0,train
2024-03-25,NORTH,Animals & Pet Supplies,452.0,2024,13,1,0.5,0,0,0,0,1.0,train
2024-04-01,NORTH,Animals & Pet Supplies,480.0,2024,14,1,0.75,0,0,0,0,1.0,train
2024-04-08,NORTH,Animals & Pet Supplies,424.0,2024,15,1,1.0,1,0,0,0,1.0,train
2024-04-15,NORTH,Animals & Pet Supplies,279.0,2024,16,0,0.0,0,0,0,0,1.0,train
2024-04-22,NORTH,Animals & Pet Supplies,239.0,2024,17,0,0.0,0,0,0,0,1.0,train
2024-04-29,NORTH,Animals & Pet Supplies,274.0,2024,18,0,0.0,0,0,0,0,1.0,train
2024-05-06,NORTH,Animals & Pet Supplies,256.0,2024,19,0,0.0,0,0,0,0,1.0,train
2024-05-13,NORTH,Animals & Pet Supplies,271.0,2024,20,0,0.0,0,0,0,0,1.0,train
2024-05-20,NORTH,Animals & Pet Supplies,245.0,2024,21,0,0.0,0,0,0,0,1.0,train
2024-05-27,NORTH,Animals & Pet Supplies,273.0,2024,22,0,0.0,0,1,0,0,1.0,train
2024-06-03,NORTH,Animals & Pet Supplies,326.0,2024,23,0,0.0,0,1,0,0,1.0,train
2024-06-10,NORTH,Animals & Pet Supplies,331.0,2024,24,0,0.0,0,1,0,0,1.0,train
2024-06-17,NORTH,Animals & Pet Supplies,321.0,2024,25,0,0.0,0,1,0,0,1.0,train
2024-06-24,NORTH,Animals & Pet Supplies,329.0,2024,26,0,0.0,0,1,0,0,1.0,train
2024-07-01,NORTH,Animals & Pet Supplies,313.0,2024,27,0,0.0,0,1,0,0,1.0,train
2024-07-08,NORTH,Animals & Pet Supplies,287.0,2024,28,0,0.0,0,1,0,0,1.0,train
2024-07-15,NORTH,Animals & Pet Supplies,343.0,2024,29,0,0.0,0,1,0,0,1.0,train
2024-07-22,NORTH,Animals & Pet Supplies,306.0,2024,30,0,0.0,0,1,0,0,1.0,train
2024-07-29,NORTH,Animals & Pet Supplies,330.0,2024,31,0,0.0,0,1,0,0,1.0,train
2024-08-05,NORTH,Animals & Pet Supplies,327.0,2024,32,0,0.0,0,1,0,0,1.0,train
2024-08-12,NORTH,Animals & Pet Supplies,325.0,2024,33,0,0.0,0,1,0,0,1.0,train
2024-08-19,NORTH,Animals & Pet Supplies,323.0,2024,34,0,0.0,0,1,0,0,1.0,train
2024-08-26,NORTH,Animals & Pet Supplies,307.0,2024,35,0,0.0,0,1,1,0,1.0,train
2024-09-02,NORTH,Animals & Pet Supplies,366.0,2024,36,0,0.0,0,0,1,0,1.0,train
2024-09-09,NORTH,Animals & Pet Supplies,373.0,2024,37,0,0.0,0,0,1,0,1.0,train
2024-09-16,NORTH,Animals & Pet Supplies,342.0,2024,38,0,0.0,0,0,1,0,1.0,train
2024-09-23,NORTH,Animals & Pet Supplies,378.0,2024,39,0,0.0,0,0,1,0,1.0,train
2024-09-30,NORTH,Animals & Pet Supplies,285.0,2024,40,0,0.0,0,0,1,0,1.0,train
2024-10-07,NORTH,Animals & Pet Supplies,262.0,2024,41,0,0.0,0,0,0,0,1.0,train
2024-10-14,NORTH,Animals & Pet Supplies,265.0,2024,42,0,0.0,0,0,0,0,1.0,train
2024-10-21,NORTH,Animals & Pet Supplies,283.0,2024,43,0,0.0,0,0,0,0,1.0,train
2024-10-28,NORTH,Animals & Pet Supplies,240.0,2024,44,0,0.0,0,0,0,0,1.0,train
2024-11-04,NORTH,Animals & Pet Supplies,254.0,2024,45,0,0.0,0,0,0,0,1.0,validation
2024-11-11,NORTH,Animals & Pet Supplies,265.0,2024,46,0,0.0,0,0,0,0,1.0,validation
2024-11-18,NORTH,Animals & Pet Supplies,295.0,2024,47,0,0.0,0,0,0,0,1.0,validation
2024-11-25,NORTH,Animals & Pet Supplies,270.0,2024,48,0,0.0,0,0,0,0,1.0,validation
2024-12-02,NORTH,Animals & Pet Supplies,286.0,2024,49,0,0.0,0,0,0,0,1.0,validation
2024-12-09,NORTH,Animals & Pet Supplies,271.0,2024,50,0,0.0,0,0,0,0,1.0,validation
2024-12-16,NORTH,Animals & Pet Supplies,279.0,2024,51,0,0.0,0,0,0,0,1.0,validation
2024-12-23,NORTH,Animals & Pet Supplies,297.0,2024,52,0,0.0,0,0,0,0,1.0,validation
2024-12-30,NORTH,Animals & Pet Supplies,269.0,2025,1,0,0.0,0,0,0,1,1.0,test
2025-01-06,NORTH,Animals & Pet Supplies,263.0,2025,2,0,0.0,0,0,0,1,1.0,test
2025-01-13,NORTH,Animals & Pet Supplies,257.0,2025,3,0,0.0,0,0,0,1,1.0,test
2025-01-20,NORTH,Animals & Pet Supplies,249.0,2025,4,0,0.0,0,0,0,1,1.0,test
2025-01-27,NORTH,Animals & Pet Supplies,230.0,2025,5,0,0.0,0,0,0,1,1.0,test
2025-02-03,NORTH,Animals & Pet Supplies,222.0,2025,6,0,0.0,0,0,0,1,1.0,test
2025-02-10,NORTH,Animals & Pet Supplies,222.0,2025,7,0,0.0,0,0,0,1,1.0,test
2025-02-17,NORTH,Animals & Pet Supplies,265.0,2025,8,0,0.0,0,0,0,1,1.0,test
2025-02-24,NORTH,Animals & Pet Supplies,285.0,2025,9,1,0.0,0,0,0,1,1.0,test
2025-03-03,NORTH,Animals & Pet Supplies,408.0,2025,10,1,0.25,0,0,0,0,1.0,test
2025-03-10,NORTH,Animals & Pet Supplies,437.0,2025,11,1,0.5,0,0,0,0,1.0,test
2025-03-17,NORTH,Animals & Pet Supplies,459.0,2025,12,1,0.75,0,0,0,0,1.0,test
2025-03-24,NORTH,Animals & Pet Supplies,504.0,2025,13,1,1.0,1,0,0,0,1.0,test
2025-03-31,NORTH,Animals & Pet Supplies,306.0,2025,14,0,0.0,0,0,0,0,1.0,test
2025-04-07,NORTH,Animals & Pet Supplies,275.0,2025,15,0,0.0,0,0,0,0,1.0,test
2025-04-14,NORTH,Animals & Pet Supplies,292.0,2025,16,0,0.0,0,0,0,0,1.0,test
2025-04-21,NORTH,Animals & Pet Supplies,281.0,2025,17,0,0.0,0,0,0,0,1.0,test
2025-04-28,NORTH,Animals & Pet Supplies,266.0,2025,18,0,0.0,0,0,0,0,1.0,test
2025-05-05,NORTH,Animals & Pet Supplies,268.0,2025,19,0,0.0,0,0,0,0,1.0,test
2025-05-12,NORTH,Animals & Pet Supplies,255.0,2025,20,0,0.0,0,0,0,0,1.0,test
2025-05-19,NORTH,Animals & Pet Supplies,289.0,2025,21,0,0.0,0,0,0,0,1.0,test
2025-05-26,NORTH,Animals & Pet Supplies,315.0,2025,22,0,0.0,0,1,0,0,1.0,test
2025-06-02,NORTH,Animals & Pet Supplies,354.0,2025,23,0,0.0,0,1,0,0,1.0,test
2025-06-09,NORTH,Animals & Pet Supplies,307.0,2025,24,0,0.0,0,1,0,0,1.0,test
2025-06-16,NORTH,Animals & Pet Supplies,309.0,2025,25,0,0.0,0,1,0,0,1.0,test
2025-06-23,NORTH,Animals & Pet Supplies,309.0,2025,26,0,0.0,0,1,0,0,1.0,test
2025-06-30,NORTH,Animals & Pet Supplies,347.0,2025,27,0,0.0,0,1,0,0,1.0,test
2025-07-07,NORTH,Animals & Pet Supplies,337.0,2025,28,0,0.0,0,1,0,0,1.0,test
2025-07-14,NORTH,Animals & Pet Supplies,309.0,2025,29,0,0.0,0,1,0,0,1.0,test
2025-07-21,NORTH,Animals & Pet Supplies,350.0,2025,30,0,0.0,0,1,0,0,1.0,test
2025-07-28,NORTH,Animals & Pet Supplies,331.0,2025,31,0,0.0,0,1,0,0,1.0,test
2025-08-04,NORTH,Animals & Pet Supplies,328.0,2025,32,0,0.0,0,1,0,0,1.0,test
2025-08-11,NORTH,Animals & Pet Supplies,334.0,2025,33,0,0.0,0,1,0,0,1.0,test
2025-08-18,NORTH,Animals & Pet Supplies,322.0,2025,34,0,0.0,0,1,0,0,1.0,test
2025-08-25,NORTH,Animals & Pet Supplies,324.0,2025,35,0,0.0,0,1,0,0,1.0,test
2025-09-01,NORTH,Animals & Pet Supplies,372.0,2025,36,0,0.0,0,0,1,0,1.0,test
2025-09-08,NORTH,Animals & Pet Supplies,354.0,2025,37,0,0.0,0,0,1,0,1.0,test
2025-09-15,NORTH,Animals & Pet Supplies,349.0,2025,38,0,0.0,0,0,1,0,1.0,test
2025-09-22,NORTH,Animals & Pet Supplies,351.0,2025,39,0,0.0,0,0,1,0,1.0,test
2025-09-29,NORTH,Animals & Pet Supplies,283.0,2025,40,0,0.0,0,0,1,0,1.0,test
2025-10-06,NORTH,Animals & Pet Supplies,259.0,2025,41,0,0.0,0,0,0,0,1.0,test
2025-10-13,NORTH,Animals & Pet Supplies,259.0,2025,42,0,0.0,0,0,0,0,1.0,test
2025-10-20,NORTH,Animals & Pet Supplies,264.0,2025,43,0,0.0,0,0,0,0,1.0,test
2025-10-27,NORTH,Animals & Pet Supplies,243.0,2025,44,0,0.0,0,0,0,0,1.0,test
2025-11-03,NORTH,Animals & Pet Supplies,301.0,2025,45,0,0.0,0,0,0,0,1.0,test
2025-11-10,NORTH,Animals & Pet Supplies,262.0,2025,46,0,0.0,0,0,0,0,1.0,test
2025-11-17,NORTH,Animals & Pet Supplies,288.0,2025,47,0,0.0,0,0,0,0,1.0,test
2025-11-24,NORTH,Animals & Pet Supplies,269.0,2025,48,0,0.0,0,0,0,0,1.0,test
2025-12-01,NORTH,Animals & Pet Supplies,290.0,2025,49,0,0.0,0,0,0,0,1.0,test
2025-12-08,NORTH,Animals & Pet Supplies,283.0,2025,50,0,0.0,0,0,0,0,1.0,test
2025-12-15,NORTH,Animals & Pet Supplies,320.0,2025,51,0,0.0,0,0,0,0,1.0,test
2025-12-22,NORTH,Animals & Pet Supplies,317.0,2025,52,0,0.0,0,0,0,0,1.0,test
2024-01-01,NORTH,Apparel & Accessories,491.0,2024,1,0,0.0,0,0,0,1,1.0,train
2024-01-08,NORTH,Apparel & Accessories,509.0,2024,2,0,0.0,0,0,0,1,1.0,train
2024-01-15,NORTH,Apparel & Accessories,481.0,2024,3,0,0.0,0,0,0,1,1.0,train
2024-01-22,NORTH,Apparel & Accessories,483.0,2024,4,0,0.0,0,0,0,1,1.0,train
2024-01-29,NORTH,Apparel & Accessories,479.0,2024,5,0,0.0,0,0,0,1,1.0,train
2024-02-05,NORTH,Apparel & Accessories,509.0,2024,6,0,0.0,0,0,0,1,1.0,train
2024-02-12,NORTH,Apparel & Accessories,501.0,2024,7,0,0.0,0,0,0,1,1.0,train
2024-02-19,NORTH,Apparel & Accessories,468.0,2024,8,0,0.0,0,0,0,1,1.0,train
2024-02-26,NORTH,Apparel & Accessories,511.0,2024,9,0,0.0,0,0,0,1,1.0,train
2024-03-04,NORTH,Apparel & Accessories,591.0,2024,10,0,0.0,0,0,0,0,1.0,train
2024-03-11,NORTH,Apparel & Accessories,767.0,2024,11,1,0.0,0,0,0,0,1.0,train
2024-03-18,NORTH,Apparel & Accessories,814.0,2024,12,1,0.25,0,0,0,0,1.0,train
2024-03-25,NORTH,Apparel & Accessories,907.0,2024,13,1,0.5,0,0,0,0,1.0,train
2024-04-01,NORTH,Apparel & Accessories,1021.0,2024,14,1,0.75,0,0,0,0,1.0,train
2024-04-08,NORTH,Apparel & Accessories,895.0,2024,15,1,1.0,1,0,0,0,1.5,train
2024-04-15,NORTH,Apparel & Accessories,561.0,2024,16,0,0.0,0,0,0,0,1.0,train
2024-04-22,NORTH,Apparel & Accessories,567.0,2024,17,0,0.0,0,0,0,0,1.0,train
2024-04-29,NORTH,Apparel & Accessories,523.0,2024,18,0,0.0,0,0,0,0,1.0,train
2024-05-06,NORTH,Apparel & Accessories,519.0,2024,19,0,0.0,0,0,0,0,1.0,train
2024-05-13,NORTH,Apparel & Accessories,522.0,2024,20,0,0.0,0,0,0,0,1.0,train
2024-05-20,NORTH,Apparel & Accessories,537.0,2024,21,0,0.0,0,0,0,0,1.0,train
2024-05-27,NORTH,Apparel & Accessories,563.0,2024,22,0,0.0,0,1,0,0,1.0,train
2024-06-03,NORTH,Apparel & Accessories,633.0,2024,23,0,0.0,0,1,0,0,1.0,train
2024-06-10,NORTH,Apparel & Accessories,630.0,2024,24,0,0.0,0,1,0,0,1.0,train
2024-06-17,NORTH,Apparel & Accessories,634.0,2024,25,0,0.0,0,1,0,0,1.0,train
2024-06-24,NORTH,Apparel & Accessories,620.0,2024,26,0,0.0,0,1,0,0,1.0,train
2024-07-01,NORTH,Apparel & Accessories,628.0,2024,27,0,0.0,0,1,0,0,1.0,train
2024-07-08,NORTH,Apparel & Accessories,632.0,2024,28,0,0.0,0,1,0,0,1.0,train
2024-07-15,NORTH,Apparel & Accessories,631.0,2024,29,0,0.0,0,1,0,0,1.0,train
2024-07-22,NORTH,Apparel & Accessories,613.0,2024,30,0,0.0,0,1,0,0,1.0,train
2024-07-29,NORTH,Apparel & Accessories,665.0,2024,31,0,0.0,0,1,0,0,1.0,train
2024-08-05,NORTH,Apparel & Accessories,703.0,2024,32,0,0.0,0,1,0,0,1.0,train
2024-08-12,NORTH,Apparel & Accessories,629.0,2024,33,0,0.0,0,1,0,0,1.0,train
2024-08-19,NORTH,Apparel & Accessories,610.0,2024,34,0,0.0,0,1,0,0,1.0,train
2024-08-26,NORTH,Apparel & Accessories,659.0,2024,35,0,0.0,0,1,1,0,1.0,train
2024-09-02,NORTH,Apparel & Accessories,662.0,2024,36,0,0.0,0,0,1,0,1.0,train
2024-09-09,NORTH,Apparel & Accessories,722.0,2024,37,0,0.0,0,0,1,0,1.0,train
2024-09-16,NORTH,Apparel & Accessories,753.0,2024,38,0,0.0,0,0,1,0,1.0,train
2024-09-23,NORTH,Apparel & Accessories,676.0,2024,39,0,0.0,0,0,1,0,1.0,train
2024-09-30,NORTH,Apparel & Accessories,603.0,2024,40,0,0.0,0,0,1,0,1.0,train
2024-10-07,NORTH,Apparel & Accessories,528.0,2024,41,0,0.0,0,0,0,0,1.0,train
2024-10-14,NORTH,Apparel & Accessories,510.0,2024,42,0,0.0,0,0,0,0,1.0,train
2024-10-21,NORTH,Apparel & Accessories,558.0,2024,43,0,0.0,0,0,0,0,1.0,train
2024-10-28,NORTH,Apparel & Accessories,557.0,2024,44,0,0.0,0,0,0,0,1.0,train
2024-11-04,NORTH,Apparel & Accessories,570.0,2024,45,0,0.0,0,0,0,0,1.0,validation
2024-11-11,NORTH,Apparel & Accessories,550.0,2024,46,0,0.0,0,0,0,0,1.0,validation
2024-11-18,NORTH,Apparel & Accessories,493.0,2024,47,0,0.0,0,0,0,0,1.0,validation
2024-11-25,NORTH,Apparel & Accessories,579.0,2024,48,0,0.0,0,0,0,0,1.0,validation
2024-12-02,NORTH,Apparel & Accessories,557.0,2024,49,0,0.0,0,0,0,0,1.0,validation
2024-12-09,NORTH,Apparel & Accessories,569.0,2024,50,0,0.0,0,0,0,0,1.0,validation
2024-12-16,NORTH,Apparel & Accessories,615.0,2024,51,0,0.0,0,0,0,0,1.0,validation
2024-12-23,NORTH,Apparel & Accessories,606.0,2024,52,0,0.0,0,0,0,0,1.0,validation
2024-12-30,NORTH,Apparel & Accessories,500.0,2025,1,0,0.0,0,0,0,1,1.0,test
2025-01-06,NORTH,Apparel & Accessories,540.0,2025,2,0,0.0,0,0,0,1,1.0,test
2025-01-13,NORTH,Apparel & Accessories,502.0,2025,3,0,0.0,0,0,0,1,1.0,test
2025-01-20,NORTH,Apparel & Accessories,491.0,2025,4,0,0.0,0,0,0,1,1.0,test
2025-01-27,NORTH,Apparel & Accessories,493.0,2025,5,0,0.0,0,0,0,1,1.0,test
2025-02-03,NORTH,Apparel & Accessories,482.0,2025,6,0,0.0,0,0,0,1,1.0,test
2025-02-10,NORTH,Apparel & Accessories,522.0,2025,7,0,0.0,0,0,0,1,1.0,test
2025-02-17,NORTH,Apparel & Accessories,496.0,2025,8,0,0.0,0,0,0,1,1.0,test
2025-02-24,NORTH,Apparel & Accessories,560.0,2025,9,1,0.0,0,0,0,1,1.0,test
2025-03-03,NORTH,Apparel & Accessories,815.0,2025,10,1,0.25,0,0,0,0,1.0,test
2025-03-10,NORTH,Apparel & Accessories,833.0,2025,11,1,0.5,0,0,0,0,1.0,test
2025-03-17,NORTH,Apparel & Accessories,938.0,2025,12,1,0.75,0,0,0,0,1.0,test
2025-03-24,NORTH,Apparel & Accessories,1050.0,2025,13,1,1.0,1,0,0,0,1.5,test
2025-03-31,NORTH,Apparel & Accessories,584.0,2025,14,0,0.0,0,0,0,0,1.0,test
2025-04-07,NORTH,Apparel & Accessories,538.0,2025,15,0,0.0,0,0,0,0,1.0,test
2025-04-14,NORTH,Apparel & Accessories,511.0,2025,16,0,0.0,0,0,0,0,1.0,test
2025-04-21,NORTH,Apparel & Accessories,543.0,2025,17,0,0.0,0,0,0,0,1.0,test
2025-04-28,NORTH,Apparel & Accessories,522.0,2025,18,0,0.0,0,0,0,0,1.0,test
2025-05-05,NORTH,Apparel & Accessories,509.0,2025,19,0,0.0,0,0,0,0,1.0,test
2025-05-12,NORTH,Apparel & Accessories,525.0,2025,20,0,0.0,0,0,0,0,1.0,test
2025-05-19,NORTH,Apparel & Accessories,529.0,2025,21,0,0.0,0,0,0,0,1.0,test
2025-05-26,NORTH,Apparel & Accessories,556.0,2025,22,0,0.0,0,1,0,0,1.0,test
2025-06-02,NORTH,Apparel & Accessories,664.0,2025,23,0,0.0,0,1,0,0,1.0,test
2025-06-09,NORTH,Apparel & Accessories,622.0,2025,24,0,0.0,0,1,0,0,1.0,test
2025-06-16,NORTH,Apparel & Accessories,603.0,2025,25,0,0.0,0,1,0,0,1.0,test
2025-06-23,NORTH,Apparel & Accessories,635.0,2025,26,0,0.0,0,1,0,0,1.0,test
2025-06-30,NORTH,Apparel & Accessories,626.0,2025,27,0,0.0,0,1,0,0,1.0,test
2025-07-07,NORTH,Apparel & Accessories,661.0,2025,28,0,0.0,0,1,0,0,1.0,test
2025-07-14,NORTH,Apparel & Accessories,657.0,2025,29,0,0.0,0,1,0,0,1.0,test
2025-07-21,NORTH,Apparel & Accessories,611.0,2025,30,0,0.0,0,1,0,0,1.0,test
2025-07-28,NORTH,Apparel & Accessories,664.0,2025,31,0,0.0,0,1,0,0,1.0,test
2025-08-04,NORTH,Apparel & Accessories,644.0,2025,32,0,0.0,0,1,0,0,1.0,test
2025-08-11,NORTH,Apparel & Accessories,658.0,2025,33,0,0.0,0,1,0,0,1.0,test
2025-08-18,NORTH,Apparel & Accessories,623.0,2025,34,0,0.0,0,1,0,0,1.0,test
2025-08-25,NORTH,Apparel & Accessories,654.0,2025,35,0,0.0,0,1,0,0,1.0,test
2025-09-01,NORTH,Apparel & Accessories,681.0,2025,36,0,0.0,0,0,1,0,1.0,test
2025-09-08,NORTH,Apparel & Accessories,706.0,2025,37,0,0.0,0,0,1,0,1.0,test
2025-09-15,NORTH,Apparel & Accessories,691.0,2025,38,0,0.0,0,0,1,0,1.0,test
2025-09-22,NORTH,Apparel & Accessories,713.0,2025,39,0,0.0,0,0,1,0,1.0,test
2025-09-29,NORTH,Apparel & Accessories,640.0,2025,40,0,0.0,0,0,1,0,1.0,test
2025-10-06,NORTH,Apparel & Accessories,568.0,2025,41,0,0.0,0,0,0,0,1.0,test
2025-10-13,NORTH,Apparel & Accessories,520.0,2025,42,0,0.0,0,0,0,0,1.0,test
2025-10-20,NORTH,Apparel & Accessories,539.0,2025,43,0,0.0,0,0,0,0,1.0,test
2025-10-27,NORTH,Apparel & Accessories,530.0,2025,44,0,0.0,0,0,0,0,1.0,test
2025-11-03,NORTH,Apparel & Accessories,522.0,2025,45,0,0.0,0,0,0,0,1.0,test
2025-11-10,NORTH,Apparel & Accessories,519.0,2025,46,0,0.0,0,0,0,0,1.0,test
2025-11-17,NORTH,Apparel & Accessories,523.0,2025,47,0,0.0,0,0,0,0,1.0,test
2025-11-24,NORTH,Apparel & Accessories,508.0,2025,48,0,0.0,0,0,0,0,1.0,test
2025-12-01,NORTH,Apparel & Accessories,553.0,2025,49,0,0.0,0,0,0,0,1.0,test
2025-12-08,NORTH,Apparel & Accessories,593.0,2025,50,0,0.0,0,0,0,0,1.0,test
2025-12-15,NORTH,Apparel & Accessories,591.0,2025,51,0,0.0,0,0,0,0,1.0,test
2025-12-22,NORTH,Apparel & Accessories,557.0,2025,52,0,0.0,0,0,0,0,1.0,test
2024-01-01,NORTH,Arts & Entertainment,410.0,2024,1,0,0.0,0,0,0,1,1.0,train
2024-01-08,NORTH,Arts & Entertainment,423.0,2024,2,0,0.0,0,0,0,1,1.0,train
2024-01-15,NORTH,Arts & Entertainment,409.0,2024,3,0,0.0,0,0,0,1,1.0,train
2024-01-22,NORTH,Arts & Entertainment,414.0,2024,4,0,0.0,0,0,0,1,1.0,train
2024-01-29,NORTH,Arts & Entertainment,447.0,2024,5,0,0.0,0,0,0,1,1.0,train
2024-02-05,NORTH,Arts & Entertainment,401.0,2024,6,0,0.0,0,0,0,1,1.0,train
2024-02-12,NORTH,Arts & Entertainment,382.0,2024,7,0,0.0,0,0,0,1,1.0,train
2024-02-19,NORTH,Arts & Entertainment,410.0,2024,8,0,0.0,0,0,0,1,1.0,train
2024-02-26,NORTH,Arts & Entertainment,440.0,2024,9,0,0.0,0,0,0,1,1.0,train
2024-03-04,NORTH,Arts & Entertainment,501.0,2024,10,0,0.0,0,0,0,0,1.0,train
2024-03-11,NORTH,Arts & Entertainment,673.0,2024,11,1,0.0,0,0,0,0,1.0,train
2024-03-18,NORTH,Arts & Entertainment,767.0,2024,12,1,0.25,0,0,0,0,1.0,train
2024-03-25,NORTH,Arts & Entertainment,824.0,2024,13,1,0.5,0,0,0,0,1.0,train
2024-04-01,NORTH,Arts & Entertainment,837.0,2024,14,1,0.75,0,0,0,0,1.0,train
2024-04-08,NORTH,Arts & Entertainment,762.0,2024,15,1,1.0,1,0,0,0,1.0,train
2024-04-15,NORTH,Arts & Entertainment,447.0,2024,16,0,0.0,0,0,0,0,1.0,train
2024-04-22,NORTH,Arts & Entertainment,439.0,2024,17,0,0.0,0,0,0,0,1.0,train
2024-04-29,NORTH,Arts & Entertainment,487.0,2024,18,0,0.0,0,0,0,0,1.0,train
2024-05-06,NORTH,Arts & Entertainment,491.0,2024,19,0,0.0,0,0,0,0,1.0,train
2024-05-13,NORTH,Arts & Entertainment,485.0,2024,20,0,0.0,0,0,0,0,1.0,train
2024-05-20,NORTH,Arts & Entertainment,437.0,2024,21,0,0.0,0,0,0,0,1.0,train
2024-05-27,NORTH,Arts & Entertainment,501.0,2024,22,0,0.0,0,1,0,0,1.4,train
2024-06-03,NORTH,Arts & Entertainment,492.0,2024,23,0,0.0,0,1,0,0,1.4,train
2024-06-10,NORTH,Arts & Entertainment,582.0,2024,24,0,0.0,0,1,0,0,1.4,train
2024-06-17,NORTH,Arts & Entertainment,541.0,2024,25,0,0.0,0,1,0,0,1.4,train
2024-06-24,NORTH,Arts & Entertainment,545.0,2024,26,0,0.0,0,1,0,0,1.4,train
2024-07-01,NORTH,Arts & Entertainment,583.0,2024,27,0,0.0,0,1,0,0,1.4,train
2024-07-08,NORTH,Arts & Entertainment,571.0,2024,28,0,0.0,0,1,0,0,1.4,train
2024-07-15,NORTH,Arts & Entertainment,540.0,2024,29,0,0.0,0,1,0,0,1.4,train
2024-07-22,NORTH,Arts & Entertainment,560.0,2024,30,0,0.0,0,1,0,0,1.4,train
2024-07-29,NORTH,Arts & Entertainment,595.0,2024,31,0,0.0,0,1,0,0,1.4,train
2024-08-05,NORTH,Arts & Entertainment,525.0,2024,32,0,0.0,0,1,0,0,1.4,train
2024-08-12,NORTH,Arts & Entertainment,536.0,2024,33,0,0.0,0,1,0,0,1.4,train
2024-08-19,NORTH,Arts & Entertainment,579.0,2024,34,0,0.0,0,1,0,0,1.4,train
2024-08-26,NORTH,Arts & Entertainment,577.0,2024,35,0,0.0,0,1,1,0,1.4,train
2024-09-02,NORTH,Arts & Entertainment,620.0,2024,36,0,0.0,0,0,1,0,1.0,train
2024-09-09,NORTH,Arts & Entertainment,596.0,2024,37,0,0.0,0,0,1,0,1.0,train
2024-09-16,NORTH,Arts & Entertainment,586.0,2024,38,0,0.0,0,0,1,0,1.0,train
2024-09-23,NORTH,Arts & Entertainment,643.0,2024,39,0,0.0,0,0,1,0,1.0,train
2024-09-30,NORTH,Arts & Entertainment,482.0,2024,40,0,0.0,0,0,1,0,1.0,train
2024-10-07,NORTH,Arts & Entertainment,482.0,2024,41,0,0.0,0,0,0,0,1.0,train
2024-10-14,NORTH,Arts & Entertainment,501.0,2024,42,0,0.0,0,0,0,0,1.0,train
2024-10-21,NORTH,Arts & Entertainment,480.0,2024,43,0,0.0,0,0,0,0,1.0,train
2024-10-28,NORTH,Arts & Entertainment,474.0,2024,44,0,0.0,0,0,0,0,1.0,train
2024-11-04,NORTH,Arts & Entertainment,463.0,2024,45,0,0.0,0,0,0,0,1.0,validation
2024-11-11,NORTH,Arts & Entertainment,473.0,2024,46,0,0.0,0,0,0,0,1.0,validation
2024-11-18,NORTH,Arts & Entertainment,476.0,2024,47,0,0.0,0,0,0,0,1.0,validation
2024-11-25,NORTH,Arts & Entertainment,470.0,2024,48,0,0.0,0,0,0,0,1.0,validation
2024-12-02,NORTH,Arts & Entertainment,467.0,2024,49,0,0.0,0,0,0,0,1.0,validation
2024-12-09,NORTH,Arts & Entertainment,525.0,2024,50,0,0.0,0,0,0,0,1.0,validation
2024-12-16,NORTH,Arts & Entertainment,551.0,2024,51,0,0.0,0,0,0,0,1.0,validation
2024-12-23,NORTH,Arts & Entertainment,486.0,2024,52,0,0.0,0,0,0,0,1.0,validation
2024-12-30,NORTH,Arts & Entertainment,471.0,2025,1,0,0.0,0,0,0,1,1.0,test
2025-01-06,NORTH,Arts & Entertainment,423.0,2025,2,0,0.0,0,0,0,1,1.0,test
2025-01-13,NORTH,Arts & Entertainment,424.0,2025,3,0,0.0,0,0,0,1,1.0,test
2025-01-20,NORTH,Arts & Entertainment,445.0,2025,4,0,0.0,0,0,0,1,1.0,test
2025-01-27,NORTH,Arts & Entertainment,412.0,2025,5,0,0.0,0,0,0,1,1.0,test
2025-02-03,NORTH,Arts & Entertainment,425.0,2025,6,0,0.0,0,0,0,1,1.0,test
2025-02-10,NORTH,Arts & Entertainment,406.0,2025,7,0,0.0,0,0,0,1,1.0,test
2025-02-17,NORTH,Arts & Entertainment,437.0,2025,8,0,0.0,0,0,0,1,1.0,test
2025-02-24,NORTH,Arts & Entertainment,467.0,2025,9,1,0.0,0,0,0,1,1.0,test
2025-03-03,NORTH,Arts & Entertainment,676.0,2025,10,1,0.25,0,0,0,0,1.0,test
2025-03-10,NORTH,Arts & Entertainment,772.0,2025,11,1,0.5,0,0,0,0,1.0,test
2025-03-17,NORTH,Arts & Entertainment,755.0,2025,12,1,0.75,0,0,0,0,1.0,test
2025-03-24,NORTH,Arts & Entertainment,880.0,2025,13,1,1.0,1,0,0,0,1.0,test
2025-03-31,NORTH,Arts & Entertainment,468.0,2025,14,0,0.0,0,0,0,0,1.0,test
2025-04-07,NORTH,Arts & Entertainment,493.0,2025,15,0,0.0,0,0,0,0,1.0,test
2025-04-14,NORTH,Arts & Entertainment,514.0,2025,16,0,0.0,0,0,0,0,1.0,test
2025-04-21,NORTH,Arts & Entertainment,466.0,2025,17,0,0.0,0,0,0,0,1.0,test
2025-04-28,NORTH,Arts & Entertainment,475.0,2025,18,0,0.0,0,0,0,0,1.0,test
2025-05-05,NORTH,Arts & Entertainment,456.0,2025,19,0,0.0,0,0,0,0,1.0,test
2025-05-12,NORTH,Arts & Entertainment,443.0,2025,20,0,0.0,0,0,0,0,1.0,test
2025-05-19,NORTH,Arts & Entertainment,470.0,2025,21,0,0.0,0,0,0,0,1.0,test
2025-05-26,NORTH,Arts & Entertainment,481.0,2025,22,0,0.0,0,1,0,0,1.4,test
2025-06-02,NORTH,Arts & Entertainment,560.0,2025,23,0,0.0,0,1,0,0,1.4,test
2025-06-09,NORTH,Arts & Entertainment,596.0,2025,24,0,0.0,0,1,0,0,1.4,test
2025-06-16,NORTH,Arts & Entertainment,574.0,2025,25,0,0.0,0,1,0,0,1.4,test
2025-06-23,NORTH,Arts & Entertainment,595.0,2025,26,0,0.0,0,1,0,0,1.4,test
2025-06-30,NORTH,Arts & Entertainment,576.0,2025,27,0,0.0,0,1,0,0,1.4,test
2025-07-07,NORTH,Arts & Entertainment,550.0,2025,28,0,0.0,0,1,0,0,1.4,test
2025-07-14,NORTH,Arts & Entertainment,559.0,2025,29,0,0.0,0,1,0,0,1.4,test
2025-07-21,NORTH,Arts & Entertainment,542.0,2025,30,0,0.0,0,1,0,0,1.4,test
2025-07-28,NORTH,Arts & Entertainment,593.0,2025,31,0,0.0,0,1,0,0,1.4,test
2025-08-04,NORTH,Arts & Entertainment,561.0,2025,32,0,0.0,0,1,0,0,1.4,test
2025-08-11,NORTH,Arts & Entertainment,559.0,2025,33,0,0.0,0,1,0,0,1.4,test
2025-08-18,NORTH,Arts & Entertainment,601.0,2025,34,0,0.0,0,1,0,0,1.4,test
2025-08-25,NORTH,Arts & Entertainment,578.0,2025,35,0,0.0,0,1,0,0,1.4,test
2025-09-01,NORTH,Arts & Entertainment,630.0,2025,36,0,0.0,0,0,1,0,1.0,test
2025-09-08,NORTH,Arts & Entertainment,608.0,2025,37,0,0.0,0,0,1,0,1.0,test
2025-09-15,NORTH,Arts & Entertainment,575.0,2025,38,0,0.0,0,0,1,0,1.0,test
2025-09-22,NORTH,Arts & Entertainment,624.0,2025,39,0,0.0,0,0,1,0,1.0,test
2025-09-29,NORTH,Arts & Entertainment,506.0,2025,40,0,0.0,0,0,1,0,1.0,test
2025-10-06,NORTH,Arts & Entertainment,486.0,2025,41,0,0.0,0,0,0,0,1.0,test
2025-10-13,NORTH,Arts & Entertainment,473.0,2025,42,0,0.0,0,0,0,0,1.0,test
2025-10-20,NORTH,Arts & Entertainment,434.0,2025,43,0,0.0,0,0,0,0,1.0,test
2025-10-27,NORTH,Arts & Entertainment,466.0,2025,44,0,0.0,0,0,0,0,1.0,test
2025-11-03,NORTH,Arts & Entertainment,479.0,2025,45,0,0.0,0,0,0,0,1.0,test
2025-11-10,NORTH,Arts & Entertainment,460.0,2025,46,0,0.0,0,0,0,0,1.0,test
2025-11-17,NORTH,Arts & Entertainment,470.0,2025,47,0,0.0,0,0,0,0,1.0,test
2025-11-24,NORTH,Arts & Entertainment,470.0,2025,48,0,0.0,0,0,0,0,1.0,test
2025-12-01,NORTH,Arts & Entertainment,522.0,2025,49,0,0.0,0,0,0,0,1.0,test
2025-12-08,NORTH,Arts & Entertainment,531.0,2025,50,0,0.0,0,0,0,0,1.0,test
2025-12-15,NORTH,Arts & Entertainment,546.0,2025,51,0,0.0,0,0,0,0,1.0,test
2025-12-22,NORTH,Arts & Entertainment,488.0,2025,52,0,0.0,0,0,0,0,1.0,test
2024-01-01,NORTH,Baby & Toddler,269.0,2024,1,0,0.0,0,0,0,1,1.0,train
2024-01-08,NORTH,Baby & Toddler,214.0,2024,2,0,0.0,0,0,0,1,1.0,train
2024-01-15,NORTH,Baby & Toddler,248.0,2024,3,0,0.0,0,0,0,1,1.0,train
2024-01-22,NORTH,Baby & Toddler,239.0,2024,4,0,0.0,0,0,0,1,1.0,train
2024-01-29,NORTH,Baby & Toddler,227.0,2024,5,0,0.0,0,0,0,1,1.0,train
2024-02-05,NORTH,Baby & Toddler,248.0,2024,6,0,0.0,0,0,0,1,1.0,train
2024-02-12,NORTH,Baby & Toddler,218.0,2024,7,0,0.0,0,0,0,1,1.0,train
2024-02-19,NORTH,Baby & Toddler,247.0,2024,8,0,0.0,0,0,0,1,1.0,train
2024-02-26,NORTH,Baby & Toddler,270.0,2024,9,0,0.0,0,0,0,1,1.0,train
2024-03-04,NORTH,Baby & Toddler,267.0,2024,10,0,0.0,0,0,0,0,1.0,train
2024-03-11,NORTH,Baby & Toddler,412.0,2024,11,1,0.0,0,0,0,0,1.0,train
2024-03-18,NORTH,Baby & Toddler,402.0,2024,12,1,0.25,0,0,0,0,1.0,train
2024-03-25,NORTH,Baby & Toddler,420.0,2024,13,1,0.5,0,0,0,0,1.0,train
2024-04-01,NORTH,Baby & Toddler,466.0,2024,14,1,0.75,0,0,0,0,1.0,train
2024-04-08,NORTH,Baby & Toddler,447.0,2024,15,1,1.0,1,0,0,0,1.0,train
2024-04-15,NORTH,Baby & Toddler,251.0,2024,16,0,0.0,0,0,0,0,1.0,train
2024-04-22,NORTH,Baby & Toddler,263.0,2024,17,0,0.0,0,0,0,0,1.0,train
2024-04-29,NORTH,Baby & Toddler,271.0,2024,18,0,0.0,0,0,0,0,1.0,train
2024-05-06,NORTH,Baby & Toddler,251.0,2024,19,0,0.0,0,0,0,0,1.0,train
2024-05-13,NORTH,Baby & Toddler,295.0,2024,20,0,0.0,0,0,0,0,1.0,train
2024-05-20,NORTH,Baby & Toddler,280.0,2024,21,0,0.0,0,0,0,0,1.0,train
2024-05-27,NORTH,Baby & Toddler,301.0,2024,22,0,0.0,0,1,0,0,1.0,train
2024-06-03,NORTH,Baby & Toddler,293.0,2024,23,0,0.0,0,1,0,0,1.0,train
2024-06-10,NORTH,Baby & Toddler,321.0,2024,24,0,0.0,0,1,0,0,1.0,train
2024-06-17,NORTH,Baby & Toddler,340.0,2024,25,0,0.0,0,1,0,0,1.0,train
2024-06-24,NORTH,Baby & Toddler,324.0,2024,26,0,0.0,0,1,0,0,1.0,train
2024-07-01,NORTH,Baby & Toddler,346.0,2024,27,0,0.0,0,1,0,0,1.0,train
2024-07-08,NORTH,Baby & Toddler,296.0,2024,28,0,0.0,0,1,0,0,1.0,train
2024-07-15,NORTH,Baby & Toddler,315.0,2024,29,0,0.0,0,1,0,0,1.0,train
2024-07-22,NORTH,Baby & Toddler,307.0,2024,30,0,0.0,0,1,0,0,1.0,train
2024-07-29,NORTH,Baby & Toddler,291.0,2024,31,0,0.0,0,1,0,0,1.0,train
2024-08-05,NORTH,Baby & Toddler,320.0,2024,32,0,0.0,0,1,0,0,1.0,train
2024-08-12,NORTH,Baby & Toddler,342.0,2024,33,0,0.0,0,1,0,0,1.0,train
2024-08-19,NORTH,Baby & Toddler,283.0,2024,34,0,0.0,0,1,0,0,1.0,train
2024-08-26,NORTH,Baby & Toddler,330.0,2024,35,0,0.0,0,1,1,0,1.5,train
2024-09-02,NORTH,Baby & Toddler,328.0,2024,36,0,0.0,0,0,1,0,1.5,train
2024-09-09,NORTH,Baby & Toddler,327.0,2024,37,0,0.0,0,0,1,0,1.5,train
2024-09-16,NORTH,Baby & Toddler,355.0,2024,38,0,0.0,0,0,1,0,1.5,train
2024-09-23,NORTH,Baby & Toddler,349.0,2024,39,0,0.0,0,0,1,0,1.5,train
2024-09-30,NORTH,Baby & Toddler,270.0,2024,40,0,0.0,0,0,1,0,1.5,train
2024-10-07,NORTH,Baby & Toddler,266.0,2024,41,0,0.0,0,0,0,0,1.0,train
2024-10-14,NORTH,Baby & Toddler,280.0,2024,42,0,0.0,0,0,0,0,1.0,train
2024-10-21,NORTH,Baby & Toddler,301.0,2024,43,0,0.0,0,0,0,0,1.0,train
2024-10-28,NORTH,Baby & Toddler,281.0,2024,44,0,0.0,0,0,0,0,1.0,train
2024-11-04,NORTH,Baby & Toddler,269.0,2024,45,0,0.0,0,0,0,0,1.0,validation
2024-11-11,NORTH,Baby & Toddler,262.0,2024,46,0,0.0,0,0,0,0,1.0,validation
2024-11-18,NORTH,Baby & Toddler,257.0,2024,47,0,0.0,0,0,0,0,1.0,validation
2024-11-25,NORTH,Baby & Toddler,285.0,2024,48,0,0.0,0,0,0,0,1.0,validation
2024-12-02,NORTH,Baby & Toddler,272.0,2024,49,0,0.0,0,0,0,0,1.0,validation
2024-12-09,NORTH,Baby & Toddler,283.0,2024,50,0,0.0,0,0,0,0,1.0,validation
2024-12-16,NORTH,Baby & Toddler,265.0,2024,51,0,0.0,0,0,0,0,1.0,validation
2024-12-23,NORTH,Baby & Toddler,287.0,2024,52,0,0.0,0,0,0,0,1.0,validation
2024-12-30,NORTH,Baby & Toddler,266.0,2025,1,0,0.0,0,0,0,1,1.0,test
2025-01-06,NORTH,Baby & Toddler,246.0,2025,2,0,0.0,0,0,0,1,1.0,test
2025-01-13,NORTH,Baby & Toddler,235.0,2025,3,0,0.0,0,0,0,1,1.0,test
2025-01-20,NORTH,Baby & Toddler,254.0,2025,4,0,0.0,0,0,0,1,1.0,test
2025-01-27,NORTH,Baby & Toddler,227.0,2025,5,0,0.0,0,0,0,1,1.0,test
2025-02-03,NORTH,Baby & Toddler,252.0,2025,6,0,0.0,0,0,0,1,1.0,test
2025-02-10,NORTH,Baby & Toddler,255.0,2025,7,0,0.0,0,0,0,1,1.0,test
2025-02-17,NORTH,Baby & Toddler,236.0,2025,8,0,0.0,0,0,0,1,1.0,test
2025-02-24,NORTH,Baby & Toddler,296.0,2025,9,1,0.0,0,0,0,1,1.0,test
2025-03-03,NORTH,Baby & Toddler,403.0,2025,10,1,0.25,0,0,0,0,1.0,test
2025-03-10,NORTH,Baby & Toddler,424.0,2025,11,1,0.5,0,0,0,0,1.0,test
2025-03-17,NORTH,Baby & Toddler,449.0,2025,12,1,0.75,0,0,0,0,1.0,test
2025-03-24,NORTH,Baby & Toddler,555.0,2025,13,1,1.0,1,0,0,0,1.0,test
2025-03-31,NORTH,Baby & Toddler,262.0,2025,14,0,0.0,0,0,0,0,1.0,test
2025-04-07,NORTH,Baby & Toddler,277.0,2025,15,0,0.0,0,0,0,0,1.0,test
2025-04-14,NORTH,Baby & Toddler,271.0,2025,16,0,0.0,0,0,0,0,1.0,test
2025-04-21,NORTH,Baby & Toddler,249.0,2025,17,0,0.0,0,0,0,0,1.0,test
2025-04-28,NORTH,Baby & Toddler,268.0,2025,18,0,0.0,0,0,0,0,1.0,test
2025-05-05,NORTH,Baby & Toddler,258.0,2025,19,0,0.0,0,0,0,0,1.0,test
2025-05-12,NORTH,Baby & Toddler,229.0,2025,20,0,0.0,0,0,0,0,1.0,test
2025-05-19,NORTH,Baby & Toddler,239.0,2025,21,0,0.0,0,0,0,0,1.0,test
2025-05-26,NORTH,Baby & Toddler,251.0,2025,22,0,0.0,0,1,0,0,1.0,test
2025-06-02,NORTH,Baby & Toddler,310.0,2025,23,0,0.0,0,1,0,0,1.0,test
2025-06-09,NORTH,Baby & Toddler,329.0,2025,24,0,0.0,0,1,0,0,1.0,test
2025-06-16,NORTH,Baby & Toddler,302.0,2025,25,0,0.0,0,1,0,0,1.0,test
2025-06-23,NORTH,Baby & Toddler,308.0,2025,26,0,0.0,0,1,0,0,1.0,test
2025-06-30,NORTH,Baby & Toddler,317.0,2025,27,0,0.0,0,1,0,0,1.0,test
2025-07-07,NORTH,Baby & Toddler,334.0,2025,28,0,0.0,0,1,0,0,1.0,test
2025-07-14,NORTH,Baby & Toddler,304.0,2025,29,0,0.0,0,1,0,0,1.0,test
2025-07-21,NORTH,Baby & Toddler,330.0,2025,30,0,0.0,0,1,0,0,1.0,test
2025-07-28,NORTH,Baby & Toddler,313.0,2025,31,0,0.0,0,1,0,0,1.0,test
2025-08-04,NORTH,Baby & Toddler,313.0,2025,32,0,0.0,0,1,0,0,1.0,test
2025-08-11,NORTH,Baby & Toddler,324.0,2025,33,0,0.0,0,1,0,0,1.0,test
2025-08-18,NORTH,Baby & Toddler,297.0,2025,34,0,0.0,0,1,0,0,1.0,test
2025-08-25,NORTH,Baby & Toddler,315.0,2025,35,0,0.0,0,1,0,0,1.0,test
2025-09-01,NORTH,Baby & Toddler,360.0,2025,36,0,0.0,0,0,1,0,1.5,test
2025-09-08,NORTH,Baby & Toddler,349.0,2025,37,0,0.0,0,0,1,0,1.5,test
2025-09-15,NORTH,Baby & Toddler,317.0,2025,38,0,0.0,0,0,1,0,1.5,test
2025-09-22,NORTH,Baby & Toddler,325.0,2025,39,0,0.0,0,0,1,0,1.5,test
2025-09-29,NORTH,Baby & Toddler,311.0,2025,40,0,0.0,0,0,1,0,1.5,test
2025-10-06,NORTH,Baby & Toddler,268.0,2025,41,0,0.0,0,0,0,0,1.0,test
2025-10-13,NORTH,Baby & Toddler,266.0,2025,42,0,0.0,0,0,0,0,1.0,test
2025-10-20,NORTH,Baby & Toddler,268.0,2025,43,0,0.0,0,0,0,0,1.0,test
2025-10-27,NORTH,Baby & Toddler,246.0,2025,44,0,0.0,0,0,0,0,1.0,test
2025-11-03,NORTH,Baby & Toddler,279.0,2025,45,0,0.0,0,0,0,0,1.0,test
2025-11-10,NORTH,Baby & Toddler,262.0,2025,46,0,0.0,0,0,0,0,1.0,test
2025-11-17,NORTH,Baby & Toddler,261.0,2025,47,0,0.0,0,0,0,0,1.0,test
2025-11-24,NORTH,Baby & Toddler,267.0,2025,48,0,0.0,0,0,0,0,1.0,test
2025-12-01,NORTH,Baby & Toddler,269.0,2025,49,0,0.0,0,0,0,0,1.0,test
2025-12-08,NORTH,Baby & Toddler,311.0,2025,50,0,0.0,0,0,0,0,1.0,test
2025-12-15,NORTH,Baby & Toddler,285.0,2025,51,0,0.0,0,0,0,0,1.0,test
2025-12-22,NORTH,Baby & Toddler,268.0,2025,52,0,0.0,0,0,0,0,1.0,test
2024-01-01,NORTH,Business & Industrial,156.0,2024,1,0,0.0,0,0,0,1,1.0,train
2024-01-08,NORTH,Business & Industrial,172.0,2024,2,0,0.0,0,0,0,1,1.0,train
2024-01-15,NORTH,Business & Industrial,175.0,2024,3,0,0.0,0,0,0,1,1.0,train
2024-01-22,NORTH,Business & Industrial,131.0,2024,4,0,0.0,0,0,0,1,1.0,train
2024-01-29,NORTH,Business & Industrial,179.0,2024,5,0,0.0,0,0,0,1,1.0,train
2024-02-05,NORTH,Business & Industrial,148.0,2024,6,0,0.0,0,0,0,1,1.0,train
2024-02-12,NORTH,Business & Industrial,134.0,2024,7,0,0.0,0,0,0,1,1.0,train
2024-02-19,NORTH,Business & Industrial,165.0,2024,8,0,0.0,0,0,0,1,1.0,train
2024-02-26,NORTH,Business & Industrial,195.0,2024,9,0,0.0,0,0,0,1,1.0,train
2024-03-04,NORTH,Business & Industrial,188.0,2024,10,0,0.0,0,0,0,0,1.0,train
2024-03-11,NORTH,Business & Industrial,271.0,2024,11,1,0.0,0,0,0,0,1.0,train
2024-03-18,NORTH,Business & Industrial,299.0,2024,12,1,0.25,0,0,0,0,1.0,train
2024-03-25,NORTH,Business & Industrial,297.0,2024,13,1,0.5,0,0,0,0,1.0,train
2024-04-01,NORTH,Business & Industrial,327.0,2024,14,1,0.75,0,0,0,0,1.0,train
2024-04-08,NORTH,Business & Industrial,306.0,2024,15,1,1.0,1,0,0,0,1.0,train
2024-04-15,NORTH,Business & Industrial,188.0,2024,16,0,0.0,0,0,0,0,1.0,train
2024-04-22,NORTH,Business & Industrial,192.0,2024,17,0,0.0,0,0,0,0,1.0,train
2024-04-29,NORTH,Business & Industrial,175.0,2024,18,0,0.0,0,0,0,0,1.0,train
2024-05-06,NORTH,Business & Industrial,168.0,2024,19,0,0.0,0,0,0,0,1.0,train
2024-05-13,NORTH,Business & Industrial,183.0,2024,20,0,0.0,0,0,0,0,1.0,train
2024-05-20,NORTH,Business & Industrial,185.0,2024,21,0,0.0,0,0,0,0,1.0,train
2024-05-27,NORTH,Business & Industrial,198.0,2024,22,0,0.0,0,1,0,0,1.0,train
2024-06-03,NORTH,Business & Industrial,213.0,2024,23,0,0.0,0,1,0,0,1.0,train
2024-06-10,NORTH,Business & Industrial,199.0,2024,24,0,0.0,0,1,0,0,1.0,train
2024-06-17,NORTH,Business & Industrial,218.0,2024,25,0,0.0,0,1,0,0,1.0,train
2024-06-24,NORTH,Business & Industrial,208.0,2024,26,0,0.0,0,1,0,0,1.0,train
2024-07-01,NORTH,Business & Industrial,214.0,2024,27,0,0.0,0,1,0,0,1.0,train
2024-07-08,NORTH,Business & Industrial,193.0,2024,28,0,0.0,0,1,0,0,1.0,train
2024-07-15,NORTH,Business & Industrial,210.0,2024,29,0,0.0,0,1,0,0,1.0,train
2024-07-22,NORTH,Business & Industrial,212.0,2024,30,0,0.0,0,1,0,0,1.0,train
2024-07-29,NORTH,Business & Industrial,175.0,2024,31,0,0.0,0,1,0,0,1.0,train
2024-08-05,NORTH,Business & Industrial,222.0,2024,32,0,0.0,0,1,0,0,1.0,train
2024-08-12,NORTH,Business & Industrial,233.0,2024,33,0,0.0,0,1,0,0,1.0,train
2024-08-19,NORTH,Business & Industrial,187.0,2024,34,0,0.0,0,1,0,0,1.0,train
2024-08-26,NORTH,Business & Industrial,195.0,2024,35,0,0.0,0,1,1,0,1.0,train
2024-09-02,NORTH,Business & Industrial,237.0,2024,36,0,0.0,0,0,1,0,1.0,train
2024-09-09,NORTH,Business & Industrial,248.0,2024,37,0,0.0,0,0,1,0,1.0,train
2024-09-16,NORTH,Business & Industrial,233.0,2024,38,0,0.0,0,0,1,0,1.0,train
2024-09-23,NORTH,Business & Industrial,227.0,2024,39,0,0.0,0,0,1,0,1.0,train
2024-09-30,NORTH,Business & Industrial,201.0,2024,40,0,0.0,0,0,1,0,1.0,train
2024-10-07,NORTH,Business & Industrial,166.0,2024,41,0,0.0,0,0,0,0,1.0,train
2024-10-14,NORTH,Business & Industrial,164.0,2024,42,0,0.0,0,0,0,0,1.0,train
2024-10-21,NORTH,Business & Industrial,183.0,2024,43,0,0.0,0,0,0,0,1.0,train
2024-10-28,NORTH,Business & Industrial,179.0,2024,44,0,0.0,0,0,0,0,1.0,train
2024-11-04,NORTH,Business & Industrial,185.0,2024,45,0,0.0,0,0,0,0,1.0,validation
2024-11-11,NORTH,Business & Industrial,196.0,2024,46,0,0.0,0,0,0,0,1.0,validation
2024-11-18,NORTH,Business & Industrial,181.0,2024,47,0,0.0,0,0,0,0,1.0,validation
2024-11-25,NORTH,Business & Industrial,142.0,2024,48,0,0.0,0,0,0,0,1.0,validation
2024-12-02,NORTH,Business & Industrial,178.0,2024,49,0,0.0,0,0,0,0,1.0,validation
2024-12-09,NORTH,Business & Industrial,194.0,2024,50,0,0.0,0,0,0,0,1.0,validation
2024-12-16,NORTH,Business & Industrial,212.0,2024,51,0,0.0,0,0,0,0,1.0,validation
2024-12-23,NORTH,Business & Industrial,212.0,2024,52,0,0.0,0,0,0,0,1.0,validation
2024-12-30,NORTH,Business & Industrial,176.0,2025,1,0,0.0,0,0,0,1,1.0,test
2025-01-06,NORTH,Business & Industrial,150.0,2025,2,0,0.0,0,0,0,1,1.0,test
2025-01-13,NORTH,Business & Industrial,170.0,2025,3,0,0.0,0,0,0,1,1.0,test
2025-01-20,NORTH,Business & Industrial,171.0,2025,4,0,0.0,0,0,0,1,1.0,test
2025-01-27,NORTH,Business & Industrial,189.0,2025,5,0,0.0,0,0,0,1,1.0,test
2025-02-03,NORTH,Business & Industrial,167.0,2025,6,0,0.0,0,0,0,1,1.0,test
2025-02-10,NORTH,Business & Industrial,159.0,2025,7,0,0.0,0,0,0,1,1.0,test
2025-02-17,NORTH,Business & Industrial,165.0,2025,8,0,0.0,0,0,0,1,1.0,test
2025-02-24,NORTH,Business & Industrial,177.0,2025,9,1,0.0,0,0,0,1,1.0,test
2025-03-03,NORTH,Business & Industrial,260.0,2025,10,1,0.25,0,0,0,0,1.0,test
2025-03-10,NORTH,Business & Industrial,301.0,2025,11,1,0.5,0,0,0,0,1.0,test
2025-03-17,NORTH,Business & Industrial,305.0,2025,12,1,0.75,0,0,0,0,1.0,test
2025-03-24,NORTH,Business & Industrial,336.0,2025,13,1,1.0,1,0,0,0,1.0,test
2025-03-31,NORTH,Business & Industrial,183.0,2025,14,0,0.0,0,0,0,0,1.0,test
2025-04-07,NORTH,Business & Industrial,191.0,2025,15,0,0.0,0,0,0,0,1.0,test
2025-04-14,NORTH,Business & Industrial,177.0,2025,16,0,0.0,0,0,0,0,1.0,test
2025-04-21,NORTH,Business & Industrial,146.0,2025,17,0,0.0,0,0,0,0,1.0,test
2025-04-28,NORTH,Business & Industrial,181.0,2025,18,0,0.0,0,0,0,0,1.0,test
2025-05-05,NORTH,Business & Industrial,194.0,2025,19,0,0.0,0,0,0,0,1.0,test
2025-05-12,NORTH,Business & Industrial,177.0,2025,20,0,0.0,0,0,0,0,1.0,test
2025-05-19,NORTH,Business & Industrial,195.0,2025,21,0,0.0,0,0,0,0,1.0,test
2025-05-26,NORTH,Business & Industrial,176.0,2025,22,0,0.0,0,1,0,0,1.0,test
2025-06-02,NORTH,Business & Industrial,230.0,2025,23,0,0.0,0,1,0,0,1.0,test
2025-06-09,NORTH,Business & Industrial,193.0,2025,24,0,0.0,0,1,0,0,1.0,test
2025-06-16,NORTH,Business & Industrial,187.0,2025,25,0,0.0,0,1,0,0,1.0,test
2025-06-23,NORTH,Business & Industrial,242.0,2025,26,0,0.0,0,1,0,0,1.0,test
2025-06-30,NORTH,Business & Industrial,221.0,2025,27,0,0.0,0,1,0,0,1.0,test
2025-07-07,NORTH,Business & Industrial,215.0,2025,28,0,0.0,0,1,0,0,1.0,test
2025-07-14,NORTH,Business & Industrial,191.0,2025,29,0,0.0,0,1,0,0,1.0,test
2025-07-21,NORTH,Business & Industrial,243.0,2025,30,0,0.0,0,1,0,0,1.0,test
2025-07-28,NORTH,Business & Industrial,216.0,2025,31,0,0.0,0,1,0,0,1.0,test
2025-08-04,NORTH,Business & Industrial,222.0,2025,32,0,0.0,0,1,0,0,1.0,test
2025-08-11,NORTH,Business & Industrial,207.0,2025,33,0,0.0,0,1,0,0,1.0,test
2025-08-18,NORTH,Business & Industrial,223.0,2025,34,0,0.0,0,1,0,0,1.0,test
2025-08-25,NORTH,Business & Industrial,229.0,2025,35,0,0.0,0,1,0,0,1.0,test
2025-09-01,NORTH,Business & Industrial,242.0,2025,36,0,0.0,0,0,1,0,1.0,test
2025-09-08,NORTH,Business & Industrial,227.0,2025,37,0,0.0,0,0,1,0,1.0,test
2025-09-15,NORTH,Business & Industrial,226.0,2025,38,0,0.0,0,0,1,0,1.0,test
2025-09-22,NORTH,Business & Industrial,251.0,2025,39,0,0.0,0,0,1,0,1.0,test
2025-09-29,NORTH,Business & Industrial,199.0,2025,40,0,0.0,0,0,1,0,1.0,test
2025-10-06,NORTH,Business & Industrial,179.0,2025,41,0,0.0,0,0,0,0,1.0,test
2025-10-13,NORTH,Business & Industrial,177.0,2025,42,0,0.0,0,0,0,0,1.0,test
2025-10-20,NORTH,Business & Industrial,176.0,2025,43,0,0.0,0,0,0,0,1.0,test
2025-10-27,NORTH,Business & Industrial,186.0,2025,44,0,0.0,0,0,0,0,1.0,test
2025-11-03,NORTH,Business & Industrial,179.0,2025,45,0,0.0,0,0,0,0,1.0,test
2025-11-10,NORTH,Business & Industrial,183.0,2025,46,0,0.0,0,0,0,0,1.0,test
2025-11-17,NORTH,Business & Industrial,192.0,2025,47,0,0.0,0,0,0,0,1.0,test
2025-11-24,NORTH,Business & Industrial,155.0,2025,48,0,0.0,0,0,0,0,1.0,test
2025-12-01,NORTH,Business & Industrial,203.0,2025,49,0,0.0,0,0,0,0,1.0,test
2025-12-08,NORTH,Business & Industrial,212.0,2025,50,0,0.0,0,0,0,0,1.0,test
2025-12-15,NORTH,Business & Industrial,185.0,2025,51,0,0.0,0,0,0,0,1.0,test
2025-12-22,NORTH,Business & Industrial,213.0,2025,52,0,0.0,0,0,0,0,1.0,test
2024-01-01,NORTH,Cameras & Optics,41.0,2024,1,0,0.0,0,0,0,1,1.0,train
2024-01-08,NORTH,Cameras & Optics,58.0,2024,2,0,0.0,0,0,0,1,1.0,train
2024-01-15,NORTH,Cameras & Optics,50.0,2024,3,0,0.0,0,0,0,1,1.0,train
2024-01-22,NORTH,Cameras & Optics,42.0,2024,4,0,0.0,0,0,0,1,1.0,train
2024-01-29,NORTH,Cameras & Optics,36.0,2024,5,0,0.0,0,0,0,1,1.0,train
2024-02-05,NORTH,Cameras & Optics,47.0,2024,6,0,0.0,0,0,0,1,1.0,train
2024-02-12,NORTH,Cameras & Optics,44.0,2024,7,0,0.0,0,0,0,1,1.0,train
2024-02-19,NORTH,Cameras & Optics,42.0,2024,8,0,0.0,0,0,0,1,1.0,train
2024-02-26,NORTH,Cameras & Optics,53.0,2024,9,0,0.0,0,0,0,1,1.0,train
2024-03-04,NORTH,Cameras & Optics,59.0,2024,10,0,0.0,0,0,0,0,1.0,train
2024-03-11,NORTH,Cameras & Optics,75.0,2024,11,1,0.0,0,0,0,0,1.15,train
2024-03-18,NORTH,Cameras & Optics,69.0,2024,12,1,0.25,0,0,0,0,1.15,train
2024-03-25,NORTH,Cameras & Optics,90.0,2024,13,1,0.5,0,0,0,0,1.15,train
2024-04-01,NORTH,Cameras & Optics,88.0,2024,14,1,0.75,0,0,0,0,1.15,train
2024-04-08,NORTH,Cameras & Optics,83.0,2024,15,1,1.0,1,0,0,0,1.15,train
2024-04-15,NORTH,Cameras & Optics,50.0,2024,16,0,0.0,0,0,0,0,1.0,train
2024-04-22,NORTH,Cameras & Optics,42.0,2024,17,0,0.0,0,0,0,0,1.0,train
2024-04-29,NORTH,Cameras & Optics,43.0,2024,18,0,0.0,0,0,0,0,1.0,train
2024-05-06,NORTH,Cameras & Optics,51.0,2024,19,0,0.0,0,0,0,0,1.0,train
2024-05-13,NORTH,Cameras & Optics,56.0,2024,20,0,0.0,0,0,0,0,1.0,train
2024-05-20,NORTH,Cameras & Optics,62.0,2024,21,0,0.0,0,0,0,0,1.0,train
2024-05-27,NORTH,Cameras & Optics,63.0,2024,22,0,0.0,0,1,0,0,1.0,train
2024-06-03,NORTH,Cameras & Optics,53.0,2024,23,0,0.0,0,1,0,0,1.0,train
2024-06-10,NORTH,Cameras & Optics,61.0,2024,24,0,0.0,0,1,0,0,1.0,train
2024-06-17,NORTH,Cameras & Optics,54.0,2024,25,0,0.0,0,1,0,0,1.0,train
2024-06-24,NORTH,Cameras & Optics,67.0,2024,26,0,0.0,0,1,0,0,1.0,train
2024-07-01,NORTH,Cameras & Optics,55.0,2024,27,0,0.0,0,1,0,0,1.0,train
2024-07-08,NORTH,Cameras & Optics,74.0,2024,28,0,0.0,0,1,0,0,1.0,train
2024-07-15,NORTH,Cameras & Optics,65.0,2024,29,0,0.0,0,1,0,0,1.0,train
2024-07-22,NORTH,Cameras & Optics,67.0,2024,30,0,0.0,0,1,0,0,1.0,train
2024-07-29,NORTH,Cameras & Optics,68.0,2024,31,0,0.0,0,1,0,0,1.0,train
2024-08-05,NORTH,Cameras & Optics,51.0,2024,32,0,0.0,0,1,0,0,1.0,train
2024-08-12,NORTH,Cameras & Optics,63.0,2024,33,0,0.0,0,1,0,0,1.0,train
2024-08-19,NORTH,Cameras & Optics,68.0,2024,34,0,0.0,0,1,0,0,1.0,train
2024-08-26,NORTH,Cameras & Optics,79.0,2024,35,0,0.0,0,1,1,0,1.0,train
2024-09-02,NORTH,Cameras & Optics,58.0,2024,36,0,0.0,0,0,1,0,1.0,train
2024-09-09,NORTH,Cameras & Optics,64.0,2024,37,0,0.0,0,0,1,0,1.0,train
2024-09-16,NORTH,Cameras & Optics,63.0,2024,38,0,0.0,0,0,1,0,1.0,train
2024-09-23,NORTH,Cameras & Optics,65.0,2024,39,0,0.0,0,0,1,0,1.0,train
2024-09-30,NORTH,Cameras & Optics,52.0,2024,40,0,0.0,0,0,1,0,1.0,train
2024-10-07,NORTH,Cameras & Optics,52.0,2024,41,0,0.0,0,0,0,0,1.0,train
2024-10-14,NORTH,Cameras & Optics,57.0,2024,42,0,0.0,0,0,0,0,1.0,train
2024-10-21,NORTH,Cameras & Optics,53.0,2024,43,0,0.0,0,0,0,0,1.0,train
2024-10-28,NORTH,Cameras & Optics,47.0,2024,44,0,0.0,0,0,0,0,1.0,train
2024-11-04,NORTH,Cameras & Optics,45.0,2024,45,0,0.0,0,0,0,0,1.0,validation
2024-11-11,NORTH,Cameras & Optics,60.0,2024,46,0,0.0,0,0,0,0,1.0,validation
2024-11-18,NORTH,Cameras & Optics,56.0,2024,47,0,0.0,0,0,0,0,1.0,validation
2024-11-25,NORTH,Cameras & Optics,49.0,2024,48,0,0.0,0,0,0,0,1.0,validation
2024-12-02,NORTH,Cameras & Optics,72.0,2024,49,0,0.0,0,0,0,0,1.0,validation
2024-12-09,NORTH,Cameras & Optics,47.0,2024,50,0,0.0,0,0,0,0,1.0,validation
2024-12-16,NORTH,Cameras & Optics,60.0,2024,51,0,0.0,0,0,0,0,1.0,validation
2024-12-23,NORTH,Cameras & Optics,50.0,2024,52,0,0.0,0,0,0,0,1.0,validation
2024-12-30,NORTH,Cameras & Optics,38.0,2025,1,0,0.0,0,0,0,1,1.0,test
2025-01-06,NORTH,Cameras & Optics,38.0,2025,2,0,0.0,0,0,0,1,1.0,test
2025-01-13,NORTH,Cameras & Optics,40.0,2025,3,0,0.0,0,0,0,1,1.0,test
2025-01-20,NORTH,Cameras & Optics,48.0,2025,4,0,0.0,0,0,0,1,1.0,test
2025-01-27,NORTH,Cameras & Optics,42.0,2025,5,0,0.0,0,0,0,1,1.0,test
2025-02-03,NORTH,Cameras & Optics,53.0,2025,6,0,0.0,0,0,0,1,1.0,test
2025-02-10,NORTH,Cameras & Optics,41.0,2025,7,0,0.0,0,0,0,1,1.0,test
2025-02-17,NORTH,Cameras & Optics,49.0,2025,8,0,0.0,0,0,0,1,1.0,test
2025-02-24,NORTH,Cameras & Optics,54.0,2025,9,1,0.0,0,0,0,1,1.15,test
2025-03-03,NORTH,Cameras & Optics,72.0,2025,10,1,0.25,0,0,0,0,1.15,test
2025-03-10,NORTH,Cameras & Optics,78.0,2025,11,1,0.5,0,0,0,0,1.15,test
2025-03-17,NORTH,Cameras & Optics,81.0,2025,12,1,0.75,0,0,0,0,1.15,test
2025-03-24,NORTH,Cameras & Optics,104.0,2025,13,1,1.0,1,0,0,0,1.15,test
2025-03-31,NORTH,Cameras & Optics,65.0,2025,14,0,0.0,0,0,0,0,1.0,test
2025-04-07,NORTH,Cameras & Optics,45.0,2025,15,0,0.0,0,0,0,0,1.0,test
2025-04-14,NORTH,Cameras & Optics,54.0,2025,16,0,0.0,0,0,0,0,1.0,test
2025-04-21,NORTH,Cameras & Optics,49.0,2025,17,0,0.0,0,0,0,0,1.0,test
2025-04-28,NORTH,Cameras & Optics,56.0,2025,18,0,0.0,0,0,0,0,1.0,test
2025-05-05,NORTH,Cameras & Optics,55.0,2025,19,0,0.0,0,0,0,0,1.0,test
2025-05-12,NORTH,Cameras & Optics,40.0,2025,20,0,0.0,0,0,0,0,1.0,test
2025-05-19,NORTH,Cameras & Optics,52.0,2025,21,0,0.0,0,0,0,0,1.0,test
2025-05-26,NORTH,Cameras & Optics,50.0,2025,22,0,0.0,0,1,0,0,1.0,test
2025-06-02,NORTH,Cameras & Optics,70.0,2025,23,0,0.0,0,1,0,0,1.0,test
2025-06-09,NORTH,Cameras & Optics,54.0,2025,24,0,0.0,0,1,0,0,1.0,test
2025-06-16,NORTH,Cameras & Optics,57.0,2025,25,0,0.0,0,1,0,0,1.0,test
2025-06-23,NORTH,Cameras & Optics,51.0,2025,26,0,0.0,0,1,0,0,1.0,test
2025-06-30,NORTH,Cameras & Optics,60.0,2025,27,0,0.0,0,1,0,0,1.0,test
2025-07-07,NORTH,Cameras & Optics,60.0,2025,28,0,0.0,0,1,0,0,1.0,test
2025-07-14,NORTH,Cameras & Optics,58.0,2025,29,0,0.0,0,1,0,0,1.0,test
2025-07-21,NORTH,Cameras & Optics,67.0,2025,30,0,0.0,0,1,0,0,1.0,test
2025-07-28,NORTH,Cameras & Optics,63.0,2025,31,0,0.0,0,1,0,0,1.0,test
2025-08-04,NORTH,Cameras & Optics,69.0,2025,32,0,0.0,0,1,0,0,1.0,test
2025-08-11,NORTH,Cameras & Optics,54.0,2025,33,0,0.0,0,1,0,0,1.0,test
2025-08-18,NORTH,Cameras & Optics,57.0,2025,34,0,0.0,0,1,0,0,1.0,test
2025-08-25,NORTH,Cameras & Optics,59.0,2025,35,0,0.0,0,1,0,0,1.0,test
2025-09-01,NORTH,Cameras & Optics,45.0,2025,36,0,0.0,0,0,1,0,1.0,test
2025-09-08,NORTH,Cameras & Optics,59.0,2025,37,0,0.0,0,0,1,0,1.0,test
2025-09-15,NORTH,Cameras & Optics,61.0,2025,38,0,0.0,0,0,1,0,1.0,test
2025-09-22,NORTH,Cameras & Optics,61.0,2025,39,0,0.0,0,0,1,0,1.0,test
2025-09-29,NORTH,Cameras & Optics,50.0,2025,40,0,0.0,0,0,1,0,1.0,test
2025-10-06,NORTH,Cameras & Optics,45.0,2025,41,0,0.0,0,0,0,0,1.0,test
2025-10-13,NORTH,Cameras & Optics,40.0,2025,42,0,0.0,0,0,0,0,1.0,test
2025-10-20,NORTH,Cameras & Optics,53.0,2025,43,0,0.0,0,0,0,0,1.0,test
2025-10-27,NORTH,Cameras & Optics,52.0,2025,44,0,0.0,0,0,0,0,1.0,test
2025-11-03,NORTH,Cameras & Optics,59.0,2025,45,0,0.0,0,0,0,0,1.0,test
2025-11-10,NORTH,Cameras & Optics,49.0,2025,46,0,0.0,0,0,0,0,1.0,test
2025-11-17,NORTH,Cameras & Optics,34.0,2025,47,0,0.0,0,0,0,0,1.0,test
2025-11-24,NORTH,Cameras & Optics,47.0,2025,48,0,0.0,0,0,0,0,1.0,test
2025-12-01,NORTH,Cameras & Optics,61.0,2025,49,0,0.0,0,0,0,0,1.0,test
2025-12-08,NORTH,Cameras & Optics,72.0,2025,50,0,0.0,0,0,0,0,1.0,test
2025-12-15,NORTH,Cameras & Optics,54.0,2025,51,0,0.0,0,0,0,0,1.0,test
2025-12-22,NORTH,Cameras & Optics,65.0,2025,52,0,0.0,0,0,0,0,1.0,test
2024-01-01,NORTH,Electronics,285.0,2024,1,0,0.0,0,0,0,1,1.0,train
2024-01-08,NORTH,Electronics,308.0,2024,2,0,0.0,0,0,0,1,1.0,train
2024-01-15,NORTH,Electronics,298.0,2024,3,0,0.0,0,0,0,1,1.0,train
2024-01-22,NORTH,Electronics,307.0,2024,4,0,0.0,0,0,0,1,1.0,train
2024-01-29,NORTH,Electronics,295.0,2024,5,0,0.0,0,0,0,1,1.0,train
2024-02-05,NORTH,Electronics,284.0,2024,6,0,0.0,0,0,0,1,1.0,train
2024-02-12,NORTH,Electronics,288.0,2024,7,0,0.0,0,0,0,1,1.0,train
2024-02-19,NORTH,Electronics,273.0,2024,8,0,0.0,0,0,0,1,1.0,train
2024-02-26,NORTH,Electronics,305.0,2024,9,0,0.0,0,0,0,1,1.0,train
2024-03-04,NORTH,Electronics,343.0,2024,10,0,0.0,0,0,0,0,1.0,train
2024-03-11,NORTH,Electronics,513.0,2024,11,1,0.0,0,0,0,0,1.15,train
2024-03-18,NORTH,Electronics,528.0,2024,12,1,0.25,0,0,0,0,1.15,train
2024-03-25,NORTH,Electronics,571.0,2024,13,1,0.5,0,0,0,0,1.15,train
2024-04-01,NORTH,Electronics,612.0,2024,14,1,0.75,0,0,0,0,1.15,train
2024-04-08,NORTH,Electronics,516.0,2024,15,1,1.0,1,0,0,0,1.15,train
2024-04-15,NORTH,Electronics,310.0,2024,16,0,0.0,0,0,0,0,1.0,train
2024-04-22,NORTH,Electronics,338.0,2024,17,0,0.0,0,0,0,0,1.0,train
2024-04-29,NORTH,Electronics,342.0,2024,18,0,0.0,0,0,0,0,1.0,train
2024-05-06,NORTH,Electronics,325.0,2024,19,0,0.0,0,0,0,0,1.0,train
2024-05-13,NORTH,Electronics,343.0,2024,20,0,0.0,0,0,0,0,1.0,train
2024-05-20,NORTH,Electronics,322.0,2024,21,0,0.0,0,0,0,0,1.0,train
2024-05-27,NORTH,Electronics,316.0,2024,22,0,0.0,0,1,0,0,1.0,train
2024-06-03,NORTH,Electronics,390.0,2024,23,0,0.0,0,1,0,0,1.0,train
2024-06-10,NORTH,Electronics,409.0,2024,24,0,0.0,0,1,0,0,1.0,train
2024-06-17,NORTH,Electronics,398.0,2024,25,0,0.0,0,1,0,0,1.0,train
2024-06-24,NORTH,Electronics,382.0,2024,26,0,0.0,0,1,0,0,1.0,train
2024-07-01,NORTH,Electronics,380.0,2024,27,0,0.0,0,1,0,0,1.0,train
2024-07-08,NORTH,Electronics,410.0,2024,28,0,0.0,0,1,0,0,1.0,train
2024-07-15,NORTH,Electronics,398.0,2024,29,0,0.0,0,1,0,0,1.0,train
2024-07-22,NORTH,Electronics,358.0,2024,30,0,0.0,0,1,0,0,1.0,train
2024-07-29,NORTH,Electronics,442.0,2024,31,0,0.0,0,1,0,0,1.0,train
2024-08-05,NORTH,Electronics,389.0,2024,32,0,0.0,0,1,0,0,1.0,train
2024-08-12,NORTH,Electronics,415.0,2024,33,0,0.0,0,1,0,0,1.0,train
2024-08-19,NORTH,Electronics,386.0,2024,34,0,0.0,0,1,0,0,1.0,train
2024-08-26,NORTH,Electronics,392.0,2024,35,0,0.0,0,1,1,0,1.0,train
2024-09-02,NORTH,Electronics,430.0,2024,36,0,0.0,0,0,1,0,1.0,train
2024-09-09,NORTH,Electronics,436.0,2024,37,0,0.0,0,0,1,0,1.0,train
2024-09-16,NORTH,Electronics,419.0,2024,38,0,0.0,0,0,1,0,1.0,train
2024-09-23,NORTH,Electronics,446.0,2024,39,0,0.0,0,0,1,0,1.0,train
2024-09-30,NORTH,Electronics,344.0,2024,40,0,0.0,0,0,1,0,1.0,train
2024-10-07,NORTH,Electronics,346.0,2024,41,0,0.0,0,0,0,0,1.0,train
2024-10-14,NORTH,Electronics,323.0,2024,42,0,0.0,0,0,0,0,1.0,train
2024-10-21,NORTH,Electronics,335.0,2024,43,0,0.0,0,0,0,0,1.0,train
2024-10-28,NORTH,Electronics,320.0,2024,44,0,0.0,0,0,0,0,1.0,train
2024-11-04,NORTH,Electronics,317.0,2024,45,0,0.0,0,0,0,0,1.0,validation
2024-11-11,NORTH,Electronics,348.0,2024,46,0,0.0,0,0,0,0,1.0,validation
2024-11-18,NORTH,Electronics,335.0,2024,47,0,0.0,0,0,0,0,1.0,validation
2024-11-25,NORTH,Electronics,348.0,2024,48,0,0.0,0,0,0,0,1.0,validation
2024-12-02,NORTH,Electronics,385.0,2024,49,0,0.0,0,0,0,0,1.0,validation
2024-12-09,NORTH,Electronics,368.0,2024,50,0,0.0,0,0,0,0,1.0,validation
2024-12-16,NORTH,Electronics,316.0,2024,51,0,0.0,0,0,0,0,1.0,validation
2024-12-23,NORTH,Electronics,389.0,2024,52,0,0.0,0,0,0,0,1.0,validation
2024-12-30,NORTH,Electronics,326.0,2025,1,0,0.0,0,0,0,1,1.0,test
2025-01-06,NORTH,Electronics,310.0,2025,2,0,0.0,0,0,0,1,1.0,test
2025-01-13,NORTH,Electronics,327.0,2025,3,0,0.0,0,0,0,1,1.0,test
2025-01-20,NORTH,Electronics,298.0,2025,4,0,0.0,0,0,0,1,1.0,test
2025-01-27,NORTH,Electronics,286.0,2025,5,0,0.0,0,0,0,1,1.0,test
2025-02-03,NORTH,Electronics,305.0,2025,6,0,0.0,0,0,0,1,1.0,test
2025-02-10,NORTH,Electronics,303.0,2025,7,0,0.0,0,0,0,1,1.0,test
2025-02-17,NORTH,Electronics,317.0,2025,8,0,0.0,0,0,0,1,1.0,test
2025-02-24,NORTH,Electronics,334.0,2025,9,1,0.0,0,0,0,1,1.15,test
2025-03-03,NORTH,Electronics,470.0,2025,10,1,0.25,0,0,0,0,1.15,test
2025-03-10,NORTH,Electronics,556.0,2025,11,1,0.5,0,0,0,0,1.15,test
2025-03-17,NORTH,Electronics,580.0,2025,12,1,0.75,0,0,0,0,1.15,test
2025-03-24,NORTH,Electronics,653.0,2025,13,1,1.0,1,0,0,0,1.15,test
2025-03-31,NORTH,Electronics,332.0,2025,14,0,0.0,0,0,0,0,1.0,test
2025-04-07,NORTH,Electronics,342.0,2025,15,0,0.0,0,0,0,0,1.0,test
2025-04-14,NORTH,Electronics,334.0,2025,16,0,0.0,0,0,0,0,1.0,test
2025-04-21,NORTH,Electronics,337.0,2025,17,0,0.0,0,0,0,0,1.0,test
2025-04-28,NORTH,Electronics,313.0,2025,18,0,0.0,0,0,0,0,1.0,test
2025-05-05,NORTH,Electronics,344.0,2025,19,0,0.0,0,0,0,0,1.0,test
2025-05-12,NORTH,Electronics,326.0,2025,20,0,0.0,0,0,0,0,1.0,test
2025-05-19,NORTH,Electronics,356.0,2025,21,0,0.0,0,0,0,0,1.0,test
2025-05-26,NORTH,Electronics,343.0,2025,22,0,0.0,0,1,0,0,1.0,test
2025-06-02,NORTH,Electronics,408.0,2025,23,0,0.0,0,1,0,0,1.0,test
2025-06-09,NORTH,Electronics,398.0,2025,24,0,0.0,0,1,0,0,1.0,test
2025-06-16,NORTH,Electronics,420.0,2025,25,0,0.0,0,1,0,0,1.0,test
2025-06-23,NORTH,Electronics,435.0,2025,26,0,0.0,0,1,0,0,1.0,test
2025-06-30,NORTH,Electronics,407.0,2025,27,0,0.0,0,1,0,0,1.0,test
2025-07-07,NORTH,Electronics,363.0,2025,28,0,0.0,0,1,0,0,1.0,test
2025-07-14,NORTH,Electronics,361.0,2025,29,0,0.0,0,1,0,0,1.0,test
2025-07-21,NORTH,Electronics,388.0,2025,30,0,0.0,0,1,0,0,1.0,test
2025-07-28,NORTH,Electronics,388.0,2025,31,0,0.0,0,1,0,0,1.0,test
2025-08-04,NORTH,Electronics,435.0,2025,32,0,0.0,0,1,0,0,1.0,test
2025-08-11,NORTH,Electronics,413.0,2025,33,0,0.0,0,1,0,0,1.0,test
2025-08-18,NORTH,Electronics,393.0,2025,34,0,0.0,0,1,0,0,1.0,test
2025-08-25,NORTH,Electronics,410.0,2025,35,0,0.0,0,1,0,0,1.0,test
2025-09-01,NORTH,Electronics,413.0,2025,36,0,0.0,0,0,1,0,1.0,test
2025-09-08,NORTH,Electronics,407.0,2025,37,0,0.0,0,0,1,0,1.0,test
2025-09-15,NORTH,Electronics,450.0,2025,38,0,0.0,0,0,1,0,1.0,test
2025-09-22,NORTH,Electronics,449.0,2025,39,0,0.0,0,0,1,0,1.0,test
2025-09-29,NORTH,Electronics,363.0,2025,40,0,0.0,0,0,1,0,1.0,test
2025-10-06,NORTH,Electronics,306.0,2025,41,0,0.0,0,0,0,0,1.0,test
2025-10-13,NORTH,Electronics,350.0,2025,42,0,0.0,0,0,0,0,1.0,test
2025-10-20,NORTH,Electronics,318.0,2025,43,0,0.0,0,0,0,0,1.0,test
2025-10-27,NORTH,Electronics,311.0,2025,44,0,0.0,0,0,0,0,1.0,test
2025-11-03,NORTH,Electronics,326.0,2025,45,0,0.0,0,0,0,0,1.0,test
2025-11-10,NORTH,Electronics,325.0,2025,46,0,0.0,0,0,0,0,1.0,test
2025-11-17,NORTH,Electronics,315.0,2025,47,0,0.0,0,0,0,0,1.0,test
2025-11-24,NORTH,Electronics,335.0,2025,48,0,0.0,0,0,0,0,1.0,test
2025-12-01,NORTH,Electronics,386.0,2025,49,0,0.0,0,0,0,0,1.0,test
2025-12-08,NORTH,Electronics,385.0,2025,50,0,0.0,0,0,0,0,1.0,test
2025-12-15,NORTH,Electronics,397.0,2025,51,0,0.0,0,0,0,0,1.0,test
2025-12-22,NORTH,Electronics,345.0,2025,52,0,0.0,0,0,0,0,1.0,test
2024-01-01,NORTH,Furniture,267.0,2024,1,0,0.0,0,0,0,1,1.0,train
2024-01-08,NORTH,Furniture,286.0,2024,2,0,0.0,0,0,0,1,1.0,train
2024-01-15,NORTH,Furniture,297.0,2024,3,0,0.0,0,0,0,1,1.0,train
2024-01-22,NORTH,Furniture,291.0,2024,4,0,0.0,0,0,0,1,1.0,train
2024-01-29,NORTH,Furniture,315.0,2024,5,0,0.0,0,0,0,1,1.0,train
2024-02-05,NORTH,Furniture,283.0,2024,6,0,0.0,0,0,0,1,1.0,train
2024-02-12,NORTH,Furniture,349.0,2024,7,0,0.0,0,0,0,1,1.0,train
2024-02-19,NORTH,Furniture,299.0,2024,8,0,0.0,0,0,0,1,1.0,train
2024-02-26,NORTH,Furniture,334.0,2024,9,0,0.0,0,0,0,1,1.0,train
2024-03-04,NORTH,Furniture,358.0,2024,10,0,0.0,0,0,0,0,1.0,train
2024-03-11,NORTH,Furniture,494.0,2024,11,1,0.0,0,0,0,0,1.25,train
2024-03-18,NORTH,Furniture,508.0,2024,12,1,0.25,0,0,0,0,1.25,train
2024-03-25,NORTH,Furniture,533.0,2024,13,1,0.5,0,0,0,0,1.25,train
2024-04-01,NORTH,Furniture,613.0,2024,14,1,0.75,0,0,0,0,1.25,train
2024-04-08,NORTH,Furniture,540.0,2024,15,1,1.0,1,0,0,0,1.25,train
2024-04-15,NORTH,Furniture,339.0,2024,16,0,0.0,0,0,0,0,1.0,train
2024-04-22,NORTH,Furniture,349.0,2024,17,0,0.0,0,0,0,0,1.0,train
2024-04-29,NORTH,Furniture,352.0,2024,18,0,0.0,0,0,0,0,1.0,train
2024-05-06,NORTH,Furniture,321.0,2024,19,0,0.0,0,0,0,0,1.0,train
2024-05-13,NORTH,Furniture,312.0,2024,20,0,0.0,0,0,0,0,1.0,train
2024-05-20,NORTH,Furniture,316.0,2024,21,0,0.0,0,0,0,0,1.0,train
2024-05-27,NORTH,Furniture,326.0,2024,22,0,0.0,0,1,0,0,1.0,train
2024-06-03,NORTH,Furniture,418.0,2024,23,0,0.0,0,1,0,0,1.0,train
2024-06-10,NORTH,Furniture,398.0,2024,24,0,0.0,0,1,0,0,1.0,train
2024-06-17,NORTH,Furniture,403.0,2024,25,0,0.0,0,1,0,0,1.0,train
2024-06-24,NORTH,Furniture,431.0,2024,26,0,0.0,0,1,0,0,1.0,train
2024-07-01,NORTH,Furniture,386.0,2024,27,0,0.0,0,1,0,0,1.0,train
2024-07-08,NORTH,Furniture,402.0,2024,28,0,0.0,0,1,0,0,1.0,train
2024-07-15,NORTH,Furniture,378.0,2024,29,0,0.0,0,1,0,0,1.0,train
2024-07-22,NORTH,Furniture,363.0,2024,30,0,0.0,0,1,0,0,1.0,train
2024-07-29,NORTH,Furniture,436.0,2024,31,0,0.0,0,1,0,0,1.0,train
2024-08-05,NORTH,Furniture,402.0,2024,32,0,0.0,0,1,0,0,1.0,train
2024-08-12,NORTH,Furniture,423.0,2024,33,0,0.0,0,1,0,0,1.0,train
2024-08-19,NORTH,Furniture,371.0,2024,34,0,0.0,0,1,0,0,1.0,train
2024-08-26,NORTH,Furniture,389.0,2024,35,0,0.0,0,1,1,0,1.0,train
2024-09-02,NORTH,Furniture,449.0,2024,36,0,0.0,0,0,1,0,1.0,train
2024-09-09,NORTH,Furniture,399.0,2024,37,0,0.0,0,0,1,0,1.0,train
2024-09-16,NORTH,Furniture,433.0,2024,38,0,0.0,0,0,1,0,1.0,train
2024-09-23,NORTH,Furniture,441.0,2024,39,0,0.0,0,0,1,0,1.0,train
2024-09-30,NORTH,Furniture,343.0,2024,40,0,0.0,0,0,1,0,1.0,train
2024-10-07,NORTH,Furniture,333.0,2024,41,0,0.0,0,0,0,0,1.0,train
2024-10-14,NORTH,Furniture,310.0,2024,42,0,0.0,0,0,0,0,1.0,train
2024-10-21,NORTH,Furniture,314.0,2024,43,0,0.0,0,0,0,0,1.0,train
2024-10-28,NORTH,Furniture,340.0,2024,44,0,0.0,0,0,0,0,1.0,train
2024-11-04,NORTH,Furniture,332.0,2024,45,0,0.0,0,0,0,0,1.0,validation
2024-11-11,NORTH,Furniture,347.0,2024,46,0,0.0,0,0,0,0,1.0,validation
2024-11-18,NORTH,Furniture,324.0,2024,47,0,0.0,0,0,0,0,1.0,validation
2024-11-25,NORTH,Furniture,319.0,2024,48,0,0.0,0,0,0,0,1.0,validation
2024-12-02,NORTH,Furniture,363.0,2024,49,0,0.0,0,0,0,0,1.0,validation
2024-12-09,NORTH,Furniture,328.0,2024,50,0,0.0,0,0,0,0,1.0,validation
2024-12-16,NORTH,Furniture,375.0,2024,51,0,0.0,0,0,0,0,1.0,validation
2024-12-23,NORTH,Furniture,344.0,2024,52,0,0.0,0,0,0,0,1.0,validation
2024-12-30,NORTH,Furniture,343.0,2025,1,0,0.0,0,0,0,1,1.0,test
2025-01-06,NORTH,Furniture,277.0,2025,2,0,0.0,0,0,0,1,1.0,test
2025-01-13,NORTH,Furniture,299.0,2025,3,0,0.0,0,0,0,1,1.0,test
2025-01-20,NORTH,Furniture,291.0,2025,4,0,0.0,0,0,0,1,1.0,test
2025-01-27,NORTH,Furniture,313.0,2025,5,0,0.0,0,0,0,1,1.0,test
2025-02-03,NORTH,Furniture,303.0,2025,6,0,0.0,0,0,0,1,1.0,test
2025-02-10,NORTH,Furniture,284.0,2025,7,0,0.0,0,0,0,1,1.0,test
2025-02-17,NORTH,Furniture,270.0,2025,8,0,0.0,0,0,0,1,1.0,test
2025-02-24,NORTH,Furniture,372.0,2025,9,1,0.0,0,0,0,1,1.25,test
2025-03-03,NORTH,Furniture,490.0,2025,10,1,0.25,0,0,0,0,1.25,test
2025-03-10,NORTH,Furniture,484.0,2025,11,1,0.5,0,0,0,0,1.25,test
2025-03-17,NORTH,Furniture,571.0,2025,12,1,0.75,0,0,0,0,1.25,test
2025-03-24,NORTH,Furniture,591.0,2025,13,1,1.0,1,0,0,0,1.25,test
2025-03-31,NORTH,Furniture,354.0,2025,14,0,0.0,0,0,0,0,1.0,test
2025-04-07,NORTH,Furniture,335.0,2025,15,0,0.0,0,0,0,0,1.0,test
2025-04-14,NORTH,Furniture,344.0,2025,16,0,0.0,0,0,0,0,1.0,test
2025-04-21,NORTH,Furniture,325.0,2025,17,0,0.0,0,0,0,0,1.0,test
2025-04-28,NORTH,Furniture,354.0,2025,18,0,0.0,0,0,0,0,1.0,test
2025-05-05,NORTH,Furniture,328.0,2025,19,0,0.0,0,0,0,0,1.0,test
2025-05-12,NORTH,Furniture,326.0,2025,20,0,0.0,0,0,0,0,1.0,test
2025-05-19,NORTH,Furniture,335.0,2025,21,0,0.0,0,0,0,0,1.0,test
2025-05-26,NORTH,Furniture,300.0,2025,22,0,0.0,0,1,0,0,1.0,test
2025-06-02,NORTH,Furniture,393.0,2025,23,0,0.0,0,1,0,0,1.0,test
2025-06-09,NORTH,Furniture,421.0,2025,24,0,0.0,0,1,0,0,1.0,test
2025-06-16,NORTH,Furniture,410.0,2025,25,0,0.0,0,1,0,0,1.0,test
2025-06-23,NORTH,Furniture,389.0,2025,26,0,0.0,0,1,0,0,1.0,test
2025-06-30,NORTH,Furniture,415.0,2025,27,0,0.0,0,1,0,0,1.0,test
2025-07-07,NORTH,Furniture,391.0,2025,28,0,0.0,0,1,0,0,1.0,test
2025-07-14,NORTH,Furniture,380.0,2025,29,0,0.0,0,1,0,0,1.0,test
2025-07-21,NORTH,Furniture,373.0,2025,30,0,0.0,0,1,0,0,1.0,test
2025-07-28,NORTH,Furniture,384.0,2025,31,0,0.0,0,1,0,0,1.0,test
2025-08-04,NORTH,Furniture,391.0,2025,32,0,0.0,0,1,0,0,1.0,test
2025-08-11,NORTH,Furniture,383.0,2025,33,0,0.0,0,1,0,0,1.0,test
2025-08-18,NORTH,Furniture,434.0,2025,34,0,0.0,0,1,0,0,1.0,test
2025-08-25,NORTH,Furniture,393.0,2025,35,0,0.0,0,1,0,0,1.0,test
2025-09-01,NORTH,Furniture,412.0,2025,36,0,0.0,0,0,1,0,1.0,test
2025-09-08,NORTH,Furniture,446.0,2025,37,0,0.0,0,0,1,0,1.0,test
2025-09-15,NORTH,Furniture,423.0,2025,38,0,0.0,0,0,1,0,1.0,test
2025-09-22,NORTH,Furniture,432.0,2025,39,0,0.0,0,0,1,0,1.0,test
2025-09-29,NORTH,Furniture,349.0,2025,40,0,0.0,0,0,1,0,1.0,test
2025-10-06,NORTH,Furniture,359.0,2025,41,0,0.0,0,0,0,0,1.0,test
2025-10-13,NORTH,Furniture,354.0,2025,42,0,0.0,0,0,0,0,1.0,test
2025-10-20,NORTH,Furniture,323.0,2025,43,0,0.0,0,0,0,0,1.0,test
2025-10-27,NORTH,Furniture,301.0,2025,44,0,0.0,0,0,0,0,1.0,test
2025-11-03,NORTH,Furniture,353.0,2025,45,0,0.0,0,0,0,0,1.0,test
2025-11-10,NORTH,Furniture,338.0,2025,46,0,0.0,0,0,0,0,1.0,test
2025-11-17,NORTH,Furniture,322.0,2025,47,0,0.0,0,0,0,0,1.0,test
2025-11-24,NORTH,Furniture,329.0,2025,48,0,0.0,0,0,0,0,1.0,test
2025-12-01,NORTH,Furniture,378.0,2025,49,0,0.0,0,0,0,0,1.0,test
2025-12-08,NORTH,Furniture,366.0,2025,50,0,0.0,0,0,0,0,1.0,test
2025-12-15,NORTH,Furniture,384.0,2025,51,0,0.0,0,0,0,0,1.0,test
2025-12-22,NORTH,Furniture,411.0,2025,52,0,0.0,0,0,0,0,1.0,test
2024-01-01,NORTH,Hardware,268.0,2024,1,0,0.0,0,0,0,1,1.0,train
2024-01-08,NORTH,Hardware,250.0,2024,2,0,0.0,0,0,0,1,1.0,train
2024-01-15,NORTH,Hardware,250.0,2024,3,0,0.0,0,0,0,1,1.0,train
2024-01-22,NORTH,Hardware,241.0,2024,4,0,0.0,0,0,0,1,1.0,train
2024-01-29,NORTH,Hardware,264.0,2024,5,0,0.0,0,0,0,1,1.0,train
2024-02-05,NORTH,Hardware,230.0,2024,6,0,0.0,0,0,0,1,1.0,train
2024-02-12,NORTH,Hardware,261.0,2024,7,0,0.0,0,0,0,1,1.0,train
2024-02-19,NORTH,Hardware,238.0,2024,8,0,0.0,0,0,0,1,1.0,train
2024-02-26,NORTH,Hardware,270.0,2024,9,0,0.0,0,0,0,1,1.0,train
2024-03-04,NORTH,Hardware,309.0,2024,10,0,0.0,0,0,0,0,1.0,train
2024-03-11,NORTH,Hardware,412.0,2024,11,1,0.0,0,0,0,0,1.0,train
2024-03-18,NORTH,Hardware,447.0,2024,12,1,0.25,0,0,0,0,1.0,train
2024-03-25,NORTH,Hardware,454.0,2024,13,1,0.5,0,0,0,0,1.0,train
2024-04-01,NORTH,Hardware,484.0,2024,14,1,0.75,0,0,0,0,1.0,train
2024-04-08,NORTH,Hardware,457.0,2024,15,1,1.0,1,0,0,0,1.0,train
2024-04-15,NORTH,Hardware,273.0,2024,16,0,0.0,0,0,0,0,1.0,train
2024-04-22,NORTH,Hardware,278.0,2024,17,0,0.0,0,0,0,0,1.0,train
2024-04-29,NORTH,Hardware,273.0,2024,18,0,0.0,0,0,0,0,1.0,train
2024-05-06,NORTH,Hardware,265.0,2024,19,0,0.0,0,0,0,0,1.0,train
2024-05-13,NORTH,Hardware,276.0,2024,20,0,0.0,0,0,0,0,1.0,train
2024-05-20,NORTH,Hardware,269.0,2024,21,0,0.0,0,0,0,0,1.0,train
2024-05-27,NORTH,Hardware,291.0,2024,22,0,0.0,0,1,0,0,1.0,train
2024-06-03,NORTH,Hardware,325.0,2024,23,0,0.0,0,1,0,0,1.0,train
2024-06-10,NORTH,Hardware,334.0,2024,24,0,0.0,0,1,0,0,1.0,train
2024-06-17,NORTH,Hardware,314.0,2024,25,0,0.0,0,1,0,0,1.0,train
2024-06-24,NORTH,Hardware,327.0,2024,26,0,0.0,0,1,0,0,1.0,train
2024-07-01,NORTH,Hardware,305.0,2024,27,0,0.0,0,1,0,0,1.0,train
2024-07-08,NORTH,Hardware,316.0,2024,28,0,0.0,0,1,0,0,1.0,train
2024-07-15,NORTH,Hardware,322.0,2024,29,0,0.0,0,1,0,0,1.0,train
2024-07-22,NORTH,Hardware,330.0,2024,30,0,0.0,0,1,0,0,1.0,train
2024-07-29,NORTH,Hardware,323.0,2024,31,0,0.0,0,1,0,0,1.0,train
2024-08-05,NORTH,Hardware,320.0,2024,32,0,0.0,0,1,0,0,1.0,train
2024-08-12,NORTH,Hardware,326.0,2024,33,0,0.0,0,1,0,0,1.0,train
2024-08-19,NORTH,Hardware,334.0,2024,34,0,0.0,0,1,0,0,1.0,train
2024-08-26,NORTH,Hardware,336.0,2024,35,0,0.0,0,1,1,0,1.0,train
2024-09-02,NORTH,Hardware,354.0,2024,36,0,0.0,0,0,1,0,1.0,train
2024-09-09,NORTH,Hardware,347.0,2024,37,0,0.0,0,0,1,0,1.0,train
2024-09-16,NORTH,Hardware,370.0,2024,38,0,0.0,0,0,1,0,1.0,train
2024-09-23,NORTH,Hardware,366.0,2024,39,0,0.0,0,0,1,0,1.0,train
2024-09-30,NORTH,Hardware,281.0,2024,40,0,0.0,0,0,1,0,1.0,train
2024-10-07,NORTH,Hardware,261.0,2024,41,0,0.0,0,0,0,0,1.0,train
2024-10-14,NORTH,Hardware,275.0,2024,42,0,0.0,0,0,0,0,1.0,train
2024-10-21,NORTH,Hardware,279.0,2024,43,0,0.0,0,0,0,0,1.0,train
2024-10-28,NORTH,Hardware,237.0,2024,44,0,0.0,0,0,0,0,1.0,train
2024-11-04,NORTH,Hardware,269.0,2024,45,0,0.0,0,0,0,0,1.0,validation
2024-11-11,NORTH,Hardware,283.0,2024,46,0,0.0,0,0,0,0,1.0,validation
2024-11-18,NORTH,Hardware,275.0,2024,47,0,0.0,0,0,0,0,1.0,validation
2024-11-25,NORTH,Hardware,266.0,2024,48,0,0.0,0,0,0,0,1.0,validation
2024-12-02,NORTH,Hardware,334.0,2024,49,0,0.0,0,0,0,0,1.0,validation
2024-12-09,NORTH,Hardware,292.0,2024,50,0,0.0,0,0,0,0,1.0,validation
2024-12-16,NORTH,Hardware,340.0,2024,51,0,0.0,0,0,0,0,1.0,validation
2024-12-23,NORTH,Hardware,322.0,2024,52,0,0.0,0,0,0,0,1.0,validation
2024-12-30,NORTH,Hardware,223.0,2025,1,0,0.0,0,0,0,1,1.0,test
2025-01-06,NORTH,Hardware,251.0,2025,2,0,0.0,0,0,0,1,1.0,test
2025-01-13,NORTH,Hardware,228.0,2025,3,0,0.0,0,0,0,1,1.0,test
2025-01-20,NORTH,Hardware,239.0,2025,4,0,0.0,0,0,0,1,1.0,test
2025-01-27,NORTH,Hardware,238.0,2025,5,0,0.0,0,0,0,1,1.0,test
2025-02-03,NORTH,Hardware,222.0,2025,6,0,0.0,0,0,0,1,1.0,test
2025-02-10,NORTH,Hardware,268.0,2025,7,0,0.0,0,0,0,1,1.0,test
2025-02-17,NORTH,Hardware,229.0,2025,8,0,0.0,0,0,0,1,1.0,test
2025-02-24,NORTH,Hardware,299.0,2025,9,1,0.0,0,0,0,1,1.0,test
2025-03-03,NORTH,Hardware,415.0,2025,10,1,0.25,0,0,0,0,1.0,test
2025-03-10,NORTH,Hardware,414.0,2025,11,1,0.5,0,0,0,0,1.0,test
2025-03-17,NORTH,Hardware,524.0,2025,12,1,0.75,0,0,0,0,1.0,test
2025-03-24,NORTH,Hardware,537.0,2025,13,1,1.0,1,0,0,0,1.0,test
2025-03-31,NORTH,Hardware,280.0,2025,14,0,0.0,0,0,0,0,1.0,test
2025-04-07,NORTH,Hardware,258.0,2025,15,0,0.0,0,0,0,0,1.0,test
2025-04-14,NORTH,Hardware,249.0,2025,16,0,0.0,0,0,0,0,1.0,test
2025-04-21,NORTH,Hardware,263.0,2025,17,0,0.0,0,0,0,0,1.0,test
2025-04-28,NORTH,Hardware,245.0,2025,18,0,0.0,0,0,0,0,1.0,test
2025-05-05,NORTH,Hardware,290.0,2025,19,0,0.0,0,0,0,0,1.0,test
2025-05-12,NORTH,Hardware,279.0,2025,20,0,0.0,0,0,0,0,1.0,test
2025-05-19,NORTH,Hardware,228.0,2025,21,0,0.0,0,0,0,0,1.0,test
2025-05-26,NORTH,Hardware,254.0,2025,22,0,0.0,0,1,0,0,1.0,test
2025-06-02,NORTH,Hardware,314.0,2025,23,0,0.0,0,1,0,0,1.0,test
2025-06-09,NORTH,Hardware,341.0,2025,24,0,0.0,0,1,0,0,1.0,test
2025-06-16,NORTH,Hardware,314.0,2025,25,0,0.0,0,1,0,0,1.0,test
2025-06-23,NORTH,Hardware,322.0,2025,26,0,0.0,0,1,0,0,1.0,test
2025-06-30,NORTH,Hardware,322.0,2025,27,0,0.0,0,1,0,0,1.0,test
2025-07-07,NORTH,Hardware,314.0,2025,28,0,0.0,0,1,0,0,1.0,test
2025-07-14,NORTH,Hardware,332.0,2025,29,0,0.0,0,1,0,0,1.0,test
2025-07-21,NORTH,Hardware,364.0,2025,30,0,0.0,0,1,0,0,1.0,test
2025-07-28,NORTH,Hardware,339.0,2025,31,0,0.0,0,1,0,0,1.0,test
2025-08-04,NORTH,Hardware,326.0,2025,32,0,0.0,0,1,0,0,1.0,test
2025-08-11,NORTH,Hardware,302.0,2025,33,0,0.0,0,1,0,0,1.0,test
2025-08-18,NORTH,Hardware,348.0,2025,34,0,0.0,0,1,0,0,1.0,test
2025-08-25,NORTH,Hardware,295.0,2025,35,0,0.0,0,1,0,0,1.0,test
2025-09-01,NORTH,Hardware,377.0,2025,36,0,0.0,0,0,1,0,1.0,test
2025-09-08,NORTH,Hardware,343.0,2025,37,0,0.0,0,0,1,0,1.0,test
2025-09-15,NORTH,Hardware,333.0,2025,38,0,0.0,0,0,1,0,1.0,test
2025-09-22,NORTH,Hardware,352.0,2025,39,0,0.0,0,0,1,0,1.0,test
2025-09-29,NORTH,Hardware,284.0,2025,40,0,0.0,0,0,1,0,1.0,test
2025-10-06,NORTH,Hardware,260.0,2025,41,0,0.0,0,0,0,0,1.0,test
2025-10-13,NORTH,Hardware,277.0,2025,42,0,0.0,0,0,0,0,1.0,test
2025-10-20,NORTH,Hardware,270.0,2025,43,0,0.0,0,0,0,0,1.0,test
2025-10-27,NORTH,Hardware,269.0,2025,44,0,0.0,0,0,0,0,1.0,test
2025-11-03,NORTH,Hardware,265.0,2025,45,0,0.0,0,0,0,0,1.0,test
2025-11-10,NORTH,Hardware,281.0,2025,46,0,0.0,0,0,0,0,1.0,test
2025-11-17,NORTH,Hardware,274.0,2025,47,0,0.0,0,0,0,0,1.0,test
2025-11-24,NORTH,Hardware,259.0,2025,48,0,0.0,0,0,0,0,1.0,test
2025-12-01,NORTH,Hardware,327.0,2025,49,0,0.0,0,0,0,0,1.0,test
2025-12-08,NORTH,Hardware,289.0,2025,50,0,0.0,0,0,0,0,1.0,test
2025-12-15,NORTH,Hardware,290.0,2025,51,0,0.0,0,0,0,0,1.0,test
2025-12-22,NORTH,Hardware,296.0,2025,52,0,0.0,0,0,0,0,1.0,test
2024-01-01,NORTH,Health & Beauty,323.0,2024,1,0,0.0,0,0,0,1,1.0,train
2024-01-08,NORTH,Health & Beauty,323.0,2024,2,0,0.0,0,0,0,1,1.0,train
2024-01-15,NORTH,Health & Beauty,313.0,2024,3,0,0.0,0,0,0,1,1.0,train
2024-01-22,NORTH,Health & Beauty,290.0,2024,4,0,0.0,0,0,0,1,1.0,train
2024-01-29,NORTH,Health & Beauty,320.0,2024,5,0,0.0,0,0,0,1,1.0,train
2024-02-05,NORTH,Health & Beauty,298.0,2024,6,0,0.0,0,0,0,1,1.0,train
2024-02-12,NORTH,Health & Beauty,283.0,2024,7,0,0.0,0,0,0,1,1.0,train
2024-02-19,NORTH,Health & Beauty,306.0,2024,8,0,0.0,0,0,0,1,1.0,train
2024-02-26,NORTH,Health & Beauty,335.0,2024,9,0,0.0,0,0,0,1,1.0,train
2024-03-04,NORTH,Health & Beauty,368.0,2024,10,0,0.0,0,0,0,0,1.0,train
2024-03-11,NORTH,Health & Beauty,503.0,2024,11,1,0.0,0,0,0,0,1.2,train
2024-03-18,NORTH,Health & Beauty,495.0,2024,12,1,0.25,0,0,0,0,1.2,train
2024-03-25,NORTH,Health & Beauty,546.0,2024,13,1,0.5,0,0,0,0,1.2,train
2024-04-01,NORTH,Health & Beauty,628.0,2024,14,1,0.75,0,0,0,0,1.2,train
2024-04-08,NORTH,Health & Beauty,548.0,2024,15,1,1.0,1,0,0,0,1.2,train
2024-04-15,NORTH,Health & Beauty,308.0,2024,16,0,0.0,0,0,0,0,1.0,train
2024-04-22,NORTH,Health & Beauty,321.0,2024,17,0,0.0,0,0,0,0,1.0,train
2024-04-29,NORTH,Health & Beauty,330.0,2024,18,0,0.0,0,0,0,0,1.0,train
2024-05-06,NORTH,Health & Beauty,327.0,2024,19,0,0.0,0,0,0,0,1.0,train
2024-05-13,NORTH,Health & Beauty,332.0,2024,20,0,0.0,0,0,0,0,1.0,train
2024-05-20,NORTH,Health & Beauty,334.0,2024,21,0,0.0,0,0,0,0,1.0,train
2024-05-27,NORTH,Health & Beauty,306.0,2024,22,0,0.0,0,1,0,0,1.0,train
2024-06-03,NORTH,Health & Beauty,406.0,2024,23,0,0.0,0,1,0,0,1.0,train
2024-06-10,NORTH,Health & Beauty,403.0,2024,24,0,0.0,0,1,0,0,1.0,train
2024-06-17,NORTH,Health & Beauty,382.0,2024,25,0,0.0,0,1,0,0,1.0,train
2024-06-24,NORTH,Health & Beauty,438.0,2024,26,0,0.0,0,1,0,0,1.0,train
2024-07-01,NORTH,Health & Beauty,425.0,2024,27,0,0.0,0,1,0,0,1.0,train
2024-07-08,NORTH,Health & Beauty,414.0,2024,28,0,0.0,0,1,0,0,1.0,train
2024-07-15,NORTH,Health & Beauty,416.0,2024,29,0,0.0,0,1,0,0,1.0,train
2024-07-22,NORTH,Health & Beauty,402.0,2024,30,0,0.0,0,1,0,0,1.0,train
2024-07-29,NORTH,Health & Beauty,399.0,2024,31,0,0.0,0,1,0,0,1.0,train
2024-08-05,NORTH,Health & Beauty,403.0,2024,32,0,0.0,0,1,0,0,1.0,train
2024-08-12,NORTH,Health & Beauty,402.0,2024,33,0,0.0,0,1,0,0,1.0,train
2024-08-19,NORTH,Health & Beauty,366.0,2024,34,0,0.0,0,1,0,0,1.0,train
2024-08-26,NORTH,Health & Beauty,388.0,2024,35,0,0.0,0,1,1,0,1.0,train
2024-09-02,NORTH,Health & Beauty,400.0,2024,36,0,0.0,0,0,1,0,1.0,train
2024-09-09,NORTH,Health & Beauty,435.0,2024,37,0,0.0,0,0,1,0,1.0,train
2024-09-16,NORTH,Health & Beauty,420.0,2024,38,0,0.0,0,0,1,0,1.0,train
2024-09-23,NORTH,Health & Beauty,407.0,2024,39,0,0.0,0,0,1,0,1.0,train
2024-09-30,NORTH,Health & Beauty,328.0,2024,40,0,0.0,0,0,1,0,1.0,train
2024-10-07,NORTH,Health & Beauty,353.0,2024,41,0,0.0,0,0,0,0,1.0,train
2024-10-14,NORTH,Health & Beauty,328.0,2024,42,0,0.0,0,0,0,0,1.0,train
2024-10-21,NORTH,Health & Beauty,353.0,2024,43,0,0.0,0,0,0,0,1.0,train
2024-10-28,NORTH,Health & Beauty,346.0,2024,44,0,0.0,0,0,0,0,1.0,train
2024-11-04,NORTH,Health & Beauty,318.0,2024,45,0,0.0,0,0,0,0,1.0,validation
2024-11-11,NORTH,Health & Beauty,327.0,2024,46,0,0.0,0,0,0,0,1.0,validation
2024-11-18,NORTH,Health & Beauty,296.0,2024,47,0,0.0,0,0,0,0,1.0,validation
2024-11-25,NORTH,Health & Beauty,358.0,2024,48,0,0.0,0,0,0,0,1.0,validation
2024-12-02,NORTH,Health & Beauty,345.0,2024,49,0,0.0,0,0,0,0,1.0,validation
2024-12-09,NORTH,Health & Beauty,391.0,2024,50,0,0.0,0,0,0,0,1.0,validation
2024-12-16,NORTH,Health & Beauty,370.0,2024,51,0,0.0,0,0,0,0,1.0,validation
2024-12-23,NORTH,Health & Beauty,346.0,2024,52,0,0.0,0,0,0,0,1.0,validation
2024-12-30,NORTH,Health & Beauty,336.0,2025,1,0,0.0,0,0,0,1,1.0,test
2025-01-06,NORTH,Health & Beauty,305.0,2025,2,0,0.0,0,0,0,1,1.0,test
2025-01-13,NORTH,Health & Beauty,324.0,2025,3,0,0.0,0,0,0,1,1.0,test
2025-01-20,NORTH,Health & Beauty,308.0,2025,4,0,0.0,0,0,0,1,1.0,test
2025-01-27,NORTH,Health & Beauty,293.0,2025,5,0,0.0,0,0,0,1,1.0,test
2025-02-03,NORTH,Health & Beauty,283.0,2025,6,0,0.0,0,0,0,1,1.0,test
2025-02-10,NORTH,Health & Beauty,281.0,2025,7,0,0.0,0,0,0,1,1.0,test
2025-02-17,NORTH,Health & Beauty,314.0,2025,8,0,0.0,0,0,0,1,1.0,test
2025-02-24,NORTH,Health & Beauty,358.0,2025,9,1,0.0,0,0,0,1,1.2,test
2025-03-03,NORTH,Health & Beauty,523.0,2025,10,1,0.25,0,0,0,0,1.2,test
2025-03-10,NORTH,Health & Beauty,512.0,2025,11,1,0.5,0,0,0,0,1.2,test
2025-03-17,NORTH,Health & Beauty,607.0,2025,12,1,0.75,0,0,0,0,1.2,test
2025-03-24,NORTH,Health & Beauty,680.0,2025,13,1,1.0,1,0,0,0,1.2,test
2025-03-31,NORTH,Health & Beauty,347.0,2025,14,0,0.0,0,0,0,0,1.0,test
2025-04-07,NORTH,Health & Beauty,320.0,2025,15,0,0.0,0,0,0,0,1.0,test
2025-04-14,NORTH,Health & Beauty,307.0,2025,16,0,0.0,0,0,0,0,1.0,test
2025-04-21,NORTH,Health & Beauty,279.0,2025,17,0,0.0,0,0,0,0,1.0,test
2025-04-28,NORTH,Health & Beauty,332.0,2025,18,0,0.0,0,0,0,0,1.0,test
2025-05-05,NORTH,Health & Beauty,302.0,2025,19,0,0.0,0,0,0,0,1.0,test
2025-05-12,NORTH,Health & Beauty,324.0,2025,20,0,0.0,0,0,0,0,1.0,test
2025-05-19,NORTH,Health & Beauty,340.0,2025,21,0,0.0,0,0,0,0,1.0,test
2025-05-26,NORTH,Health & Beauty,348.0,2025,22,0,0.0,0,1,0,0,1.0,test
2025-06-02,NORTH,Health & Beauty,382.0,2025,23,0,0.0,0,1,0,0,1.0,test
2025-06-09,NORTH,Health & Beauty,377.0,2025,24,0,0.0,0,1,0,0,1.0,test
2025-06-16,NORTH,Health & Beauty,383.0,2025,25,0,0.0,0,1,0,0,1.0,test
2025-06-23,NORTH,Health & Beauty,425.0,2025,26,0,0.0,0,1,0,0,1.0,test
2025-06-30,NORTH,Health & Beauty,377.0,2025,27,0,0.0,0,1,0,0,1.0,test
2025-07-07,NORTH,Health & Beauty,375.0,2025,28,0,0.0,0,1,0,0,1.0,test
2025-07-14,NORTH,Health & Beauty,401.0,2025,29,0,0.0,0,1,0,0,1.0,test
2025-07-21,NORTH,Health & Beauty,410.0,2025,30,0,0.0,0,1,0,0,1.0,test
2025-07-28,NORTH,Health & Beauty,420.0,2025,31,0,0.0,0,1,0,0,1.0,test
2025-08-04,NORTH,Health & Beauty,413.0,2025,32,0,0.0,0,1,0,0,1.0,test
2025-08-11,NORTH,Health & Beauty,420.0,2025,33,0,0.0,0,1,0,0,1.0,test
2025-08-18,NORTH,Health & Beauty,394.0,2025,34,0,0.0,0,1,0,0,1.0,test
2025-08-25,NORTH,Health & Beauty,402.0,2025,35,0,0.0,0,1,0,0,1.0,test
2025-09-01,NORTH,Health & Beauty,444.0,2025,36,0,0.0,0,0,1,0,1.0,test
2025-09-08,NORTH,Health & Beauty,420.0,2025,37,0,0.0,0,0,1,0,1.0,test
2025-09-15,NORTH,Health & Beauty,456.0,2025,38,0,0.0,0,0,1,0,1.0,test
2025-09-22,NORTH,Health & Beauty,413.0,2025,39,0,0.0,0,0,1,0,1.0,test
2025-09-29,NORTH,Health & Beauty,384.0,2025,40,0,0.0,0,0,1,0,1.0,test
2025-10-06,NORTH,Health & Beauty,305.0,2025,41,0,0.0,0,0,0,0,1.0,test
2025-10-13,NORTH,Health & Beauty,326.0,2025,42,0,0.0,0,0,0,0,1.0,test
2025-10-20,NORTH,Health & Beauty,325.0,2025,43,0,0.0,0,0,0,0,1.0,test
2025-10-27,NORTH,Health & Beauty,344.0,2025,44,0,0.0,0,0,0,0,1.0,test
2025-11-03,NORTH,Health & Beauty,326.0,2025,45,0,0.0,0,0,0,0,1.0,test
2025-11-10,NORTH,Health & Beauty,360.0,2025,46,0,0.0,0,0,0,0,1.0,test
2025-11-17,NORTH,Health & Beauty,305.0,2025,47,0,0.0,0,0,0,0,1.0,test
2025-11-24,NORTH,Health & Beauty,352.0,2025,48,0,0.0,0,0,0,0,1.0,test
2025-12-01,NORTH,Health & Beauty,350.0,2025,49,0,0.0,0,0,0,0,1.0,test
2025-12-08,NORTH,Health & Beauty,351.0,2025,50,0,0.0,0,0,0,0,1.0,test
2025-12-15,NORTH,Health & Beauty,366.0,2025,51,0,0.0,0,0,0,0,1.0,test
2025-12-22,NORTH,Health & Beauty,371.0,2025,52,0,0.0,0,0,0,0,1.0,test
2024-01-01,NORTH,Home & Garden,779.0,2024,1,0,0.0,0,0,0,1,1.0,train
2024-01-08,NORTH,Home & Garden,770.0,2024,2,0,0.0,0,0,0,1,1.0,train
2024-01-15,NORTH,Home & Garden,784.0,2024,3,0,0.0,0,0,0,1,1.0,train
2024-01-22,NORTH,Home & Garden,771.0,2024,4,0,0.0,0,0,0,1,1.0,train
2024-01-29,NORTH,Home & Garden,776.0,2024,5,0,0.0,0,0,0,1,1.0,train
2024-02-05,NORTH,Home & Garden,766.0,2024,6,0,0.0,0,0,0,1,1.0,train
2024-02-12,NORTH,Home & Garden,767.0,2024,7,0,0.0,0,0,0,1,1.0,train
2024-02-19,NORTH,Home & Garden,727.0,2024,8,0,0.0,0,0,0,1,1.0,train
2024-02-26,NORTH,Home & Garden,807.0,2024,9,0,0.0,0,0,0,1,1.0,train
2024-03-04,NORTH,Home & Garden,930.0,2024,10,0,0.0,0,0,0,0,1.0,train
2024-03-11,NORTH,Home & Garden,1235.0,2024,11,1,0.0,0,0,0,0,1.25,train
2024-03-18,NORTH,Home & Garden,1320.0,2024,12,1,0.25,0,0,0,0,1.25,train
2024-03-25,NORTH,Home & Garden,1466.0,2024,13,1,0.5,0,0,0,0,1.25,train
2024-04-01,NORTH,Home & Garden,1520.0,2024,14,1,0.75,0,0,0,0,1.25,train
2024-04-08,NORTH,Home & Garden,1425.0,2024,15,1,1.0,1,0,0,0,1.25,train
2024-04-15,NORTH,Home & Garden,894.0,2024,16,0,0.0,0,0,0,0,1.0,train
2024-04-22,NORTH,Home & Garden,830.0,2024,17,0,0.0,0,0,0,0,1.0,train
2024-04-29,NORTH,Home & Garden,935.0,2024,18,0,0.0,0,0,0,0,1.0,train
2024-05-06,NORTH,Home & Garden,875.0,2024,19,0,0.0,0,0,0,0,1.0,train
2024-05-13,NORTH,Home & Garden,840.0,2024,20,0,0.0,0,0,0,0,1.0,train
2024-05-20,NORTH,Home & Garden,827.0,2024,21,0,0.0,0,0,0,0,1.0,train
2024-05-27,NORTH,Home & Garden,866.0,2024,22,0,0.0,0,1,0,0,1.0,train
2024-06-03,NORTH,Home & Garden,971.0,2024,23,0,0.0,0,1,0,0,1.0,train
2024-06-10,NORTH,Home & Garden,1014.0,2024,24,0,0.0,0,1,0,0,1.0,train
2024-06-17,NORTH,Home & Garden,981.0,2024,25,0,0.0,0,1,0,0,1.0,train
2024-06-24,NORTH,Home & Garden,967.0,2024,26,0,0.0,0,1,0,0,1.0,train
2024-07-01,NORTH,Home & Garden,984.0,2024,27,0,0.0,0,1,0,0,1.0,train
2024-07-08,NORTH,Home & Garden,997.0,2024,28,0,0.0,0,1,0,0,1.0,train
2024-07-15,NORTH,Home & Garden,1061.0,2024,29,0,0.0,0,1,0,0,1.0,train
2024-07-22,NORTH,Home & Garden,1016.0,2024,30,0,0.0,0,1,0,0,1.0,train
2024-07-29,NORTH,Home & Garden,954.0,2024,31,0,0.0,0,1,0,0,1.0,train
2024-08-05,NORTH,Home & Garden,963.0,2024,32,0,0.0,0,1,0,0,1.0,train
2024-08-12,NORTH,Home & Garden,987.0,2024,33,0,0.0,0,1,0,0,1.0,train
2024-08-19,NORTH,Home & Garden,985.0,2024,34,0,0.0,0,1,0,0,1.0,train
2024-08-26,NORTH,Home & Garden,1026.0,2024,35,0,0.0,0,1,1,0,1.0,train
2024-09-02,NORTH,Home & Garden,1062.0,2024,36,0,0.0,0,0,1,0,1.0,train
2024-09-09,NORTH,Home & Garden,1147.0,2024,37,0,0.0,0,0,1,0,1.0,train
2024-09-16,NORTH,Home & Garden,1117.0,2024,38,0,0.0,0,0,1,0,1.0,train
2024-09-23,NORTH,Home & Garden,1101.0,2024,39,0,0.0,0,0,1,0,1.0,train
2024-09-30,NORTH,Home & Garden,910.0,2024,40,0,0.0,0,0,1,0,1.0,train
2024-10-07,NORTH,Home & Garden,783.0,2024,41,0,0.0,0,0,0,0,1.0,train
2024-10-14,NORTH,Home & Garden,859.0,2024,42,0,0.0,0,0,0,0,1.0,train
2024-10-21,NORTH,Home & Garden,840.0,2024,43,0,0.0,0,0,0,0,1.0,train
2024-10-28,NORTH,Home & Garden,806.0,2024,44,0,0.0,0,0,0,0,1.0,train
2024-11-04,NORTH,Home & Garden,821.0,2024,45,0,0.0,0,0,0,0,1.0,validation
2024-11-11,NORTH,Home & Garden,885.0,2024,46,0,0.0,0,0,0,0,1.0,validation
2024-11-18,NORTH,Home & Garden,843.0,2024,47,0,0.0,0,0,0,0,1.0,validation
2024-11-25,NORTH,Home & Garden,826.0,2024,48,0,0.0,0,0,0,0,1.0,validation
2024-12-02,NORTH,Home & Garden,912.0,2024,49,0,0.0,0,0,0,0,1.0,validation
2024-12-09,NORTH,Home & Garden,923.0,2024,50,0,0.0,0,0,0,0,1.0,validation
2024-12-16,NORTH,Home & Garden,868.0,2024,51,0,0.0,0,0,0,0,1.0,validation
2024-12-23,NORTH,Home & Garden,935.0,2024,52,0,0.0,0,0,0,0,1.0,validation
2024-12-30,NORTH,Home & Garden,817.0,2025,1,0,0.0,0,0,0,1,1.0,test
2025-01-06,NORTH,Home & Garden,704.0,2025,2,0,0.0,0,0,0,1,1.0,test
2025-01-13,NORTH,Home & Garden,770.0,2025,3,0,0.0,0,0,0,1,1.0,test
2025-01-20,NORTH,Home & Garden,807.0,2025,4,0,0.0,0,0,0,1,1.0,test
2025-01-27,NORTH,Home & Garden,735.0,2025,5,0,0.0,0,0,0,1,1.0,test
2025-02-03,NORTH,Home & Garden,760.0,2025,6,0,0.0,0,0,0,1,1.0,test
2025-02-10,NORTH,Home & Garden,689.0,2025,7,0,0.0,0,0,0,1,1.0,test
2025-02-17,NORTH,Home & Garden,742.0,2025,8,0,0.0,0,0,0,1,1.0,test
2025-02-24,NORTH,Home & Garden,863.0,2025,9,1,0.0,0,0,0,1,1.25,test
2025-03-03,NORTH,Home & Garden,1305.0,2025,10,1,0.25,0,0,0,0,1.25,test
2025-03-10,NORTH,Home & Garden,1421.0,2025,11,1,0.5,0,0,0,0,1.25,test
2025-03-17,NORTH,Home & Garden,1485.0,2025,12,1,0.75,0,0,0,0,1.25,test
2025-03-24,NORTH,Home & Garden,1611.0,2025,13,1,1.0,1,0,0,0,1.25,test
2025-03-31,NORTH,Home & Garden,881.0,2025,14,0,0.0,0,0,0,0,1.0,test
2025-04-07,NORTH,Home & Garden,842.0,2025,15,0,0.0,0,0,0,0,1.0,test
2025-04-14,NORTH,Home & Garden,873.0,2025,16,0,0.0,0,0,0,0,1.0,test
2025-04-21,NORTH,Home & Garden,821.0,2025,17,0,0.0,0,0,0,0,1.0,test
2025-04-28,NORTH,Home & Garden,874.0,2025,18,0,0.0,0,0,0,0,1.0,test
2025-05-05,NORTH,Home & Garden,858.0,2025,19,0,0.0,0,0,0,0,1.0,test
2025-05-12,NORTH,Home & Garden,833.0,2025,20,0,0.0,0,0,0,0,1.0,test
2025-05-19,NORTH,Home & Garden,819.0,2025,21,0,0.0,0,0,0,0,1.0,test
2025-05-26,NORTH,Home & Garden,843.0,2025,22,0,0.0,0,1,0,0,1.0,test
2025-06-02,NORTH,Home & Garden,1047.0,2025,23,0,0.0,0,1,0,0,1.0,test
2025-06-09,NORTH,Home & Garden,983.0,2025,24,0,0.0,0,1,0,0,1.0,test
2025-06-16,NORTH,Home & Garden,988.0,2025,25,0,0.0,0,1,0,0,1.0,test
2025-06-23,NORTH,Home & Garden,1005.0,2025,26,0,0.0,0,1,0,0,1.0,test
2025-06-30,NORTH,Home & Garden,987.0,2025,27,0,0.0,0,1,0,0,1.0,test
2025-07-07,NORTH,Home & Garden,990.0,2025,28,0,0.0,0,1,0,0,1.0,test
2025-07-14,NORTH,Home & Garden,952.0,2025,29,0,0.0,0,1,0,0,1.0,test
2025-07-21,NORTH,Home & Garden,964.0,2025,30,0,0.0,0,1,0,0,1.0,test
2025-07-28,NORTH,Home & Garden,987.0,2025,31,0,0.0,0,1,0,0,1.0,test
2025-08-04,NORTH,Home & Garden,1001.0,2025,32,0,0.0,0,1,0,0,1.0,test
2025-08-11,NORTH,Home & Garden,1031.0,2025,33,0,0.0,0,1,0,0,1.0,test
2025-08-18,NORTH,Home & Garden,1005.0,2025,34,0,0.0,0,1,0,0,1.0,test
2025-08-25,NORTH,Home & Garden,1064.0,2025,35,0,0.0,0,1,0,0,1.0,test
2025-09-01,NORTH,Home & Garden,1100.0,2025,36,0,0.0,0,0,1,0,1.0,test
2025-09-08,NORTH,Home & Garden,1039.0,2025,37,0,0.0,0,0,1,0,1.0,test
2025-09-15,NORTH,Home & Garden,1155.0,2025,38,0,0.0,0,0,1,0,1.0,test
2025-09-22,NORTH,Home & Garden,1125.0,2025,39,0,0.0,0,0,1,0,1.0,test
2025-09-29,NORTH,Home & Garden,857.0,2025,40,0,0.0,0,0,1,0,1.0,test
2025-10-06,NORTH,Home & Garden,894.0,2025,41,0,0.0,0,0,0,0,1.0,test
2025-10-13,NORTH,Home & Garden,882.0,2025,42,0,0.0,0,0,0,0,1.0,test
2025-10-20,NORTH,Home & Garden,785.0,2025,43,0,0.0,0,0,0,0,1.0,test
2025-10-27,NORTH,Home & Garden,817.0,2025,44,0,0.0,0,0,0,0,1.0,test
2025-11-03,NORTH,Home & Garden,849.0,2025,45,0,0.0,0,0,0,0,1.0,test
2025-11-10,NORTH,Home & Garden,802.0,2025,46,0,0.0,0,0,0,0,1.0,test
2025-11-17,NORTH,Home & Garden,854.0,2025,47,0,0.0,0,0,0,0,1.0,test
2025-11-24,NORTH,Home & Garden,866.0,2025,48,0,0.0,0,0,0,0,1.0,test
2025-12-01,NORTH,Home & Garden,967.0,2025,49,0,0.0,0,0,0,0,1.0,test
2025-12-08,NORTH,Home & Garden,930.0,2025,50,0,0.0,0,0,0,0,1.0,test
2025-12-15,NORTH,Home & Garden,934.0,2025,51,0,0.0,0,0,0,0,1.0,test
2025-12-22,NORTH,Home & Garden,887.0,2025,52,0,0.0,0,0,0,0,1.0,test
2024-01-01,NORTH,Luggage & Bags,220.0,2024,1,0,0.0,0,0,0,1,1.0,train
2024-01-08,NORTH,Luggage & Bags,249.0,2024,2,0,0.0,0,0,0,1,1.0,train
2024-01-15,NORTH,Luggage & Bags,226.0,2024,3,0,0.0,0,0,0,1,1.0,train
2024-01-22,NORTH,Luggage & Bags,250.0,2024,4,0,0.0,0,0,0,1,1.0,train
2024-01-29,NORTH,Luggage & Bags,255.0,2024,5,0,0.0,0,0,0,1,1.0,train
2024-02-05,NORTH,Luggage & Bags,210.0,2024,6,0,0.0,0,0,0,1,1.0,train
2024-02-12,NORTH,Luggage & Bags,226.0,2024,7,0,0.0,0,0,0,1,1.0,train
2024-02-19,NORTH,Luggage & Bags,234.0,2024,8,0,0.0,0,0,0,1,1.0,train
2024-02-26,NORTH,Luggage & Bags,222.0,2024,9,0,0.0,0,0,0,1,1.0,train
2024-03-04,NORTH,Luggage & Bags,309.0,2024,10,0,0.0,0,0,0,0,1.0,train
2024-03-11,NORTH,Luggage & Bags,387.0,2024,11,1,0.0,0,0,0,0,1.0,train
2024-03-18,NORTH,Luggage & Bags,421.0,2024,12,1,0.25,0,0,0,0,1.0,train
2024-03-25,NORTH,Luggage & Bags,427.0,2024,13,1,0.5,0,0,0,0,1.0,train
2024-04-01,NORTH,Luggage & Bags,470.0,2024,14,1,0.75,0,0,0,0,1.0,train
2024-04-08,NORTH,Luggage & Bags,415.0,2024,15,1,1.0,1,0,0,0,1.5,train
2024-04-15,NORTH,Luggage & Bags,275.0,2024,16,0,0.0,0,0,0,0,1.0,train
2024-04-22,NORTH,Luggage & Bags,302.0,2024,17,0,0.0,0,0,0,0,1.0,train
2024-04-29,NORTH,Luggage & Bags,245.0,2024,18,0,0.0,0,0,0,0,1.0,train
2024-05-06,NORTH,Luggage & Bags,269.0,2024,19,0,0.0,0,0,0,0,1.0,train
2024-05-13,NORTH,Luggage & Bags,265.0,2024,20,0,0.0,0,0,0,0,1.0,train
2024-05-20,NORTH,Luggage & Bags,244.0,2024,21,0,0.0,0,0,0,0,1.0,train
2024-05-27,NORTH,Luggage & Bags,301.0,2024,22,0,0.0,0,1,0,0,1.0,train
2024-06-03,NORTH,Luggage & Bags,315.0,2024,23,0,0.0,0,1,0,0,1.0,train
2024-06-10,NORTH,Luggage & Bags,334.0,2024,24,0,0.0,0,1,0,0,1.0,train
2024-06-17,NORTH,Luggage & Bags,331.0,2024,25,0,0.0,0,1,0,0,1.0,train
2024-06-24,NORTH,Luggage & Bags,328.0,2024,26,0,0.0,0,1,0,0,1.0,train
2024-07-01,NORTH,Luggage & Bags,322.0,2024,27,0,0.0,0,1,0,0,1.0,train
2024-07-08,NORTH,Luggage & Bags,350.0,2024,28,0,0.0,0,1,0,0,1.0,train
2024-07-15,NORTH,Luggage & Bags,343.0,2024,29,0,0.0,0,1,0,0,1.0,train
2024-07-22,NORTH,Luggage & Bags,335.0,2024,30,0,0.0,0,1,0,0,1.0,train
2024-07-29,NORTH,Luggage & Bags,298.0,2024,31,0,0.0,0,1,0,0,1.0,train
2024-08-05,NORTH,Luggage & Bags,340.0,2024,32,0,0.0,0,1,0,0,1.0,train
2024-08-12,NORTH,Luggage & Bags,310.0,2024,33,0,0.0,0,1,0,0,1.0,train
2024-08-19,NORTH,Luggage & Bags,334.0,2024,34,0,0.0,0,1,0,0,1.0,train
2024-08-26,NORTH,Luggage & Bags,309.0,2024,35,0,0.0,0,1,1,0,1.0,train
2024-09-02,NORTH,Luggage & Bags,359.0,2024,36,0,0.0,0,0,1,0,1.0,train
2024-09-09,NORTH,Luggage & Bags,334.0,2024,37,0,0.0,0,0,1,0,1.0,train
2024-09-16,NORTH,Luggage & Bags,373.0,2024,38,0,0.0,0,0,1,0,1.0,train
2024-09-23,NORTH,Luggage & Bags,340.0,2024,39,0,0.0,0,0,1,0,1.0,train
2024-09-30,NORTH,Luggage & Bags,286.0,2024,40,0,0.0,0,0,1,0,1.0,train
2024-10-07,NORTH,Luggage & Bags,256.0,2024,41,0,0.0,0,0,0,0,1.0,train
2024-10-14,NORTH,Luggage & Bags,267.0,2024,42,0,0.0,0,0,0,0,1.0,train
2024-10-21,NORTH,Luggage & Bags,318.0,2024,43,0,0.0,0,0,0,0,1.0,train
2024-10-28,NORTH,Luggage & Bags,252.0,2024,44,0,0.0,0,0,0,0,1.0,train
2024-11-04,NORTH,Luggage & Bags,245.0,2024,45,0,0.0,0,0,0,0,1.0,validation
2024-11-11,NORTH,Luggage & Bags,263.0,2024,46,0,0.0,0,0,0,0,1.0,validation
2024-11-18,NORTH,Luggage & Bags,255.0,2024,47,0,0.0,0,0,0,0,1.0,validation
2024-11-25,NORTH,Luggage & Bags,231.0,2024,48,0,0.0,0,0,0,0,1.0,validation
2024-12-02,NORTH,Luggage & Bags,287.0,2024,49,0,0.0,0,0,0,0,1.0,validation
2024-12-09,NORTH,Luggage & Bags,318.0,2024,50,0,0.0,0,0,0,0,1.0,validation
2024-12-16,NORTH,Luggage & Bags,271.0,2024,51,0,0.0,0,0,0,0,1.0,validation
2024-12-23,NORTH,Luggage & Bags,300.0,2024,52,0,0.0,0,0,0,0,1.0,validation
2024-12-30,NORTH,Luggage & Bags,279.0,2025,1,0,0.0,0,0,0,1,1.0,test
2025-01-06,NORTH,Luggage & Bags,240.0,2025,2,0,0.0,0,0,0,1,1.0,test
2025-01-13,NORTH,Luggage & Bags,221.0,2025,3,0,0.0,0,0,0,1,1.0,test
2025-01-20,NORTH,Luggage & Bags,251.0,2025,4,0,0.0,0,0,0,1,1.0,test
2025-01-27,NORTH,Luggage & Bags,213.0,2025,5,0,0.0,0,0,0,1,1.0,test
2025-02-03,NORTH,Luggage & Bags,235.0,2025,6,0,0.0,0,0,0,1,1.0,test
2025-02-10,NORTH,Luggage & Bags,240.0,2025,7,0,0.0,0,0,0,1,1.0,test
2025-02-17,NORTH,Luggage & Bags,240.0,2025,8,0,0.0,0,0,0,1,1.0,test
2025-02-24,NORTH,Luggage & Bags,263.0,2025,9,1,0.0,0,0,0,1,1.0,test
2025-03-03,NORTH,Luggage & Bags,398.0,2025,10,1,0.25,0,0,0,0,1.0,test
2025-03-10,NORTH,Luggage & Bags,420.0,2025,11,1,0.5,0,0,0,0,1.0,test
2025-03-17,NORTH,Luggage & Bags,475.0,2025,12,1,0.75,0,0,0,0,1.0,test
2025-03-24,NORTH,Luggage & Bags,490.0,2025,13,1,1.0,1,0,0,0,1.5,test
2025-03-31,NORTH,Luggage & Bags,264.0,2025,14,0,0.0,0,0,0,0,1.0,test
2025-04-07,NORTH,Luggage & Bags,253.0,2025,15,0,0.0,0,0,0,0,1.0,test
2025-04-14,NORTH,Luggage & Bags,263.0,2025,16,0,0.0,0,0,0,0,1.0,test
2025-04-21,NORTH,Luggage & Bags,268.0,2025,17,0,0.0,0,0,0,0,1.0,test
2025-04-28,NORTH,Luggage & Bags,278.0,2025,18,0,0.0,0,0,0,0,1.0,test
2025-05-05,NORTH,Luggage & Bags,246.0,2025,19,0,0.0,0,0,0,0,1.0,test
2025-05-12,NORTH,Luggage & Bags,242.0,2025,20,0,0.0,0,0,0,0,1.0,test
2025-05-19,NORTH,Luggage & Bags,240.0,2025,21,0,0.0,0,0,0,0,1.0,test
2025-05-26,NORTH,Luggage & Bags,257.0,2025,22,0,0.0,0,1,0,0,1.0,test
2025-06-02,NORTH,Luggage & Bags,324.0,2025,23,0,0.0,0,1,0,0,1.0,test
2025-06-09,NORTH,Luggage & Bags,305.0,2025,24,0,0.0,0,1,0,0,1.0,test
2025-06-16,NORTH,Luggage & Bags,303.0,2025,25,0,0.0,0,1,0,0,1.0,test
2025-06-23,NORTH,Luggage & Bags,325.0,2025,26,0,0.0,0,1,0,0,1.0,test
2025-06-30,NORTH,Luggage & Bags,298.0,2025,27,0,0.0,0,1,0,0,1.0,test
2025-07-07,NORTH,Luggage & Bags,281.0,2025,28,0,0.0,0,1,0,0,1.0,test
2025-07-14,NORTH,Luggage & Bags,355.0,2025,29,0,0.0,0,1,0,0,1.0,test
2025-07-21,NORTH,Luggage & Bags,314.0,2025,30,0,0.0,0,1,0,0,1.0,test
2025-07-28,NORTH,Luggage & Bags,358.0,2025,31,0,0.0,0,1,0,0,1.0,test
2025-08-04,NORTH,Luggage & Bags,306.0,2025,32,0,0.0,0,1,0,0,1.0,test
2025-08-11,NORTH,Luggage & Bags,312.0,2025,33,0,0.0,0,1,0,0,1.0,test
2025-08-18,NORTH,Luggage & Bags,313.0,2025,34,0,0.0,0,1,0,0,1.0,test
2025-08-25,NORTH,Luggage & Bags,299.0,2025,35,0,0.0,0,1,0,0,1.0,test
2025-09-01,NORTH,Luggage & Bags,327.0,2025,36,0,0.0,0,0,1,0,1.0,test
2025-09-08,NORTH,Luggage & Bags,359.0,2025,37,0,0.0,0,0,1,0,1.0,test
2025-09-15,NORTH,Luggage & Bags,368.0,2025,38,0,0.0,0,0,1,0,1.0,test
2025-09-22,NORTH,Luggage & Bags,350.0,2025,39,0,0.0,0,0,1,0,1.0,test
2025-09-29,NORTH,Luggage & Bags,294.0,2025,40,0,0.0,0,0,1,0,1.0,test
2025-10-06,NORTH,Luggage & Bags,232.0,2025,41,0,0.0,0,0,0,0,1.0,test
2025-10-13,NORTH,Luggage & Bags,266.0,2025,42,0,0.0,0,0,0,0,1.0,test
2025-10-20,NORTH,Luggage & Bags,280.0,2025,43,0,0.0,0,0,0,0,1.0,test
2025-10-27,NORTH,Luggage & Bags,261.0,2025,44,0,0.0,0,0,0,0,1.0,test
2025-11-03,NORTH,Luggage & Bags,249.0,2025,45,0,0.0,0,0,0,0,1.0,test
2025-11-10,NORTH,Luggage & Bags,244.0,2025,46,0,0.0,0,0,0,0,1.0,test
2025-11-17,NORTH,Luggage & Bags,254.0,2025,47,0,0.0,0,0,0,0,1.0,test
2025-11-24,NORTH,Luggage & Bags,269.0,2025,48,0,0.0,0,0,0,0,1.0,test
2025-12-01,NORTH,Luggage & Bags,292.0,2025,49,0,0.0,0,0,0,0,1.0,test
2025-12-08,NORTH,Luggage & Bags,275.0,2025,50,0,0.0,0,0,0,0,1.0,test
2025-12-15,NORTH,Luggage & Bags,285.0,2025,51,0,0.0,0,0,0,0,1.0,test
2025-12-22,NORTH,Luggage & Bags,295.0,2025,52,0,0.0,0,0,0,0,1.0,test
2024-01-01,NORTH,Media,110.0,2024,1,0,0.0,0,0,0,1,1.0,train
2024-01-08,NORTH,Media,106.0,2024,2,0,0.0,0,0,0,1,1.0,train
2024-01-15,NORTH,Media,130.0,2024,3,0,0.0,0,0,0,1,1.0,train
2024-01-22,NORTH,Media,128.0,2024,4,0,0.0,0,0,0,1,1.0,train
2024-01-29,NORTH,Media,123.0,2024,5,0,0.0,0,0,0,1,1.0,train
2024-02-05,NORTH,Media,101.0,2024,6,0,0.0,0,0,0,1,1.0,train
2024-02-12,NORTH,Media,118.0,2024,7,0,0.0,0,0,0,1,1.0,train
2024-02-19,NORTH,Media,108.0,2024,8,0,0.0,0,0,0,1,1.0,train
2024-02-26,NORTH,Media,115.0,2024,9,0,0.0,0,0,0,1,1.0,train
2024-03-04,NORTH,Media,130.0,2024,10,0,0.0,0,0,0,0,1.0,train
2024-03-11,NORTH,Media,181.0,2024,11,1,0.0,0,0,0,0,1.0,train
2024-03-18,NORTH,Media,199.0,2024,12,1,0.25,0,0,0,0,1.0,train
2024-03-25,NORTH,Media,209.0,2024,13,1,0.5,0,0,0,0,1.0,train
2024-04-01,NORTH,Media,241.0,2024,14,1,0.75,0,0,0,0,1.0,train
2024-04-08,NORTH,Media,211.0,2024,15,1,1.0,1,0,0,0,1.0,train
2024-04-15,NORTH,Media,136.0,2024,16,0,0.0,0,0,0,0,1.0,train
2024-04-22,NORTH,Media,115.0,2024,17,0,0.0,0,0,0,0,1.0,train
2024-04-29,NORTH,Media,132.0,2024,18,0,0.0,0,0,0,0,1.0,train
2024-05-06,NORTH,Media,133.0,2024,19,0,0.0,0,0,0,0,1.0,train
2024-05-13,NORTH,Media,126.0,2024,20,0,0.0,0,0,0,0,1.0,train
2024-05-20,NORTH,Media,132.0,2024,21,0,0.0,0,0,0,0,1.0,train
2024-05-27,NORTH,Media,128.0,2024,22,0,0.0,0,1,0,0,1.0,train
2024-06-03,NORTH,Media,169.0,2024,23,0,0.0,0,1,0,0,1.0,train
2024-06-10,NORTH,Media,144.0,2024,24,0,0.0,0,1,0,0,1.0,train
2024-06-17,NORTH,Media,162.0,2024,25,0,0.0,0,1,0,0,1.0,train
2024-06-24,NORTH,Media,187.0,2024,26,0,0.0,0,1,0,0,1.0,train
2024-07-01,NORTH,Media,160.0,2024,27,0,0.0,0,1,0,0,1.0,train
2024-07-08,NORTH,Media,158.0,2024,28,0,0.0,0,1,0,0,1.0,train
2024-07-15,NORTH,Media,142.0,2024,29,0,0.0,0,1,0,0,1.0,train
2024-07-22,NORTH,Media,147.0,2024,30,0,0.0,0,1,0,0,1.0,train
2024-07-29,NORTH,Media,147.0,2024,31,0,0.0,0,1,0,0,1.0,train
2024-08-05,NORTH,Media,156.0,2024,32,0,0.0,0,1,0,0,1.0,train
2024-08-12,NORTH,Media,147.0,2024,33,0,0.0,0,1,0,0,1.0,train
2024-08-19,NORTH,Media,148.0,2024,34,0,0.0,0,1,0,0,1.0,train
2024-08-26,NORTH,Media,157.0,2024,35,0,0.0,0,1,1,0,1.5,train
2024-09-02,NORTH,Media,175.0,2024,36,0,0.0,0,0,1,0,1.5,train
2024-09-09,NORTH,Media,157.0,2024,37,0,0.0,0,0,1,0,1.5,train
2024-09-16,NORTH,Media,174.0,2024,38,0,0.0,0,0,1,0,1.5,train
2024-09-23,NORTH,Media,173.0,2024,39,0,0.0,0,0,1,0,1.5,train
2024-09-30,NORTH,Media,121.0,2024,40,0,0.0,0,0,1,0,1.5,train
2024-10-07,NORTH,Media,128.0,2024,41,0,0.0,0,0,0,0,1.0,train
2024-10-14,NORTH,Media,119.0,2024,42,0,0.0,0,0,0,0,1.0,train
2024-10-21,NORTH,Media,121.0,2024,43,0,0.0,0,0,0,0,1.0,train
2024-10-28,NORTH,Media,127.0,2024,44,0,0.0,0,0,0,0,1.0,train
2024-11-04,NORTH,Media,145.0,2024,45,0,0.0,0,0,0,0,1.0,validation
2024-11-11,NORTH,Media,117.0,2024,46,0,0.0,0,0,0,0,1.0,validation
2024-11-18,NORTH,Media,120.0,2024,47,0,0.0,0,0,0,0,1.0,validation
2024-11-25,NORTH,Media,128.0,2024,48,0,0.0,0,0,0,0,1.0,validation
2024-12-02,NORTH,Media,141.0,2024,49,0,0.0,0,0,0,0,1.0,validation
2024-12-09,NORTH,Media,143.0,2024,50,0,0.0,0,0,0,0,1.0,validation
2024-12-16,NORTH,Media,156.0,2024,51,0,0.0,0,0,0,0,1.0,validation
2024-12-23,NORTH,Media,152.0,2024,52,0,0.0,0,0,0,0,1.0,validation
2024-12-30,NORTH,Media,130.0,2025,1,0,0.0,0,0,0,1,1.0,test
2025-01-06,NORTH,Media,88.0,2025,2,0,0.0,0,0,0,1,1.0,test
2025-01-13,NORTH,Media,98.0,2025,3,0,0.0,0,0,0,1,1.0,test
2025-01-20,NORTH,Media,110.0,2025,4,0,0.0,0,0,0,1,1.0,test
2025-01-27,NORTH,Media,115.0,2025,5,0,0.0,0,0,0,1,1.0,test
2025-02-03,NORTH,Media,118.0,2025,6,0,0.0,0,0,0,1,1.0,test
2025-02-10,NORTH,Media,120.0,2025,7,0,0.0,0,0,0,1,1.0,test
2025-02-17,NORTH,Media,117.0,2025,8,0,0.0,0,0,0,1,1.0,test
2025-02-24,NORTH,Media,144.0,2025,9,1,0.0,0,0,0,1,1.0,test
2025-03-03,NORTH,Media,206.0,2025,10,1,0.25,0,0,0,0,1.0,test
2025-03-10,NORTH,Media,202.0,2025,11,1,0.5,0,0,0,0,1.0,test
2025-03-17,NORTH,Media,198.0,2025,12,1,0.75,0,0,0,0,1.0,test
2025-03-24,NORTH,Media,270.0,2025,13,1,1.0,1,0,0,0,1.0,test
2025-03-31,NORTH,Media,126.0,2025,14,0,0.0,0,0,0,0,1.0,test
2025-04-07,NORTH,Media,122.0,2025,15,0,0.0,0,0,0,0,1.0,test
2025-04-14,NORTH,Media,118.0,2025,16,0,0.0,0,0,0,0,1.0,test
2025-04-21,NORTH,Media,133.0,2025,17,0,0.0,0,0,0,0,1.0,test
2025-04-28,NORTH,Media,124.0,2025,18,0,0.0,0,0,0,0,1.0,test
2025-05-05,NORTH,Media,127.0,2025,19,0,0.0,0,0,0,0,1.0,test
2025-05-12,NORTH,Media,124.0,2025,20,0,0.0,0,0,0,0,1.0,test
2025-05-19,NORTH,Media,127.0,2025,21,0,0.0,0,0,0,0,1.0,test
2025-05-26,NORTH,Media,139.0,2025,22,0,0.0,0,1,0,0,1.0,test
2025-06-02,NORTH,Media,141.0,2025,23,0,0.0,0,1,0,0,1.0,test
2025-06-09,NORTH,Media,158.0,2025,24,0,0.0,0,1,0,0,1.0,test
2025-06-16,NORTH,Media,147.0,2025,25,0,0.0,0,1,0,0,1.0,test
2025-06-23,NORTH,Media,157.0,2025,26,0,0.0,0,1,0,0,1.0,test
2025-06-30,NORTH,Media,141.0,2025,27,0,0.0,0,1,0,0,1.0,test
2025-07-07,NORTH,Media,161.0,2025,28,0,0.0,0,1,0,0,1.0,test
2025-07-14,NORTH,Media,153.0,2025,29,0,0.0,0,1,0,0,1.0,test
2025-07-21,NORTH,Media,156.0,2025,30,0,0.0,0,1,0,0,1.0,test
2025-07-28,NORTH,Media,157.0,2025,31,0,0.0,0,1,0,0,1.0,test
2025-08-04,NORTH,Media,172.0,2025,32,0,0.0,0,1,0,0,1.0,test
2025-08-11,NORTH,Media,140.0,2025,33,0,0.0,0,1,0,0,1.0,test
2025-08-18,NORTH,Media,147.0,2025,34,0,0.0,0,1,0,0,1.0,test
2025-08-25,NORTH,Media,156.0,2025,35,0,0.0,0,1,0,0,1.0,test
2025-09-01,NORTH,Media,174.0,2025,36,0,0.0,0,0,1,0,1.5,test
2025-09-08,NORTH,Media,165.0,2025,37,0,0.0,0,0,1,0,1.5,test
2025-09-15,NORTH,Media,170.0,2025,38,0,0.0,0,0,1,0,1.5,test
2025-09-22,NORTH,Media,186.0,2025,39,0,0.0,0,0,1,0,1.5,test
2025-09-29,NORTH,Media,138.0,2025,40,0,0.0,0,0,1,0,1.5,test
2025-10-06,NORTH,Media,122.0,2025,41,0,0.0,0,0,0,0,1.0,test
2025-10-13,NORTH,Media,117.0,2025,42,0,0.0,0,0,0,0,1.0,test
2025-10-20,NORTH,Media,142.0,2025,43,0,0.0,0,0,0,0,1.0,test
2025-10-27,NORTH,Media,113.0,2025,44,0,0.0,0,0,0,0,1.0,test
2025-11-03,NORTH,Media,127.0,2025,45,0,0.0,0,0,0,0,1.0,test
2025-11-10,NORTH,Media,133.0,2025,46,0,0.0,0,0,0,0,1.0,test
2025-11-17,NORTH,Media,112.0,2025,47,0,0.0,0,0,0,0,1.0,test
2025-11-24,NORTH,Media,109.0,2025,48,0,0.0,0,0,0,0,1.0,test
2025-12-01,NORTH,Media,145.0,2025,49,0,0.0,0,0,0,0,1.0,test
2025-12-08,NORTH,Media,140.0,2025,50,0,0.0,0,0,0,0,1.0,test
2025-12-15,NORTH,Media,146.0,2025,51,0,0.0,0,0,0,0,1.0,test
2025-12-22,NORTH,Media,150.0,2025,52,0,0.0,0,0,0,0,1.0,test
2024-01-01,NORTH,Office Supplies,238.0,2024,1,0,0.0,0,0,0,1,1.0,train
2024-01-08,NORTH,Office Supplies,243.0,2024,2,0,0.0,0,0,0,1,1.0,train
2024-01-15,NORTH,Office Supplies,223.0,2024,3,0,0.0,0,0,0,1,1.0,train
2024-01-22,NORTH,Office Supplies,267.0,2024,4,0,0.0,0,0,0,1,1.0,train
2024-01-29,NORTH,Office Supplies,269.0,2024,5,0,0.0,0,0,0,1,1.0,train
2024-02-05,NORTH,Office Supplies,228.0,2024,6,0,0.0,0,0,0,1,1.0,train
2024-02-12,NORTH,Office Supplies,242.0,2024,7,0,0.0,0,0,0,1,1.0,train
2024-02-19,NORTH,Office Supplies,232.0,2024,8,0,0.0,0,0,0,1,1.0,train
2024-02-26,NORTH,Office Supplies,281.0,2024,9,0,0.0,0,0,0,1,1.0,train
2024-03-04,NORTH,Office Supplies,308.0,2024,10,0,0.0,0,0,0,0,1.0,train
2024-03-11,NORTH,Office Supplies,420.0,2024,11,1,0.0,0,0,0,0,1.0,train
2024-03-18,NORTH,Office Supplies,439.0,2024,12,1,0.25,0,0,0,0,1.0,train
2024-03-25,NORTH,Office Supplies,460.0,2024,13,1,0.5,0,0,0,0,1.0,train
2024-04-01,NORTH,Office Supplies,477.0,2024,14,1,0.75,0,0,0,0,1.0,train
2024-04-08,NORTH,Office Supplies,478.0,2024,15,1,1.0,1,0,0,0,1.0,train
2024-04-15,NORTH,Office Supplies,298.0,2024,16,0,0.0,0,0,0,0,1.0,train
2024-04-22,NORTH,Office Supplies,266.0,2024,17,0,0.0,0,0,0,0,1.0,train
2024-04-29,NORTH,Office Supplies,265.0,2024,18,0,0.0,0,0,0,0,1.0,train
2024-05-06,NORTH,Office Supplies,260.0,2024,19,0,0.0,0,0,0,0,1.0,train
2024-05-13,NORTH,Office Supplies,295.0,2024,20,0,0.0,0,0,0,0,1.0,train
2024-05-20,NORTH,Office Supplies,286.0,2024,21,0,0.0,0,0,0,0,1.0,train
2024-05-27,NORTH,Office Supplies,304.0,2024,22,0,0.0,0,1,0,0,1.0,train
2024-06-03,NORTH,Office Supplies,328.0,2024,23,0,0.0,0,1,0,0,1.0,train
2024-06-10,NORTH,Office Supplies,307.0,2024,24,0,0.0,0,1,0,0,1.0,train
2024-06-17,NORTH,Office Supplies,321.0,2024,25,0,0.0,0,1,0,0,1.0,train
2024-06-24,NORTH,Office Supplies,294.0,2024,26,0,0.0,0,1,0,0,1.0,train
2024-07-01,NORTH,Office Supplies,275.0,2024,27,0,0.0,0,1,0,0,1.0,train
2024-07-08,NORTH,Office Supplies,344.0,2024,28,0,0.0,0,1,0,0,1.0,train
2024-07-15,NORTH,Office Supplies,309.0,2024,29,0,0.0,0,1,0,0,1.0,train
2024-07-22,NORTH,Office Supplies,329.0,2024,30,0,0.0,0,1,0,0,1.0,train
2024-07-29,NORTH,Office Supplies,320.0,2024,31,0,0.0,0,1,0,0,1.0,train
2024-08-05,NORTH,Office Supplies,320.0,2024,32,0,0.0,0,1,0,0,1.0,train
2024-08-12,NORTH,Office Supplies,332.0,2024,33,0,0.0,0,1,0,0,1.0,train
2024-08-19,NORTH,Office Supplies,321.0,2024,34,0,0.0,0,1,0,0,1.0,train
2024-08-26,NORTH,Office Supplies,307.0,2024,35,0,0.0,0,1,1,0,1.5,train
2024-09-02,NORTH,Office Supplies,336.0,2024,36,0,0.0,0,0,1,0,1.5,train
2024-09-09,NORTH,Office Supplies,355.0,2024,37,0,0.0,0,0,1,0,1.5,train
2024-09-16,NORTH,Office Supplies,373.0,2024,38,0,0.0,0,0,1,0,1.5,train
2024-09-23,NORTH,Office Supplies,364.0,2024,39,0,0.0,0,0,1,0,1.5,train
2024-09-30,NORTH,Office Supplies,291.0,2024,40,0,0.0,0,0,1,0,1.5,train
2024-10-07,NORTH,Office Supplies,289.0,2024,41,0,0.0,0,0,0,0,1.0,train
2024-10-14,NORTH,Office Supplies,267.0,2024,42,0,0.0,0,0,0,0,1.0,train
2024-10-21,NORTH,Office Supplies,287.0,2024,43,0,0.0,0,0,0,0,1.0,train
2024-10-28,NORTH,Office Supplies,235.0,2024,44,0,0.0,0,0,0,0,1.0,train
2024-11-04,NORTH,Office Supplies,267.0,2024,45,0,0.0,0,0,0,0,1.0,validation
2024-11-11,NORTH,Office Supplies,267.0,2024,46,0,0.0,0,0,0,0,1.0,validation
2024-11-18,NORTH,Office Supplies,249.0,2024,47,0,0.0,0,0,0,0,1.0,validation
2024-11-25,NORTH,Office Supplies,276.0,2024,48,0,0.0,0,0,0,0,1.0,validation
2024-12-02,NORTH,Office Supplies,291.0,2024,49,0,0.0,0,0,0,0,1.0,validation
2024-12-09,NORTH,Office Supplies,317.0,2024,50,0,0.0,0,0,0,0,1.0,validation
2024-12-16,NORTH,Office Supplies,333.0,2024,51,0,0.0,0,0,0,0,1.0,validation
2024-12-23,NORTH,Office Supplies,316.0,2024,52,0,0.0,0,0,0,0,1.0,validation
2024-12-30,NORTH,Office Supplies,274.0,2025,1,0,0.0,0,0,0,1,1.0,test
2025-01-06,NORTH,Office Supplies,234.0,2025,2,0,0.0,0,0,0,1,1.0,test
2025-01-13,NORTH,Office Supplies,244.0,2025,3,0,0.0,0,0,0,1,1.0,test
2025-01-20,NORTH,Office Supplies,238.0,2025,4,0,0.0,0,0,0,1,1.0,test
2025-01-27,NORTH,Office Supplies,218.0,2025,5,0,0.0,0,0,0,1,1.0,test
2025-02-03,NORTH,Office Supplies,270.0,2025,6,0,0.0,0,0,0,1,1.0,test
2025-02-10,NORTH,Office Supplies,282.0,2025,7,0,0.0,0,0,0,1,1.0,test
2025-02-17,NORTH,Office Supplies,237.0,2025,8,0,0.0,0,0,0,1,1.0,test
2025-02-24,NORTH,Office Supplies,289.0,2025,9,1,0.0,0,0,0,1,1.0,test
2025-03-03,NORTH,Office Supplies,394.0,2025,10,1,0.25,0,0,0,0,1.0,test
2025-03-10,NORTH,Office Supplies,415.0,2025,11,1,0.5,0,0,0,0,1.0,test
2025-03-17,NORTH,Office Supplies,486.0,2025,12,1,0.75,0,0,0,0,1.0,test
2025-03-24,NORTH,Office Supplies,523.0,2025,13,1,1.0,1,0,0,0,1.0,test
2025-03-31,NORTH,Office Supplies,258.0,2025,14,0,0.0,0,0,0,0,1.0,test
2025-04-07,NORTH,Office Supplies,245.0,2025,15,0,0.0,0,0,0,0,1.0,test
2025-04-14,NORTH,Office Supplies,271.0,2025,16,0,0.0,0,0,0,0,1.0,test
2025-04-21,NORTH,Office Supplies,278.0,2025,17,0,0.0,0,0,0,0,1.0,test
2025-04-28,NORTH,Office Supplies,290.0,2025,18,0,0.0,0,0,0,0,1.0,test
2025-05-05,NORTH,Office Supplies,279.0,2025,19,0,0.0,0,0,0,0,1.0,test
2025-05-12,NORTH,Office Supplies,257.0,2025,20,0,0.0,0,0,0,0,1.0,test
2025-05-19,NORTH,Office Supplies,247.0,2025,21,0,0.0,0,0,0,0,1.0,test
2025-05-26,NORTH,Office Supplies,269.0,2025,22,0,0.0,0,1,0,0,1.0,test
2025-06-02,NORTH,Office Supplies,353.0,2025,23,0,0.0,0,1,0,0,1.0,test
2025-06-09,NORTH,Office Supplies,309.0,2025,24,0,0.0,0,1,0,0,1.0,test
2025-06-16,NORTH,Office Supplies,352.0,2025,25,0,0.0,0,1,0,0,1.0,test
2025-06-23,NORTH,Office Supplies,340.0,2025,26,0,0.0,0,1,0,0,1.0,test
2025-06-30,NORTH,Office Supplies,343.0,2025,27,0,0.0,0,1,0,0,1.0,test
2025-07-07,NORTH,Office Supplies,294.0,2025,28,0,0.0,0,1,0,0,1.0,test
2025-07-14,NORTH,Office Supplies,319.0,2025,29,0,0.0,0,1,0,0,1.0,test
2025-07-21,NORTH,Office Supplies,327.0,2025,30,0,0.0,0,1,0,0,1.0,test
2025-07-28,NORTH,Office Supplies,310.0,2025,31,0,0.0,0,1,0,0,1.0,test
2025-08-04,NORTH,Office Supplies,350.0,2025,32,0,0.0,0,1,0,0,1.0,test
2025-08-11,NORTH,Office Supplies,312.0,2025,33,0,0.0,0,1,0,0,1.0,test
2025-08-18,NORTH,Office Supplies,314.0,2025,34,0,0.0,0,1,0,0,1.0,test
2025-08-25,NORTH,Office Supplies,314.0,2025,35,0,0.0,0,1,0,0,1.0,test
2025-09-01,NORTH,Office Supplies,335.0,2025,36,0,0.0,0,0,1,0,1.5,test
2025-09-08,NORTH,Office Supplies,366.0,2025,37,0,0.0,0,0,1,0,1.5,test
2025-09-15,NORTH,Office Supplies,344.0,2025,38,0,0.0,0,0,1,0,1.5,test
2025-09-22,NORTH,Office Supplies,364.0,2025,39,0,0.0,0,0,1,0,1.5,test
2025-09-29,NORTH,Office Supplies,279.0,2025,40,0,0.0,0,0,1,0,1.5,test
2025-10-06,NORTH,Office Supplies,230.0,2025,41,0,0.0,0,0,0,0,1.0,test
2025-10-13,NORTH,Office Supplies,258.0,2025,42,0,0.0,0,0,0,0,1.0,test
2025-10-20,NORTH,Office Supplies,274.0,2025,43,0,0.0,0,0,0,0,1.0,test
2025-10-27,NORTH,Office Supplies,258.0,2025,44,0,0.0,0,0,0,0,1.0,test
2025-11-03,NORTH,Office Supplies,256.0,2025,45,0,0.0,0,0,0,0,1.0,test
2025-11-10,NORTH,Office Supplies,259.0,2025,46,0,0.0,0,0,0,0,1.0,test
2025-11-17,NORTH,Office Supplies,275.0,2025,47,0,0.0,0,0,0,0,1.0,test
2025-11-24,NORTH,Office Supplies,298.0,2025,48,0,0.0,0,0,0,0,1.0,test
2025-12-01,NORTH,Office Supplies,290.0,2025,49,0,0.0,0,0,0,0,1.0,test
2025-12-08,NORTH,Office Supplies,277.0,2025,50,0,0.0,0,0,0,0,1.0,test
2025-12-15,NORTH,Office Supplies,310.0,2025,51,0,0.0,0,0,0,0,1.0,test
2025-12-22,NORTH,Office Supplies,285.0,2025,52,0,0.0,0,0,0,0,1.0,test
2024-01-01,NORTH,Software,21.0,2024,1,0,0.0,0,0,0,1,1.0,train
2024-01-08,NORTH,Software,19.0,2024,2,0,0.0,0,0,0,1,1.0,train
2024-01-15,NORTH,Software,26.0,2024,3,0,0.0,0,0,0,1,1.0,train
2024-01-22,NORTH,Software,21.0,2024,4,0,0.0,0,0,0,1,1.0,train
2024-01-29,NORTH,Software,13.0,2024,5,0,0.0,0,0,0,1,1.0,train
2024-02-05,NORTH,Software,24.0,2024,6,0,0.0,0,0,0,1,1.0,train
2024-02-12,NORTH,Software,28.0,2024,7,0,0.0,0,0,0,1,1.0,train
2024-02-19,NORTH,Software,24.0,2024,8,0,0.0,0,0,0,1,1.0,train
2024-02-26,NORTH,Software,26.0,2024,9,0,0.0,0,0,0,1,1.0,train
2024-03-04,NORTH,Software,31.0,2024,10,0,0.0,0,0,0,0,1.0,train
2024-03-11,NORTH,Software,39.0,2024,11,1,0.0,0,0,0,0,1.0,train
2024-03-18,NORTH,Software,34.0,2024,12,1,0.25,0,0,0,0,1.0,train
2024-03-25,NORTH,Software,49.0,2024,13,1,0.5,0,0,0,0,1.0,train
2024-04-01,NORTH,Software,35.0,2024,14,1,0.75,0,0,0,0,1.0,train
2024-04-08,NORTH,Software,43.0,2024,15,1,1.0,1,0,0,0,1.0,train
2024-04-15,NORTH,Software,29.0,2024,16,0,0.0,0,0,0,0,1.0,train
2024-04-22,NORTH,Software,30.0,2024,17,0,0.0,0,0,0,0,1.0,train
2024-04-29,NORTH,Software,28.0,2024,18,0,0.0,0,0,0,0,1.0,train
2024-05-06,NORTH,Software,34.0,2024,19,0,0.0,0,0,0,0,1.0,train
2024-05-13,NORTH,Software,29.0,2024,20,0,0.0,0,0,0,0,1.0,train
2024-05-20,NORTH,Software,23.0,2024,21,0,0.0,0,0,0,0,1.0,train
2024-05-27,NORTH,Software,18.0,2024,22,0,0.0,0,1,0,0,1.0,train
2024-06-03,NORTH,Software,21.0,2024,23,0,0.0,0,1,0,0,1.0,train
2024-06-10,NORTH,Software,36.0,2024,24,0,0.0,0,1,0,0,1.0,train
2024-06-17,NORTH,Software,41.0,2024,25,0,0.0,0,1,0,0,1.0,train
2024-06-24,NORTH,Software,32.0,2024,26,0,0.0,0,1,0,0,1.0,train
2024-07-01,NORTH,Software,32.0,2024,27,0,0.0,0,1,0,0,1.0,train
2024-07-08,NORTH,Software,30.0,2024,28,0,0.0,0,1,0,0,1.0,train
2024-07-15,NORTH,Software,24.0,2024,29,0,0.0,0,1,0,0,1.0,train
2024-07-22,NORTH,Software,37.0,2024,30,0,0.0,0,1,0,0,1.0,train
2024-07-29,NORTH,Software,31.0,2024,31,0,0.0,0,1,0,0,1.0,train
2024-08-05,NORTH,Software,36.0,2024,32,0,0.0,0,1,0,0,1.0,train
2024-08-12,NORTH,Software,29.0,2024,33,0,0.0,0,1,0,0,1.0,train
2024-08-19,NORTH,Software,29.0,2024,34,0,0.0,0,1,0,0,1.0,train
2024-08-26,NORTH,Software,29.0,2024,35,0,0.0,0,1,1,0,1.0,train
2024-09-02,NORTH,Software,43.0,2024,36,0,0.0,0,0,1,0,1.0,train
2024-09-09,NORTH,Software,35.0,2024,37,0,0.0,0,0,1,0,1.0,train
2024-09-16,NORTH,Software,28.0,2024,38,0,0.0,0,0,1,0,1.0,train
2024-09-23,NORTH,Software,37.0,2024,39,0,0.0,0,0,1,0,1.0,train
2024-09-30,NORTH,Software,22.0,2024,40,0,0.0,0,0,1,0,1.0,train
2024-10-07,NORTH,Software,20.0,2024,41,0,0.0,0,0,0,0,1.0,train
2024-10-14,NORTH,Software,22.0,2024,42,0,0.0,0,0,0,0,1.0,train
2024-10-21,NORTH,Software,18.0,2024,43,0,0.0,0,0,0,0,1.0,train
2024-10-28,NORTH,Software,22.0,2024,44,0,0.0,0,0,0,0,1.0,train
2024-11-04,NORTH,Software,29.0,2024,45,0,0.0,0,0,0,0,1.0,validation
2024-11-11,NORTH,Software,13.0,2024,46,0,0.0,0,0,0,0,1.0,validation
2024-11-18,NORTH,Software,31.0,2024,47,0,0.0,0,0,0,0,1.0,validation
2024-11-25,NORTH,Software,26.0,2024,48,0,0.0,0,0,0,0,1.0,validation
2024-12-02,NORTH,Software,32.0,2024,49,0,0.0,0,0,0,0,1.0,validation
2024-12-09,NORTH,Software,23.0,2024,50,0,0.0,0,0,0,0,1.0,validation
2024-12-16,NORTH,Software,16.0,2024,51,0,0.0,0,0,0,0,1.0,validation
2024-12-23,NORTH,Software,38.0,2024,52,0,0.0,0,0,0,0,1.0,validation
2024-12-30,NORTH,Software,21.0,2025,1,0,0.0,0,0,0,1,1.0,test
2025-01-06,NORTH,Software,25.0,2025,2,0,0.0,0,0,0,1,1.0,test
2025-01-13,NORTH,Software,20.0,2025,3,0,0.0,0,0,0,1,1.0,test
2025-01-20,NORTH,Software,20.0,2025,4,0,0.0,0,0,0,1,1.0,test
2025-01-27,NORTH,Software,18.0,2025,5,0,0.0,0,0,0,1,1.0,test
2025-02-03,NORTH,Software,19.0,2025,6,0,0.0,0,0,0,1,1.0,test
2025-02-10,NORTH,Software,20.0,2025,7,0,0.0,0,0,0,1,1.0,test
2025-02-17,NORTH,Software,19.0,2025,8,0,0.0,0,0,0,1,1.0,test
2025-02-24,NORTH,Software,25.0,2025,9,1,0.0,0,0,0,1,1.0,test
2025-03-03,NORTH,Software,38.0,2025,10,1,0.25,0,0,0,0,1.0,test
2025-03-10,NORTH,Software,39.0,2025,11,1,0.5,0,0,0,0,1.0,test
2025-03-17,NORTH,Software,41.0,2025,12,1,0.75,0,0,0,0,1.0,test
2025-03-24,NORTH,Software,48.0,2025,13,1,1.0,1,0,0,0,1.0,test
2025-03-31,NORTH,Software,20.0,2025,14,0,0.0,0,0,0,0,1.0,test
2025-04-07,NORTH,Software,30.0,2025,15,0,0.0,0,0,0,0,1.0,test
2025-04-14,NORTH,Software,29.0,2025,16,0,0.0,0,0,0,0,1.0,test
2025-04-21,NORTH,Software,33.0,2025,17,0,0.0,0,0,0,0,1.0,test
2025-04-28,NORTH,Software,22.0,2025,18,0,0.0,0,0,0,0,1.0,test
2025-05-05,NORTH,Software,25.0,2025,19,0,0.0,0,0,0,0,1.0,test
2025-05-12,NORTH,Software,25.0,2025,20,0,0.0,0,0,0,0,1.0,test
2025-05-19,NORTH,Software,26.0,2025,21,0,0.0,0,0,0,0,1.0,test
2025-05-26,NORTH,Software,33.0,2025,22,0,0.0,0,1,0,0,1.0,test
2025-06-02,NORTH,Software,29.0,2025,23,0,0.0,0,1,0,0,1.0,test
2025-06-09,NORTH,Software,21.0,2025,24,0,0.0,0,1,0,0,1.0,test
2025-06-16,NORTH,Software,38.0,2025,25,0,0.0,0,1,0,0,1.0,test
2025-06-23,NORTH,Software,31.0,2025,26,0,0.0,0,1,0,0,1.0,test
2025-06-30,NORTH,Software,35.0,2025,27,0,0.0,0,1,0,0,1.0,test
2025-07-07,NORTH,Software,26.0,2025,28,0,0.0,0,1,0,0,1.0,test
2025-07-14,NORTH,Software,36.0,2025,29,0,0.0,0,1,0,0,1.0,test
2025-07-21,NORTH,Software,39.0,2025,30,0,0.0,0,1,0,0,1.0,test
2025-07-28,NORTH,Software,30.0,2025,31,0,0.0,0,1,0,0,1.0,test
2025-08-04,NORTH,Software,34.0,2025,32,0,0.0,0,1,0,0,1.0,test
2025-08-11,NORTH,Software,26.0,2025,33,0,0.0,0,1,0,0,1.0,test
2025-08-18,NORTH,Software,34.0,2025,34,0,0.0,0,1,0,0,1.0,test
2025-08-25,NORTH,Software,32.0,2025,35,0,0.0,0,1,0,0,1.0,test
2025-09-01,NORTH,Software,27.0,2025,36,0,0.0,0,0,1,0,1.0,test
2025-09-08,NORTH,Software,37.0,2025,37,0,0.0,0,0,1,0,1.0,test
2025-09-15,NORTH,Software,31.0,2025,38,0,0.0,0,0,1,0,1.0,test
2025-09-22,NORTH,Software,18.0,2025,39,0,0.0,0,0,1,0,1.0,test
2025-09-29,NORTH,Software,30.0,2025,40,0,0.0,0,0,1,0,1.0,test
2025-10-06,NORTH,Software,26.0,2025,41,0,0.0,0,0,0,0,1.0,test
2025-10-13,NORTH,Software,36.0,2025,42,0,0.0,0,0,0,0,1.0,test
2025-10-20,NORTH,Software,27.0,2025,43,0,0.0,0,0,0,0,1.0,test
2025-10-27,NORTH,Software,30.0,2025,44,0,0.0,0,0,0,0,1.0,test
2025-11-03,NORTH,Software,34.0,2025,45,0,0.0,0,0,0,0,1.0,test
2025-11-10,NORTH,Software,24.0,2025,46,0,0.0,0,0,0,0,1.0,test
2025-11-17,NORTH,Software,19.0,2025,47,0,0.0,0,0,0,0,1.0,test
2025-11-24,NORTH,Software,19.0,2025,48,0,0.0,0,0,0,0,1.0,test
2025-12-01,NORTH,Software,33.0,2025,49,0,0.0,0,0,0,0,1.0,test
2025-12-08,NORTH,Software,20.0,2025,50,0,0.0,0,0,0,0,1.0,test
2025-12-15,NORTH,Software,22.0,2025,51,0,0.0,0,0,0,0,1.0,test
2025-12-22,NORTH,Software,21.0,2025,52,0,0.0,0,0,0,0,1.0,test
2024-01-01,NORTH,Sporting Goods,244.0,2024,1,0,0.0,0,0,0,1,1.0,train
2024-01-08,NORTH,Sporting Goods,228.0,2024,2,0,0.0,0,0,0,1,1.0,train
2024-01-15,NORTH,Sporting Goods,227.0,2024,3,0,0.0,0,0,0,1,1.0,train
2024-01-22,NORTH,Sporting Goods,242.0,2024,4,0,0.0,0,0,0,1,1.0,train
2024-01-29,NORTH,Sporting Goods,237.0,2024,5,0,0.0,0,0,0,1,1.0,train
2024-02-05,NORTH,Sporting Goods,233.0,2024,6,0,0.0,0,0,0,1,1.0,train
2024-02-12,NORTH,Sporting Goods,257.0,2024,7,0,0.0,0,0,0,1,1.0,train
2024-02-19,NORTH,Sporting Goods,251.0,2024,8,0,0.0,0,0,0,1,1.0,train
2024-02-26,NORTH,Sporting Goods,220.0,2024,9,0,0.0,0,0,0,1,1.0,train
2024-03-04,NORTH,Sporting Goods,273.0,2024,10,0,0.0,0,0,0,0,1.0,train
2024-03-11,NORTH,Sporting Goods,364.0,2024,11,1,0.0,0,0,0,0,1.0,train
2024-03-18,NORTH,Sporting Goods,418.0,2024,12,1,0.25,0,0,0,0,1.0,train
2024-03-25,NORTH,Sporting Goods,443.0,2024,13,1,0.5,0,0,0,0,1.0,train
2024-04-01,NORTH,Sporting Goods,476.0,2024,14,1,0.75,0,0,0,0,1.0,train
2024-04-08,NORTH,Sporting Goods,428.0,2024,15,1,1.0,1,0,0,0,1.0,train
2024-04-15,NORTH,Sporting Goods,273.0,2024,16,0,0.0,0,0,0,0,1.0,train
2024-04-22,NORTH,Sporting Goods,255.0,2024,17,0,0.0,0,0,0,0,1.0,train
2024-04-29,NORTH,Sporting Goods,261.0,2024,18,0,0.0,0,0,0,0,1.0,train
2024-05-06,NORTH,Sporting Goods,266.0,2024,19,0,0.0,0,0,0,0,1.0,train
2024-05-13,NORTH,Sporting Goods,250.0,2024,20,0,0.0,0,0,0,0,1.0,train
2024-05-20,NORTH,Sporting Goods,285.0,2024,21,0,0.0,0,0,0,0,1.0,train
2024-05-27,NORTH,Sporting Goods,290.0,2024,22,0,0.0,0,1,0,0,1.4,train
2024-06-03,NORTH,Sporting Goods,353.0,2024,23,0,0.0,0,1,0,0,1.4,train
2024-06-10,NORTH,Sporting Goods,347.0,2024,24,0,0.0,0,1,0,0,1.4,train
2024-06-17,NORTH,Sporting Goods,320.0,2024,25,0,0.0,0,1,0,0,1.4,train
2024-06-24,NORTH,Sporting Goods,314.0,2024,26,0,0.0,0,1,0,0,1.4,train
2024-07-01,NORTH,Sporting Goods,343.0,2024,27,0,0.0,0,1,0,0,1.4,train
2024-07-08,NORTH,Sporting Goods,317.0,2024,28,0,0.0,0,1,0,0,1.4,train
2024-07-15,NORTH,Sporting Goods,295.0,2024,29,0,0.0,0,1,0,0,1.4,train
2024-07-22,NORTH,Sporting Goods,283.0,2024,30,0,0.0,0,1,0,0,1.4,train
2024-07-29,NORTH,Sporting Goods,338.0,2024,31,0,0.0,0,1,0,0,1.4,train
2024-08-05,NORTH,Sporting Goods,309.0,2024,32,0,0.0,0,1,0,0,1.4,train
2024-08-12,NORTH,Sporting Goods,366.0,2024,33,0,0.0,0,1,0,0,1.4,train
2024-08-19,NORTH,Sporting Goods,327.0,2024,34,0,0.0,0,1,0,0,1.4,train
2024-08-26,NORTH,Sporting Goods,323.0,2024,35,0,0.0,0,1,1,0,1.4,train
2024-09-02,NORTH,Sporting Goods,362.0,2024,36,0,0.0,0,0,1,0,1.0,train
2024-09-09,NORTH,Sporting Goods,342.0,2024,37,0,0.0,0,0,1,0,1.0,train
2024-09-16,NORTH,Sporting Goods,334.0,2024,38,0,0.0,0,0,1,0,1.0,train
2024-09-23,NORTH,Sporting Goods,315.0,2024,39,0,0.0,0,0,1,0,1.0,train
2024-09-30,NORTH,Sporting Goods,283.0,2024,40,0,0.0,0,0,1,0,1.0,train
2024-10-07,NORTH,Sporting Goods,277.0,2024,41,0,0.0,0,0,0,0,1.0,train
2024-10-14,NORTH,Sporting Goods,235.0,2024,42,0,0.0,0,0,0,0,1.0,train
2024-10-21,NORTH,Sporting Goods,282.0,2024,43,0,0.0,0,0,0,0,1.0,train
2024-10-28,NORTH,Sporting Goods,302.0,2024,44,0,0.0,0,0,0,0,1.0,train
2024-11-04,NORTH,Sporting Goods,273.0,2024,45,0,0.0,0,0,0,0,1.0,validation
2024-11-11,NORTH,Sporting Goods,276.0,2024,46,0,0.0,0,0,0,0,1.0,validation
2024-11-18,NORTH,Sporting Goods,248.0,2024,47,0,0.0,0,0,0,0,1.0,validation
2024-11-25,NORTH,Sporting Goods,286.0,2024,48,0,0.0,0,0,0,0,1.0,validation
2024-12-02,NORTH,Sporting Goods,268.0,2024,49,0,0.0,0,0,0,0,1.0,validation
2024-12-09,NORTH,Sporting Goods,244.0,2024,50,0,0.0,0,0,0,0,1.0,validation
2024-12-16,NORTH,Sporting Goods,297.0,2024,51,0,0.0,0,0,0,0,1.0,validation
2024-12-23,NORTH,Sporting Goods,293.0,2024,52,0,0.0,0,0,0,0,1.0,validation
2024-12-30,NORTH,Sporting Goods,257.0,2025,1,0,0.0,0,0,0,1,1.0,test
2025-01-06,NORTH,Sporting Goods,259.0,2025,2,0,0.0,0,0,0,1,1.0,test
2025-01-13,NORTH,Sporting Goods,227.0,2025,3,0,0.0,0,0,0,1,1.0,test
2025-01-20,NORTH,Sporting Goods,226.0,2025,4,0,0.0,0,0,0,1,1.0,test
2025-01-27,NORTH,Sporting Goods,272.0,2025,5,0,0.0,0,0,0,1,1.0,test
2025-02-03,NORTH,Sporting Goods,225.0,2025,6,0,0.0,0,0,0,1,1.0,test
2025-02-10,NORTH,Sporting Goods,243.0,2025,7,0,0.0,0,0,0,1,1.0,test
2025-02-17,NORTH,Sporting Goods,217.0,2025,8,0,0.0,0,0,0,1,1.0,test
2025-02-24,NORTH,Sporting Goods,265.0,2025,9,1,0.0,0,0,0,1,1.0,test
2025-03-03,NORTH,Sporting Goods,401.0,2025,10,1,0.25,0,0,0,0,1.0,test
2025-03-10,NORTH,Sporting Goods,464.0,2025,11,1,0.5,0,0,0,0,1.0,test
2025-03-17,NORTH,Sporting Goods,490.0,2025,12,1,0.75,0,0,0,0,1.0,test
2025-03-24,NORTH,Sporting Goods,523.0,2025,13,1,1.0,1,0,0,0,1.0,test
2025-03-31,NORTH,Sporting Goods,271.0,2025,14,0,0.0,0,0,0,0,1.0,test
2025-04-07,NORTH,Sporting Goods,269.0,2025,15,0,0.0,0,0,0,0,1.0,test
2025-04-14,NORTH,Sporting Goods,226.0,2025,16,0,0.0,0,0,0,0,1.0,test
2025-04-21,NORTH,Sporting Goods,255.0,2025,17,0,0.0,0,0,0,0,1.0,test
2025-04-28,NORTH,Sporting Goods,256.0,2025,18,0,0.0,0,0,0,0,1.0,test
2025-05-05,NORTH,Sporting Goods,266.0,2025,19,0,0.0,0,0,0,0,1.0,test
2025-05-12,NORTH,Sporting Goods,295.0,2025,20,0,0.0,0,0,0,0,1.0,test
2025-05-19,NORTH,Sporting Goods,268.0,2025,21,0,0.0,0,0,0,0,1.0,test
2025-05-26,NORTH,Sporting Goods,295.0,2025,22,0,0.0,0,1,0,0,1.4,test
2025-06-02,NORTH,Sporting Goods,350.0,2025,23,0,0.0,0,1,0,0,1.4,test
2025-06-09,NORTH,Sporting Goods,318.0,2025,24,0,0.0,0,1,0,0,1.4,test
2025-06-16,NORTH,Sporting Goods,326.0,2025,25,0,0.0,0,1,0,0,1.4,test
2025-06-23,NORTH,Sporting Goods,327.0,2025,26,0,0.0,0,1,0,0,1.4,test
2025-06-30,NORTH,Sporting Goods,304.0,2025,27,0,0.0,0,1,0,0,1.4,test
2025-07-07,NORTH,Sporting Goods,324.0,2025,28,0,0.0,0,1,0,0,1.4,test
2025-07-14,NORTH,Sporting Goods,295.0,2025,29,0,0.0,0,1,0,0,1.4,test
2025-07-21,NORTH,Sporting Goods,312.0,2025,30,0,0.0,0,1,0,0,1.4,test
2025-07-28,NORTH,Sporting Goods,333.0,2025,31,0,0.0,0,1,0,0,1.4,test
2025-08-04,NORTH,Sporting Goods,316.0,2025,32,0,0.0,0,1,0,0,1.4,test
2025-08-11,NORTH,Sporting Goods,335.0,2025,33,0,0.0,0,1,0,0,1.4,test
2025-08-18,NORTH,Sporting Goods,335.0,2025,34,0,0.0,0,1,0,0,1.4,test
2025-08-25,NORTH,Sporting Goods,328.0,2025,35,0,0.0,0,1,0,0,1.4,test
2025-09-01,NORTH,Sporting Goods,345.0,2025,36,0,0.0,0,0,1,0,1.0,test
2025-09-08,NORTH,Sporting Goods,347.0,2025,37,0,0.0,0,0,1,0,1.0,test
2025-09-15,NORTH,Sporting Goods,362.0,2025,38,0,0.0,0,0,1,0,1.0,test
2025-09-22,NORTH,Sporting Goods,365.0,2025,39,0,0.0,0,0,1,0,1.0,test
2025-09-29,NORTH,Sporting Goods,291.0,2025,40,0,0.0,0,0,1,0,1.0,test
2025-10-06,NORTH,Sporting Goods,286.0,2025,41,0,0.0,0,0,0,0,1.0,test
2025-10-13,NORTH,Sporting Goods,282.0,2025,42,0,0.0,0,0,0,0,1.0,test
2025-10-20,NORTH,Sporting Goods,261.0,2025,43,0,0.0,0,0,0,0,1.0,test
2025-10-27,NORTH,Sporting Goods,310.0,2025,44,0,0.0,0,0,0,0,1.0,test
2025-11-03,NORTH,Sporting Goods,255.0,2025,45,0,0.0,0,0,0,0,1.0,test
2025-11-10,NORTH,Sporting Goods,251.0,2025,46,0,0.0,0,0,0,0,1.0,test
2025-11-17,NORTH,Sporting Goods,252.0,2025,47,0,0.0,0,0,0,0,1.0,test
2025-11-24,NORTH,Sporting Goods,271.0,2025,48,0,0.0,0,0,0,0,1.0,test
2025-12-01,NORTH,Sporting Goods,282.0,2025,49,0,0.0,0,0,0,0,1.0,test
2025-12-08,NORTH,Sporting Goods,274.0,2025,50,0,0.0,0,0,0,0,1.0,test
2025-12-15,NORTH,Sporting Goods,318.0,2025,51,0,0.0,0,0,0,0,1.0,test
2025-12-22,NORTH,Sporting Goods,300.0,2025,52,0,0.0,0,0,0,0,1.0,test
2024-01-01,NORTH,Vehicles & Parts,281.0,2024,1,0,0.0,0,0,0,1,1.0,train
2024-01-08,NORTH,Vehicles & Parts,260.0,2024,2,0,0.0,0,0,0,1,1.0,train
2024-01-15,NORTH,Vehicles & Parts,249.0,2024,3,0,0.0,0,0,0,1,1.0,train
2024-01-22,NORTH,Vehicles & Parts,260.0,2024,4,0,0.0,0,0,0,1,1.0,train
2024-01-29,NORTH,Vehicles & Parts,243.0,2024,5,0,0.0,0,0,0,1,1.0,train
2024-02-05,NORTH,Vehicles & Parts,206.0,2024,6,0,0.0,0,0,0,1,1.0,train
2024-02-12,NORTH,Vehicles & Parts,258.0,2024,7,0,0.0,0,0,0,1,1.0,train
2024-02-19,NORTH,Vehicles & Parts,214.0,2024,8,0,0.0,0,0,0,1,1.0,train
2024-02-26,NORTH,Vehicles & Parts,267.0,2024,9,0,0.0,0,0,0,1,1.0,train
2024-03-04,NORTH,Vehicles & Parts,294.0,2024,10,0,0.0,0,0,0,0,1.0,train
2024-03-11,NORTH,Vehicles & Parts,353.0,2024,11,1,0.0,0,0,0,0,1.0,train
2024-03-18,NORTH,Vehicles & Parts,428.0,2024,12,1,0.25,0,0,0,0,1.0,train
2024-03-25,NORTH,Vehicles & Parts,456.0,2024,13,1,0.5,0,0,0,0,1.0,train
2024-04-01,NORTH,Vehicles & Parts,514.0,2024,14,1,0.75,0,0,0,0,1.0,train
2024-04-08,NORTH,Vehicles & Parts,420.0,2024,15,1,1.0,1,0,0,0,1.0,train
2024-04-15,NORTH,Vehicles & Parts,285.0,2024,16,0,0.0,0,0,0,0,1.0,train
2024-04-22,NORTH,Vehicles & Parts,274.0,2024,17,0,0.0,0,0,0,0,1.0,train
2024-04-29,NORTH,Vehicles & Parts,290.0,2024,18,0,0.0,0,0,0,0,1.0,train
2024-05-06,NORTH,Vehicles & Parts,263.0,2024,19,0,0.0,0,0,0,0,1.0,train
2024-05-13,NORTH,Vehicles & Parts,256.0,2024,20,0,0.0,0,0,0,0,1.0,train
2024-05-20,NORTH,Vehicles & Parts,303.0,2024,21,0,0.0,0,0,0,0,1.0,train
2024-05-27,NORTH,Vehicles & Parts,281.0,2024,22,0,0.0,0,1,0,0,1.0,train
2024-06-03,NORTH,Vehicles & Parts,313.0,2024,23,0,0.0,0,1,0,0,1.0,train
2024-06-10,NORTH,Vehicles & Parts,325.0,2024,24,0,0.0,0,1,0,0,1.0,train
2024-06-17,NORTH,Vehicles & Parts,356.0,2024,25,0,0.0,0,1,0,0,1.0,train
2024-06-24,NORTH,Vehicles & Parts,332.0,2024,26,0,0.0,0,1,0,0,1.0,train
2024-07-01,NORTH,Vehicles & Parts,314.0,2024,27,0,0.0,0,1,0,0,1.0,train
2024-07-08,NORTH,Vehicles & Parts,319.0,2024,28,0,0.0,0,1,0,0,1.0,train
2024-07-15,NORTH,Vehicles & Parts,310.0,2024,29,0,0.0,0,1,0,0,1.0,train
2024-07-22,NORTH,Vehicles & Parts,329.0,2024,30,0,0.0,0,1,0,0,1.0,train
2024-07-29,NORTH,Vehicles & Parts,323.0,2024,31,0,0.0,0,1,0,0,1.0,train
2024-08-05,NORTH,Vehicles & Parts,324.0,2024,32,0,0.0,0,1,0,0,1.0,train
2024-08-12,NORTH,Vehicles & Parts,307.0,2024,33,0,0.0,0,1,0,0,1.0,train
2024-08-19,NORTH,Vehicles & Parts,335.0,2024,34,0,0.0,0,1,0,0,1.0,train
2024-08-26,NORTH,Vehicles & Parts,335.0,2024,35,0,0.0,0,1,1,0,1.0,train
2024-09-02,NORTH,Vehicles & Parts,331.0,2024,36,0,0.0,0,0,1,0,1.0,train
2024-09-09,NORTH,Vehicles & Parts,352.0,2024,37,0,0.0,0,0,1,0,1.0,train
2024-09-16,NORTH,Vehicles & Parts,361.0,2024,38,0,0.0,0,0,1,0,1.0,train
2024-09-23,NORTH,Vehicles & Parts,331.0,2024,39,0,0.0,0,0,1,0,1.0,train
2024-09-30,NORTH,Vehicles & Parts,274.0,2024,40,0,0.0,0,0,1,0,1.0,train
2024-10-07,NORTH,Vehicles & Parts,275.0,2024,41,0,0.0,0,0,0,0,1.0,train
2024-10-14,NORTH,Vehicles & Parts,271.0,2024,42,0,0.0,0,0,0,0,1.0,train
2024-10-21,NORTH,Vehicles & Parts,250.0,2024,43,0,0.0,0,0,0,0,1.0,train
2024-10-28,NORTH,Vehicles & Parts,263.0,2024,44,0,0.0,0,0,0,0,1.0,train
2024-11-04,NORTH,Vehicles & Parts,301.0,2024,45,0,0.0,0,0,0,0,1.0,validation
2024-11-11,NORTH,Vehicles & Parts,268.0,2024,46,0,0.0,0,0,0,0,1.0,validation
2024-11-18,NORTH,Vehicles & Parts,284.0,2024,47,0,0.0,0,0,0,0,1.0,validation
2024-11-25,NORTH,Vehicles & Parts,288.0,2024,48,0,0.0,0,0,0,0,1.0,validation
2024-12-02,NORTH,Vehicles & Parts,280.0,2024,49,0,0.0,0,0,0,0,1.0,validation
2024-12-09,NORTH,Vehicles & Parts,286.0,2024,50,0,0.0,0,0,0,0,1.0,validation
2024-12-16,NORTH,Vehicles & Parts,307.0,2024,51,0,0.0,0,0,0,0,1.0,validation
2024-12-23,NORTH,Vehicles & Parts,332.0,2024,52,0,0.0,0,0,0,0,1.0,validation
2024-12-30,NORTH,Vehicles & Parts,289.0,2025,1,0,0.0,0,0,0,1,1.0,test
2025-01-06,NORTH,Vehicles & Parts,254.0,2025,2,0,0.0,0,0,0,1,1.0,test
2025-01-13,NORTH,Vehicles & Parts,260.0,2025,3,0,0.0,0,0,0,1,1.0,test
2025-01-20,NORTH,Vehicles & Parts,237.0,2025,4,0,0.0,0,0,0,1,1.0,test
2025-01-27,NORTH,Vehicles & Parts,249.0,2025,5,0,0.0,0,0,0,1,1.0,test
2025-02-03,NORTH,Vehicles & Parts,236.0,2025,6,0,0.0,0,0,0,1,1.0,test
2025-02-10,NORTH,Vehicles & Parts,264.0,2025,7,0,0.0,0,0,0,1,1.0,test
2025-02-17,NORTH,Vehicles & Parts,259.0,2025,8,0,0.0,0,0,0,1,1.0,test
2025-02-24,NORTH,Vehicles & Parts,265.0,2025,9,1,0.0,0,0,0,1,1.0,test
2025-03-03,NORTH,Vehicles & Parts,415.0,2025,10,1,0.25,0,0,0,0,1.0,test
2025-03-10,NORTH,Vehicles & Parts,432.0,2025,11,1,0.5,0,0,0,0,1.0,test
2025-03-17,NORTH,Vehicles & Parts,454.0,2025,12,1,0.75,0,0,0,0,1.0,test
2025-03-24,NORTH,Vehicles & Parts,498.0,2025,13,1,1.0,1,0,0,0,1.0,test
2025-03-31,NORTH,Vehicles & Parts,270.0,2025,14,0,0.0,0,0,0,0,1.0,test
2025-04-07,NORTH,Vehicles & Parts,244.0,2025,15,0,0.0,0,0,0,0,1.0,test
2025-04-14,NORTH,Vehicles & Parts,249.0,2025,16,0,0.0,0,0,0,0,1.0,test
2025-04-21,NORTH,Vehicles & Parts,265.0,2025,17,0,0.0,0,0,0,0,1.0,test
2025-04-28,NORTH,Vehicles & Parts,258.0,2025,18,0,0.0,0,0,0,0,1.0,test
2025-05-05,NORTH,Vehicles & Parts,262.0,2025,19,0,0.0,0,0,0,0,1.0,test
2025-05-12,NORTH,Vehicles & Parts,243.0,2025,20,0,0.0,0,0,0,0,1.0,test
2025-05-19,NORTH,Vehicles & Parts,252.0,2025,21,0,0.0,0,0,0,0,1.0,test
2025-05-26,NORTH,Vehicles & Parts,312.0,2025,22,0,0.0,0,1,0,0,1.0,test
2025-06-02,NORTH,Vehicles & Parts,340.0,2025,23,0,0.0,0,1,0,0,1.0,test
2025-06-09,NORTH,Vehicles & Parts,321.0,2025,24,0,0.0,0,1,0,0,1.0,test
2025-06-16,NORTH,Vehicles & Parts,331.0,2025,25,0,0.0,0,1,0,0,1.0,test
2025-06-23,NORTH,Vehicles & Parts,324.0,2025,26,0,0.0,0,1,0,0,1.0,test
2025-06-30,NORTH,Vehicles & Parts,337.0,2025,27,0,0.0,0,1,0,0,1.0,test
2025-07-07,NORTH,Vehicles & Parts,346.0,2025,28,0,0.0,0,1,0,0,1.0,test
2025-07-14,NORTH,Vehicles & Parts,331.0,2025,29,0,0.0,0,1,0,0,1.0,test
2025-07-21,NORTH,Vehicles & Parts,337.0,2025,30,0,0.0,0,1,0,0,1.0,test
2025-07-28,NORTH,Vehicles & Parts,346.0,2025,31,0,0.0,0,1,0,0,1.0,test
2025-08-04,NORTH,Vehicles & Parts,288.0,2025,32,0,0.0,0,1,0,0,1.0,test
2025-08-11,NORTH,Vehicles & Parts,328.0,2025,33,0,0.0,0,1,0,0,1.0,test
2025-08-18,NORTH,Vehicles & Parts,350.0,2025,34,0,0.0,0,1,0,0,1.0,test
2025-08-25,NORTH,Vehicles & Parts,332.0,2025,35,0,0.0,0,1,0,0,1.0,test
2025-09-01,NORTH,Vehicles & Parts,358.0,2025,36,0,0.0,0,0,1,0,1.0,test
2025-09-08,NORTH,Vehicles & Parts,355.0,2025,37,0,0.0,0,0,1,0,1.0,test
2025-09-15,NORTH,Vehicles & Parts,355.0,2025,38,0,0.0,0,0,1,0,1.0,test
2025-09-22,NORTH,Vehicles & Parts,322.0,2025,39,0,0.0,0,0,1,0,1.0,test
2025-09-29,NORTH,Vehicles & Parts,290.0,2025,40,0,0.0,0,0,1,0,1.0,test
2025-10-06,NORTH,Vehicles & Parts,278.0,2025,41,0,0.0,0,0,0,0,1.0,test
2025-10-13,NORTH,Vehicles & Parts,257.0,2025,42,0,0.0,0,0,0,0,1.0,test
2025-10-20,NORTH,Vehicles & Parts,281.0,2025,43,0,0.0,0,0,0,0,1.0,test
2025-10-27,NORTH,Vehicles & Parts,269.0,2025,44,0,0.0,0,0,0,0,1.0,test
2025-11-03,NORTH,Vehicles & Parts,290.0,2025,45,0,0.0,0,0,0,0,1.0,test
2025-11-10,NORTH,Vehicles & Parts,272.0,2025,46,0,0.0,0,0,0,0,1.0,test
2025-11-17,NORTH,Vehicles & Parts,287.0,2025,47,0,0.0,0,0,0,0,1.0,test
2025-11-24,NORTH,Vehicles & Parts,294.0,2025,48,0,0.0,0,0,0,0,1.0,test
2025-12-01,NORTH,Vehicles & Parts,280.0,2025,49,0,0.0,0,0,0,0,1.0,test
2025-12-08,NORTH,Vehicles & Parts,274.0,2025,50,0,0.0,0,0,0,0,1.0,test
2025-12-15,NORTH,Vehicles & Parts,323.0,2025,51,0,0.0,0,0,0,0,1.0,test
2025-12-22,NORTH,Vehicles & Parts,301.0,2025,52,0,0.0,0,0,0,0,1.0,test
2024-01-01,SOUTH,Animals & Pet Supplies,179.0,2024,1,0,0.0,0,0,0,1,1.0,train
2024-01-08,SOUTH,Animals & Pet Supplies,197.0,2024,2,0,0.0,0,0,0,1,1.0,train
2024-01-15,SOUTH,Animals & Pet Supplies,144.0,2024,3,0,0.0,0,0,0,1,1.0,train
2024-01-22,SOUTH,Animals & Pet Supplies,175.0,2024,4,0,0.0,0,0,0,1,1.0,train
2024-01-29,SOUTH,Animals & Pet Supplies,169.0,2024,5,0,0.0,0,0,0,1,1.0,train
2024-02-05,SOUTH,Animals & Pet Supplies,167.0,2024,6,0,0.0,0,0,0,1,1.0,train
2024-02-12,SOUTH,Animals & Pet Supplies,186.0,2024,7,0,0.0,0,0,0,1,1.0,train
2024-02-19,SOUTH,Animals & Pet Supplies,176.0,2024,8,0,0.0,0,0,0,1,1.0,train
2024-02-26,SOUTH,Animals & Pet Supplies,196.0,2024,9,0,0.0,0,0,0,1,1.0,train
2024-03-04,SOUTH,Animals & Pet Supplies,200.0,2024,10,0,0.0,0,0,0,0,1.0,train
2024-03-11,SOUTH,Animals & Pet Supplies,314.0,2024,11,1,0.0,0,0,0,0,1.0,train
2024-03-18,SOUTH,Animals & Pet Supplies,344.0,2024,12,1,0.25,0,0,0,0,1.0,train
2024-03-25,SOUTH,Animals & Pet Supplies,346.0,2024,13,1,0.5,0,0,0,0,1.0,train
2024-04-01,SOUTH,Animals & Pet Supplies,350.0,2024,14,1,0.75,0,0,0,0,1.0,train
2024-04-08,SOUTH,Animals & Pet Supplies,326.0,2024,15,1,1.0,1,0,0,0,1.0,train
2024-04-15,SOUTH,Animals & Pet Supplies,199.0,2024,16,0,0.0,0,0,0,0,1.0,train
2024-04-22,SOUTH,Animals & Pet Supplies,193.0,2024,17,0,0.0,0,0,0,0,1.0,train
2024-04-29,SOUTH,Animals & Pet Supplies,187.0,2024,18,0,0.0,0,0,0,0,1.0,train
2024-05-06,SOUTH,Animals & Pet Supplies,198.0,2024,19,0,0.0,0,0,0,0,1.0,train
2024-05-13,SOUTH,Animals & Pet Supplies,217.0,2024,20,0,0.0,0,0,0,0,1.0,train
2024-05-20,SOUTH,Animals & Pet Supplies,207.0,2024,21,0,0.0,0,0,0,0,1.0,train
2024-05-27,SOUTH,Animals & Pet Supplies,222.0,2024,22,0,0.0,0,1,0,0,1.0,train
2024-06-03,SOUTH,Animals & Pet Supplies,228.0,2024,23,0,0.0,0,1,0,0,1.0,train
2024-06-10,SOUTH,Animals & Pet Supplies,227.0,2024,24,0,0.0,0,1,0,0,1.0,train
2024-06-17,SOUTH,Animals & Pet Supplies,223.0,2024,25,0,0.0,0,1,0,0,1.0,train
2024-06-24,SOUTH,Animals & Pet Supplies,243.0,2024,26,0,0.0,0,1,0,0,1.0,train
2024-07-01,SOUTH,Animals & Pet Supplies,235.0,2024,27,0,0.0,0,1,0,0,1.0,train
2024-07-08,SOUTH,Animals & Pet Supplies,253.0,2024,28,0,0.0,0,1,0,0,1.0,train
2024-07-15,SOUTH,Animals & Pet Supplies,250.0,2024,29,0,0.0,0,1,0,0,1.0,train
2024-07-22,SOUTH,Animals & Pet Supplies,251.0,2024,30,0,0.0,0,1,0,0,1.0,train
2024-07-29,SOUTH,Animals & Pet Supplies,230.0,2024,31,0,0.0,0,1,0,0,1.0,train
2024-08-05,SOUTH,Animals & Pet Supplies,248.0,2024,32,0,0.0,0,1,0,0,1.0,train
2024-08-12,SOUTH,Animals & Pet Supplies,265.0,2024,33,0,0.0,0,1,0,0,1.0,train
2024-08-19,SOUTH,Animals & Pet Supplies,244.0,2024,34,0,0.0,0,1,0,0,1.0,train
2024-08-26,SOUTH,Animals & Pet Supplies,252.0,2024,35,0,0.0,0,1,1,0,1.0,train
2024-09-02,SOUTH,Animals & Pet Supplies,233.0,2024,36,0,0.0,0,0,1,0,1.0,train
2024-09-09,SOUTH,Animals & Pet Supplies,273.0,2024,37,0,0.0,0,0,1,0,1.0,train
2024-09-16,SOUTH,Animals & Pet Supplies,262.0,2024,38,0,0.0,0,0,1,0,1.0,train
2024-09-23,SOUTH,Animals & Pet Supplies,246.0,2024,39,0,0.0,0,0,1,0,1.0,train
2024-09-30,SOUTH,Animals & Pet Supplies,202.0,2024,40,0,0.0,0,0,1,0,1.0,train
2024-10-07,SOUTH,Animals & Pet Supplies,215.0,2024,41,0,0.0,0,0,0,0,1.0,train
2024-10-14,SOUTH,Animals & Pet Supplies,216.0,2024,42,0,0.0,0,0,0,0,1.0,train
2024-10-21,SOUTH,Animals & Pet Supplies,201.0,2024,43,0,0.0,0,0,0,0,1.0,train
2024-10-28,SOUTH,Animals & Pet Supplies,178.0,2024,44,0,0.0,0,0,0,0,1.0,train
2024-11-04,SOUTH,Animals & Pet Supplies,188.0,2024,45,0,0.0,0,0,0,0,1.0,validation
2024-11-11,SOUTH,Animals & Pet Supplies,163.0,2024,46,0,0.0,0,0,0,0,1.0,validation
2024-11-18,SOUTH,Animals & Pet Supplies,209.0,2024,47,0,0.0,0,0,0,0,1.0,validation
2024-11-25,SOUTH,Animals & Pet Supplies,203.0,2024,48,0,0.0,0,0,0,0,1.0,validation
2024-12-02,SOUTH,Animals & Pet Supplies,231.0,2024,49,0,0.0,0,0,0,0,1.0,validation
2024-12-09,SOUTH,Animals & Pet Supplies,249.0,2024,50,0,0.0,0,0,0,0,1.0,validation
2024-12-16,SOUTH,Animals & Pet Supplies,220.0,2024,51,0,0.0,0,0,0,0,1.0,validation
2024-12-23,SOUTH,Animals & Pet Supplies,208.0,2024,52,0,0.0,0,0,0,0,1.0,validation
2024-12-30,SOUTH,Animals & Pet Supplies,185.0,2025,1,0,0.0,0,0,0,1,1.0,test
2025-01-06,SOUTH,Animals & Pet Supplies,181.0,2025,2,0,0.0,0,0,0,1,1.0,test
2025-01-13,SOUTH,Animals & Pet Supplies,183.0,2025,3,0,0.0,0,0,0,1,1.0,test
2025-01-20,SOUTH,Animals & Pet Supplies,170.0,2025,4,0,0.0,0,0,0,1,1.0,test
2025-01-27,SOUTH,Animals & Pet Supplies,191.0,2025,5,0,0.0,0,0,0,1,1.0,test
2025-02-03,SOUTH,Animals & Pet Supplies,182.0,2025,6,0,0.0,0,0,0,1,1.0,test
2025-02-10,SOUTH,Animals & Pet Supplies,172.0,2025,7,0,0.0,0,0,0,1,1.0,test
2025-02-17,SOUTH,Animals & Pet Supplies,163.0,2025,8,0,0.0,0,0,0,1,1.0,test
2025-02-24,SOUTH,Animals & Pet Supplies,208.0,2025,9,1,0.0,0,0,0,1,1.0,test
2025-03-03,SOUTH,Animals & Pet Supplies,297.0,2025,10,1,0.25,0,0,0,0,1.0,test
2025-03-10,SOUTH,Animals & Pet Supplies,301.0,2025,11,1,0.5,0,0,0,0,1.0,test
2025-03-17,SOUTH,Animals & Pet Supplies,368.0,2025,12,1,0.75,0,0,0,0,1.0,test
2025-03-24,SOUTH,Animals & Pet Supplies,384.0,2025,13,1,1.0,1,0,0,0,1.0,test
2025-03-31,SOUTH,Animals & Pet Supplies,207.0,2025,14,0,0.0,0,0,0,0,1.0,test
2025-04-07,SOUTH,Animals & Pet Supplies,211.0,2025,15,0,0.0,0,0,0,0,1.0,test
2025-04-14,SOUTH,Animals & Pet Supplies,189.0,2025,16,0,0.0,0,0,0,0,1.0,test
2025-04-21,SOUTH,Animals & Pet Supplies,223.0,2025,17,0,0.0,0,0,0,0,1.0,test
2025-04-28,SOUTH,Animals & Pet Supplies,218.0,2025,18,0,0.0,0,0,0,0,1.0,test
2025-05-05,SOUTH,Animals & Pet Supplies,193.0,2025,19,0,0.0,0,0,0,0,1.0,test
2025-05-12,SOUTH,Animals & Pet Supplies,199.0,2025,20,0,0.0,0,0,0,0,1.0,test
2025-05-19,SOUTH,Animals & Pet Supplies,203.0,2025,21,0,0.0,0,0,0,0,1.0,test
2025-05-26,SOUTH,Animals & Pet Supplies,226.0,2025,22,0,0.0,0,1,0,0,1.0,test
2025-06-02,SOUTH,Animals & Pet Supplies,229.0,2025,23,0,0.0,0,1,0,0,1.0,test
2025-06-09,SOUTH,Animals & Pet Supplies,240.0,2025,24,0,0.0,0,1,0,0,1.0,test
2025-06-16,SOUTH,Animals & Pet Supplies,229.0,2025,25,0,0.0,0,1,0,0,1.0,test
2025-06-23,SOUTH,Animals & Pet Supplies,241.0,2025,26,0,0.0,0,1,0,0,1.0,test
2025-06-30,SOUTH,Animals & Pet Supplies,248.0,2025,27,0,0.0,0,1,0,0,1.0,test
2025-07-07,SOUTH,Animals & Pet Supplies,269.0,2025,28,0,0.0,0,1,0,0,1.0,test
2025-07-14,SOUTH,Animals & Pet Supplies,220.0,2025,29,0,0.0,0,1,0,0,1.0,test
2025-07-21,SOUTH,Animals & Pet Supplies,245.0,2025,30,0,0.0,0,1,0,0,1.0,test
2025-07-28,SOUTH,Animals & Pet Supplies,228.0,2025,31,0,0.0,0,1,0,0,1.0,test
2025-08-04,SOUTH,Animals & Pet Supplies,242.0,2025,32,0,0.0,0,1,0,0,1.0,test
2025-08-11,SOUTH,Animals & Pet Supplies,237.0,2025,33,0,0.0,0,1,0,0,1.0,test
2025-08-18,SOUTH,Animals & Pet Supplies,250.0,2025,34,0,0.0,0,1,0,0,1.0,test
2025-08-25,SOUTH,Animals & Pet Supplies,223.0,2025,35,0,0.0,0,1,0,0,1.0,test
2025-09-01,SOUTH,Animals & Pet Supplies,275.0,2025,36,0,0.0,0,0,1,0,1.0,test
2025-09-08,SOUTH,Animals & Pet Supplies,255.0,2025,37,0,0.0,0,0,1,0,1.0,test
2025-09-15,SOUTH,Animals & Pet Supplies,266.0,2025,38,0,0.0,0,0,1,0,1.0,test
2025-09-22,SOUTH,Animals & Pet Supplies,242.0,2025,39,0,0.0,0,0,1,0,1.0,test
2025-09-29,SOUTH,Animals & Pet Supplies,197.0,2025,40,0,0.0,0,0,1,0,1.0,test
2025-10-06,SOUTH,Animals & Pet Supplies,198.0,2025,41,0,0.0,0,0,0,0,1.0,test
2025-10-13,SOUTH,Animals & Pet Supplies,214.0,2025,42,0,0.0,0,0,0,0,1.0,test
2025-10-20,SOUTH,Animals & Pet Supplies,196.0,2025,43,0,0.0,0,0,0,0,1.0,test
2025-10-27,SOUTH,Animals & Pet Supplies,207.0,2025,44,0,0.0,0,0,0,0,1.0,test
2025-11-03,SOUTH,Animals & Pet Supplies,178.0,2025,45,0,0.0,0,0,0,0,1.0,test
2025-11-10,SOUTH,Animals & Pet Supplies,188.0,2025,46,0,0.0,0,0,0,0,1.0,test
2025-11-17,SOUTH,Animals & Pet Supplies,203.0,2025,47,0,0.0,0,0,0,0,1.0,test
2025-11-24,SOUTH,Animals & Pet Supplies,216.0,2025,48,0,0.0,0,0,0,0,1.0,test
2025-12-01,SOUTH,Animals & Pet Supplies,205.0,2025,49,0,0.0,0,0,0,0,1.0,test
2025-12-08,SOUTH,Animals & Pet Supplies,241.0,2025,50,0,0.0,0,0,0,0,1.0,test
2025-12-15,SOUTH,Animals & Pet Supplies,212.0,2025,51,0,0.0,0,0,0,0,1.0,test
2025-12-22,SOUTH,Animals & Pet Supplies,234.0,2025,52,0,0.0,0,0,0,0,1.0,test
2024-01-01,SOUTH,Apparel & Accessories,386.0,2024,1,0,0.0,0,0,0,1,1.0,train
2024-01-08,SOUTH,Apparel & Accessories,377.0,2024,2,0,0.0,0,0,0,1,1.0,train
2024-01-15,SOUTH,Apparel & Accessories,374.0,2024,3,0,0.0,0,0,0,1,1.0,train
2024-01-22,SOUTH,Apparel & Accessories,347.0,2024,4,0,0.0,0,0,0,1,1.0,train
2024-01-29,SOUTH,Apparel & Accessories,329.0,2024,5,0,0.0,0,0,0,1,1.0,train
2024-02-05,SOUTH,Apparel & Accessories,353.0,2024,6,0,0.0,0,0,0,1,1.0,train
2024-02-12,SOUTH,Apparel & Accessories,367.0,2024,7,0,0.0,0,0,0,1,1.0,train
2024-02-19,SOUTH,Apparel & Accessories,376.0,2024,8,0,0.0,0,0,0,1,1.0,train
2024-02-26,SOUTH,Apparel & Accessories,397.0,2024,9,0,0.0,0,0,0,1,1.0,train
2024-03-04,SOUTH,Apparel & Accessories,457.0,2024,10,0,0.0,0,0,0,0,1.0,train
2024-03-11,SOUTH,Apparel & Accessories,614.0,2024,11,1,0.0,0,0,0,0,1.0,train
2024-03-18,SOUTH,Apparel & Accessories,618.0,2024,12,1,0.25,0,0,0,0,1.0,train
2024-03-25,SOUTH,Apparel & Accessories,671.0,2024,13,1,0.5,0,0,0,0,1.0,train
2024-04-01,SOUTH,Apparel & Accessories,725.0,2024,14,1,0.75,0,0,0,0,1.0,train
2024-04-08,SOUTH,Apparel & Accessories,649.0,2024,15,1,1.0,1,0,0,0,1.5,train
2024-04-15,SOUTH,Apparel & Accessories,430.0,2024,16,0,0.0,0,0,0,0,1.0,train
2024-04-22,SOUTH,Apparel & Accessories,437.0,2024,17,0,0.0,0,0,0,0,1.0,train
2024-04-29,SOUTH,Apparel & Accessories,421.0,2024,18,0,0.0,0,0,0,0,1.0,train
2024-05-06,SOUTH,Apparel & Accessories,370.0,2024,19,0,0.0,0,0,0,0,1.0,train
2024-05-13,SOUTH,Apparel & Accessories,399.0,2024,20,0,0.0,0,0,0,0,1.0,train
2024-05-20,SOUTH,Apparel & Accessories,397.0,2024,21,0,0.0,0,0,0,0,1.0,train
2024-05-27,SOUTH,Apparel & Accessories,424.0,2024,22,0,0.0,0,1,0,0,1.0,train
2024-06-03,SOUTH,Apparel & Accessories,516.0,2024,23,0,0.0,0,1,0,0,1.0,train
2024-06-10,SOUTH,Apparel & Accessories,502.0,2024,24,0,0.0,0,1,0,0,1.0,train
2024-06-17,SOUTH,Apparel & Accessories,509.0,2024,25,0,0.0,0,1,0,0,1.0,train
2024-06-24,SOUTH,Apparel & Accessories,464.0,2024,26,0,0.0,0,1,0,0,1.0,train
2024-07-01,SOUTH,Apparel & Accessories,490.0,2024,27,0,0.0,0,1,0,0,1.0,train
2024-07-08,SOUTH,Apparel & Accessories,479.0,2024,28,0,0.0,0,1,0,0,1.0,train
2024-07-15,SOUTH,Apparel & Accessories,465.0,2024,29,0,0.0,0,1,0,0,1.0,train
2024-07-22,SOUTH,Apparel & Accessories,462.0,2024,30,0,0.0,0,1,0,0,1.0,train
2024-07-29,SOUTH,Apparel & Accessories,500.0,2024,31,0,0.0,0,1,0,0,1.0,train
2024-08-05,SOUTH,Apparel & Accessories,495.0,2024,32,0,0.0,0,1,0,0,1.0,train
2024-08-12,SOUTH,Apparel & Accessories,459.0,2024,33,0,0.0,0,1,0,0,1.0,train
2024-08-19,SOUTH,Apparel & Accessories,513.0,2024,34,0,0.0,0,1,0,0,1.0,train
2024-08-26,SOUTH,Apparel & Accessories,479.0,2024,35,0,0.0,0,1,1,0,1.0,train
2024-09-02,SOUTH,Apparel & Accessories,510.0,2024,36,0,0.0,0,0,1,0,1.0,train
2024-09-09,SOUTH,Apparel & Accessories,527.0,2024,37,0,0.0,0,0,1,0,1.0,train
2024-09-16,SOUTH,Apparel & Accessories,533.0,2024,38,0,0.0,0,0,1,0,1.0,train
2024-09-23,SOUTH,Apparel & Accessories,493.0,2024,39,0,0.0,0,0,1,0,1.0,train
2024-09-30,SOUTH,Apparel & Accessories,416.0,2024,40,0,0.0,0,0,1,0,1.0,train
2024-10-07,SOUTH,Apparel & Accessories,361.0,2024,41,0,0.0,0,0,0,0,1.0,train
2024-10-14,SOUTH,Apparel & Accessories,393.0,2024,42,0,0.0,0,0,0,0,1.0,train
2024-10-21,SOUTH,Apparel & Accessories,406.0,2024,43,0,0.0,0,0,0,0,1.0,train
2024-10-28,SOUTH,Apparel & Accessories,403.0,2024,44,0,0.0,0,0,0,0,1.0,train
2024-11-04,SOUTH,Apparel & Accessories,401.0,2024,45,0,0.0,0,0,0,0,1.0,validation
2024-11-11,SOUTH,Apparel & Accessories,430.0,2024,46,0,0.0,0,0,0,0,1.0,validation
2024-11-18,SOUTH,Apparel & Accessories,424.0,2024,47,0,0.0,0,0,0,0,1.0,validation
2024-11-25,SOUTH,Apparel & Accessories,398.0,2024,48,0,0.0,0,0,0,0,1.0,validation
2024-12-02,SOUTH,Apparel & Accessories,439.0,2024,49,0,0.0,0,0,0,0,1.0,validation
2024-12-09,SOUTH,Apparel & Accessories,456.0,2024,50,0,0.0,0,0,0,0,1.0,validation
2024-12-16,SOUTH,Apparel & Accessories,407.0,2024,51,0,0.0,0,0,0,0,1.0,validation
2024-12-23,SOUTH,Apparel & Accessories,485.0,2024,52,0,0.0,0,0,0,0,1.0,validation
2024-12-30,SOUTH,Apparel & Accessories,376.0,2025,1,0,0.0,0,0,0,1,1.0,test
2025-01-06,SOUTH,Apparel & Accessories,346.0,2025,2,0,0.0,0,0,0,1,1.0,test
2025-01-13,SOUTH,Apparel & Accessories,389.0,2025,3,0,0.0,0,0,0,1,1.0,test
2025-01-20,SOUTH,Apparel & Accessories,356.0,2025,4,0,0.0,0,0,0,1,1.0,test
2025-01-27,SOUTH,Apparel & Accessories,371.0,2025,5,0,0.0,0,0,0,1,1.0,test
2025-02-03,SOUTH,Apparel & Accessories,361.0,2025,6,0,0.0,0,0,0,1,1.0,test
2025-02-10,SOUTH,Apparel & Accessories,398.0,2025,7,0,0.0,0,0,0,1,1.0,test
2025-02-17,SOUTH,Apparel & Accessories,337.0,2025,8,0,0.0,0,0,0,1,1.0,test
2025-02-24,SOUTH,Apparel & Accessories,435.0,2025,9,1,0.0,0,0,0,1,1.0,test
2025-03-03,SOUTH,Apparel & Accessories,579.0,2025,10,1,0.25,0,0,0,0,1.0,test
2025-03-10,SOUTH,Apparel & Accessories,671.0,2025,11,1,0.5,0,0,0,0,1.0,test
2025-03-17,SOUTH,Apparel & Accessories,685.0,2025,12,1,0.75,0,0,0,0,1.0,test
2025-03-24,SOUTH,Apparel & Accessories,778.0,2025,13,1,1.0,1,0,0,0,1.5,test
2025-03-31,SOUTH,Apparel & Accessories,418.0,2025,14,0,0.0,0,0,0,0,1.0,test
2025-04-07,SOUTH,Apparel & Accessories,419.0,2025,15,0,0.0,0,0,0,0,1.0,test
2025-04-14,SOUTH,Apparel & Accessories,364.0,2025,16,0,0.0,0,0,0,0,1.0,test
2025-04-21,SOUTH,Apparel & Accessories,402.0,2025,17,0,0.0,0,0,0,0,1.0,test
2025-04-28,SOUTH,Apparel & Accessories,442.0,2025,18,0,0.0,0,0,0,0,1.0,test
2025-05-05,SOUTH,Apparel & Accessories,408.0,2025,19,0,0.0,0,0,0,0,1.0,test
2025-05-12,SOUTH,Apparel & Accessories,408.0,2025,20,0,0.0,0,0,0,0,1.0,test
2025-05-19,SOUTH,Apparel & Accessories,401.0,2025,21,0,0.0,0,0,0,0,1.0,test
2025-05-26,SOUTH,Apparel & Accessories,411.0,2025,22,0,0.0,0,1,0,0,1.0,test
2025-06-02,SOUTH,Apparel & Accessories,485.0,2025,23,0,0.0,0,1,0,0,1.0,test
2025-06-09,SOUTH,Apparel & Accessories,465.0,2025,24,0,0.0,0,1,0,0,1.0,test
2025-06-16,SOUTH,Apparel & Accessories,510.0,2025,25,0,0.0,0,1,0,0,1.0,test
2025-06-23,SOUTH,Apparel & Accessories,492.0,2025,26,0,0.0,0,1,0,0,1.0,test
2025-06-30,SOUTH,Apparel & Accessories,480.0,2025,27,0,0.0,0,1,0,0,1.0,test
2025-07-07,SOUTH,Apparel & Accessories,495.0,2025,28,0,0.0,0,1,0,0,1.0,test
2025-07-14,SOUTH,Apparel & Accessories,495.0,2025,29,0,0.0,0,1,0,0,1.0,test
2025-07-21,SOUTH,Apparel & Accessories,483.0,2025,30,0,0.0,0,1,0,0,1.0,test
2025-07-28,SOUTH,Apparel & Accessories,483.0,2025,31,0,0.0,0,1,0,0,1.0,test
2025-08-04,SOUTH,Apparel & Accessories,490.0,2025,32,0,0.0,0,1,0,0,1.0,test
2025-08-11,SOUTH,Apparel & Accessories,490.0,2025,33,0,0.0,0,1,0,0,1.0,test
2025-08-18,SOUTH,Apparel & Accessories,467.0,2025,34,0,0.0,0,1,0,0,1.0,test
2025-08-25,SOUTH,Apparel & Accessories,532.0,2025,35,0,0.0,0,1,0,0,1.0,test
2025-09-01,SOUTH,Apparel & Accessories,498.0,2025,36,0,0.0,0,0,1,0,1.0,test
2025-09-08,SOUTH,Apparel & Accessories,547.0,2025,37,0,0.0,0,0,1,0,1.0,test
2025-09-15,SOUTH,Apparel & Accessories,476.0,2025,38,0,0.0,0,0,1,0,1.0,test
2025-09-22,SOUTH,Apparel & Accessories,535.0,2025,39,0,0.0,0,0,1,0,1.0,test
2025-09-29,SOUTH,Apparel & Accessories,418.0,2025,40,0,0.0,0,0,1,0,1.0,test
2025-10-06,SOUTH,Apparel & Accessories,408.0,2025,41,0,0.0,0,0,0,0,1.0,test
2025-10-13,SOUTH,Apparel & Accessories,415.0,2025,42,0,0.0,0,0,0,0,1.0,test
2025-10-20,SOUTH,Apparel & Accessories,421.0,2025,43,0,0.0,0,0,0,0,1.0,test
2025-10-27,SOUTH,Apparel & Accessories,371.0,2025,44,0,0.0,0,0,0,0,1.0,test
2025-11-03,SOUTH,Apparel & Accessories,383.0,2025,45,0,0.0,0,0,0,0,1.0,test
2025-11-10,SOUTH,Apparel & Accessories,406.0,2025,46,0,0.0,0,0,0,0,1.0,test
2025-11-17,SOUTH,Apparel & Accessories,417.0,2025,47,0,0.0,0,0,0,0,1.0,test
2025-11-24,SOUTH,Apparel & Accessories,387.0,2025,48,0,0.0,0,0,0,0,1.0,test
2025-12-01,SOUTH,Apparel & Accessories,413.0,2025,49,0,0.0,0,0,0,0,1.0,test
2025-12-08,SOUTH,Apparel & Accessories,451.0,2025,50,0,0.0,0,0,0,0,1.0,test
2025-12-15,SOUTH,Apparel & Accessories,449.0,2025,51,0,0.0,0,0,0,0,1.0,test
2025-12-22,SOUTH,Apparel & Accessories,461.0,2025,52,0,0.0,0,0,0,0,1.0,test
2024-01-01,SOUTH,Arts & Entertainment,344.0,2024,1,0,0.0,0,0,0,1,1.0,train
2024-01-08,SOUTH,Arts & Entertainment,313.0,2024,2,0,0.0,0,0,0,1,1.0,train
2024-01-15,SOUTH,Arts & Entertainment,319.0,2024,3,0,0.0,0,0,0,1,1.0,train
2024-01-22,SOUTH,Arts & Entertainment,343.0,2024,4,0,0.0,0,0,0,1,1.0,train
2024-01-29,SOUTH,Arts & Entertainment,324.0,2024,5,0,0.0,0,0,0,1,1.0,train
2024-02-05,SOUTH,Arts & Entertainment,275.0,2024,6,0,0.0,0,0,0,1,1.0,train
2024-02-12,SOUTH,Arts & Entertainment,331.0,2024,7,0,0.0,0,0,0,1,1.0,train
2024-02-19,SOUTH,Arts & Entertainment,330.0,2024,8,0,0.0,0,0,0,1,1.0,train
2024-02-26,SOUTH,Arts & Entertainment,323.0,2024,9,0,0.0,0,0,0,1,1.0,train
2024-03-04,SOUTH,Arts & Entertainment,381.0,2024,10,0,0.0,0,0,0,0,1.0,train
2024-03-11,SOUTH,Arts & Entertainment,516.0,2024,11,1,0.0,0,0,0,0,1.0,train
2024-03-18,SOUTH,Arts & Entertainment,538.0,2024,12,1,0.25,0,0,0,0,1.0,train
2024-03-25,SOUTH,Arts & Entertainment,614.0,2024,13,1,0.5,0,0,0,0,1.0,train
2024-04-01,SOUTH,Arts & Entertainment,668.0,2024,14,1,0.75,0,0,0,0,1.0,train
2024-04-08,SOUTH,Arts & Entertainment,634.0,2024,15,1,1.0,1,0,0,0,1.0,train
2024-04-15,SOUTH,Arts & Entertainment,376.0,2024,16,0,0.0,0,0,0,0,1.0,train
2024-04-22,SOUTH,Arts & Entertainment,366.0,2024,17,0,0.0,0,0,0,0,1.0,train
2024-04-29,SOUTH,Arts & Entertainment,339.0,2024,18,0,0.0,0,0,0,0,1.0,train
2024-05-06,SOUTH,Arts & Entertainment,371.0,2024,19,0,0.0,0,0,0,0,1.0,train
2024-05-13,SOUTH,Arts & Entertainment,375.0,2024,20,0,0.0,0,0,0,0,1.0,train
2024-05-20,SOUTH,Arts & Entertainment,329.0,2024,21,0,0.0,0,0,0,0,1.0,train
2024-05-27,SOUTH,Arts & Entertainment,387.0,2024,22,0,0.0,0,1,0,0,1.4,train
2024-06-03,SOUTH,Arts & Entertainment,422.0,2024,23,0,0.0,0,1,0,0,1.4,train
2024-06-10,SOUTH,Arts & Entertainment,403.0,2024,24,0,0.0,0,1,0,0,1.4,train
2024-06-17,SOUTH,Arts & Entertainment,438.0,2024,25,0,0.0,0,1,0,0,1.4,train
2024-06-24,SOUTH,Arts & Entertainment,393.0,2024,26,0,0.0,0,1,0,0,1.4,train
2024-07-01,SOUTH,Arts & Entertainment,402.0,2024,27,0,0.0,0,1,0,0,1.4,train
2024-07-08,SOUTH,Arts & Entertainment,394.0,2024,28,0,0.0,0,1,0,0,1.4,train
2024-07-15,SOUTH,Arts & Entertainment,411.0,2024,29,0,0.0,0,1,0,0,1.4,train
2024-07-22,SOUTH,Arts & Entertainment,424.0,2024,30,0,0.0,0,1,0,0,1.4,train
2024-07-29,SOUTH,Arts & Entertainment,458.0,2024,31,0,0.0,0,1,0,0,1.4,train
2024-08-05,SOUTH,Arts & Entertainment,439.0,2024,32,0,0.0,0,1,0,0,1.4,train
2024-08-12,SOUTH,Arts & Entertainment,436.0,2024,33,0,0.0,0,1,0,0,1.4,train
2024-08-19,SOUTH,Arts & Entertainment,378.0,2024,34,0,0.0,0,1,0,0,1.4,train
2024-08-26,SOUTH,Arts & Entertainment,431.0,2024,35,0,0.0,0,1,1,0,1.4,train
2024-09-02,SOUTH,Arts & Entertainment,459.0,2024,36,0,0.0,0,0,1,0,1.0,train
2024-09-09,SOUTH,Arts & Entertainment,430.0,2024,37,0,0.0,0,0,1,0,1.0,train
2024-09-16,SOUTH,Arts & Entertainment,499.0,2024,38,0,0.0,0,0,1,0,1.0,train
2024-09-23,SOUTH,Arts & Entertainment,484.0,2024,39,0,0.0,0,0,1,0,1.0,train
2024-09-30,SOUTH,Arts & Entertainment,373.0,2024,40,0,0.0,0,0,1,0,1.0,train
2024-10-07,SOUTH,Arts & Entertainment,348.0,2024,41,0,0.0,0,0,0,0,1.0,train
2024-10-14,SOUTH,Arts & Entertainment,373.0,2024,42,0,0.0,0,0,0,0,1.0,train
2024-10-21,SOUTH,Arts & Entertainment,342.0,2024,43,0,0.0,0,0,0,0,1.0,train
2024-10-28,SOUTH,Arts & Entertainment,306.0,2024,44,0,0.0,0,0,0,0,1.0,train
2024-11-04,SOUTH,Arts & Entertainment,330.0,2024,45,0,0.0,0,0,0,0,1.0,validation
2024-11-11,SOUTH,Arts & Entertainment,345.0,2024,46,0,0.0,0,0,0,0,1.0,validation
2024-11-18,SOUTH,Arts & Entertainment,367.0,2024,47,0,0.0,0,0,0,0,1.0,validation
2024-11-25,SOUTH,Arts & Entertainment,347.0,2024,48,0,0.0,0,0,0,0,1.0,validation
2024-12-02,SOUTH,Arts & Entertainment,354.0,2024,49,0,0.0,0,0,0,0,1.0,validation
2024-12-09,SOUTH,Arts & Entertainment,397.0,2024,50,0,0.0,0,0,0,0,1.0,validation
2024-12-16,SOUTH,Arts & Entertainment,406.0,2024,51,0,0.0,0,0,0,0,1.0,validation
2024-12-23,SOUTH,Arts & Entertainment,378.0,2024,52,0,0.0,0,0,0,0,1.0,validation
2024-12-30,SOUTH,Arts & Entertainment,362.0,2025,1,0,0.0,0,0,0,1,1.0,test
2025-01-06,SOUTH,Arts & Entertainment,313.0,2025,2,0,0.0,0,0,0,1,1.0,test
2025-01-13,SOUTH,Arts & Entertainment,328.0,2025,3,0,0.0,0,0,0,1,1.0,test
2025-01-20,SOUTH,Arts & Entertainment,297.0,2025,4,0,0.0,0,0,0,1,1.0,test
2025-01-27,SOUTH,Arts & Entertainment,337.0,2025,5,0,0.0,0,0,0,1,1.0,test
2025-02-03,SOUTH,Arts & Entertainment,325.0,2025,6,0,0.0,0,0,0,1,1.0,test
2025-02-10,SOUTH,Arts & Entertainment,322.0,2025,7,0,0.0,0,0,0,1,1.0,test
2025-02-17,SOUTH,Arts & Entertainment,345.0,2025,8,0,0.0,0,0,0,1,1.0,test
2025-02-24,SOUTH,Arts & Entertainment,370.0,2025,9,1,0.0,0,0,0,1,1.0,test
2025-03-03,SOUTH,Arts & Entertainment,495.0,2025,10,1,0.25,0,0,0,0,1.0,test
2025-03-10,SOUTH,Arts & Entertainment,606.0,2025,11,1,0.5,0,0,0,0,1.0,test
2025-03-17,SOUTH,Arts & Entertainment,610.0,2025,12,1,0.75,0,0,0,0,1.0,test
2025-03-24,SOUTH,Arts & Entertainment,686.0,2025,13,1,1.0,1,0,0,0,1.0,test
2025-03-31,SOUTH,Arts & Entertainment,363.0,2025,14,0,0.0,0,0,0,0,1.0,test
2025-04-07,SOUTH,Arts & Entertainment,365.0,2025,15,0,0.0,0,0,0,0,1.0,test
2025-04-14,SOUTH,Arts & Entertainment,331.0,2025,16,0,0.0,0,0,0,0,1.0,test
2025-04-21,SOUTH,Arts & Entertainment,361.0,2025,17,0,0.0,0,0,0,0,1.0,test
2025-04-28,SOUTH,Arts & Entertainment,329.0,2025,18,0,0.0,0,0,0,0,1.0,test
2025-05-05,SOUTH,Arts & Entertainment,369.0,2025,19,0,0.0,0,0,0,0,1.0,test
2025-05-12,SOUTH,Arts & Entertainment,352.0,2025,20,0,0.0,0,0,0,0,1.0,test
2025-05-19,SOUTH,Arts & Entertainment,337.0,2025,21,0,0.0,0,0,0,0,1.0,test
2025-05-26,SOUTH,Arts & Entertainment,373.0,2025,22,0,0.0,0,1,0,0,1.4,test
2025-06-02,SOUTH,Arts & Entertainment,414.0,2025,23,0,0.0,0,1,0,0,1.4,test
2025-06-09,SOUTH,Arts & Entertainment,415.0,2025,24,0,0.0,0,1,0,0,1.4,test
2025-06-16,SOUTH,Arts & Entertainment,410.0,2025,25,0,0.0,0,1,0,0,1.4,test
2025-06-23,SOUTH,Arts & Entertainment,410.0,2025,26,0,0.0,0,1,0,0,1.4,test
2025-06-30,SOUTH,Arts & Entertainment,403.0,2025,27,0,0.0,0,1,0,0,1.4,test
2025-07-07,SOUTH,Arts & Entertainment,391.0,2025,28,0,0.0,0,1,0,0,1.4,test
2025-07-14,SOUTH,Arts & Entertainment,424.0,2025,29,0,0.0,0,1,0,0,1.4,test
2025-07-21,SOUTH,Arts & Entertainment,406.0,2025,30,0,0.0,0,1,0,0,1.4,test
2025-07-28,SOUTH,Arts & Entertainment,435.0,2025,31,0,0.0,0,1,0,0,1.4,test
2025-08-04,SOUTH,Arts & Entertainment,422.0,2025,32,0,0.0,0,1,0,0,1.4,test
2025-08-11,SOUTH,Arts & Entertainment,444.0,2025,33,0,0.0,0,1,0,0,1.4,test
2025-08-18,SOUTH,Arts & Entertainment,450.0,2025,34,0,0.0,0,1,0,0,1.4,test
2025-08-25,SOUTH,Arts & Entertainment,427.0,2025,35,0,0.0,0,1,0,0,1.4,test
2025-09-01,SOUTH,Arts & Entertainment,449.0,2025,36,0,0.0,0,0,1,0,1.0,test
2025-09-08,SOUTH,Arts & Entertainment,424.0,2025,37,0,0.0,0,0,1,0,1.0,test
2025-09-15,SOUTH,Arts & Entertainment,435.0,2025,38,0,0.0,0,0,1,0,1.0,test
2025-09-22,SOUTH,Arts & Entertainment,459.0,2025,39,0,0.0,0,0,1,0,1.0,test
2025-09-29,SOUTH,Arts & Entertainment,380.0,2025,40,0,0.0,0,0,1,0,1.0,test
2025-10-06,SOUTH,Arts & Entertainment,341.0,2025,41,0,0.0,0,0,0,0,1.0,test
2025-10-13,SOUTH,Arts & Entertainment,347.0,2025,42,0,0.0,0,0,0,0,1.0,test
2025-10-20,SOUTH,Arts & Entertainment,375.0,2025,43,0,0.0,0,0,0,0,1.0,test
2025-10-27,SOUTH,Arts & Entertainment,347.0,2025,44,0,0.0,0,0,0,0,1.0,test
2025-11-03,SOUTH,Arts & Entertainment,406.0,2025,45,0,0.0,0,0,0,0,1.0,test
2025-11-10,SOUTH,Arts & Entertainment,338.0,2025,46,0,0.0,0,0,0,0,1.0,test
2025-11-17,SOUTH,Arts & Entertainment,351.0,2025,47,0,0.0,0,0,0,0,1.0,test
2025-11-24,SOUTH,Arts & Entertainment,350.0,2025,48,0,0.0,0,0,0,0,1.0,test
2025-12-01,SOUTH,Arts & Entertainment,405.0,2025,49,0,0.0,0,0,0,0,1.0,test
2025-12-08,SOUTH,Arts & Entertainment,357.0,2025,50,0,0.0,0,0,0,0,1.0,test
2025-12-15,SOUTH,Arts & Entertainment,379.0,2025,51,0,0.0,0,0,0,0,1.0,test
2025-12-22,SOUTH,Arts & Entertainment,417.0,2025,52,0,0.0,0,0,0,0,1.0,test
2024-01-01,SOUTH,Baby & Toddler,192.0,2024,1,0,0.0,0,0,0,1,1.0,train
2024-01-08,SOUTH,Baby & Toddler,167.0,2024,2,0,0.0,0,0,0,1,1.0,train
2024-01-15,SOUTH,Baby & Toddler,172.0,2024,3,0,0.0,0,0,0,1,1.0,train
2024-01-22,SOUTH,Baby & Toddler,176.0,2024,4,0,0.0,0,0,0,1,1.0,train
2024-01-29,SOUTH,Baby & Toddler,185.0,2024,5,0,0.0,0,0,0,1,1.0,train
2024-02-05,SOUTH,Baby & Toddler,140.0,2024,6,0,0.0,0,0,0,1,1.0,train
2024-02-12,SOUTH,Baby & Toddler,214.0,2024,7,0,0.0,0,0,0,1,1.0,train
2024-02-19,SOUTH,Baby & Toddler,167.0,2024,8,0,0.0,0,0,0,1,1.0,train
2024-02-26,SOUTH,Baby & Toddler,185.0,2024,9,0,0.0,0,0,0,1,1.0,train
2024-03-04,SOUTH,Baby & Toddler,238.0,2024,10,0,0.0,0,0,0,0,1.0,train
2024-03-11,SOUTH,Baby & Toddler,287.0,2024,11,1,0.0,0,0,0,0,1.0,train
2024-03-18,SOUTH,Baby & Toddler,302.0,2024,12,1,0.25,0,0,0,0,1.0,train
2024-03-25,SOUTH,Baby & Toddler,296.0,2024,13,1,0.5,0,0,0,0,1.0,train
2024-04-01,SOUTH,Baby & Toddler,346.0,2024,14,1,0.75,0,0,0,0,1.0,train
2024-04-08,SOUTH,Baby & Toddler,371.0,2024,15,1,1.0,1,0,0,0,1.0,train
2024-04-15,SOUTH,Baby & Toddler,192.0,2024,16,0,0.0,0,0,0,0,1.0,train
2024-04-22,SOUTH,Baby & Toddler,192.0,2024,17,0,0.0,0,0,0,0,1.0,train
2024-04-29,SOUTH,Baby & Toddler,186.0,2024,18,0,0.0,0,0,0,0,1.0,train
2024-05-06,SOUTH,Baby & Toddler,197.0,2024,19,0,0.0,0,0,0,0,1.0,train
2024-05-13,SOUTH,Baby & Toddler,202.0,2024,20,0,0.0,0,0,0,0,1.0,train
2024-05-20,SOUTH,Baby & Toddler,200.0,2024,21,0,0.0,0,0,0,0,1.0,train
2024-05-27,SOUTH,Baby & Toddler,220.0,2024,22,0,0.0,0,1,0,0,1.0,train
2024-06-03,SOUTH,Baby & Toddler,255.0,2024,23,0,0.0,0,1,0,0,1.0,train
2024-06-10,SOUTH,Baby & Toddler,244.0,2024,24,0,0.0,0,1,0,0,1.0,train
2024-06-17,SOUTH,Baby & Toddler,212.0,2024,25,0,0.0,0,1,0,0,1.0,train
2024-06-24,SOUTH,Baby & Toddler,215.0,2024,26,0,0.0,0,1,0,0,1.0,train
2024-07-01,SOUTH,Baby & Toddler,237.0,2024,27,0,0.0,0,1,0,0,1.0,train
2024-07-08,SOUTH,Baby & Toddler,228.0,2024,28,0,0.0,0,1,0,0,1.0,train
2024-07-15,SOUTH,Baby & Toddler,241.0,2024,29,0,0.0,0,1,0,0,1.0,train
2024-07-22,SOUTH,Baby & Toddler,264.0,2024,30,0,0.0,0,1,0,0,1.0,train
2024-07-29,SOUTH,Baby & Toddler,223.0,2024,31,0,0.0,0,1,0,0,1.0,train
2024-08-05,SOUTH,Baby & Toddler,228.0,2024,32,0,0.0,0,1,0,0,1.0,train
2024-08-12,SOUTH,Baby & Toddler,241.0,2024,33,0,0.0,0,1,0,0,1.0,train
2024-08-19,SOUTH,Baby & Toddler,201.0,2024,34,0,0.0,0,1,0,0,1.0,train
2024-08-26,SOUTH,Baby & Toddler,237.0,2024,35,0,0.0,0,1,1,0,1.5,train
2024-09-02,SOUTH,Baby & Toddler,252.0,2024,36,0,0.0,0,0,1,0,1.5,train
2024-09-09,SOUTH,Baby & Toddler,273.0,2024,37,0,0.0,0,0,1,0,1.5,train
2024-09-16,SOUTH,Baby & Toddler,239.0,2024,38,0,0.0,0,0,1,0,1.5,train
2024-09-23,SOUTH,Baby & Toddler,260.0,2024,39,0,0.0,0,0,1,0,1.5,train
2024-09-30,SOUTH,Baby & Toddler,220.0,2024,40,0,0.0,0,0,1,0,1.5,train
2024-10-07,SOUTH,Baby & Toddler,209.0,2024,41,0,0.0,0,0,0,0,1.0,train
2024-10-14,SOUTH,Baby & Toddler,199.0,2024,42,0,0.0,0,0,0,0,1.0,train
2024-10-21,SOUTH,Baby & Toddler,215.0,2024,43,0,0.0,0,0,0,0,1.0,train
2024-10-28,SOUTH,Baby & Toddler,192.0,2024,44,0,0.0,0,0,0,0,1.0,train
2024-11-04,SOUTH,Baby & Toddler,220.0,2024,45,0,0.0,0,0,0,0,1.0,validation
2024-11-11,SOUTH,Baby & Toddler,199.0,2024,46,0,0.0,0,0,0,0,1.0,validation
2024-11-18,SOUTH,Baby & Toddler,195.0,2024,47,0,0.0,0,0,0,0,1.0,validation
2024-11-25,SOUTH,Baby & Toddler,210.0,2024,48,0,0.0,0,0,0,0,1.0,validation
2024-12-02,SOUTH,Baby & Toddler,214.0,2024,49,0,0.0,0,0,0,0,1.0,validation
2024-12-09,SOUTH,Baby & Toddler,211.0,2024,50,0,0.0,0,0,0,0,1.0,validation
2024-12-16,SOUTH,Baby & Toddler,196.0,2024,51,0,0.0,0,0,0,0,1.0,validation
2024-12-23,SOUTH,Baby & Toddler,187.0,2024,52,0,0.0,0,0,0,0,1.0,validation
2024-12-30,SOUTH,Baby & Toddler,213.0,2025,1,0,0.0,0,0,0,1,1.0,test
2025-01-06,SOUTH,Baby & Toddler,180.0,2025,2,0,0.0,0,0,0,1,1.0,test
2025-01-13,SOUTH,Baby & Toddler,188.0,2025,3,0,0.0,0,0,0,1,1.0,test
2025-01-20,SOUTH,Baby & Toddler,178.0,2025,4,0,0.0,0,0,0,1,1.0,test
2025-01-27,SOUTH,Baby & Toddler,170.0,2025,5,0,0.0,0,0,0,1,1.0,test
2025-02-03,SOUTH,Baby & Toddler,173.0,2025,6,0,0.0,0,0,0,1,1.0,test
2025-02-10,SOUTH,Baby & Toddler,171.0,2025,7,0,0.0,0,0,0,1,1.0,test
2025-02-17,SOUTH,Baby & Toddler,174.0,2025,8,0,0.0,0,0,0,1,1.0,test
2025-02-24,SOUTH,Baby & Toddler,203.0,2025,9,1,0.0,0,0,0,1,1.0,test
2025-03-03,SOUTH,Baby & Toddler,278.0,2025,10,1,0.25,0,0,0,0,1.0,test
2025-03-10,SOUTH,Baby & Toddler,334.0,2025,11,1,0.5,0,0,0,0,1.0,test
2025-03-17,SOUTH,Baby & Toddler,360.0,2025,12,1,0.75,0,0,0,0,1.0,test
2025-03-24,SOUTH,Baby & Toddler,368.0,2025,13,1,1.0,1,0,0,0,1.0,test
2025-03-31,SOUTH,Baby & Toddler,218.0,2025,14,0,0.0,0,0,0,0,1.0,test
2025-04-07,SOUTH,Baby & Toddler,209.0,2025,15,0,0.0,0,0,0,0,1.0,test
2025-04-14,SOUTH,Baby & Toddler,198.0,2025,16,0,0.0,0,0,0,0,1.0,test
2025-04-21,SOUTH,Baby & Toddler,187.0,2025,17,0,0.0,0,0,0,0,1.0,test
2025-04-28,SOUTH,Baby & Toddler,215.0,2025,18,0,0.0,0,0,0,0,1.0,test
2025-05-05,SOUTH,Baby & Toddler,207.0,2025,19,0,0.0,0,0,0,0,1.0,test
2025-05-12,SOUTH,Baby & Toddler,202.0,2025,20,0,0.0,0,0,0,0,1.0,test
2025-05-19,SOUTH,Baby & Toddler,196.0,2025,21,0,0.0,0,0,0,0,1.0,test
2025-05-26,SOUTH,Baby & Toddler,212.0,2025,22,0,0.0,0,1,0,0,1.0,test
2025-06-02,SOUTH,Baby & Toddler,220.0,2025,23,0,0.0,0,1,0,0,1.0,test
2025-06-09,SOUTH,Baby & Toddler,265.0,2025,24,0,0.0,0,1,0,0,1.0,test
2025-06-16,SOUTH,Baby & Toddler,261.0,2025,25,0,0.0,0,1,0,0,1.0,test
2025-06-23,SOUTH,Baby & Toddler,220.0,2025,26,0,0.0,0,1,0,0,1.0,test
2025-06-30,SOUTH,Baby & Toddler,222.0,2025,27,0,0.0,0,1,0,0,1.0,test
2025-07-07,SOUTH,Baby & Toddler,235.0,2025,28,0,0.0,0,1,0,0,1.0,test
2025-07-14,SOUTH,Baby & Toddler,257.0,2025,29,0,0.0,0,1,0,0,1.0,test
2025-07-21,SOUTH,Baby & Toddler,208.0,2025,30,0,0.0,0,1,0,0,1.0,test
2025-07-28,SOUTH,Baby & Toddler,239.0,2025,31,0,0.0,0,1,0,0,1.0,test
2025-08-04,SOUTH,Baby & Toddler,240.0,2025,32,0,0.0,0,1,0,0,1.0,test
2025-08-11,SOUTH,Baby & Toddler,236.0,2025,33,0,0.0,0,1,0,0,1.0,test
2025-08-18,SOUTH,Baby & Toddler,229.0,2025,34,0,0.0,0,1,0,0,1.0,test
2025-08-25,SOUTH,Baby & Toddler,218.0,2025,35,0,0.0,0,1,0,0,1.0,test
2025-09-01,SOUTH,Baby & Toddler,263.0,2025,36,0,0.0,0,0,1,0,1.5,test
2025-09-08,SOUTH,Baby & Toddler,268.0,2025,37,0,0.0,0,0,1,0,1.5,test
2025-09-15,SOUTH,Baby & Toddler,239.0,2025,38,0,0.0,0,0,1,0,1.5,test
2025-09-22,SOUTH,Baby & Toddler,231.0,2025,39,0,0.0,0,0,1,0,1.5,test
2025-09-29,SOUTH,Baby & Toddler,213.0,2025,40,0,0.0,0,0,1,0,1.5,test
2025-10-06,SOUTH,Baby & Toddler,224.0,2025,41,0,0.0,0,0,0,0,1.0,test
2025-10-13,SOUTH,Baby & Toddler,193.0,2025,42,0,0.0,0,0,0,0,1.0,test
2025-10-20,SOUTH,Baby & Toddler,203.0,2025,43,0,0.0,0,0,0,0,1.0,test
2025-10-27,SOUTH,Baby & Toddler,201.0,2025,44,0,0.0,0,0,0,0,1.0,test
2025-11-03,SOUTH,Baby & Toddler,205.0,2025,45,0,0.0,0,0,0,0,1.0,test
2025-11-10,SOUTH,Baby & Toddler,216.0,2025,46,0,0.0,0,0,0,0,1.0,test
2025-11-17,SOUTH,Baby & Toddler,221.0,2025,47,0,0.0,0,0,0,0,1.0,test
2025-11-24,SOUTH,Baby & Toddler,181.0,2025,48,0,0.0,0,0,0,0,1.0,test
2025-12-01,SOUTH,Baby & Toddler,207.0,2025,49,0,0.0,0,0,0,0,1.0,test
2025-12-08,SOUTH,Baby & Toddler,215.0,2025,50,0,0.0,0,0,0,0,1.0,test
2025-12-15,SOUTH,Baby & Toddler,194.0,2025,51,0,0.0,0,0,0,0,1.0,test
2025-12-22,SOUTH,Baby & Toddler,208.0,2025,52,0,0.0,0,0,0,0,1.0,test
2024-01-01,SOUTH,Business & Industrial,125.0,2024,1,0,0.0,0,0,0,1,1.0,train
2024-01-08,SOUTH,Business & Industrial,122.0,2024,2,0,0.0,0,0,0,1,1.0,train
2024-01-15,SOUTH,Business & Industrial,101.0,2024,3,0,0.0,0,0,0,1,1.0,train
2024-01-22,SOUTH,Business & Industrial,112.0,2024,4,0,0.0,0,0,0,1,1.0,train
2024-01-29,SOUTH,Business & Industrial,114.0,2024,5,0,0.0,0,0,0,1,1.0,train
2024-02-05,SOUTH,Business & Industrial,120.0,2024,6,0,0.0,0,0,0,1,1.0,train
2024-02-12,SOUTH,Business & Industrial,131.0,2024,7,0,0.0,0,0,0,1,1.0,train
2024-02-19,SOUTH,Business & Industrial,115.0,2024,8,0,0.0,0,0,0,1,1.0,train
2024-02-26,SOUTH,Business & Industrial,117.0,2024,9,0,0.0,0,0,0,1,1.0,train
2024-03-04,SOUTH,Business & Industrial,142.0,2024,10,0,0.0,0,0,0,0,1.0,train
2024-03-11,SOUTH,Business & Industrial,191.0,2024,11,1,0.0,0,0,0,0,1.0,train
2024-03-18,SOUTH,Business & Industrial,206.0,2024,12,1,0.25,0,0,0,0,1.0,train
2024-03-25,SOUTH,Business & Industrial,222.0,2024,13,1,0.5,0,0,0,0,1.0,train
2024-04-01,SOUTH,Business & Industrial,258.0,2024,14,1,0.75,0,0,0,0,1.0,train
2024-04-08,SOUTH,Business & Industrial,222.0,2024,15,1,1.0,1,0,0,0,1.0,train
2024-04-15,SOUTH,Business & Industrial,127.0,2024,16,0,0.0,0,0,0,0,1.0,train
2024-04-22,SOUTH,Business & Industrial,155.0,2024,17,0,0.0,0,0,0,0,1.0,train
2024-04-29,SOUTH,Business & Industrial,146.0,2024,18,0,0.0,0,0,0,0,1.0,train
2024-05-06,SOUTH,Business & Industrial,128.0,2024,19,0,0.0,0,0,0,0,1.0,train
2024-05-13,SOUTH,Business & Industrial,117.0,2024,20,0,0.0,0,0,0,0,1.0,train
2024-05-20,SOUTH,Business & Industrial,148.0,2024,21,0,0.0,0,0,0,0,1.0,train
2024-05-27,SOUTH,Business & Industrial,138.0,2024,22,0,0.0,0,1,0,0,1.0,train
2024-06-03,SOUTH,Business & Industrial,162.0,2024,23,0,0.0,0,1,0,0,1.0,train
2024-06-10,SOUTH,Business & Industrial,159.0,2024,24,0,0.0,0,1,0,0,1.0,train
2024-06-17,SOUTH,Business & Industrial,184.0,2024,25,0,0.0,0,1,0,0,1.0,train
2024-06-24,SOUTH,Business & Industrial,144.0,2024,26,0,0.0,0,1,0,0,1.0,train
2024-07-01,SOUTH,Business & Industrial,154.0,2024,27,0,0.0,0,1,0,0,1.0,train
2024-07-08,SOUTH,Business & Industrial,193.0,2024,28,0,0.0,0,1,0,0,1.0,train
2024-07-15,SOUTH,Business & Industrial,149.0,2024,29,0,0.0,0,1,0,0,1.0,train
2024-07-22,SOUTH,Business & Industrial,145.0,2024,30,0,0.0,0,1,0,0,1.0,train
2024-07-29,SOUTH,Business & Industrial,183.0,2024,31,0,0.0,0,1,0,0,1.0,train
2024-08-05,SOUTH,Business & Industrial,181.0,2024,32,0,0.0,0,1,0,0,1.0,train
2024-08-12,SOUTH,Business & Industrial,150.0,2024,33,0,0.0,0,1,0,0,1.0,train
2024-08-19,SOUTH,Business & Industrial,157.0,2024,34,0,0.0,0,1,0,0,1.0,train
2024-08-26,SOUTH,Business & Industrial,173.0,2024,35,0,0.0,0,1,1,0,1.0,train
2024-09-02,SOUTH,Business & Industrial,177.0,2024,36,0,0.0,0,0,1,0,1.0,train
2024-09-09,SOUTH,Business & Industrial,153.0,2024,37,0,0.0,0,0,1,0,1.0,train
2024-09-16,SOUTH,Business & Industrial,159.0,2024,38,0,0.0,0,0,1,0,1.0,train
2024-09-23,SOUTH,Business & Industrial,176.0,2024,39,0,0.0,0,0,1,0,1.0,train
2024-09-30,SOUTH,Business & Industrial,134.0,2024,40,0,0.0,0,0,1,0,1.0,train
2024-10-07,SOUTH,Business & Industrial,141.0,2024,41,0,0.0,0,0,0,0,1.0,train
2024-10-14,SOUTH,Business & Industrial,134.0,2024,42,0,0.0,0,0,0,0,1.0,train
2024-10-21,SOUTH,Business & Industrial,130.0,2024,43,0,0.0,0,0,0,0,1.0,train
2024-10-28,SOUTH,Business & Industrial,118.0,2024,44,0,0.0,0,0,0,0,1.0,train
2024-11-04,SOUTH,Business & Industrial,132.0,2024,45,0,0.0,0,0,0,0,1.0,validation
2024-11-11,SOUTH,Business & Industrial,145.0,2024,46,0,0.0,0,0,0,0,1.0,validation
2024-11-18,SOUTH,Business & Industrial,148.0,2024,47,0,0.0,0,0,0,0,1.0,validation
2024-11-25,SOUTH,Business & Industrial,144.0,2024,48,0,0.0,0,0,0,0,1.0,validation
2024-12-02,SOUTH,Business & Industrial,142.0,2024,49,0,0.0,0,0,0,0,1.0,validation
2024-12-09,SOUTH,Business & Industrial,129.0,2024,50,0,0.0,0,0,0,0,1.0,validation
2024-12-16,SOUTH,Business & Industrial,150.0,2024,51,0,0.0,0,0,0,0,1.0,validation
2024-12-23,SOUTH,Business & Industrial,154.0,2024,52,0,0.0,0,0,0,0,1.0,validation
2024-12-30,SOUTH,Business & Industrial,125.0,2025,1,0,0.0,0,0,0,1,1.0,test
2025-01-06,SOUTH,Business & Industrial,141.0,2025,2,0,0.0,0,0,0,1,1.0,test
2025-01-13,SOUTH,Business & Industrial,135.0,2025,3,0,0.0,0,0,0,1,1.0,test
2025-01-20,SOUTH,Business & Industrial,130.0,2025,4,0,0.0,0,0,0,1,1.0,test
2025-01-27,SOUTH,Business & Industrial,116.0,2025,5,0,0.0,0,0,0,1,1.0,test
2025-02-03,SOUTH,Business & Industrial,111.0,2025,6,0,0.0,0,0,0,1,1.0,test
2025-02-10,SOUTH,Business & Industrial,101.0,2025,7,0,0.0,0,0,0,1,1.0,test
2025-02-17,SOUTH,Business & Industrial,131.0,2025,8,0,0.0,0,0,0,1,1.0,test
2025-02-24,SOUTH,Business & Industrial,118.0,2025,9,1,0.0,0,0,0,1,1.0,test
2025-03-03,SOUTH,Business & Industrial,185.0,2025,10,1,0.25,0,0,0,0,1.0,test
2025-03-10,SOUTH,Business & Industrial,232.0,2025,11,1,0.5,0,0,0,0,1.0,test
2025-03-17,SOUTH,Business & Industrial,241.0,2025,12,1,0.75,0,0,0,0,1.0,test
2025-03-24,SOUTH,Business & Industrial,269.0,2025,13,1,1.0,1,0,0,0,1.0,test
2025-03-31,SOUTH,Business & Industrial,125.0,2025,14,0,0.0,0,0,0,0,1.0,test
2025-04-07,SOUTH,Business & Industrial,124.0,2025,15,0,0.0,0,0,0,0,1.0,test
2025-04-14,SOUTH,Business & Industrial,145.0,2025,16,0,0.0,0,0,0,0,1.0,test
2025-04-21,SOUTH,Business & Industrial,140.0,2025,17,0,0.0,0,0,0,0,1.0,test
2025-04-28,SOUTH,Business & Industrial,148.0,2025,18,0,0.0,0,0,0,0,1.0,test
2025-05-05,SOUTH,Business & Industrial,124.0,2025,19,0,0.0,0,0,0,0,1.0,test
2025-05-12,SOUTH,Business & Industrial,122.0,2025,20,0,0.0,0,0,0,0,1.0,test
2025-05-19,SOUTH,Business & Industrial,111.0,2025,21,0,0.0,0,0,0,0,1.0,test
2025-05-26,SOUTH,Business & Industrial,125.0,2025,22,0,0.0,0,1,0,0,1.0,test
2025-06-02,SOUTH,Business & Industrial,133.0,2025,23,0,0.0,0,1,0,0,1.0,test
2025-06-09,SOUTH,Business & Industrial,163.0,2025,24,0,0.0,0,1,0,0,1.0,test
2025-06-16,SOUTH,Business & Industrial,174.0,2025,25,0,0.0,0,1,0,0,1.0,test
2025-06-23,SOUTH,Business & Industrial,164.0,2025,26,0,0.0,0,1,0,0,1.0,test
2025-06-30,SOUTH,Business & Industrial,172.0,2025,27,0,0.0,0,1,0,0,1.0,test
2025-07-07,SOUTH,Business & Industrial,152.0,2025,28,0,0.0,0,1,0,0,1.0,test
2025-07-14,SOUTH,Business & Industrial,164.0,2025,29,0,0.0,0,1,0,0,1.0,test
2025-07-21,SOUTH,Business & Industrial,148.0,2025,30,0,0.0,0,1,0,0,1.0,test
2025-07-28,SOUTH,Business & Industrial,160.0,2025,31,0,0.0,0,1,0,0,1.0,test
2025-08-04,SOUTH,Business & Industrial,160.0,2025,32,0,0.0,0,1,0,0,1.0,test
2025-08-11,SOUTH,Business & Industrial,154.0,2025,33,0,0.0,0,1,0,0,1.0,test
2025-08-18,SOUTH,Business & Industrial,179.0,2025,34,0,0.0,0,1,0,0,1.0,test
2025-08-25,SOUTH,Business & Industrial,151.0,2025,35,0,0.0,0,1,0,0,1.0,test
2025-09-01,SOUTH,Business & Industrial,177.0,2025,36,0,0.0,0,0,1,0,1.0,test
2025-09-08,SOUTH,Business & Industrial,175.0,2025,37,0,0.0,0,0,1,0,1.0,test
2025-09-15,SOUTH,Business & Industrial,167.0,2025,38,0,0.0,0,0,1,0,1.0,test
2025-09-22,SOUTH,Business & Industrial,210.0,2025,39,0,0.0,0,0,1,0,1.0,test
2025-09-29,SOUTH,Business & Industrial,154.0,2025,40,0,0.0,0,0,1,0,1.0,test
2025-10-06,SOUTH,Business & Industrial,136.0,2025,41,0,0.0,0,0,0,0,1.0,test
2025-10-13,SOUTH,Business & Industrial,126.0,2025,42,0,0.0,0,0,0,0,1.0,test
2025-10-20,SOUTH,Business & Industrial,130.0,2025,43,0,0.0,0,0,0,0,1.0,test
2025-10-27,SOUTH,Business & Industrial,134.0,2025,44,0,0.0,0,0,0,0,1.0,test
2025-11-03,SOUTH,Business & Industrial,144.0,2025,45,0,0.0,0,0,0,0,1.0,test
2025-11-10,SOUTH,Business & Industrial,120.0,2025,46,0,0.0,0,0,0,0,1.0,test
2025-11-17,SOUTH,Business & Industrial,127.0,2025,47,0,0.0,0,0,0,0,1.0,test
2025-11-24,SOUTH,Business & Industrial,123.0,2025,48,0,0.0,0,0,0,0,1.0,test
2025-12-01,SOUTH,Business & Industrial,145.0,2025,49,0,0.0,0,0,0,0,1.0,test
2025-12-08,SOUTH,Business & Industrial,126.0,2025,50,0,0.0,0,0,0,0,1.0,test
2025-12-15,SOUTH,Business & Industrial,166.0,2025,51,0,0.0,0,0,0,0,1.0,test
2025-12-22,SOUTH,Business & Industrial,157.0,2025,52,0,0.0,0,0,0,0,1.0,test
2024-01-01,SOUTH,Cameras & Optics,28.0,2024,1,0,0.0,0,0,0,1,1.0,train
2024-01-08,SOUTH,Cameras & Optics,33.0,2024,2,0,0.0,0,0,0,1,1.0,train
2024-01-15,SOUTH,Cameras & Optics,41.0,2024,3,0,0.0,0,0,0,1,1.0,train
2024-01-22,SOUTH,Cameras & Optics,44.0,2024,4,0,0.0,0,0,0,1,1.0,train
2024-01-29,SOUTH,Cameras & Optics,34.0,2024,5,0,0.0,0,0,0,1,1.0,train
2024-02-05,SOUTH,Cameras & Optics,31.0,2024,6,0,0.0,0,0,0,1,1.0,train
2024-02-12,SOUTH,Cameras & Optics,41.0,2024,7,0,0.0,0,0,0,1,1.0,train
2024-02-19,SOUTH,Cameras & Optics,37.0,2024,8,0,0.0,0,0,0,1,1.0,train
2024-02-26,SOUTH,Cameras & Optics,40.0,2024,9,0,0.0,0,0,0,1,1.0,train
2024-03-04,SOUTH,Cameras & Optics,48.0,2024,10,0,0.0,0,0,0,0,1.0,train
2024-03-11,SOUTH,Cameras & Optics,71.0,2024,11,1,0.0,0,0,0,0,1.15,train
2024-03-18,SOUTH,Cameras & Optics,59.0,2024,12,1,0.25,0,0,0,0,1.15,train
2024-03-25,SOUTH,Cameras & Optics,57.0,2024,13,1,0.5,0,0,0,0,1.15,train
2024-04-01,SOUTH,Cameras & Optics,76.0,2024,14,1,0.75,0,0,0,0,1.15,train
2024-04-08,SOUTH,Cameras & Optics,54.0,2024,15,1,1.0,1,0,0,0,1.15,train
2024-04-15,SOUTH,Cameras & Optics,31.0,2024,16,0,0.0,0,0,0,0,1.0,train
2024-04-22,SOUTH,Cameras & Optics,36.0,2024,17,0,0.0,0,0,0,0,1.0,train
2024-04-29,SOUTH,Cameras & Optics,31.0,2024,18,0,0.0,0,0,0,0,1.0,train
2024-05-06,SOUTH,Cameras & Optics,33.0,2024,19,0,0.0,0,0,0,0,1.0,train
2024-05-13,SOUTH,Cameras & Optics,44.0,2024,20,0,0.0,0,0,0,0,1.0,train
2024-05-20,SOUTH,Cameras & Optics,29.0,2024,21,0,0.0,0,0,0,0,1.0,train
2024-05-27,SOUTH,Cameras & Optics,43.0,2024,22,0,0.0,0,1,0,0,1.0,train
2024-06-03,SOUTH,Cameras & Optics,52.0,2024,23,0,0.0,0,1,0,0,1.0,train
2024-06-10,SOUTH,Cameras & Optics,59.0,2024,24,0,0.0,0,1,0,0,1.0,train
2024-06-17,SOUTH,Cameras & Optics,55.0,2024,25,0,0.0,0,1,0,0,1.0,train
2024-06-24,SOUTH,Cameras & Optics,42.0,2024,26,0,0.0,0,1,0,0,1.0,train
2024-07-01,SOUTH,Cameras & Optics,51.0,2024,27,0,0.0,0,1,0,0,1.0,train
2024-07-08,SOUTH,Cameras & Optics,49.0,2024,28,0,0.0,0,1,0,0,1.0,train
2024-07-15,SOUTH,Cameras & Optics,39.0,2024,29,0,0.0,0,1,0,0,1.0,train
2024-07-22,SOUTH,Cameras & Optics,51.0,2024,30,0,0.0,0,1,0,0,1.0,train
2024-07-29,SOUTH,Cameras & Optics,43.0,2024,31,0,0.0,0,1,0,0,1.0,train
2024-08-05,SOUTH,Cameras & Optics,33.0,2024,32,0,0.0,0,1,0,0,1.0,train
2024-08-12,SOUTH,Cameras & Optics,48.0,2024,33,0,0.0,0,1,0,0,1.0,train
2024-08-19,SOUTH,Cameras & Optics,57.0,2024,34,0,0.0,0,1,0,0,1.0,train
2024-08-26,SOUTH,Cameras & Optics,39.0,2024,35,0,0.0,0,1,1,0,1.0,train
2024-09-02,SOUTH,Cameras & Optics,54.0,2024,36,0,0.0,0,0,1,0,1.0,train
2024-09-09,SOUTH,Cameras & Optics,48.0,2024,37,0,0.0,0,0,1,0,1.0,train
2024-09-16,SOUTH,Cameras & Optics,43.0,2024,38,0,0.0,0,0,1,0,1.0,train
2024-09-23,SOUTH,Cameras & Optics,46.0,2024,39,0,0.0,0,0,1,0,1.0,train
2024-09-30,SOUTH,Cameras & Optics,50.0,2024,40,0,0.0,0,0,1,0,1.0,train
2024-10-07,SOUTH,Cameras & Optics,40.0,2024,41,0,0.0,0,0,0,0,1.0,train
2024-10-14,SOUTH,Cameras & Optics,34.0,2024,42,0,0.0,0,0,0,0,1.0,train
2024-10-21,SOUTH,Cameras & Optics,40.0,2024,43,0,0.0,0,0,0,0,1.0,train
2024-10-28,SOUTH,Cameras & Optics,29.0,2024,44,0,0.0,0,0,0,0,1.0,train
2024-11-04,SOUTH,Cameras & Optics,29.0,2024,45,0,0.0,0,0,0,0,1.0,validation
2024-11-11,SOUTH,Cameras & Optics,32.0,2024,46,0,0.0,0,0,0,0,1.0,validation
2024-11-18,SOUTH,Cameras & Optics,38.0,2024,47,0,0.0,0,0,0,0,1.0,validation
2024-11-25,SOUTH,Cameras & Optics,44.0,2024,48,0,0.0,0,0,0,0,1.0,validation
2024-12-02,SOUTH,Cameras & Optics,44.0,2024,49,0,0.0,0,0,0,0,1.0,validation
2024-12-09,SOUTH,Cameras & Optics,44.0,2024,50,0,0.0,0,0,0,0,1.0,validation
2024-12-16,SOUTH,Cameras & Optics,33.0,2024,51,0,0.0,0,0,0,0,1.0,validation
2024-12-23,SOUTH,Cameras & Optics,49.0,2024,52,0,0.0,0,0,0,0,1.0,validation
2024-12-30,SOUTH,Cameras & Optics,41.0,2025,1,0,0.0,0,0,0,1,1.0,test
2025-01-06,SOUTH,Cameras & Optics,29.0,2025,2,0,0.0,0,0,0,1,1.0,test
2025-01-13,SOUTH,Cameras & Optics,34.0,2025,3,0,0.0,0,0,0,1,1.0,test
2025-01-20,SOUTH,Cameras & Optics,31.0,2025,4,0,0.0,0,0,0,1,1.0,test
2025-01-27,SOUTH,Cameras & Optics,26.0,2025,5,0,0.0,0,0,0,1,1.0,test
2025-02-03,SOUTH,Cameras & Optics,39.0,2025,6,0,0.0,0,0,0,1,1.0,test
2025-02-10,SOUTH,Cameras & Optics,30.0,2025,7,0,0.0,0,0,0,1,1.0,test
2025-02-17,SOUTH,Cameras & Optics,52.0,2025,8,0,0.0,0,0,0,1,1.0,test
2025-02-24,SOUTH,Cameras & Optics,51.0,2025,9,1,0.0,0,0,0,1,1.15,test
2025-03-03,SOUTH,Cameras & Optics,47.0,2025,10,1,0.25,0,0,0,0,1.15,test
2025-03-10,SOUTH,Cameras & Optics,80.0,2025,11,1,0.5,0,0,0,0,1.15,test
2025-03-17,SOUTH,Cameras & Optics,77.0,2025,12,1,0.75,0,0,0,0,1.15,test
2025-03-24,SOUTH,Cameras & Optics,64.0,2025,13,1,1.0,1,0,0,0,1.15,test
2025-03-31,SOUTH,Cameras & Optics,37.0,2025,14,0,0.0,0,0,0,0,1.0,test
2025-04-07,SOUTH,Cameras & Optics,36.0,2025,15,0,0.0,0,0,0,0,1.0,test
2025-04-14,SOUTH,Cameras & Optics,28.0,2025,16,0,0.0,0,0,0,0,1.0,test
2025-04-21,SOUTH,Cameras & Optics,42.0,2025,17,0,0.0,0,0,0,0,1.0,test
2025-04-28,SOUTH,Cameras & Optics,34.0,2025,18,0,0.0,0,0,0,0,1.0,test
2025-05-05,SOUTH,Cameras & Optics,44.0,2025,19,0,0.0,0,0,0,0,1.0,test
2025-05-12,SOUTH,Cameras & Optics,44.0,2025,20,0,0.0,0,0,0,0,1.0,test
2025-05-19,SOUTH,Cameras & Optics,32.0,2025,21,0,0.0,0,0,0,0,1.0,test
2025-05-26,SOUTH,Cameras & Optics,31.0,2025,22,0,0.0,0,1,0,0,1.0,test
2025-06-02,SOUTH,Cameras & Optics,49.0,2025,23,0,0.0,0,1,0,0,1.0,test
2025-06-09,SOUTH,Cameras & Optics,54.0,2025,24,0,0.0,0,1,0,0,1.0,test
2025-06-16,SOUTH,Cameras & Optics,39.0,2025,25,0,0.0,0,1,0,0,1.0,test
2025-06-23,SOUTH,Cameras & Optics,43.0,2025,26,0,0.0,0,1,0,0,1.0,test
2025-06-30,SOUTH,Cameras & Optics,54.0,2025,27,0,0.0,0,1,0,0,1.0,test
2025-07-07,SOUTH,Cameras & Optics,45.0,2025,28,0,0.0,0,1,0,0,1.0,test
2025-07-14,SOUTH,Cameras & Optics,44.0,2025,29,0,0.0,0,1,0,0,1.0,test
2025-07-21,SOUTH,Cameras & Optics,47.0,2025,30,0,0.0,0,1,0,0,1.0,test
2025-07-28,SOUTH,Cameras & Optics,55.0,2025,31,0,0.0,0,1,0,0,1.0,test
2025-08-04,SOUTH,Cameras & Optics,50.0,2025,32,0,0.0,0,1,0,0,1.0,test
2025-08-11,SOUTH,Cameras & Optics,44.0,2025,33,0,0.0,0,1,0,0,1.0,test
2025-08-18,SOUTH,Cameras & Optics,38.0,2025,34,0,0.0,0,1,0,0,1.0,test
2025-08-25,SOUTH,Cameras & Optics,42.0,2025,35,0,0.0,0,1,0,0,1.0,test
2025-09-01,SOUTH,Cameras & Optics,44.0,2025,36,0,0.0,0,0,1,0,1.0,test
2025-09-08,SOUTH,Cameras & Optics,56.0,2025,37,0,0.0,0,0,1,0,1.0,test
2025-09-15,SOUTH,Cameras & Optics,40.0,2025,38,0,0.0,0,0,1,0,1.0,test
2025-09-22,SOUTH,Cameras & Optics,57.0,2025,39,0,0.0,0,0,1,0,1.0,test
2025-09-29,SOUTH,Cameras & Optics,38.0,2025,40,0,0.0,0,0,1,0,1.0,test
2025-10-06,SOUTH,Cameras & Optics,47.0,2025,41,0,0.0,0,0,0,0,1.0,test
2025-10-13,SOUTH,Cameras & Optics,36.0,2025,42,0,0.0,0,0,0,0,1.0,test
2025-10-20,SOUTH,Cameras & Optics,36.0,2025,43,0,0.0,0,0,0,0,1.0,test
2025-10-27,SOUTH,Cameras & Optics,46.0,2025,44,0,0.0,0,0,0,0,1.0,test
2025-11-03,SOUTH,Cameras & Optics,42.0,2025,45,0,0.0,0,0,0,0,1.0,test
2025-11-10,SOUTH,Cameras & Optics,33.0,2025,46,0,0.0,0,0,0,0,1.0,test
2025-11-17,SOUTH,Cameras & Optics,42.0,2025,47,0,0.0,0,0,0,0,1.0,test
2025-11-24,SOUTH,Cameras & Optics,35.0,2025,48,0,0.0,0,0,0,0,1.0,test
2025-12-01,SOUTH,Cameras & Optics,37.0,2025,49,0,0.0,0,0,0,0,1.0,test
2025-12-08,SOUTH,Cameras & Optics,40.0,2025,50,0,0.0,0,0,0,0,1.0,test
2025-12-15,SOUTH,Cameras & Optics,44.0,2025,51,0,0.0,0,0,0,0,1.0,test
2025-12-22,SOUTH,Cameras & Optics,45.0,2025,52,0,0.0,0,0,0,0,1.0,test
2024-01-01,SOUTH,Electronics,205.0,2024,1,0,0.0,0,0,0,1,1.0,train
2024-01-08,SOUTH,Electronics,199.0,2024,2,0,0.0,0,0,0,1,1.0,train
2024-01-15,SOUTH,Electronics,241.0,2024,3,0,0.0,0,0,0,1,1.0,train
2024-01-22,SOUTH,Electronics,219.0,2024,4,0,0.0,0,0,0,1,1.0,train
2024-01-29,SOUTH,Electronics,222.0,2024,5,0,0.0,0,0,0,1,1.0,train
2024-02-05,SOUTH,Electronics,211.0,2024,6,0,0.0,0,0,0,1,1.0,train
2024-02-12,SOUTH,Electronics,217.0,2024,7,0,0.0,0,0,0,1,1.0,train
2024-02-19,SOUTH,Electronics,211.0,2024,8,0,0.0,0,0,0,1,1.0,train
2024-02-26,SOUTH,Electronics,244.0,2024,9,0,0.0,0,0,0,1,1.0,train
2024-03-04,SOUTH,Electronics,263.0,2024,10,0,0.0,0,0,0,0,1.0,train
2024-03-11,SOUTH,Electronics,378.0,2024,11,1,0.0,0,0,0,0,1.15,train
2024-03-18,SOUTH,Electronics,400.0,2024,12,1,0.25,0,0,0,0,1.15,train
2024-03-25,SOUTH,Electronics,424.0,2024,13,1,0.5,0,0,0,0,1.15,train
2024-04-01,SOUTH,Electronics,424.0,2024,14,1,0.75,0,0,0,0,1.15,train
2024-04-08,SOUTH,Electronics,425.0,2024,15,1,1.0,1,0,0,0,1.15,train
2024-04-15,SOUTH,Electronics,247.0,2024,16,0,0.0,0,0,0,0,1.0,train
2024-04-22,SOUTH,Electronics,262.0,2024,17,0,0.0,0,0,0,0,1.0,train
2024-04-29,SOUTH,Electronics,258.0,2024,18,0,0.0,0,0,0,0,1.0,train
2024-05-06,SOUTH,Electronics,256.0,2024,19,0,0.0,0,0,0,0,1.0,train
2024-05-13,SOUTH,Electronics,240.0,2024,20,0,0.0,0,0,0,0,1.0,train
2024-05-20,SOUTH,Electronics,239.0,2024,21,0,0.0,0,0,0,0,1.0,train
2024-05-27,SOUTH,Electronics,265.0,2024,22,0,0.0,0,1,0,0,1.0,train
2024-06-03,SOUTH,Electronics,290.0,2024,23,0,0.0,0,1,0,0,1.0,train
2024-06-10,SOUTH,Electronics,293.0,2024,24,0,0.0,0,1,0,0,1.0,train
2024-06-17,SOUTH,Electronics,296.0,2024,25,0,0.0,0,1,0,0,1.0,train
2024-06-24,SOUTH,Electronics,305.0,2024,26,0,0.0,0,1,0,0,1.0,train
2024-07-01,SOUTH,Electronics,277.0,2024,27,0,0.0,0,1,0,0,1.0,train
2024-07-08,SOUTH,Electronics,278.0,2024,28,0,0.0,0,1,0,0,1.0,train
2024-07-15,SOUTH,Electronics,288.0,2024,29,0,0.0,0,1,0,0,1.0,train
2024-07-22,SOUTH,Electronics,307.0,2024,30,0,0.0,0,1,0,0,1.0,train
2024-07-29,SOUTH,Electronics,285.0,2024,31,0,0.0,0,1,0,0,1.0,train
2024-08-05,SOUTH,Electronics,315.0,2024,32,0,0.0,0,1,0,0,1.0,train
2024-08-12,SOUTH,Electronics,275.0,2024,33,0,0.0,0,1,0,0,1.0,train
2024-08-19,SOUTH,Electronics,283.0,2024,34,0,0.0,0,1,0,0,1.0,train
2024-08-26,SOUTH,Electronics,307.0,2024,35,0,0.0,0,1,1,0,1.0,train
2024-09-02,SOUTH,Electronics,353.0,2024,36,0,0.0,0,0,1,0,1.0,train
2024-09-09,SOUTH,Electronics,317.0,2024,37,0,0.0,0,0,1,0,1.0,train
2024-09-16,SOUTH,Electronics,293.0,2024,38,0,0.0,0,0,1,0,1.0,train
2024-09-23,SOUTH,Electronics,315.0,2024,39,0,0.0,0,0,1,0,1.0,train
2024-09-30,SOUTH,Electronics,245.0,2024,40,0,0.0,0,0,1,0,1.0,train
2024-10-07,SOUTH,Electronics,227.0,2024,41,0,0.0,0,0,0,0,1.0,train
2024-10-14,SOUTH,Electronics,265.0,2024,42,0,0.0,0,0,0,0,1.0,train
2024-10-21,SOUTH,Electronics,273.0,2024,43,0,0.0,0,0,0,0,1.0,train
2024-10-28,SOUTH,Electronics,239.0,2024,44,0,0.0,0,0,0,0,1.0,train
2024-11-04,SOUTH,Electronics,241.0,2024,45,0,0.0,0,0,0,0,1.0,validation
2024-11-11,SOUTH,Electronics,233.0,2024,46,0,0.0,0,0,0,0,1.0,validation
2024-11-18,SOUTH,Electronics,265.0,2024,47,0,0.0,0,0,0,0,1.0,validation
2024-11-25,SOUTH,Electronics,240.0,2024,48,0,0.0,0,0,0,0,1.0,validation
2024-12-02,SOUTH,Electronics,247.0,2024,49,0,0.0,0,0,0,0,1.0,validation
2024-12-09,SOUTH,Electronics,296.0,2024,50,0,0.0,0,0,0,0,1.0,validation
2024-12-16,SOUTH,Electronics,260.0,2024,51,0,0.0,0,0,0,0,1.0,validation
2024-12-23,SOUTH,Electronics,275.0,2024,52,0,0.0,0,0,0,0,1.0,validation
2024-12-30,SOUTH,Electronics,228.0,2025,1,0,0.0,0,0,0,1,1.0,test
2025-01-06,SOUTH,Electronics,218.0,2025,2,0,0.0,0,0,0,1,1.0,test
2025-01-13,SOUTH,Electronics,218.0,2025,3,0,0.0,0,0,0,1,1.0,test
2025-01-20,SOUTH,Electronics,229.0,2025,4,0,0.0,0,0,0,1,1.0,test
2025-01-27,SOUTH,Electronics,231.0,2025,5,0,0.0,0,0,0,1,1.0,test
2025-02-03,SOUTH,Electronics,257.0,2025,6,0,0.0,0,0,0,1,1.0,test
2025-02-10,SOUTH,Electronics,229.0,2025,7,0,0.0,0,0,0,1,1.0,test
2025-02-17,SOUTH,Electronics,228.0,2025,8,0,0.0,0,0,0,1,1.0,test
2025-02-24,SOUTH,Electronics,243.0,2025,9,1,0.0,0,0,0,1,1.15,test
2025-03-03,SOUTH,Electronics,385.0,2025,10,1,0.25,0,0,0,0,1.15,test
2025-03-10,SOUTH,Electronics,413.0,2025,11,1,0.5,0,0,0,0,1.15,test
2025-03-17,SOUTH,Electronics,454.0,2025,12,1,0.75,0,0,0,0,1.15,test
2025-03-24,SOUTH,Electronics,483.0,2025,13,1,1.0,1,0,0,0,1.15,test
2025-03-31,SOUTH,Electronics,254.0,2025,14,0,0.0,0,0,0,0,1.0,test
2025-04-07,SOUTH,Electronics,273.0,2025,15,0,0.0,0,0,0,0,1.0,test
2025-04-14,SOUTH,Electronics,259.0,2025,16,0,0.0,0,0,0,0,1.0,test
2025-04-21,SOUTH,Electronics,236.0,2025,17,0,0.0,0,0,0,0,1.0,test
2025-04-28,SOUTH,Electronics,236.0,2025,18,0,0.0,0,0,0,0,1.0,test
2025-05-05,SOUTH,Electronics,254.0,2025,19,0,0.0,0,0,0,0,1.0,test
2025-05-12,SOUTH,Electronics,243.0,2025,20,0,0.0,0,0,0,0,1.0,test
2025-05-19,SOUTH,Electronics,221.0,2025,21,0,0.0,0,0,0,0,1.0,test
2025-05-26,SOUTH,Electronics,244.0,2025,22,0,0.0,0,1,0,0,1.0,test
2025-06-02,SOUTH,Electronics,288.0,2025,23,0,0.0,0,1,0,0,1.0,test
2025-06-09,SOUTH,Electronics,313.0,2025,24,0,0.0,0,1,0,0,1.0,test
2025-06-16,SOUTH,Electronics,313.0,2025,25,0,0.0,0,1,0,0,1.0,test
2025-06-23,SOUTH,Electronics,261.0,2025,26,0,0.0,0,1,0,0,1.0,test
2025-06-30,SOUTH,Electronics,302.0,2025,27,0,0.0,0,1,0,0,1.0,test
2025-07-07,SOUTH,Electronics,312.0,2025,28,0,0.0,0,1,0,0,1.0,test
2025-07-14,SOUTH,Electronics,316.0,2025,29,0,0.0,0,1,0,0,1.0,test
2025-07-21,SOUTH,Electronics,334.0,2025,30,0,0.0,0,1,0,0,1.0,test
2025-07-28,SOUTH,Electronics,269.0,2025,31,0,0.0,0,1,0,0,1.0,test
2025-08-04,SOUTH,Electronics,286.0,2025,32,0,0.0,0,1,0,0,1.0,test
2025-08-11,SOUTH,Electronics,298.0,2025,33,0,0.0,0,1,0,0,1.0,test
2025-08-18,SOUTH,Electronics,347.0,2025,34,0,0.0,0,1,0,0,1.0,test
2025-08-25,SOUTH,Electronics,316.0,2025,35,0,0.0,0,1,0,0,1.0,test
2025-09-01,SOUTH,Electronics,321.0,2025,36,0,0.0,0,0,1,0,1.0,test
2025-09-08,SOUTH,Electronics,340.0,2025,37,0,0.0,0,0,1,0,1.0,test
2025-09-15,SOUTH,Electronics,316.0,2025,38,0,0.0,0,0,1,0,1.0,test
2025-09-22,SOUTH,Electronics,333.0,2025,39,0,0.0,0,0,1,0,1.0,test
2025-09-29,SOUTH,Electronics,281.0,2025,40,0,0.0,0,0,1,0,1.0,test
2025-10-06,SOUTH,Electronics,266.0,2025,41,0,0.0,0,0,0,0,1.0,test
2025-10-13,SOUTH,Electronics,215.0,2025,42,0,0.0,0,0,0,0,1.0,test
2025-10-20,SOUTH,Electronics,282.0,2025,43,0,0.0,0,0,0,0,1.0,test
2025-10-27,SOUTH,Electronics,256.0,2025,44,0,0.0,0,0,0,0,1.0,test
2025-11-03,SOUTH,Electronics,229.0,2025,45,0,0.0,0,0,0,0,1.0,test
2025-11-10,SOUTH,Electronics,227.0,2025,46,0,0.0,0,0,0,0,1.0,test
2025-11-17,SOUTH,Electronics,256.0,2025,47,0,0.0,0,0,0,0,1.0,test
2025-11-24,SOUTH,Electronics,214.0,2025,48,0,0.0,0,0,0,0,1.0,test
2025-12-01,SOUTH,Electronics,276.0,2025,49,0,0.0,0,0,0,0,1.0,test
2025-12-08,SOUTH,Electronics,277.0,2025,50,0,0.0,0,0,0,0,1.0,test
2025-12-15,SOUTH,Electronics,273.0,2025,51,0,0.0,0,0,0,0,1.0,test
2025-12-22,SOUTH,Electronics,275.0,2025,52,0,0.0,0,0,0,0,1.0,test
2024-01-01,SOUTH,Furniture,228.0,2024,1,0,0.0,0,0,0,1,1.0,train
2024-01-08,SOUTH,Furniture,216.0,2024,2,0,0.0,0,0,0,1,1.0,train
2024-01-15,SOUTH,Furniture,231.0,2024,3,0,0.0,0,0,0,1,1.0,train
2024-01-22,SOUTH,Furniture,228.0,2024,4,0,0.0,0,0,0,1,1.0,train
2024-01-29,SOUTH,Furniture,242.0,2024,5,0,0.0,0,0,0,1,1.0,train
2024-02-05,SOUTH,Furniture,210.0,2024,6,0,0.0,0,0,0,1,1.0,train
2024-02-12,SOUTH,Furniture,251.0,2024,7,0,0.0,0,0,0,1,1.0,train
2024-02-19,SOUTH,Furniture,245.0,2024,8,0,0.0,0,0,0,1,1.0,train
2024-02-26,SOUTH,Furniture,234.0,2024,9,0,0.0,0,0,0,1,1.0,train
2024-03-04,SOUTH,Furniture,287.0,2024,10,0,0.0,0,0,0,0,1.0,train
2024-03-11,SOUTH,Furniture,360.0,2024,11,1,0.0,0,0,0,0,1.25,train
2024-03-18,SOUTH,Furniture,348.0,2024,12,1,0.25,0,0,0,0,1.25,train
2024-03-25,SOUTH,Furniture,423.0,2024,13,1,0.5,0,0,0,0,1.25,train
2024-04-01,SOUTH,Furniture,472.0,2024,14,1,0.75,0,0,0,0,1.25,train
2024-04-08,SOUTH,Furniture,407.0,2024,15,1,1.0,1,0,0,0,1.25,train
2024-04-15,SOUTH,Furniture,261.0,2024,16,0,0.0,0,0,0,0,1.0,train
2024-04-22,SOUTH,Furniture,254.0,2024,17,0,0.0,0,0,0,0,1.0,train
2024-04-29,SOUTH,Furniture,245.0,2024,18,0,0.0,0,0,0,0,1.0,train
2024-05-06,SOUTH,Furniture,260.0,2024,19,0,0.0,0,0,0,0,1.0,train
2024-05-13,SOUTH,Furniture,250.0,2024,20,0,0.0,0,0,0,0,1.0,train
2024-05-20,SOUTH,Furniture,229.0,2024,21,0,0.0,0,0,0,0,1.0,train
2024-05-27,SOUTH,Furniture,220.0,2024,22,0,0.0,0,1,0,0,1.0,train
2024-06-03,SOUTH,Furniture,305.0,2024,23,0,0.0,0,1,0,0,1.0,train
2024-06-10,SOUTH,Furniture,330.0,2024,24,0,0.0,0,1,0,0,1.0,train
2024-06-17,SOUTH,Furniture,308.0,2024,25,0,0.0,0,1,0,0,1.0,train
2024-06-24,SOUTH,Furniture,289.0,2024,26,0,0.0,0,1,0,0,1.0,train
2024-07-01,SOUTH,Furniture,322.0,2024,27,0,0.0,0,1,0,0,1.0,train
2024-07-08,SOUTH,Furniture,301.0,2024,28,0,0.0,0,1,0,0,1.0,train
2024-07-15,SOUTH,Furniture,303.0,2024,29,0,0.0,0,1,0,0,1.0,train
2024-07-22,SOUTH,Furniture,307.0,2024,30,0,0.0,0,1,0,0,1.0,train
2024-07-29,SOUTH,Furniture,293.0,2024,31,0,0.0,0,1,0,0,1.0,train
2024-08-05,SOUTH,Furniture,319.0,2024,32,0,0.0,0,1,0,0,1.0,train
2024-08-12,SOUTH,Furniture,301.0,2024,33,0,0.0,0,1,0,0,1.0,train
2024-08-19,SOUTH,Furniture,272.0,2024,34,0,0.0,0,1,0,0,1.0,train
2024-08-26,SOUTH,Furniture,306.0,2024,35,0,0.0,0,1,1,0,1.0,train
2024-09-02,SOUTH,Furniture,306.0,2024,36,0,0.0,0,0,1,0,1.0,train
2024-09-09,SOUTH,Furniture,295.0,2024,37,0,0.0,0,0,1,0,1.0,train
2024-09-16,SOUTH,Furniture,337.0,2024,38,0,0.0,0,0,1,0,1.0,train
2024-09-23,SOUTH,Furniture,313.0,2024,39,0,0.0,0,0,1,0,1.0,train
2024-09-30,SOUTH,Furniture,275.0,2024,40,0,0.0,0,0,1,0,1.0,train
2024-10-07,SOUTH,Furniture,253.0,2024,41,0,0.0,0,0,0,0,1.0,train
2024-10-14,SOUTH,Furniture,260.0,2024,42,0,0.0,0,0,0,0,1.0,train
2024-10-21,SOUTH,Furniture,251.0,2024,43,0,0.0,0,0,0,0,1.0,train
2024-10-28,SOUTH,Furniture,257.0,2024,44,0,0.0,0,0,0,0,1.0,train
2024-11-04,SOUTH,Furniture,269.0,2024,45,0,0.0,0,0,0,0,1.0,validation
2024-11-11,SOUTH,Furniture,220.0,2024,46,0,0.0,0,0,0,0,1.0,validation
2024-11-18,SOUTH,Furniture,237.0,2024,47,0,0.0,0,0,0,0,1.0,validation
2024-11-25,SOUTH,Furniture,251.0,2024,48,0,0.0,0,0,0,0,1.0,validation
2024-12-02,SOUTH,Furniture,259.0,2024,49,0,0.0,0,0,0,0,1.0,validation
2024-12-09,SOUTH,Furniture,279.0,2024,50,0,0.0,0,0,0,0,1.0,validation
2024-12-16,SOUTH,Furniture,264.0,2024,51,0,0.0,0,0,0,0,1.0,validation
2024-12-23,SOUTH,Furniture,287.0,2024,52,0,0.0,0,0,0,0,1.0,validation
2024-12-30,SOUTH,Furniture,229.0,2025,1,0,0.0,0,0,0,1,1.0,test
2025-01-06,SOUTH,Furniture,217.0,2025,2,0,0.0,0,0,0,1,1.0,test
2025-01-13,SOUTH,Furniture,251.0,2025,3,0,0.0,0,0,0,1,1.0,test
2025-01-20,SOUTH,Furniture,236.0,2025,4,0,0.0,0,0,0,1,1.0,test
2025-01-27,SOUTH,Furniture,193.0,2025,5,0,0.0,0,0,0,1,1.0,test
2025-02-03,SOUTH,Furniture,237.0,2025,6,0,0.0,0,0,0,1,1.0,test
2025-02-10,SOUTH,Furniture,205.0,2025,7,0,0.0,0,0,0,1,1.0,test
2025-02-17,SOUTH,Furniture,215.0,2025,8,0,0.0,0,0,0,1,1.0,test
2025-02-24,SOUTH,Furniture,256.0,2025,9,1,0.0,0,0,0,1,1.25,test
2025-03-03,SOUTH,Furniture,374.0,2025,10,1,0.25,0,0,0,0,1.25,test
2025-03-10,SOUTH,Furniture,398.0,2025,11,1,0.5,0,0,0,0,1.25,test
2025-03-17,SOUTH,Furniture,410.0,2025,12,1,0.75,0,0,0,0,1.25,test
2025-03-24,SOUTH,Furniture,476.0,2025,13,1,1.0,1,0,0,0,1.25,test
2025-03-31,SOUTH,Furniture,270.0,2025,14,0,0.0,0,0,0,0,1.0,test
2025-04-07,SOUTH,Furniture,210.0,2025,15,0,0.0,0,0,0,0,1.0,test
2025-04-14,SOUTH,Furniture,260.0,2025,16,0,0.0,0,0,0,0,1.0,test
2025-04-21,SOUTH,Furniture,261.0,2025,17,0,0.0,0,0,0,0,1.0,test
2025-04-28,SOUTH,Furniture,247.0,2025,18,0,0.0,0,0,0,0,1.0,test
2025-05-05,SOUTH,Furniture,254.0,2025,19,0,0.0,0,0,0,0,1.0,test
2025-05-12,SOUTH,Furniture,259.0,2025,20,0,0.0,0,0,0,0,1.0,test
2025-05-19,SOUTH,Furniture,235.0,2025,21,0,0.0,0,0,0,0,1.0,test
2025-05-26,SOUTH,Furniture,254.0,2025,22,0,0.0,0,1,0,0,1.0,test
2025-06-02,SOUTH,Furniture,263.0,2025,23,0,0.0,0,1,0,0,1.0,test
2025-06-09,SOUTH,Furniture,268.0,2025,24,0,0.0,0,1,0,0,1.0,test
2025-06-16,SOUTH,Furniture,287.0,2025,25,0,0.0,0,1,0,0,1.0,test
2025-06-23,SOUTH,Furniture,258.0,2025,26,0,0.0,0,1,0,0,1.0,test
2025-06-30,SOUTH,Furniture,318.0,2025,27,0,0.0,0,1,0,0,1.0,test
2025-07-07,SOUTH,Furniture,294.0,2025,28,0,0.0,0,1,0,0,1.0,test
2025-07-14,SOUTH,Furniture,310.0,2025,29,0,0.0,0,1,0,0,1.0,test
2025-07-21,SOUTH,Furniture,293.0,2025,30,0,0.0,0,1,0,0,1.0,test
2025-07-28,SOUTH,Furniture,299.0,2025,31,0,0.0,0,1,0,0,1.0,test
2025-08-04,SOUTH,Furniture,316.0,2025,32,0,0.0,0,1,0,0,1.0,test
2025-08-11,SOUTH,Furniture,306.0,2025,33,0,0.0,0,1,0,0,1.0,test
2025-08-18,SOUTH,Furniture,303.0,2025,34,0,0.0,0,1,0,0,1.0,test
2025-08-25,SOUTH,Furniture,313.0,2025,35,0,0.0,0,1,0,0,1.0,test
2025-09-01,SOUTH,Furniture,340.0,2025,36,0,0.0,0,0,1,0,1.0,test
2025-09-08,SOUTH,Furniture,324.0,2025,37,0,0.0,0,0,1,0,1.0,test
2025-09-15,SOUTH,Furniture,335.0,2025,38,0,0.0,0,0,1,0,1.0,test
2025-09-22,SOUTH,Furniture,327.0,2025,39,0,0.0,0,0,1,0,1.0,test
2025-09-29,SOUTH,Furniture,308.0,2025,40,0,0.0,0,0,1,0,1.0,test
2025-10-06,SOUTH,Furniture,249.0,2025,41,0,0.0,0,0,0,0,1.0,test
2025-10-13,SOUTH,Furniture,242.0,2025,42,0,0.0,0,0,0,0,1.0,test
2025-10-20,SOUTH,Furniture,246.0,2025,43,0,0.0,0,0,0,0,1.0,test
2025-10-27,SOUTH,Furniture,218.0,2025,44,0,0.0,0,0,0,0,1.0,test
2025-11-03,SOUTH,Furniture,227.0,2025,45,0,0.0,0,0,0,0,1.0,test
2025-11-10,SOUTH,Furniture,240.0,2025,46,0,0.0,0,0,0,0,1.0,test
2025-11-17,SOUTH,Furniture,252.0,2025,47,0,0.0,0,0,0,0,1.0,test
2025-11-24,SOUTH,Furniture,245.0,2025,48,0,0.0,0,0,0,0,1.0,test
2025-12-01,SOUTH,Furniture,286.0,2025,49,0,0.0,0,0,0,0,1.0,test
2025-12-08,SOUTH,Furniture,286.0,2025,50,0,0.0,0,0,0,0,1.0,test
2025-12-15,SOUTH,Furniture,258.0,2025,51,0,0.0,0,0,0,0,1.0,test
2025-12-22,SOUTH,Furniture,276.0,2025,52,0,0.0,0,0,0,0,1.0,test
2024-01-01,SOUTH,Hardware,201.0,2024,1,0,0.0,0,0,0,1,1.0,train
2024-01-08,SOUTH,Hardware,184.0,2024,2,0,0.0,0,0,0,1,1.0,train
2024-01-15,SOUTH,Hardware,172.0,2024,3,0,0.0,0,0,0,1,1.0,train
2024-01-22,SOUTH,Hardware,179.0,2024,4,0,0.0,0,0,0,1,1.0,train
2024-01-29,SOUTH,Hardware,191.0,2024,5,0,0.0,0,0,0,1,1.0,train
2024-02-05,SOUTH,Hardware,191.0,2024,6,0,0.0,0,0,0,1,1.0,train
2024-02-12,SOUTH,Hardware,173.0,2024,7,0,0.0,0,0,0,1,1.0,train
2024-02-19,SOUTH,Hardware,185.0,2024,8,0,0.0,0,0,0,1,1.0,train
2024-02-26,SOUTH,Hardware,211.0,2024,9,0,0.0,0,0,0,1,1.0,train
2024-03-04,SOUTH,Hardware,216.0,2024,10,0,0.0,0,0,0,0,1.0,train
2024-03-11,SOUTH,Hardware,261.0,2024,11,1,0.0,0,0,0,0,1.0,train
2024-03-18,SOUTH,Hardware,311.0,2024,12,1,0.25,0,0,0,0,1.0,train
2024-03-25,SOUTH,Hardware,364.0,2024,13,1,0.5,0,0,0,0,1.0,train
2024-04-01,SOUTH,Hardware,358.0,2024,14,1,0.75,0,0,0,0,1.0,train
2024-04-08,SOUTH,Hardware,363.0,2024,15,1,1.0,1,0,0,0,1.0,train
2024-04-15,SOUTH,Hardware,210.0,2024,16,0,0.0,0,0,0,0,1.0,train
2024-04-22,SOUTH,Hardware,201.0,2024,17,0,0.0,0,0,0,0,1.0,train
2024-04-29,SOUTH,Hardware,172.0,2024,18,0,0.0,0,0,0,0,1.0,train
2024-05-06,SOUTH,Hardware,217.0,2024,19,0,0.0,0,0,0,0,1.0,train
2024-05-13,SOUTH,Hardware,200.0,2024,20,0,0.0,0,0,0,0,1.0,train
2024-05-20,SOUTH,Hardware,214.0,2024,21,0,0.0,0,0,0,0,1.0,train
2024-05-27,SOUTH,Hardware,210.0,2024,22,0,0.0,0,1,0,0,1.0,train
2024-06-03,SOUTH,Hardware,246.0,2024,23,0,0.0,0,1,0,0,1.0,train
2024-06-10,SOUTH,Hardware,255.0,2024,24,0,0.0,0,1,0,0,1.0,train
2024-06-17,SOUTH,Hardware,245.0,2024,25,0,0.0,0,1,0,0,1.0,train
2024-06-24,SOUTH,Hardware,252.0,2024,26,0,0.0,0,1,0,0,1.0,train
2024-07-01,SOUTH,Hardware,213.0,2024,27,0,0.0,0,1,0,0,1.0,train
2024-07-08,SOUTH,Hardware,268.0,2024,28,0,0.0,0,1,0,0,1.0,train
2024-07-15,SOUTH,Hardware,247.0,2024,29,0,0.0,0,1,0,0,1.0,train
2024-07-22,SOUTH,Hardware,246.0,2024,30,0,0.0,0,1,0,0,1.0,train
2024-07-29,SOUTH,Hardware,254.0,2024,31,0,0.0,0,1,0,0,1.0,train
2024-08-05,SOUTH,Hardware,261.0,2024,32,0,0.0,0,1,0,0,1.0,train
2024-08-12,SOUTH,Hardware,237.0,2024,33,0,0.0,0,1,0,0,1.0,train
2024-08-19,SOUTH,Hardware,219.0,2024,34,0,0.0,0,1,0,0,1.0,train
2024-08-26,SOUTH,Hardware,235.0,2024,35,0,0.0,0,1,1,0,1.0,train
2024-09-02,SOUTH,Hardware,254.0,2024,36,0,0.0,0,0,1,0,1.0,train
2024-09-09,SOUTH,Hardware,240.0,2024,37,0,0.0,0,0,1,0,1.0,train
2024-09-16,SOUTH,Hardware,264.0,2024,38,0,0.0,0,0,1,0,1.0,train
2024-09-23,SOUTH,Hardware,235.0,2024,39,0,0.0,0,0,1,0,1.0,train
2024-09-30,SOUTH,Hardware,208.0,2024,40,0,0.0,0,0,1,0,1.0,train
2024-10-07,SOUTH,Hardware,195.0,2024,41,0,0.0,0,0,0,0,1.0,train
2024-10-14,SOUTH,Hardware,210.0,2024,42,0,0.0,0,0,0,0,1.0,train
2024-10-21,SOUTH,Hardware,201.0,2024,43,0,0.0,0,0,0,0,1.0,train
2024-10-28,SOUTH,Hardware,206.0,2024,44,0,0.0,0,0,0,0,1.0,train
2024-11-04,SOUTH,Hardware,208.0,2024,45,0,0.0,0,0,0,0,1.0,validation
2024-11-11,SOUTH,Hardware,195.0,2024,46,0,0.0,0,0,0,0,1.0,validation
2024-11-18,SOUTH,Hardware,195.0,2024,47,0,0.0,0,0,0,0,1.0,validation
2024-11-25,SOUTH,Hardware,206.0,2024,48,0,0.0,0,0,0,0,1.0,validation
2024-12-02,SOUTH,Hardware,208.0,2024,49,0,0.0,0,0,0,0,1.0,validation
2024-12-09,SOUTH,Hardware,233.0,2024,50,0,0.0,0,0,0,0,1.0,validation
2024-12-16,SOUTH,Hardware,230.0,2024,51,0,0.0,0,0,0,0,1.0,validation
2024-12-23,SOUTH,Hardware,219.0,2024,52,0,0.0,0,0,0,0,1.0,validation
2024-12-30,SOUTH,Hardware,205.0,2025,1,0,0.0,0,0,0,1,1.0,test
2025-01-06,SOUTH,Hardware,160.0,2025,2,0,0.0,0,0,0,1,1.0,test
2025-01-13,SOUTH,Hardware,187.0,2025,3,0,0.0,0,0,0,1,1.0,test
2025-01-20,SOUTH,Hardware,194.0,2025,4,0,0.0,0,0,0,1,1.0,test
2025-01-27,SOUTH,Hardware,192.0,2025,5,0,0.0,0,0,0,1,1.0,test
2025-02-03,SOUTH,Hardware,169.0,2025,6,0,0.0,0,0,0,1,1.0,test
2025-02-10,SOUTH,Hardware,171.0,2025,7,0,0.0,0,0,0,1,1.0,test
2025-02-17,SOUTH,Hardware,184.0,2025,8,0,0.0,0,0,0,1,1.0,test
2025-02-24,SOUTH,Hardware,214.0,2025,9,1,0.0,0,0,0,1,1.0,test
2025-03-03,SOUTH,Hardware,294.0,2025,10,1,0.25,0,0,0,0,1.0,test
2025-03-10,SOUTH,Hardware,354.0,2025,11,1,0.5,0,0,0,0,1.0,test
2025-03-17,SOUTH,Hardware,367.0,2025,12,1,0.75,0,0,0,0,1.0,test
2025-03-24,SOUTH,Hardware,413.0,2025,13,1,1.0,1,0,0,0,1.0,test
2025-03-31,SOUTH,Hardware,207.0,2025,14,0,0.0,0,0,0,0,1.0,test
2025-04-07,SOUTH,Hardware,199.0,2025,15,0,0.0,0,0,0,0,1.0,test
2025-04-14,SOUTH,Hardware,222.0,2025,16,0,0.0,0,0,0,0,1.0,test
2025-04-21,SOUTH,Hardware,200.0,2025,17,0,0.0,0,0,0,0,1.0,test
2025-04-28,SOUTH,Hardware,205.0,2025,18,0,0.0,0,0,0,0,1.0,test
2025-05-05,SOUTH,Hardware,205.0,2025,19,0,0.0,0,0,0,0,1.0,test
2025-05-12,SOUTH,Hardware,209.0,2025,20,0,0.0,0,0,0,0,1.0,test
2025-05-19,SOUTH,Hardware,220.0,2025,21,0,0.0,0,0,0,0,1.0,test
2025-05-26,SOUTH,Hardware,224.0,2025,22,0,0.0,0,1,0,0,1.0,test
2025-06-02,SOUTH,Hardware,239.0,2025,23,0,0.0,0,1,0,0,1.0,test
2025-06-09,SOUTH,Hardware,244.0,2025,24,0,0.0,0,1,0,0,1.0,test
2025-06-16,SOUTH,Hardware,226.0,2025,25,0,0.0,0,1,0,0,1.0,test
2025-06-23,SOUTH,Hardware,235.0,2025,26,0,0.0,0,1,0,0,1.0,test
2025-06-30,SOUTH,Hardware,244.0,2025,27,0,0.0,0,1,0,0,1.0,test
2025-07-07,SOUTH,Hardware,243.0,2025,28,0,0.0,0,1,0,0,1.0,test
2025-07-14,SOUTH,Hardware,285.0,2025,29,0,0.0,0,1,0,0,1.0,test
2025-07-21,SOUTH,Hardware,214.0,2025,30,0,0.0,0,1,0,0,1.0,test
2025-07-28,SOUTH,Hardware,253.0,2025,31,0,0.0,0,1,0,0,1.0,test
2025-08-04,SOUTH,Hardware,241.0,2025,32,0,0.0,0,1,0,0,1.0,test
2025-08-11,SOUTH,Hardware,221.0,2025,33,0,0.0,0,1,0,0,1.0,test
2025-08-18,SOUTH,Hardware,287.0,2025,34,0,0.0,0,1,0,0,1.0,test
2025-08-25,SOUTH,Hardware,245.0,2025,35,0,0.0,0,1,0,0,1.0,test
2025-09-01,SOUTH,Hardware,259.0,2025,36,0,0.0,0,0,1,0,1.0,test
2025-09-08,SOUTH,Hardware,268.0,2025,37,0,0.0,0,0,1,0,1.0,test
2025-09-15,SOUTH,Hardware,285.0,2025,38,0,0.0,0,0,1,0,1.0,test
2025-09-22,SOUTH,Hardware,301.0,2025,39,0,0.0,0,0,1,0,1.0,test
2025-09-29,SOUTH,Hardware,241.0,2025,40,0,0.0,0,0,1,0,1.0,test
2025-10-06,SOUTH,Hardware,229.0,2025,41,0,0.0,0,0,0,0,1.0,test
2025-10-13,SOUTH,Hardware,204.0,2025,42,0,0.0,0,0,0,0,1.0,test
2025-10-20,SOUTH,Hardware,208.0,2025,43,0,0.0,0,0,0,0,1.0,test
2025-10-27,SOUTH,Hardware,207.0,2025,44,0,0.0,0,0,0,0,1.0,test
2025-11-03,SOUTH,Hardware,197.0,2025,45,0,0.0,0,0,0,0,1.0,test
2025-11-10,SOUTH,Hardware,216.0,2025,46,0,0.0,0,0,0,0,1.0,test
2025-11-17,SOUTH,Hardware,229.0,2025,47,0,0.0,0,0,0,0,1.0,test
2025-11-24,SOUTH,Hardware,217.0,2025,48,0,0.0,0,0,0,0,1.0,test
2025-12-01,SOUTH,Hardware,245.0,2025,49,0,0.0,0,0,0,0,1.0,test
2025-12-08,SOUTH,Hardware,218.0,2025,50,0,0.0,0,0,0,0,1.0,test
2025-12-15,SOUTH,Hardware,234.0,2025,51,0,0.0,0,0,0,0,1.0,test
2025-12-22,SOUTH,Hardware,229.0,2025,52,0,0.0,0,0,0,0,1.0,test
2024-01-01,SOUTH,Health & Beauty,260.0,2024,1,0,0.0,0,0,0,1,1.0,train
2024-01-08,SOUTH,Health & Beauty,245.0,2024,2,0,0.0,0,0,0,1,1.0,train
2024-01-15,SOUTH,Health & Beauty,253.0,2024,3,0,0.0,0,0,0,1,1.0,train
2024-01-22,SOUTH,Health & Beauty,232.0,2024,4,0,0.0,0,0,0,1,1.0,train
2024-01-29,SOUTH,Health & Beauty,242.0,2024,5,0,0.0,0,0,0,1,1.0,train
2024-02-05,SOUTH,Health & Beauty,218.0,2024,6,0,0.0,0,0,0,1,1.0,train
2024-02-12,SOUTH,Health & Beauty,234.0,2024,7,0,0.0,0,0,0,1,1.0,train
2024-02-19,SOUTH,Health & Beauty,228.0,2024,8,0,0.0,0,0,0,1,1.0,train
2024-02-26,SOUTH,Health & Beauty,218.0,2024,9,0,0.0,0,0,0,1,1.0,train
2024-03-04,SOUTH,Health & Beauty,296.0,2024,10,0,0.0,0,0,0,0,1.0,train
2024-03-11,SOUTH,Health & Beauty,334.0,2024,11,1,0.0,0,0,0,0,1.2,train
2024-03-18,SOUTH,Health & Beauty,403.0,2024,12,1,0.25,0,0,0,0,1.2,train
2024-03-25,SOUTH,Health & Beauty,433.0,2024,13,1,0.5,0,0,0,0,1.2,train
2024-04-01,SOUTH,Health & Beauty,437.0,2024,14,1,0.75,0,0,0,0,1.2,train
2024-04-08,SOUTH,Health & Beauty,380.0,2024,15,1,1.0,1,0,0,0,1.2,train
2024-04-15,SOUTH,Health & Beauty,239.0,2024,16,0,0.0,0,0,0,0,1.0,train
2024-04-22,SOUTH,Health & Beauty,242.0,2024,17,0,0.0,0,0,0,0,1.0,train
2024-04-29,SOUTH,Health & Beauty,233.0,2024,18,0,0.0,0,0,0,0,1.0,train
2024-05-06,SOUTH,Health & Beauty,245.0,2024,19,0,0.0,0,0,0,0,1.0,train
2024-05-13,SOUTH,Health & Beauty,260.0,2024,20,0,0.0,0,0,0,0,1.0,train
2024-05-20,SOUTH,Health & Beauty,227.0,2024,21,0,0.0,0,0,0,0,1.0,train
2024-05-27,SOUTH,Health & Beauty,236.0,2024,22,0,0.0,0,1,0,0,1.0,train
2024-06-03,SOUTH,Health & Beauty,304.0,2024,23,0,0.0,0,1,0,0,1.0,train
2024-06-10,SOUTH,Health & Beauty,315.0,2024,24,0,0.0,0,1,0,0,1.0,train
2024-06-17,SOUTH,Health & Beauty,280.0,2024,25,0,0.0,0,1,0,0,1.0,train
2024-06-24,SOUTH,Health & Beauty,292.0,2024,26,0,0.0,0,1,0,0,1.0,train
2024-07-01,SOUTH,Health & Beauty,294.0,2024,27,0,0.0,0,1,0,0,1.0,train
2024-07-08,SOUTH,Health & Beauty,302.0,2024,28,0,0.0,0,1,0,0,1.0,train
2024-07-15,SOUTH,Health & Beauty,318.0,2024,29,0,0.0,0,1,0,0,1.0,train
2024-07-22,SOUTH,Health & Beauty,310.0,2024,30,0,0.0,0,1,0,0,1.0,train
2024-07-29,SOUTH,Health & Beauty,284.0,2024,31,0,0.0,0,1,0,0,1.0,train
2024-08-05,SOUTH,Health & Beauty,325.0,2024,32,0,0.0,0,1,0,0,1.0,train
2024-08-12,SOUTH,Health & Beauty,314.0,2024,33,0,0.0,0,1,0,0,1.0,train
2024-08-19,SOUTH,Health & Beauty,290.0,2024,34,0,0.0,0,1,0,0,1.0,train
2024-08-26,SOUTH,Health & Beauty,300.0,2024,35,0,0.0,0,1,1,0,1.0,train
2024-09-02,SOUTH,Health & Beauty,344.0,2024,36,0,0.0,0,0,1,0,1.0,train
2024-09-09,SOUTH,Health & Beauty,300.0,2024,37,0,0.0,0,0,1,0,1.0,train
2024-09-16,SOUTH,Health & Beauty,329.0,2024,38,0,0.0,0,0,1,0,1.0,train
2024-09-23,SOUTH,Health & Beauty,339.0,2024,39,0,0.0,0,0,1,0,1.0,train
2024-09-30,SOUTH,Health & Beauty,257.0,2024,40,0,0.0,0,0,1,0,1.0,train
2024-10-07,SOUTH,Health & Beauty,234.0,2024,41,0,0.0,0,0,0,0,1.0,train
2024-10-14,SOUTH,Health & Beauty,280.0,2024,42,0,0.0,0,0,0,0,1.0,train
2024-10-21,SOUTH,Health & Beauty,267.0,2024,43,0,0.0,0,0,0,0,1.0,train
2024-10-28,SOUTH,Health & Beauty,263.0,2024,44,0,0.0,0,0,0,0,1.0,train
2024-11-04,SOUTH,Health & Beauty,255.0,2024,45,0,0.0,0,0,0,0,1.0,validation
2024-11-11,SOUTH,Health & Beauty,239.0,2024,46,0,0.0,0,0,0,0,1.0,validation
2024-11-18,SOUTH,Health & Beauty,249.0,2024,47,0,0.0,0,0,0,0,1.0,validation
2024-11-25,SOUTH,Health & Beauty,225.0,2024,48,0,0.0,0,0,0,0,1.0,validation
2024-12-02,SOUTH,Health & Beauty,282.0,2024,49,0,0.0,0,0,0,0,1.0,validation
2024-12-09,SOUTH,Health & Beauty,295.0,2024,50,0,0.0,0,0,0,0,1.0,validation
2024-12-16,SOUTH,Health & Beauty,278.0,2024,51,0,0.0,0,0,0,0,1.0,validation
2024-12-23,SOUTH,Health & Beauty,268.0,2024,52,0,0.0,0,0,0,0,1.0,validation
2024-12-30,SOUTH,Health & Beauty,249.0,2025,1,0,0.0,0,0,0,1,1.0,test
2025-01-06,SOUTH,Health & Beauty,226.0,2025,2,0,0.0,0,0,0,1,1.0,test
2025-01-13,SOUTH,Health & Beauty,228.0,2025,3,0,0.0,0,0,0,1,1.0,test
2025-01-20,SOUTH,Health & Beauty,227.0,2025,4,0,0.0,0,0,0,1,1.0,test
2025-01-27,SOUTH,Health & Beauty,230.0,2025,5,0,0.0,0,0,0,1,1.0,test
2025-02-03,SOUTH,Health & Beauty,223.0,2025,6,0,0.0,0,0,0,1,1.0,test
2025-02-10,SOUTH,Health & Beauty,223.0,2025,7,0,0.0,0,0,0,1,1.0,test
2025-02-17,SOUTH,Health & Beauty,228.0,2025,8,0,0.0,0,0,0,1,1.0,test
2025-02-24,SOUTH,Health & Beauty,250.0,2025,9,1,0.0,0,0,0,1,1.2,test
2025-03-03,SOUTH,Health & Beauty,360.0,2025,10,1,0.25,0,0,0,0,1.2,test
2025-03-10,SOUTH,Health & Beauty,384.0,2025,11,1,0.5,0,0,0,0,1.2,test
2025-03-17,SOUTH,Health & Beauty,458.0,2025,12,1,0.75,0,0,0,0,1.2,test
2025-03-24,SOUTH,Health & Beauty,455.0,2025,13,1,1.0,1,0,0,0,1.2,test
2025-03-31,SOUTH,Health & Beauty,266.0,2025,14,0,0.0,0,0,0,0,1.0,test
2025-04-07,SOUTH,Health & Beauty,263.0,2025,15,0,0.0,0,0,0,0,1.0,test
2025-04-14,SOUTH,Health & Beauty,259.0,2025,16,0,0.0,0,0,0,0,1.0,test
2025-04-21,SOUTH,Health & Beauty,237.0,2025,17,0,0.0,0,0,0,0,1.0,test
2025-04-28,SOUTH,Health & Beauty,252.0,2025,18,0,0.0,0,0,0,0,1.0,test
2025-05-05,SOUTH,Health & Beauty,222.0,2025,19,0,0.0,0,0,0,0,1.0,test
2025-05-12,SOUTH,Health & Beauty,253.0,2025,20,0,0.0,0,0,0,0,1.0,test
2025-05-19,SOUTH,Health & Beauty,234.0,2025,21,0,0.0,0,0,0,0,1.0,test
2025-05-26,SOUTH,Health & Beauty,270.0,2025,22,0,0.0,0,1,0,0,1.0,test
2025-06-02,SOUTH,Health & Beauty,255.0,2025,23,0,0.0,0,1,0,0,1.0,test
2025-06-09,SOUTH,Health & Beauty,301.0,2025,24,0,0.0,0,1,0,0,1.0,test
2025-06-16,SOUTH,Health & Beauty,304.0,2025,25,0,0.0,0,1,0,0,1.0,test
2025-06-23,SOUTH,Health & Beauty,282.0,2025,26,0,0.0,0,1,0,0,1.0,test
2025-06-30,SOUTH,Health & Beauty,303.0,2025,27,0,0.0,0,1,0,0,1.0,test
2025-07-07,SOUTH,Health & Beauty,320.0,2025,28,0,0.0,0,1,0,0,1.0,test
2025-07-14,SOUTH,Health & Beauty,293.0,2025,29,0,0.0,0,1,0,0,1.0,test
2025-07-21,SOUTH,Health & Beauty,279.0,2025,30,0,0.0,0,1,0,0,1.0,test
2025-07-28,SOUTH,Health & Beauty,284.0,2025,31,0,0.0,0,1,0,0,1.0,test
2025-08-04,SOUTH,Health & Beauty,283.0,2025,32,0,0.0,0,1,0,0,1.0,test
2025-08-11,SOUTH,Health & Beauty,315.0,2025,33,0,0.0,0,1,0,0,1.0,test
2025-08-18,SOUTH,Health & Beauty,260.0,2025,34,0,0.0,0,1,0,0,1.0,test
2025-08-25,SOUTH,Health & Beauty,328.0,2025,35,0,0.0,0,1,0,0,1.0,test
2025-09-01,SOUTH,Health & Beauty,339.0,2025,36,0,0.0,0,0,1,0,1.0,test
2025-09-08,SOUTH,Health & Beauty,308.0,2025,37,0,0.0,0,0,1,0,1.0,test
2025-09-15,SOUTH,Health & Beauty,336.0,2025,38,0,0.0,0,0,1,0,1.0,test
2025-09-22,SOUTH,Health & Beauty,294.0,2025,39,0,0.0,0,0,1,0,1.0,test
2025-09-29,SOUTH,Health & Beauty,283.0,2025,40,0,0.0,0,0,1,0,1.0,test
2025-10-06,SOUTH,Health & Beauty,219.0,2025,41,0,0.0,0,0,0,0,1.0,test
2025-10-13,SOUTH,Health & Beauty,235.0,2025,42,0,0.0,0,0,0,0,1.0,test
2025-10-20,SOUTH,Health & Beauty,230.0,2025,43,0,0.0,0,0,0,0,1.0,test
2025-10-27,SOUTH,Health & Beauty,271.0,2025,44,0,0.0,0,0,0,0,1.0,test
2025-11-03,SOUTH,Health & Beauty,260.0,2025,45,0,0.0,0,0,0,0,1.0,test
2025-11-10,SOUTH,Health & Beauty,254.0,2025,46,0,0.0,0,0,0,0,1.0,test
2025-11-17,SOUTH,Health & Beauty,241.0,2025,47,0,0.0,0,0,0,0,1.0,test
2025-11-24,SOUTH,Health & Beauty,248.0,2025,48,0,0.0,0,0,0,0,1.0,test
2025-12-01,SOUTH,Health & Beauty,271.0,2025,49,0,0.0,0,0,0,0,1.0,test
2025-12-08,SOUTH,Health & Beauty,272.0,2025,50,0,0.0,0,0,0,0,1.0,test
2025-12-15,SOUTH,Health & Beauty,261.0,2025,51,0,0.0,0,0,0,0,1.0,test
2025-12-22,SOUTH,Health & Beauty,272.0,2025,52,0,0.0,0,0,0,0,1.0,test
2024-01-01,SOUTH,Home & Garden,573.0,2024,1,0,0.0,0,0,0,1,1.0,train
2024-01-08,SOUTH,Home & Garden,523.0,2024,2,0,0.0,0,0,0,1,1.0,train
2024-01-15,SOUTH,Home & Garden,607.0,2024,3,0,0.0,0,0,0,1,1.0,train
2024-01-22,SOUTH,Home & Garden,573.0,2024,4,0,0.0,0,0,0,1,1.0,train
2024-01-29,SOUTH,Home & Garden,527.0,2024,5,0,0.0,0,0,0,1,1.0,train
2024-02-05,SOUTH,Home & Garden,561.0,2024,6,0,0.0,0,0,0,1,1.0,train
2024-02-12,SOUTH,Home & Garden,585.0,2024,7,0,0.0,0,0,0,1,1.0,train
2024-02-19,SOUTH,Home & Garden,573.0,2024,8,0,0.0,0,0,0,1,1.0,train
2024-02-26,SOUTH,Home & Garden,586.0,2024,9,0,0.0,0,0,0,1,1.0,train
2024-03-04,SOUTH,Home & Garden,750.0,2024,10,0,0.0,0,0,0,0,1.0,train
2024-03-11,SOUTH,Home & Garden,981.0,2024,11,1,0.0,0,0,0,0,1.25,train
2024-03-18,SOUTH,Home & Garden,1003.0,2024,12,1,0.25,0,0,0,0,1.25,train
2024-03-25,SOUTH,Home & Garden,1123.0,2024,13,1,0.5,0,0,0,0,1.25,train
2024-04-01,SOUTH,Home & Garden,1189.0,2024,14,1,0.75,0,0,0,0,1.25,train
2024-04-08,SOUTH,Home & Garden,1036.0,2024,15,1,1.0,1,0,0,0,1.25,train
2024-04-15,SOUTH,Home & Garden,624.0,2024,16,0,0.0,0,0,0,0,1.0,train
2024-04-22,SOUTH,Home & Garden,645.0,2024,17,0,0.0,0,0,0,0,1.0,train
2024-04-29,SOUTH,Home & Garden,611.0,2024,18,0,0.0,0,0,0,0,1.0,train
2024-05-06,SOUTH,Home & Garden,641.0,2024,19,0,0.0,0,0,0,0,1.0,train
2024-05-13,SOUTH,Home & Garden,639.0,2024,20,0,0.0,0,0,0,0,1.0,train
2024-05-20,SOUTH,Home & Garden,637.0,2024,21,0,0.0,0,0,0,0,1.0,train
2024-05-27,SOUTH,Home & Garden,660.0,2024,22,0,0.0,0,1,0,0,1.0,train
2024-06-03,SOUTH,Home & Garden,760.0,2024,23,0,0.0,0,1,0,0,1.0,train
2024-06-10,SOUTH,Home & Garden,748.0,2024,24,0,0.0,0,1,0,0,1.0,train
2024-06-17,SOUTH,Home & Garden,739.0,2024,25,0,0.0,0,1,0,0,1.0,train
2024-06-24,SOUTH,Home & Garden,801.0,2024,26,0,0.0,0,1,0,0,1.0,train
2024-07-01,SOUTH,Home & Garden,762.0,2024,27,0,0.0,0,1,0,0,1.0,train
2024-07-08,SOUTH,Home & Garden,768.0,2024,28,0,0.0,0,1,0,0,1.0,train
2024-07-15,SOUTH,Home & Garden,779.0,2024,29,0,0.0,0,1,0,0,1.0,train
2024-07-22,SOUTH,Home & Garden,714.0,2024,30,0,0.0,0,1,0,0,1.0,train
2024-07-29,SOUTH,Home & Garden,711.0,2024,31,0,0.0,0,1,0,0,1.0,train
2024-08-05,SOUTH,Home & Garden,748.0,2024,32,0,0.0,0,1,0,0,1.0,train
2024-08-12,SOUTH,Home & Garden,718.0,2024,33,0,0.0,0,1,0,0,1.0,train
2024-08-19,SOUTH,Home & Garden,703.0,2024,34,0,0.0,0,1,0,0,1.0,train
2024-08-26,SOUTH,Home & Garden,756.0,2024,35,0,0.0,0,1,1,0,1.0,train
2024-09-02,SOUTH,Home & Garden,798.0,2024,36,0,0.0,0,0,1,0,1.0,train
2024-09-09,SOUTH,Home & Garden,795.0,2024,37,0,0.0,0,0,1,0,1.0,train
2024-09-16,SOUTH,Home & Garden,831.0,2024,38,0,0.0,0,0,1,0,1.0,train
2024-09-23,SOUTH,Home & Garden,816.0,2024,39,0,0.0,0,0,1,0,1.0,train
2024-09-30,SOUTH,Home & Garden,628.0,2024,40,0,0.0,0,0,1,0,1.0,train
2024-10-07,SOUTH,Home & Garden,635.0,2024,41,0,0.0,0,0,0,0,1.0,train
2024-10-14,SOUTH,Home & Garden,623.0,2024,42,0,0.0,0,0,0,0,1.0,train
2024-10-21,SOUTH,Home & Garden,607.0,2024,43,0,0.0,0,0,0,0,1.0,train
2024-10-28,SOUTH,Home & Garden,679.0,2024,44,0,0.0,0,0,0,0,1.0,train
2024-11-04,SOUTH,Home & Garden,626.0,2024,45,0,0.0,0,0,0,0,1.0,validation
2024-11-11,SOUTH,Home & Garden,640.0,2024,46,0,0.0,0,0,0,0,1.0,validation
2024-11-18,SOUTH,Home & Garden,639.0,2024,47,0,0.0,0,0,0,0,1.0,validation
2024-11-25,SOUTH,Home & Garden,671.0,2024,48,0,0.0,0,0,0,0,1.0,validation
2024-12-02,SOUTH,Home & Garden,670.0,2024,49,0,0.0,0,0,0,0,1.0,validation
2024-12-09,SOUTH,Home & Garden,669.0,2024,50,0,0.0,0,0,0,0,1.0,validation
2024-12-16,SOUTH,Home & Garden,725.0,2024,51,0,0.0,0,0,0,0,1.0,validation
2024-12-23,SOUTH,Home & Garden,712.0,2024,52,0,0.0,0,0,0,0,1.0,validation
2024-12-30,SOUTH,Home & Garden,589.0,2025,1,0,0.0,0,0,0,1,1.0,test
2025-01-06,SOUTH,Home & Garden,539.0,2025,2,0,0.0,0,0,0,1,1.0,test
2025-01-13,SOUTH,Home & Garden,572.0,2025,3,0,0.0,0,0,0,1,1.0,test
2025-01-20,SOUTH,Home & Garden,538.0,2025,4,0,0.0,0,0,0,1,1.0,test
2025-01-27,SOUTH,Home & Garden,590.0,2025,5,0,0.0,0,0,0,1,1.0,test
2025-02-03,SOUTH,Home & Garden,566.0,2025,6,0,0.0,0,0,0,1,1.0,test
2025-02-10,SOUTH,Home & Garden,559.0,2025,7,0,0.0,0,0,0,1,1.0,test
2025-02-17,SOUTH,Home & Garden,538.0,2025,8,0,0.0,0,0,0,1,1.0,test
2025-02-24,SOUTH,Home & Garden,679.0,2025,9,1,0.0,0,0,0,1,1.25,test
2025-03-03,SOUTH,Home & Garden,1013.0,2025,10,1,0.25,0,0,0,0,1.25,test
2025-03-10,SOUTH,Home & Garden,1011.0,2025,11,1,0.5,0,0,0,0,1.25,test
2025-03-17,SOUTH,Home & Garden,1074.0,2025,12,1,0.75,0,0,0,0,1.25,test
2025-03-24,SOUTH,Home & Garden,1262.0,2025,13,1,1.0,1,0,0,0,1.25,test
2025-03-31,SOUTH,Home & Garden,634.0,2025,14,0,0.0,0,0,0,0,1.0,test
2025-04-07,SOUTH,Home & Garden,633.0,2025,15,0,0.0,0,0,0,0,1.0,test
2025-04-14,SOUTH,Home & Garden,596.0,2025,16,0,0.0,0,0,0,0,1.0,test
2025-04-21,SOUTH,Home & Garden,623.0,2025,17,0,0.0,0,0,0,0,1.0,test
2025-04-28,SOUTH,Home & Garden,629.0,2025,18,0,0.0,0,0,0,0,1.0,test
2025-05-05,SOUTH,Home & Garden,667.0,2025,19,0,0.0,0,0,0,0,1.0,test
2025-05-12,SOUTH,Home & Garden,629.0,2025,20,0,0.0,0,0,0,0,1.0,test
2025-05-19,SOUTH,Home & Garden,618.0,2025,21,0,0.0,0,0,0,0,1.0,test
2025-05-26,SOUTH,Home & Garden,678.0,2025,22,0,0.0,0,1,0,0,1.0,test
2025-06-02,SOUTH,Home & Garden,710.0,2025,23,0,0.0,0,1,0,0,1.0,test
2025-06-09,SOUTH,Home & Garden,760.0,2025,24,0,0.0,0,1,0,0,1.0,test
2025-06-16,SOUTH,Home & Garden,758.0,2025,25,0,0.0,0,1,0,0,1.0,test
2025-06-23,SOUTH,Home & Garden,765.0,2025,26,0,0.0,0,1,0,0,1.0,test
2025-06-30,SOUTH,Home & Garden,746.0,2025,27,0,0.0,0,1,0,0,1.0,test
2025-07-07,SOUTH,Home & Garden,723.0,2025,28,0,0.0,0,1,0,0,1.0,test
2025-07-14,SOUTH,Home & Garden,751.0,2025,29,0,0.0,0,1,0,0,1.0,test
2025-07-21,SOUTH,Home & Garden,754.0,2025,30,0,0.0,0,1,0,0,1.0,test
2025-07-28,SOUTH,Home & Garden,722.0,2025,31,0,0.0,0,1,0,0,1.0,test
2025-08-04,SOUTH,Home & Garden,737.0,2025,32,0,0.0,0,1,0,0,1.0,test
2025-08-11,SOUTH,Home & Garden,753.0,2025,33,0,0.0,0,1,0,0,1.0,test
2025-08-18,SOUTH,Home & Garden,792.0,2025,34,0,0.0,0,1,0,0,1.0,test
2025-08-25,SOUTH,Home & Garden,778.0,2025,35,0,0.0,0,1,0,0,1.0,test
2025-09-01,SOUTH,Home & Garden,802.0,2025,36,0,0.0,0,0,1,0,1.0,test
2025-09-08,SOUTH,Home & Garden,809.0,2025,37,0,0.0,0,0,1,0,1.0,test
2025-09-15,SOUTH,Home & Garden,844.0,2025,38,0,0.0,0,0,1,0,1.0,test
2025-09-22,SOUTH,Home & Garden,806.0,2025,39,0,0.0,0,0,1,0,1.0,test
2025-09-29,SOUTH,Home & Garden,698.0,2025,40,0,0.0,0,0,1,0,1.0,test
2025-10-06,SOUTH,Home & Garden,645.0,2025,41,0,0.0,0,0,0,0,1.0,test
2025-10-13,SOUTH,Home & Garden,640.0,2025,42,0,0.0,0,0,0,0,1.0,test
2025-10-20,SOUTH,Home & Garden,637.0,2025,43,0,0.0,0,0,0,0,1.0,test
2025-10-27,SOUTH,Home & Garden,623.0,2025,44,0,0.0,0,0,0,0,1.0,test
2025-11-03,SOUTH,Home & Garden,646.0,2025,45,0,0.0,0,0,0,0,1.0,test
2025-11-10,SOUTH,Home & Garden,664.0,2025,46,0,0.0,0,0,0,0,1.0,test
2025-11-17,SOUTH,Home & Garden,715.0,2025,47,0,0.0,0,0,0,0,1.0,test
2025-11-24,SOUTH,Home & Garden,643.0,2025,48,0,0.0,0,0,0,0,1.0,test
2025-12-01,SOUTH,Home & Garden,695.0,2025,49,0,0.0,0,0,0,0,1.0,test
2025-12-08,SOUTH,Home & Garden,688.0,2025,50,0,0.0,0,0,0,0,1.0,test
2025-12-15,SOUTH,Home & Garden,702.0,2025,51,0,0.0,0,0,0,0,1.0,test
2025-12-22,SOUTH,Home & Garden,741.0,2025,52,0,0.0,0,0,0,0,1.0,test
2024-01-01,SOUTH,Luggage & Bags,192.0,2024,1,0,0.0,0,0,0,1,1.0,train
2024-01-08,SOUTH,Luggage & Bags,179.0,2024,2,0,0.0,0,0,0,1,1.0,train
2024-01-15,SOUTH,Luggage & Bags,148.0,2024,3,0,0.0,0,0,0,1,1.0,train
2024-01-22,SOUTH,Luggage & Bags,182.0,2024,4,0,0.0,0,0,0,1,1.0,train
2024-01-29,SOUTH,Luggage & Bags,166.0,2024,5,0,0.0,0,0,0,1,1.0,train
2024-02-05,SOUTH,Luggage & Bags,171.0,2024,6,0,0.0,0,0,0,1,1.0,train
2024-02-12,SOUTH,Luggage & Bags,169.0,2024,7,0,0.0,0,0,0,1,1.0,train
2024-02-19,SOUTH,Luggage & Bags,177.0,2024,8,0,0.0,0,0,0,1,1.0,train
2024-02-26,SOUTH,Luggage & Bags,200.0,2024,9,0,0.0,0,0,0,1,1.0,train
2024-03-04,SOUTH,Luggage & Bags,251.0,2024,10,0,0.0,0,0,0,0,1.0,train
2024-03-11,SOUTH,Luggage & Bags,313.0,2024,11,1,0.0,0,0,0,0,1.0,train
2024-03-18,SOUTH,Luggage & Bags,277.0,2024,12,1,0.25,0,0,0,0,1.0,train
2024-03-25,SOUTH,Luggage & Bags,334.0,2024,13,1,0.5,0,0,0,0,1.0,train
2024-04-01,SOUTH,Luggage & Bags,388.0,2024,14,1,0.75,0,0,0,0,1.0,train
2024-04-08,SOUTH,Luggage & Bags,331.0,2024,15,1,1.0,1,0,0,0,1.5,train
2024-04-15,SOUTH,Luggage & Bags,189.0,2024,16,0,0.0,0,0,0,0,1.0,train
2024-04-22,SOUTH,Luggage & Bags,196.0,2024,17,0,0.0,0,0,0,0,1.0,train
2024-04-29,SOUTH,Luggage & Bags,230.0,2024,18,0,0.0,0,0,0,0,1.0,train
2024-05-06,SOUTH,Luggage & Bags,194.0,2024,19,0,0.0,0,0,0,0,1.0,train
2024-05-13,SOUTH,Luggage & Bags,202.0,2024,20,0,0.0,0,0,0,0,1.0,train
2024-05-20,SOUTH,Luggage & Bags,199.0,2024,21,0,0.0,0,0,0,0,1.0,train
2024-05-27,SOUTH,Luggage & Bags,207.0,2024,22,0,0.0,0,1,0,0,1.0,train
2024-06-03,SOUTH,Luggage & Bags,230.0,2024,23,0,0.0,0,1,0,0,1.0,train
2024-06-10,SOUTH,Luggage & Bags,235.0,2024,24,0,0.0,0,1,0,0,1.0,train
2024-06-17,SOUTH,Luggage & Bags,220.0,2024,25,0,0.0,0,1,0,0,1.0,train
2024-06-24,SOUTH,Luggage & Bags,240.0,2024,26,0,0.0,0,1,0,0,1.0,train
2024-07-01,SOUTH,Luggage & Bags,237.0,2024,27,0,0.0,0,1,0,0,1.0,train
2024-07-08,SOUTH,Luggage & Bags,264.0,2024,28,0,0.0,0,1,0,0,1.0,train
2024-07-15,SOUTH,Luggage & Bags,227.0,2024,29,0,0.0,0,1,0,0,1.0,train
2024-07-22,SOUTH,Luggage & Bags,240.0,2024,30,0,0.0,0,1,0,0,1.0,train
2024-07-29,SOUTH,Luggage & Bags,227.0,2024,31,0,0.0,0,1,0,0,1.0,train
2024-08-05,SOUTH,Luggage & Bags,234.0,2024,32,0,0.0,0,1,0,0,1.0,train
2024-08-12,SOUTH,Luggage & Bags,255.0,2024,33,0,0.0,0,1,0,0,1.0,train
2024-08-19,SOUTH,Luggage & Bags,249.0,2024,34,0,0.0,0,1,0,0,1.0,train
2024-08-26,SOUTH,Luggage & Bags,222.0,2024,35,0,0.0,0,1,1,0,1.0,train
2024-09-02,SOUTH,Luggage & Bags,279.0,2024,36,0,0.0,0,0,1,0,1.0,train
2024-09-09,SOUTH,Luggage & Bags,263.0,2024,37,0,0.0,0,0,1,0,1.0,train
2024-09-16,SOUTH,Luggage & Bags,220.0,2024,38,0,0.0,0,0,1,0,1.0,train
2024-09-23,SOUTH,Luggage & Bags,268.0,2024,39,0,0.0,0,0,1,0,1.0,train
2024-09-30,SOUTH,Luggage & Bags,203.0,2024,40,0,0.0,0,0,1,0,1.0,train
2024-10-07,SOUTH,Luggage & Bags,198.0,2024,41,0,0.0,0,0,0,0,1.0,train
2024-10-14,SOUTH,Luggage & Bags,204.0,2024,42,0,0.0,0,0,0,0,1.0,train
2024-10-21,SOUTH,Luggage & Bags,209.0,2024,43,0,0.0,0,0,0,0,1.0,train
2024-10-28,SOUTH,Luggage & Bags,203.0,2024,44,0,0.0,0,0,0,0,1.0,train
2024-11-04,SOUTH,Luggage & Bags,187.0,2024,45,0,0.0,0,0,0,0,1.0,validation
2024-11-11,SOUTH,Luggage & Bags,210.0,2024,46,0,0.0,0,0,0,0,1.0,validation
2024-11-18,SOUTH,Luggage & Bags,176.0,2024,47,0,0.0,0,0,0,0,1.0,validation
2024-11-25,SOUTH,Luggage & Bags,179.0,2024,48,0,0.0,0,0,0,0,1.0,validation
2024-12-02,SOUTH,Luggage & Bags,201.0,2024,49,0,0.0,0,0,0,0,1.0,validation
2024-12-09,SOUTH,Luggage & Bags,205.0,2024,50,0,0.0,0,0,0,0,1.0,validation
2024-12-16,SOUTH,Luggage & Bags,204.0,2024,51,0,0.0,0,0,0,0,1.0,validation
2024-12-23,SOUTH,Luggage & Bags,218.0,2024,52,0,0.0,0,0,0,0,1.0,validation
2024-12-30,SOUTH,Luggage & Bags,192.0,2025,1,0,0.0,0,0,0,1,1.0,test
2025-01-06,SOUTH,Luggage & Bags,202.0,2025,2,0,0.0,0,0,0,1,1.0,test
2025-01-13,SOUTH,Luggage & Bags,169.0,2025,3,0,0.0,0,0,0,1,1.0,test
2025-01-20,SOUTH,Luggage & Bags,168.0,2025,4,0,0.0,0,0,0,1,1.0,test
2025-01-27,SOUTH,Luggage & Bags,186.0,2025,5,0,0.0,0,0,0,1,1.0,test
2025-02-03,SOUTH,Luggage & Bags,174.0,2025,6,0,0.0,0,0,0,1,1.0,test
2025-02-10,SOUTH,Luggage & Bags,176.0,2025,7,0,0.0,0,0,0,1,1.0,test
2025-02-17,SOUTH,Luggage & Bags,210.0,2025,8,0,0.0,0,0,0,1,1.0,test
2025-02-24,SOUTH,Luggage & Bags,233.0,2025,9,1,0.0,0,0,0,1,1.0,test
2025-03-03,SOUTH,Luggage & Bags,285.0,2025,10,1,0.25,0,0,0,0,1.0,test
2025-03-10,SOUTH,Luggage & Bags,363.0,2025,11,1,0.5,0,0,0,0,1.0,test
2025-03-17,SOUTH,Luggage & Bags,327.0,2025,12,1,0.75,0,0,0,0,1.0,test
2025-03-24,SOUTH,Luggage & Bags,385.0,2025,13,1,1.0,1,0,0,0,1.5,test
2025-03-31,SOUTH,Luggage & Bags,186.0,2025,14,0,0.0,0,0,0,0,1.0,test
2025-04-07,SOUTH,Luggage & Bags,192.0,2025,15,0,0.0,0,0,0,0,1.0,test
2025-04-14,SOUTH,Luggage & Bags,205.0,2025,16,0,0.0,0,0,0,0,1.0,test
2025-04-21,SOUTH,Luggage & Bags,186.0,2025,17,0,0.0,0,0,0,0,1.0,test
2025-04-28,SOUTH,Luggage & Bags,238.0,2025,18,0,0.0,0,0,0,0,1.0,test
2025-05-05,SOUTH,Luggage & Bags,204.0,2025,19,0,0.0,0,0,0,0,1.0,test
2025-05-12,SOUTH,Luggage & Bags,200.0,2025,20,0,0.0,0,0,0,0,1.0,test
2025-05-19,SOUTH,Luggage & Bags,198.0,2025,21,0,0.0,0,0,0,0,1.0,test
2025-05-26,SOUTH,Luggage & Bags,225.0,2025,22,0,0.0,0,1,0,0,1.0,test
2025-06-02,SOUTH,Luggage & Bags,249.0,2025,23,0,0.0,0,1,0,0,1.0,test
2025-06-09,SOUTH,Luggage & Bags,212.0,2025,24,0,0.0,0,1,0,0,1.0,test
2025-06-16,SOUTH,Luggage & Bags,233.0,2025,25,0,0.0,0,1,0,0,1.0,test
2025-06-23,SOUTH,Luggage & Bags,236.0,2025,26,0,0.0,0,1,0,0,1.0,test
2025-06-30,SOUTH,Luggage & Bags,247.0,2025,27,0,0.0,0,1,0,0,1.0,test
2025-07-07,SOUTH,Luggage & Bags,233.0,2025,28,0,0.0,0,1,0,0,1.0,test
2025-07-14,SOUTH,Luggage & Bags,203.0,2025,29,0,0.0,0,1,0,0,1.0,test
2025-07-21,SOUTH,Luggage & Bags,232.0,2025,30,0,0.0,0,1,0,0,1.0,test
2025-07-28,SOUTH,Luggage & Bags,231.0,2025,31,0,0.0,0,1,0,0,1.0,test
2025-08-04,SOUTH,Luggage & Bags,222.0,2025,32,0,0.0,0,1,0,0,1.0,test
2025-08-11,SOUTH,Luggage & Bags,239.0,2025,33,0,0.0,0,1,0,0,1.0,test
2025-08-18,SOUTH,Luggage & Bags,250.0,2025,34,0,0.0,0,1,0,0,1.0,test
2025-08-25,SOUTH,Luggage & Bags,234.0,2025,35,0,0.0,0,1,0,0,1.0,test
2025-09-01,SOUTH,Luggage & Bags,249.0,2025,36,0,0.0,0,0,1,0,1.0,test
2025-09-08,SOUTH,Luggage & Bags,268.0,2025,37,0,0.0,0,0,1,0,1.0,test
2025-09-15,SOUTH,Luggage & Bags,275.0,2025,38,0,0.0,0,0,1,0,1.0,test
2025-09-22,SOUTH,Luggage & Bags,246.0,2025,39,0,0.0,0,0,1,0,1.0,test
2025-09-29,SOUTH,Luggage & Bags,221.0,2025,40,0,0.0,0,0,1,0,1.0,test
2025-10-06,SOUTH,Luggage & Bags,187.0,2025,41,0,0.0,0,0,0,0,1.0,test
2025-10-13,SOUTH,Luggage & Bags,179.0,2025,42,0,0.0,0,0,0,0,1.0,test
2025-10-20,SOUTH,Luggage & Bags,194.0,2025,43,0,0.0,0,0,0,0,1.0,test
2025-10-27,SOUTH,Luggage & Bags,204.0,2025,44,0,0.0,0,0,0,0,1.0,test
2025-11-03,SOUTH,Luggage & Bags,207.0,2025,45,0,0.0,0,0,0,0,1.0,test
2025-11-10,SOUTH,Luggage & Bags,195.0,2025,46,0,0.0,0,0,0,0,1.0,test
2025-11-17,SOUTH,Luggage & Bags,212.0,2025,47,0,0.0,0,0,0,0,1.0,test
2025-11-24,SOUTH,Luggage & Bags,193.0,2025,48,0,0.0,0,0,0,0,1.0,test
2025-12-01,SOUTH,Luggage & Bags,212.0,2025,49,0,0.0,0,0,0,0,1.0,test
2025-12-08,SOUTH,Luggage & Bags,222.0,2025,50,0,0.0,0,0,0,0,1.0,test
2025-12-15,SOUTH,Luggage & Bags,230.0,2025,51,0,0.0,0,0,0,0,1.0,test
2025-12-22,SOUTH,Luggage & Bags,232.0,2025,52,0,0.0,0,0,0,0,1.0,test
2024-01-01,SOUTH,Media,82.0,2024,1,0,0.0,0,0,0,1,1.0,train
2024-01-08,SOUTH,Media,90.0,2024,2,0,0.0,0,0,0,1,1.0,train
2024-01-15,SOUTH,Media,79.0,2024,3,0,0.0,0,0,0,1,1.0,train
2024-01-22,SOUTH,Media,84.0,2024,4,0,0.0,0,0,0,1,1.0,train
2024-01-29,SOUTH,Media,84.0,2024,5,0,0.0,0,0,0,1,1.0,train
2024-02-05,SOUTH,Media,82.0,2024,6,0,0.0,0,0,0,1,1.0,train
2024-02-12,SOUTH,Media,84.0,2024,7,0,0.0,0,0,0,1,1.0,train
2024-02-19,SOUTH,Media,94.0,2024,8,0,0.0,0,0,0,1,1.0,train
2024-02-26,SOUTH,Media,102.0,2024,9,0,0.0,0,0,0,1,1.0,train
2024-03-04,SOUTH,Media,120.0,2024,10,0,0.0,0,0,0,0,1.0,train
2024-03-11,SOUTH,Media,146.0,2024,11,1,0.0,0,0,0,0,1.0,train
2024-03-18,SOUTH,Media,158.0,2024,12,1,0.25,0,0,0,0,1.0,train
2024-03-25,SOUTH,Media,163.0,2024,13,1,0.5,0,0,0,0,1.0,train
2024-04-01,SOUTH,Media,178.0,2024,14,1,0.75,0,0,0,0,1.0,train
2024-04-08,SOUTH,Media,162.0,2024,15,1,1.0,1,0,0,0,1.0,train
2024-04-15,SOUTH,Media,99.0,2024,16,0,0.0,0,0,0,0,1.0,train
2024-04-22,SOUTH,Media,93.0,2024,17,0,0.0,0,0,0,0,1.0,train
2024-04-29,SOUTH,Media,110.0,2024,18,0,0.0,0,0,0,0,1.0,train
2024-05-06,SOUTH,Media,110.0,2024,19,0,0.0,0,0,0,0,1.0,train
2024-05-13,SOUTH,Media,87.0,2024,20,0,0.0,0,0,0,0,1.0,train
2024-05-20,SOUTH,Media,77.0,2024,21,0,0.0,0,0,0,0,1.0,train
2024-05-27,SOUTH,Media,106.0,2024,22,0,0.0,0,1,0,0,1.0,train
2024-06-03,SOUTH,Media,90.0,2024,23,0,0.0,0,1,0,0,1.0,train
2024-06-10,SOUTH,Media,109.0,2024,24,0,0.0,0,1,0,0,1.0,train
2024-06-17,SOUTH,Media,98.0,2024,25,0,0.0,0,1,0,0,1.0,train
2024-06-24,SOUTH,Media,104.0,2024,26,0,0.0,0,1,0,0,1.0,train
2024-07-01,SOUTH,Media,120.0,2024,27,0,0.0,0,1,0,0,1.0,train
2024-07-08,SOUTH,Media,124.0,2024,28,0,0.0,0,1,0,0,1.0,train
2024-07-15,SOUTH,Media,105.0,2024,29,0,0.0,0,1,0,0,1.0,train
2024-07-22,SOUTH,Media,113.0,2024,30,0,0.0,0,1,0,0,1.0,train
2024-07-29,SOUTH,Media,135.0,2024,31,0,0.0,0,1,0,0,1.0,train
2024-08-05,SOUTH,Media,117.0,2024,32,0,0.0,0,1,0,0,1.0,train
2024-08-12,SOUTH,Media,122.0,2024,33,0,0.0,0,1,0,0,1.0,train
2024-08-19,SOUTH,Media,115.0,2024,34,0,0.0,0,1,0,0,1.0,train
2024-08-26,SOUTH,Media,117.0,2024,35,0,0.0,0,1,1,0,1.5,train
2024-09-02,SOUTH,Media,133.0,2024,36,0,0.0,0,0,1,0,1.5,train
2024-09-09,SOUTH,Media,120.0,2024,37,0,0.0,0,0,1,0,1.5,train
2024-09-16,SOUTH,Media,132.0,2024,38,0,0.0,0,0,1,0,1.5,train
2024-09-23,SOUTH,Media,141.0,2024,39,0,0.0,0,0,1,0,1.5,train
2024-09-30,SOUTH,Media,101.0,2024,40,0,0.0,0,0,1,0,1.5,train
2024-10-07,SOUTH,Media,92.0,2024,41,0,0.0,0,0,0,0,1.0,train
2024-10-14,SOUTH,Media,82.0,2024,42,0,0.0,0,0,0,0,1.0,train
2024-10-21,SOUTH,Media,91.0,2024,43,0,0.0,0,0,0,0,1.0,train
2024-10-28,SOUTH,Media,103.0,2024,44,0,0.0,0,0,0,0,1.0,train
2024-11-04,SOUTH,Media,88.0,2024,45,0,0.0,0,0,0,0,1.0,validation
2024-11-11,SOUTH,Media,85.0,2024,46,0,0.0,0,0,0,0,1.0,validation
2024-11-18,SOUTH,Media,101.0,2024,47,0,0.0,0,0,0,0,1.0,validation
2024-11-25,SOUTH,Media,88.0,2024,48,0,0.0,0,0,0,0,1.0,validation
2024-12-02,SOUTH,Media,112.0,2024,49,0,0.0,0,0,0,0,1.0,validation
2024-12-09,SOUTH,Media,104.0,2024,50,0,0.0,0,0,0,0,1.0,validation
2024-12-16,SOUTH,Media,105.0,2024,51,0,0.0,0,0,0,0,1.0,validation
2024-12-23,SOUTH,Media,102.0,2024,52,0,0.0,0,0,0,0,1.0,validation
2024-12-30,SOUTH,Media,96.0,2025,1,0,0.0,0,0,0,1,1.0,test
2025-01-06,SOUTH,Media,90.0,2025,2,0,0.0,0,0,0,1,1.0,test
2025-01-13,SOUTH,Media,87.0,2025,3,0,0.0,0,0,0,1,1.0,test
2025-01-20,SOUTH,Media,95.0,2025,4,0,0.0,0,0,0,1,1.0,test
2025-01-27,SOUTH,Media,69.0,2025,5,0,0.0,0,0,0,1,1.0,test
2025-02-03,SOUTH,Media,85.0,2025,6,0,0.0,0,0,0,1,1.0,test
2025-02-10,SOUTH,Media,97.0,2025,7,0,0.0,0,0,0,1,1.0,test
2025-02-17,SOUTH,Media,97.0,2025,8,0,0.0,0,0,0,1,1.0,test
2025-02-24,SOUTH,Media,92.0,2025,9,1,0.0,0,0,0,1,1.0,test
2025-03-03,SOUTH,Media,125.0,2025,10,1,0.25,0,0,0,0,1.0,test
2025-03-10,SOUTH,Media,160.0,2025,11,1,0.5,0,0,0,0,1.0,test
2025-03-17,SOUTH,Media,155.0,2025,12,1,0.75,0,0,0,0,1.0,test
2025-03-24,SOUTH,Media,185.0,2025,13,1,1.0,1,0,0,0,1.0,test
2025-03-31,SOUTH,Media,113.0,2025,14,0,0.0,0,0,0,0,1.0,test
2025-04-07,SOUTH,Media,98.0,2025,15,0,0.0,0,0,0,0,1.0,test
2025-04-14,SOUTH,Media,111.0,2025,16,0,0.0,0,0,0,0,1.0,test
2025-04-21,SOUTH,Media,78.0,2025,17,0,0.0,0,0,0,0,1.0,test
2025-04-28,SOUTH,Media,91.0,2025,18,0,0.0,0,0,0,0,1.0,test
2025-05-05,SOUTH,Media,100.0,2025,19,0,0.0,0,0,0,0,1.0,test
2025-05-12,SOUTH,Media,104.0,2025,20,0,0.0,0,0,0,0,1.0,test
2025-05-19,SOUTH,Media,123.0,2025,21,0,0.0,0,0,0,0,1.0,test
2025-05-26,SOUTH,Media,101.0,2025,22,0,0.0,0,1,0,0,1.0,test
2025-06-02,SOUTH,Media,122.0,2025,23,0,0.0,0,1,0,0,1.0,test
2025-06-09,SOUTH,Media,124.0,2025,24,0,0.0,0,1,0,0,1.0,test
2025-06-16,SOUTH,Media,102.0,2025,25,0,0.0,0,1,0,0,1.0,test
2025-06-23,SOUTH,Media,110.0,2025,26,0,0.0,0,1,0,0,1.0,test
2025-06-30,SOUTH,Media,118.0,2025,27,0,0.0,0,1,0,0,1.0,test
2025-07-07,SOUTH,Media,107.0,2025,28,0,0.0,0,1,0,0,1.0,test
2025-07-14,SOUTH,Media,117.0,2025,29,0,0.0,0,1,0,0,1.0,test
2025-07-21,SOUTH,Media,104.0,2025,30,0,0.0,0,1,0,0,1.0,test
2025-07-28,SOUTH,Media,129.0,2025,31,0,0.0,0,1,0,0,1.0,test
2025-08-04,SOUTH,Media,131.0,2025,32,0,0.0,0,1,0,0,1.0,test
2025-08-11,SOUTH,Media,111.0,2025,33,0,0.0,0,1,0,0,1.0,test
2025-08-18,SOUTH,Media,105.0,2025,34,0,0.0,0,1,0,0,1.0,test
2025-08-25,SOUTH,Media,122.0,2025,35,0,0.0,0,1,0,0,1.0,test
2025-09-01,SOUTH,Media,125.0,2025,36,0,0.0,0,0,1,0,1.5,test
2025-09-08,SOUTH,Media,109.0,2025,37,0,0.0,0,0,1,0,1.5,test
2025-09-15,SOUTH,Media,125.0,2025,38,0,0.0,0,0,1,0,1.5,test
2025-09-22,SOUTH,Media,135.0,2025,39,0,0.0,0,0,1,0,1.5,test
2025-09-29,SOUTH,Media,109.0,2025,40,0,0.0,0,0,1,0,1.5,test
2025-10-06,SOUTH,Media,90.0,2025,41,0,0.0,0,0,0,0,1.0,test
2025-10-13,SOUTH,Media,103.0,2025,42,0,0.0,0,0,0,0,1.0,test
2025-10-20,SOUTH,Media,76.0,2025,43,0,0.0,0,0,0,0,1.0,test
2025-10-27,SOUTH,Media,95.0,2025,44,0,0.0,0,0,0,0,1.0,test
2025-11-03,SOUTH,Media,102.0,2025,45,0,0.0,0,0,0,0,1.0,test
2025-11-10,SOUTH,Media,98.0,2025,46,0,0.0,0,0,0,0,1.0,test
2025-11-17,SOUTH,Media,74.0,2025,47,0,0.0,0,0,0,0,1.0,test
2025-11-24,SOUTH,Media,101.0,2025,48,0,0.0,0,0,0,0,1.0,test
2025-12-01,SOUTH,Media,112.0,2025,49,0,0.0,0,0,0,0,1.0,test
2025-12-08,SOUTH,Media,107.0,2025,50,0,0.0,0,0,0,0,1.0,test
2025-12-15,SOUTH,Media,106.0,2025,51,0,0.0,0,0,0,0,1.0,test
2025-12-22,SOUTH,Media,107.0,2025,52,0,0.0,0,0,0,0,1.0,test
2024-01-01,SOUTH,Office Supplies,188.0,2024,1,0,0.0,0,0,0,1,1.0,train
2024-01-08,SOUTH,Office Supplies,187.0,2024,2,0,0.0,0,0,0,1,1.0,train
2024-01-15,SOUTH,Office Supplies,161.0,2024,3,0,0.0,0,0,0,1,1.0,train
2024-01-22,SOUTH,Office Supplies,191.0,2024,4,0,0.0,0,0,0,1,1.0,train
2024-01-29,SOUTH,Office Supplies,182.0,2024,5,0,0.0,0,0,0,1,1.0,train
2024-02-05,SOUTH,Office Supplies,182.0,2024,6,0,0.0,0,0,0,1,1.0,train
2024-02-12,SOUTH,Office Supplies,190.0,2024,7,0,0.0,0,0,0,1,1.0,train
2024-02-19,SOUTH,Office Supplies,180.0,2024,8,0,0.0,0,0,0,1,1.0,train
2024-02-26,SOUTH,Office Supplies,188.0,2024,9,0,0.0,0,0,0,1,1.0,train
2024-03-04,SOUTH,Office Supplies,221.0,2024,10,0,0.0,0,0,0,0,1.0,train
2024-03-11,SOUTH,Office Supplies,304.0,2024,11,1,0.0,0,0,0,0,1.0,train
2024-03-18,SOUTH,Office Supplies,337.0,2024,12,1,0.25,0,0,0,0,1.0,train
2024-03-25,SOUTH,Office Supplies,334.0,2024,13,1,0.5,0,0,0,0,1.0,train
2024-04-01,SOUTH,Office Supplies,384.0,2024,14,1,0.75,0,0,0,0,1.0,train
2024-04-08,SOUTH,Office Supplies,335.0,2024,15,1,1.0,1,0,0,0,1.0,train
2024-04-15,SOUTH,Office Supplies,185.0,2024,16,0,0.0,0,0,0,0,1.0,train
2024-04-22,SOUTH,Office Supplies,196.0,2024,17,0,0.0,0,0,0,0,1.0,train
2024-04-29,SOUTH,Office Supplies,180.0,2024,18,0,0.0,0,0,0,0,1.0,train
2024-05-06,SOUTH,Office Supplies,207.0,2024,19,0,0.0,0,0,0,0,1.0,train
2024-05-13,SOUTH,Office Supplies,229.0,2024,20,0,0.0,0,0,0,0,1.0,train
2024-05-20,SOUTH,Office Supplies,215.0,2024,21,0,0.0,0,0,0,0,1.0,train
2024-05-27,SOUTH,Office Supplies,201.0,2024,22,0,0.0,0,1,0,0,1.0,train
2024-06-03,SOUTH,Office Supplies,248.0,2024,23,0,0.0,0,1,0,0,1.0,train
2024-06-10,SOUTH,Office Supplies,243.0,2024,24,0,0.0,0,1,0,0,1.0,train
2024-06-17,SOUTH,Office Supplies,209.0,2024,25,0,0.0,0,1,0,0,1.0,train
2024-06-24,SOUTH,Office Supplies,220.0,2024,26,0,0.0,0,1,0,0,1.0,train
2024-07-01,SOUTH,Office Supplies,219.0,2024,27,0,0.0,0,1,0,0,1.0,train
2024-07-08,SOUTH,Office Supplies,253.0,2024,28,0,0.0,0,1,0,0,1.0,train
2024-07-15,SOUTH,Office Supplies,233.0,2024,29,0,0.0,0,1,0,0,1.0,train
2024-07-22,SOUTH,Office Supplies,224.0,2024,30,0,0.0,0,1,0,0,1.0,train
2024-07-29,SOUTH,Office Supplies,283.0,2024,31,0,0.0,0,1,0,0,1.0,train
2024-08-05,SOUTH,Office Supplies,249.0,2024,32,0,0.0,0,1,0,0,1.0,train
2024-08-12,SOUTH,Office Supplies,280.0,2024,33,0,0.0,0,1,0,0,1.0,train
2024-08-19,SOUTH,Office Supplies,258.0,2024,34,0,0.0,0,1,0,0,1.0,train
2024-08-26,SOUTH,Office Supplies,248.0,2024,35,0,0.0,0,1,1,0,1.5,train
2024-09-02,SOUTH,Office Supplies,271.0,2024,36,0,0.0,0,0,1,0,1.5,train
2024-09-09,SOUTH,Office Supplies,214.0,2024,37,0,0.0,0,0,1,0,1.5,train
2024-09-16,SOUTH,Office Supplies,233.0,2024,38,0,0.0,0,0,1,0,1.5,train
2024-09-23,SOUTH,Office Supplies,239.0,2024,39,0,0.0,0,0,1,0,1.5,train
2024-09-30,SOUTH,Office Supplies,209.0,2024,40,0,0.0,0,0,1,0,1.5,train
2024-10-07,SOUTH,Office Supplies,202.0,2024,41,0,0.0,0,0,0,0,1.0,train
2024-10-14,SOUTH,Office Supplies,193.0,2024,42,0,0.0,0,0,0,0,1.0,train
2024-10-21,SOUTH,Office Supplies,226.0,2024,43,0,0.0,0,0,0,0,1.0,train
2024-10-28,SOUTH,Office Supplies,194.0,2024,44,0,0.0,0,0,0,0,1.0,train
2024-11-04,SOUTH,Office Supplies,245.0,2024,45,0,0.0,0,0,0,0,1.0,validation
2024-11-11,SOUTH,Office Supplies,195.0,2024,46,0,0.0,0,0,0,0,1.0,validation
2024-11-18,SOUTH,Office Supplies,206.0,2024,47,0,0.0,0,0,0,0,1.0,validation
2024-11-25,SOUTH,Office Supplies,167.0,2024,48,0,0.0,0,0,0,0,1.0,validation
2024-12-02,SOUTH,Office Supplies,218.0,2024,49,0,0.0,0,0,0,0,1.0,validation
2024-12-09,SOUTH,Office Supplies,228.0,2024,50,0,0.0,0,0,0,0,1.0,validation
2024-12-16,SOUTH,Office Supplies,214.0,2024,51,0,0.0,0,0,0,0,1.0,validation
2024-12-23,SOUTH,Office Supplies,211.0,2024,52,0,0.0,0,0,0,0,1.0,validation
2024-12-30,SOUTH,Office Supplies,195.0,2025,1,0,0.0,0,0,0,1,1.0,test
2025-01-06,SOUTH,Office Supplies,195.0,2025,2,0,0.0,0,0,0,1,1.0,test
2025-01-13,SOUTH,Office Supplies,189.0,2025,3,0,0.0,0,0,0,1,1.0,test
2025-01-20,SOUTH,Office Supplies,171.0,2025,4,0,0.0,0,0,0,1,1.0,test
2025-01-27,SOUTH,Office Supplies,173.0,2025,5,0,0.0,0,0,0,1,1.0,test
2025-02-03,SOUTH,Office Supplies,194.0,2025,6,0,0.0,0,0,0,1,1.0,test
2025-02-10,SOUTH,Office Supplies,198.0,2025,7,0,0.0,0,0,0,1,1.0,test
2025-02-17,SOUTH,Office Supplies,176.0,2025,8,0,0.0,0,0,0,1,1.0,test
2025-02-24,SOUTH,Office Supplies,224.0,2025,9,1,0.0,0,0,0,1,1.0,test
2025-03-03,SOUTH,Office Supplies,324.0,2025,10,1,0.25,0,0,0,0,1.0,test
2025-03-10,SOUTH,Office Supplies,323.0,2025,11,1,0.5,0,0,0,0,1.0,test
2025-03-17,SOUTH,Office Supplies,345.0,2025,12,1,0.75,0,0,0,0,1.0,test
2025-03-24,SOUTH,Office Supplies,426.0,2025,13,1,1.0,1,0,0,0,1.0,test
2025-03-31,SOUTH,Office Supplies,242.0,2025,14,0,0.0,0,0,0,0,1.0,test
2025-04-07,SOUTH,Office Supplies,233.0,2025,15,0,0.0,0,0,0,0,1.0,test
2025-04-14,SOUTH,Office Supplies,187.0,2025,16,0,0.0,0,0,0,0,1.0,test
2025-04-21,SOUTH,Office Supplies,196.0,2025,17,0,0.0,0,0,0,0,1.0,test
2025-04-28,SOUTH,Office Supplies,210.0,2025,18,0,0.0,0,0,0,0,1.0,test
2025-05-05,SOUTH,Office Supplies,184.0,2025,19,0,0.0,0,0,0,0,1.0,test
2025-05-12,SOUTH,Office Supplies,195.0,2025,20,0,0.0,0,0,0,0,1.0,test
2025-05-19,SOUTH,Office Supplies,163.0,2025,21,0,0.0,0,0,0,0,1.0,test
2025-05-26,SOUTH,Office Supplies,186.0,2025,22,0,0.0,0,1,0,0,1.0,test
2025-06-02,SOUTH,Office Supplies,233.0,2025,23,0,0.0,0,1,0,0,1.0,test
2025-06-09,SOUTH,Office Supplies,247.0,2025,24,0,0.0,0,1,0,0,1.0,test
2025-06-16,SOUTH,Office Supplies,264.0,2025,25,0,0.0,0,1,0,0,1.0,test
2025-06-23,SOUTH,Office Supplies,221.0,2025,26,0,0.0,0,1,0,0,1.0,test
2025-06-30,SOUTH,Office Supplies,239.0,2025,27,0,0.0,0,1,0,0,1.0,test
2025-07-07,SOUTH,Office Supplies,260.0,2025,28,0,0.0,0,1,0,0,1.0,test
2025-07-14,SOUTH,Office Supplies,247.0,2025,29,0,0.0,0,1,0,0,1.0,test
2025-07-21,SOUTH,Office Supplies,260.0,2025,30,0,0.0,0,1,0,0,1.0,test
2025-07-28,SOUTH,Office Supplies,241.0,2025,31,0,0.0,0,1,0,0,1.0,test
2025-08-04,SOUTH,Office Supplies,250.0,2025,32,0,0.0,0,1,0,0,1.0,test
2025-08-11,SOUTH,Office Supplies,251.0,2025,33,0,0.0,0,1,0,0,1.0,test
2025-08-18,SOUTH,Office Supplies,232.0,2025,34,0,0.0,0,1,0,0,1.0,test
2025-08-25,SOUTH,Office Supplies,233.0,2025,35,0,0.0,0,1,0,0,1.0,test
2025-09-01,SOUTH,Office Supplies,272.0,2025,36,0,0.0,0,0,1,0,1.5,test
2025-09-08,SOUTH,Office Supplies,251.0,2025,37,0,0.0,0,0,1,0,1.5,test
2025-09-15,SOUTH,Office Supplies,252.0,2025,38,0,0.0,0,0,1,0,1.5,test
2025-09-22,SOUTH,Office Supplies,246.0,2025,39,0,0.0,0,0,1,0,1.5,test
2025-09-29,SOUTH,Office Supplies,211.0,2025,40,0,0.0,0,0,1,0,1.5,test
2025-10-06,SOUTH,Office Supplies,211.0,2025,41,0,0.0,0,0,0,0,1.0,test
2025-10-13,SOUTH,Office Supplies,212.0,2025,42,0,0.0,0,0,0,0,1.0,test
2025-10-20,SOUTH,Office Supplies,219.0,2025,43,0,0.0,0,0,0,0,1.0,test
2025-10-27,SOUTH,Office Supplies,214.0,2025,44,0,0.0,0,0,0,0,1.0,test
2025-11-03,SOUTH,Office Supplies,195.0,2025,45,0,0.0,0,0,0,0,1.0,test
2025-11-10,SOUTH,Office Supplies,197.0,2025,46,0,0.0,0,0,0,0,1.0,test
2025-11-17,SOUTH,Office Supplies,199.0,2025,47,0,0.0,0,0,0,0,1.0,test
2025-11-24,SOUTH,Office Supplies,203.0,2025,48,0,0.0,0,0,0,0,1.0,test
2025-12-01,SOUTH,Office Supplies,234.0,2025,49,0,0.0,0,0,0,0,1.0,test
2025-12-08,SOUTH,Office Supplies,212.0,2025,50,0,0.0,0,0,0,0,1.0,test
2025-12-15,SOUTH,Office Supplies,218.0,2025,51,0,0.0,0,0,0,0,1.0,test
2025-12-22,SOUTH,Office Supplies,220.0,2025,52,0,0.0,0,0,0,0,1.0,test
2024-01-01,SOUTH,Software,16.0,2024,1,0,0.0,0,0,0,1,1.0,train
2024-01-08,SOUTH,Software,14.0,2024,2,0,0.0,0,0,0,1,1.0,train
2024-01-15,SOUTH,Software,14.0,2024,3,0,0.0,0,0,0,1,1.0,train
2024-01-22,SOUTH,Software,19.0,2024,4,0,0.0,0,0,0,1,1.0,train
2024-01-29,SOUTH,Software,14.0,2024,5,0,0.0,0,0,0,1,1.0,train
2024-02-05,SOUTH,Software,12.0,2024,6,0,0.0,0,0,0,1,1.0,train
2024-02-12,SOUTH,Software,13.0,2024,7,0,0.0,0,0,0,1,1.0,train
2024-02-19,SOUTH,Software,16.0,2024,8,0,0.0,0,0,0,1,1.0,train
2024-02-26,SOUTH,Software,17.0,2024,9,0,0.0,0,0,0,1,1.0,train
2024-03-04,SOUTH,Software,20.0,2024,10,0,0.0,0,0,0,0,1.0,train
2024-03-11,SOUTH,Software,42.0,2024,11,1,0.0,0,0,0,0,1.0,train
2024-03-18,SOUTH,Software,22.0,2024,12,1,0.25,0,0,0,0,1.0,train
2024-03-25,SOUTH,Software,44.0,2024,13,1,0.5,0,0,0,0,1.0,train
2024-04-01,SOUTH,Software,26.0,2024,14,1,0.75,0,0,0,0,1.0,train
2024-04-08,SOUTH,Software,36.0,2024,15,1,1.0,1,0,0,0,1.0,train
2024-04-15,SOUTH,Software,18.0,2024,16,0,0.0,0,0,0,0,1.0,train
2024-04-22,SOUTH,Software,20.0,2024,17,0,0.0,0,0,0,0,1.0,train
2024-04-29,SOUTH,Software,25.0,2024,18,0,0.0,0,0,0,0,1.0,train
2024-05-06,SOUTH,Software,22.0,2024,19,0,0.0,0,0,0,0,1.0,train
2024-05-13,SOUTH,Software,18.0,2024,20,0,0.0,0,0,0,0,1.0,train
2024-05-20,SOUTH,Software,13.0,2024,21,0,0.0,0,0,0,0,1.0,train
2024-05-27,SOUTH,Software,23.0,2024,22,0,0.0,0,1,0,0,1.0,train
2024-06-03,SOUTH,Software,17.0,2024,23,0,0.0,0,1,0,0,1.0,train
2024-06-10,SOUTH,Software,20.0,2024,24,0,0.0,0,1,0,0,1.0,train
2024-06-17,SOUTH,Software,28.0,2024,25,0,0.0,0,1,0,0,1.0,train
2024-06-24,SOUTH,Software,21.0,2024,26,0,0.0,0,1,0,0,1.0,train
2024-07-01,SOUTH,Software,17.0,2024,27,0,0.0,0,1,0,0,1.0,train
2024-07-08,SOUTH,Software,26.0,2024,28,0,0.0,0,1,0,0,1.0,train
2024-07-15,SOUTH,Software,13.0,2024,29,0,0.0,0,1,0,0,1.0,train
2024-07-22,SOUTH,Software,18.0,2024,30,0,0.0,0,1,0,0,1.0,train
2024-07-29,SOUTH,Software,17.0,2024,31,0,0.0,0,1,0,0,1.0,train
2024-08-05,SOUTH,Software,32.0,2024,32,0,0.0,0,1,0,0,1.0,train
2024-08-12,SOUTH,Software,24.0,2024,33,0,0.0,0,1,0,0,1.0,train
2024-08-19,SOUTH,Software,23.0,2024,34,0,0.0,0,1,0,0,1.0,train
2024-08-26,SOUTH,Software,24.0,2024,35,0,0.0,0,1,1,0,1.0,train
2024-09-02,SOUTH,Software,31.0,2024,36,0,0.0,0,0,1,0,1.0,train
2024-09-09,SOUTH,Software,25.0,2024,37,0,0.0,0,0,1,0,1.0,train
2024-09-16,SOUTH,Software,27.0,2024,38,0,0.0,0,0,1,0,1.0,train
2024-09-23,SOUTH,Software,31.0,2024,39,0,0.0,0,0,1,0,1.0,train
2024-09-30,SOUTH,Software,17.0,2024,40,0,0.0,0,0,1,0,1.0,train
2024-10-07,SOUTH,Software,18.0,2024,41,0,0.0,0,0,0,0,1.0,train
2024-10-14,SOUTH,Software,22.0,2024,42,0,0.0,0,0,0,0,1.0,train
2024-10-21,SOUTH,Software,22.0,2024,43,0,0.0,0,0,0,0,1.0,train
2024-10-28,SOUTH,Software,18.0,2024,44,0,0.0,0,0,0,0,1.0,train
2024-11-04,SOUTH,Software,17.0,2024,45,0,0.0,0,0,0,0,1.0,validation
2024-11-11,SOUTH,Software,18.0,2024,46,0,0.0,0,0,0,0,1.0,validation
2024-11-18,SOUTH,Software,15.0,2024,47,0,0.0,0,0,0,0,1.0,validation
2024-11-25,SOUTH,Software,18.0,2024,48,0,0.0,0,0,0,0,1.0,validation
2024-12-02,SOUTH,Software,24.0,2024,49,0,0.0,0,0,0,0,1.0,validation
2024-12-09,SOUTH,Software,27.0,2024,50,0,0.0,0,0,0,0,1.0,validation
2024-12-16,SOUTH,Software,34.0,2024,51,0,0.0,0,0,0,0,1.0,validation
2024-12-23,SOUTH,Software,24.0,2024,52,0,0.0,0,0,0,0,1.0,validation
2024-12-30,SOUTH,Software,29.0,2025,1,0,0.0,0,0,0,1,1.0,test
2025-01-06,SOUTH,Software,27.0,2025,2,0,0.0,0,0,0,1,1.0,test
2025-01-13,SOUTH,Software,17.0,2025,3,0,0.0,0,0,0,1,1.0,test
2025-01-20,SOUTH,Software,13.0,2025,4,0,0.0,0,0,0,1,1.0,test
2025-01-27,SOUTH,Software,20.0,2025,5,0,0.0,0,0,0,1,1.0,test
2025-02-03,SOUTH,Software,19.0,2025,6,0,0.0,0,0,0,1,1.0,test
2025-02-10,SOUTH,Software,12.0,2025,7,0,0.0,0,0,0,1,1.0,test
2025-02-17,SOUTH,Software,19.0,2025,8,0,0.0,0,0,0,1,1.0,test
2025-02-24,SOUTH,Software,24.0,2025,9,1,0.0,0,0,0,1,1.0,test
2025-03-03,SOUTH,Software,31.0,2025,10,1,0.25,0,0,0,0,1.0,test
2025-03-10,SOUTH,Software,29.0,2025,11,1,0.5,0,0,0,0,1.0,test
2025-03-17,SOUTH,Software,34.0,2025,12,1,0.75,0,0,0,0,1.0,test
2025-03-24,SOUTH,Software,38.0,2025,13,1,1.0,1,0,0,0,1.0,test
2025-03-31,SOUTH,Software,17.0,2025,14,0,0.0,0,0,0,0,1.0,test
2025-04-07,SOUTH,Software,24.0,2025,15,0,0.0,0,0,0,0,1.0,test
2025-04-14,SOUTH,Software,16.0,2025,16,0,0.0,0,0,0,0,1.0,test
2025-04-21,SOUTH,Software,19.0,2025,17,0,0.0,0,0,0,0,1.0,test
2025-04-28,SOUTH,Software,24.0,2025,18,0,0.0,0,0,0,0,1.0,test
2025-05-05,SOUTH,Software,21.0,2025,19,0,0.0,0,0,0,0,1.0,test
2025-05-12,SOUTH,Software,15.0,2025,20,0,0.0,0,0,0,0,1.0,test
2025-05-19,SOUTH,Software,29.0,2025,21,0,0.0,0,0,0,0,1.0,test
2025-05-26,SOUTH,Software,20.0,2025,22,0,0.0,0,1,0,0,1.0,test
2025-06-02,SOUTH,Software,31.0,2025,23,0,0.0,0,1,0,0,1.0,test
2025-06-09,SOUTH,Software,22.0,2025,24,0,0.0,0,1,0,0,1.0,test
2025-06-16,SOUTH,Software,26.0,2025,25,0,0.0,0,1,0,0,1.0,test
2025-06-23,SOUTH,Software,25.0,2025,26,0,0.0,0,1,0,0,1.0,test
2025-06-30,SOUTH,Software,20.0,2025,27,0,0.0,0,1,0,0,1.0,test
2025-07-07,SOUTH,Software,21.0,2025,28,0,0.0,0,1,0,0,1.0,test
2025-07-14,SOUTH,Software,22.0,2025,29,0,0.0,0,1,0,0,1.0,test
2025-07-21,SOUTH,Software,26.0,2025,30,0,0.0,0,1,0,0,1.0,test
2025-07-28,SOUTH,Software,18.0,2025,31,0,0.0,0,1,0,0,1.0,test
2025-08-04,SOUTH,Software,28.0,2025,32,0,0.0,0,1,0,0,1.0,test
2025-08-11,SOUTH,Software,23.0,2025,33,0,0.0,0,1,0,0,1.0,test
2025-08-18,SOUTH,Software,31.0,2025,34,0,0.0,0,1,0,0,1.0,test
2025-08-25,SOUTH,Software,27.0,2025,35,0,0.0,0,1,0,0,1.0,test
2025-09-01,SOUTH,Software,32.0,2025,36,0,0.0,0,0,1,0,1.0,test
2025-09-08,SOUTH,Software,34.0,2025,37,0,0.0,0,0,1,0,1.0,test
2025-09-15,SOUTH,Software,20.0,2025,38,0,0.0,0,0,1,0,1.0,test
2025-09-22,SOUTH,Software,17.0,2025,39,0,0.0,0,0,1,0,1.0,test
2025-09-29,SOUTH,Software,20.0,2025,40,0,0.0,0,0,1,0,1.0,test
2025-10-06,SOUTH,Software,26.0,2025,41,0,0.0,0,0,0,0,1.0,test
2025-10-13,SOUTH,Software,16.0,2025,42,0,0.0,0,0,0,0,1.0,test
2025-10-20,SOUTH,Software,15.0,2025,43,0,0.0,0,0,0,0,1.0,test
2025-10-27,SOUTH,Software,19.0,2025,44,0,0.0,0,0,0,0,1.0,test
2025-11-03,SOUTH,Software,21.0,2025,45,0,0.0,0,0,0,0,1.0,test
2025-11-10,SOUTH,Software,23.0,2025,46,0,0.0,0,0,0,0,1.0,test
2025-11-17,SOUTH,Software,21.0,2025,47,0,0.0,0,0,0,0,1.0,test
2025-11-24,SOUTH,Software,22.0,2025,48,0,0.0,0,0,0,0,1.0,test
2025-12-01,SOUTH,Software,13.0,2025,49,0,0.0,0,0,0,0,1.0,test
2025-12-08,SOUTH,Software,23.0,2025,50,0,0.0,0,0,0,0,1.0,test
2025-12-15,SOUTH,Software,24.0,2025,51,0,0.0,0,0,0,0,1.0,test
2025-12-22,SOUTH,Software,17.0,2025,52,0,0.0,0,0,0,0,1.0,test
2024-01-01,SOUTH,Sporting Goods,188.0,2024,1,0,0.0,0,0,0,1,1.0,train
2024-01-08,SOUTH,Sporting Goods,183.0,2024,2,0,0.0,0,0,0,1,1.0,train
2024-01-15,SOUTH,Sporting Goods,175.0,2024,3,0,0.0,0,0,0,1,1.0,train
2024-01-22,SOUTH,Sporting Goods,180.0,2024,4,0,0.0,0,0,0,1,1.0,train
2024-01-29,SOUTH,Sporting Goods,200.0,2024,5,0,0.0,0,0,0,1,1.0,train
2024-02-05,SOUTH,Sporting Goods,194.0,2024,6,0,0.0,0,0,0,1,1.0,train
2024-02-12,SOUTH,Sporting Goods,196.0,2024,7,0,0.0,0,0,0,1,1.0,train
2024-02-19,SOUTH,Sporting Goods,167.0,2024,8,0,0.0,0,0,0,1,1.0,train
2024-02-26,SOUTH,Sporting Goods,211.0,2024,9,0,0.0,0,0,0,1,1.0,train
2024-03-04,SOUTH,Sporting Goods,238.0,2024,10,0,0.0,0,0,0,0,1.0,train
2024-03-11,SOUTH,Sporting Goods,299.0,2024,11,1,0.0,0,0,0,0,1.0,train
2024-03-18,SOUTH,Sporting Goods,299.0,2024,12,1,0.25,0,0,0,0,1.0,train
2024-03-25,SOUTH,Sporting Goods,332.0,2024,13,1,0.5,0,0,0,0,1.0,train
2024-04-01,SOUTH,Sporting Goods,367.0,2024,14,1,0.75,0,0,0,0,1.0,train
2024-04-08,SOUTH,Sporting Goods,363.0,2024,15,1,1.0,1,0,0,0,1.0,train
2024-04-15,SOUTH,Sporting Goods,194.0,2024,16,0,0.0,0,0,0,0,1.0,train
2024-04-22,SOUTH,Sporting Goods,223.0,2024,17,0,0.0,0,0,0,0,1.0,train
2024-04-29,SOUTH,Sporting Goods,181.0,2024,18,0,0.0,0,0,0,0,1.0,train
2024-05-06,SOUTH,Sporting Goods,177.0,2024,19,0,0.0,0,0,0,0,1.0,train
2024-05-13,SOUTH,Sporting Goods,219.0,2024,20,0,0.0,0,0,0,0,1.0,train
2024-05-20,SOUTH,Sporting Goods,204.0,2024,21,0,0.0,0,0,0,0,1.0,train
2024-05-27,SOUTH,Sporting Goods,217.0,2024,22,0,0.0,0,1,0,0,1.4,train
2024-06-03,SOUTH,Sporting Goods,269.0,2024,23,0,0.0,0,1,0,0,1.4,train
2024-06-10,SOUTH,Sporting Goods,259.0,2024,24,0,0.0,0,1,0,0,1.4,train
2024-06-17,SOUTH,Sporting Goods,230.0,2024,25,0,0.0,0,1,0,0,1.4,train
2024-06-24,SOUTH,Sporting Goods,224.0,2024,26,0,0.0,0,1,0,0,1.4,train
2024-07-01,SOUTH,Sporting Goods,227.0,2024,27,0,0.0,0,1,0,0,1.4,train
2024-07-08,SOUTH,Sporting Goods,251.0,2024,28,0,0.0,0,1,0,0,1.4,train
2024-07-15,SOUTH,Sporting Goods,220.0,2024,29,0,0.0,0,1,0,0,1.4,train
2024-07-22,SOUTH,Sporting Goods,236.0,2024,30,0,0.0,0,1,0,0,1.4,train
2024-07-29,SOUTH,Sporting Goods,239.0,2024,31,0,0.0,0,1,0,0,1.4,train
2024-08-05,SOUTH,Sporting Goods,252.0,2024,32,0,0.0,0,1,0,0,1.4,train
2024-08-12,SOUTH,Sporting Goods,241.0,2024,33,0,0.0,0,1,0,0,1.4,train
2024-08-19,SOUTH,Sporting Goods,266.0,2024,34,0,0.0,0,1,0,0,1.4,train
2024-08-26,SOUTH,Sporting Goods,259.0,2024,35,0,0.0,0,1,1,0,1.4,train
2024-09-02,SOUTH,Sporting Goods,272.0,2024,36,0,0.0,0,0,1,0,1.0,train
2024-09-09,SOUTH,Sporting Goods,276.0,2024,37,0,0.0,0,0,1,0,1.0,train
2024-09-16,SOUTH,Sporting Goods,280.0,2024,38,0,0.0,0,0,1,0,1.0,train
2024-09-23,SOUTH,Sporting Goods,247.0,2024,39,0,0.0,0,0,1,0,1.0,train
2024-09-30,SOUTH,Sporting Goods,216.0,2024,40,0,0.0,0,0,1,0,1.0,train
2024-10-07,SOUTH,Sporting Goods,196.0,2024,41,0,0.0,0,0,0,0,1.0,train
2024-10-14,SOUTH,Sporting Goods,201.0,2024,42,0,0.0,0,0,0,0,1.0,train
2024-10-21,SOUTH,Sporting Goods,182.0,2024,43,0,0.0,0,0,0,0,1.0,train
2024-10-28,SOUTH,Sporting Goods,177.0,2024,44,0,0.0,0,0,0,0,1.0,train
2024-11-04,SOUTH,Sporting Goods,200.0,2024,45,0,0.0,0,0,0,0,1.0,validation
2024-11-11,SOUTH,Sporting Goods,208.0,2024,46,0,0.0,0,0,0,0,1.0,validation
2024-11-18,SOUTH,Sporting Goods,223.0,2024,47,0,0.0,0,0,0,0,1.0,validation
2024-11-25,SOUTH,Sporting Goods,198.0,2024,48,0,0.0,0,0,0,0,1.0,validation
2024-12-02,SOUTH,Sporting Goods,228.0,2024,49,0,0.0,0,0,0,0,1.0,validation
2024-12-09,SOUTH,Sporting Goods,227.0,2024,50,0,0.0,0,0,0,0,1.0,validation
2024-12-16,SOUTH,Sporting Goods,217.0,2024,51,0,0.0,0,0,0,0,1.0,validation
2024-12-23,SOUTH,Sporting Goods,232.0,2024,52,0,0.0,0,0,0,0,1.0,validation
2024-12-30,SOUTH,Sporting Goods,172.0,2025,1,0,0.0,0,0,0,1,1.0,test
2025-01-06,SOUTH,Sporting Goods,191.0,2025,2,0,0.0,0,0,0,1,1.0,test
2025-01-13,SOUTH,Sporting Goods,171.0,2025,3,0,0.0,0,0,0,1,1.0,test
2025-01-20,SOUTH,Sporting Goods,178.0,2025,4,0,0.0,0,0,0,1,1.0,test
2025-01-27,SOUTH,Sporting Goods,196.0,2025,5,0,0.0,0,0,0,1,1.0,test
2025-02-03,SOUTH,Sporting Goods,203.0,2025,6,0,0.0,0,0,0,1,1.0,test
2025-02-10,SOUTH,Sporting Goods,197.0,2025,7,0,0.0,0,0,0,1,1.0,test
2025-02-17,SOUTH,Sporting Goods,186.0,2025,8,0,0.0,0,0,0,1,1.0,test
2025-02-24,SOUTH,Sporting Goods,212.0,2025,9,1,0.0,0,0,0,1,1.0,test
2025-03-03,SOUTH,Sporting Goods,329.0,2025,10,1,0.25,0,0,0,0,1.0,test
2025-03-10,SOUTH,Sporting Goods,344.0,2025,11,1,0.5,0,0,0,0,1.0,test
2025-03-17,SOUTH,Sporting Goods,399.0,2025,12,1,0.75,0,0,0,0,1.0,test
2025-03-24,SOUTH,Sporting Goods,409.0,2025,13,1,1.0,1,0,0,0,1.0,test
2025-03-31,SOUTH,Sporting Goods,209.0,2025,14,0,0.0,0,0,0,0,1.0,test
2025-04-07,SOUTH,Sporting Goods,189.0,2025,15,0,0.0,0,0,0,0,1.0,test
2025-04-14,SOUTH,Sporting Goods,198.0,2025,16,0,0.0,0,0,0,0,1.0,test
2025-04-21,SOUTH,Sporting Goods,212.0,2025,17,0,0.0,0,0,0,0,1.0,test
2025-04-28,SOUTH,Sporting Goods,219.0,2025,18,0,0.0,0,0,0,0,1.0,test
2025-05-05,SOUTH,Sporting Goods,197.0,2025,19,0,0.0,0,0,0,0,1.0,test
2025-05-12,SOUTH,Sporting Goods,177.0,2025,20,0,0.0,0,0,0,0,1.0,test
2025-05-19,SOUTH,Sporting Goods,228.0,2025,21,0,0.0,0,0,0,0,1.0,test
2025-05-26,SOUTH,Sporting Goods,230.0,2025,22,0,0.0,0,1,0,0,1.4,test
2025-06-02,SOUTH,Sporting Goods,279.0,2025,23,0,0.0,0,1,0,0,1.4,test
2025-06-09,SOUTH,Sporting Goods,229.0,2025,24,0,0.0,0,1,0,0,1.4,test
2025-06-16,SOUTH,Sporting Goods,248.0,2025,25,0,0.0,0,1,0,0,1.4,test
2025-06-23,SOUTH,Sporting Goods,239.0,2025,26,0,0.0,0,1,0,0,1.4,test
2025-06-30,SOUTH,Sporting Goods,232.0,2025,27,0,0.0,0,1,0,0,1.4,test
2025-07-07,SOUTH,Sporting Goods,223.0,2025,28,0,0.0,0,1,0,0,1.4,test
2025-07-14,SOUTH,Sporting Goods,256.0,2025,29,0,0.0,0,1,0,0,1.4,test
2025-07-21,SOUTH,Sporting Goods,247.0,2025,30,0,0.0,0,1,0,0,1.4,test
2025-07-28,SOUTH,Sporting Goods,256.0,2025,31,0,0.0,0,1,0,0,1.4,test
2025-08-04,SOUTH,Sporting Goods,226.0,2025,32,0,0.0,0,1,0,0,1.4,test
2025-08-11,SOUTH,Sporting Goods,253.0,2025,33,0,0.0,0,1,0,0,1.4,test
2025-08-18,SOUTH,Sporting Goods,245.0,2025,34,0,0.0,0,1,0,0,1.4,test
2025-08-25,SOUTH,Sporting Goods,220.0,2025,35,0,0.0,0,1,0,0,1.4,test
2025-09-01,SOUTH,Sporting Goods,307.0,2025,36,0,0.0,0,0,1,0,1.0,test
2025-09-08,SOUTH,Sporting Goods,242.0,2025,37,0,0.0,0,0,1,0,1.0,test
2025-09-15,SOUTH,Sporting Goods,275.0,2025,38,0,0.0,0,0,1,0,1.0,test
2025-09-22,SOUTH,Sporting Goods,266.0,2025,39,0,0.0,0,0,1,0,1.0,test
2025-09-29,SOUTH,Sporting Goods,212.0,2025,40,0,0.0,0,0,1,0,1.0,test
2025-10-06,SOUTH,Sporting Goods,213.0,2025,41,0,0.0,0,0,0,0,1.0,test
2025-10-13,SOUTH,Sporting Goods,190.0,2025,42,0,0.0,0,0,0,0,1.0,test
2025-10-20,SOUTH,Sporting Goods,220.0,2025,43,0,0.0,0,0,0,0,1.0,test
2025-10-27,SOUTH,Sporting Goods,196.0,2025,44,0,0.0,0,0,0,0,1.0,test
2025-11-03,SOUTH,Sporting Goods,209.0,2025,45,0,0.0,0,0,0,0,1.0,test
2025-11-10,SOUTH,Sporting Goods,195.0,2025,46,0,0.0,0,0,0,0,1.0,test
2025-11-17,SOUTH,Sporting Goods,183.0,2025,47,0,0.0,0,0,0,0,1.0,test
2025-11-24,SOUTH,Sporting Goods,209.0,2025,48,0,0.0,0,0,0,0,1.0,test
2025-12-01,SOUTH,Sporting Goods,224.0,2025,49,0,0.0,0,0,0,0,1.0,test
2025-12-08,SOUTH,Sporting Goods,223.0,2025,50,0,0.0,0,0,0,0,1.0,test
2025-12-15,SOUTH,Sporting Goods,217.0,2025,51,0,0.0,0,0,0,0,1.0,test
2025-12-22,SOUTH,Sporting Goods,226.0,2025,52,0,0.0,0,0,0,0,1.0,test
2024-01-01,SOUTH,Vehicles & Parts,171.0,2024,1,0,0.0,0,0,0,1,1.0,train
2024-01-08,SOUTH,Vehicles & Parts,207.0,2024,2,0,0.0,0,0,0,1,1.0,train
2024-01-15,SOUTH,Vehicles & Parts,196.0,2024,3,0,0.0,0,0,0,1,1.0,train
2024-01-22,SOUTH,Vehicles & Parts,173.0,2024,4,0,0.0,0,0,0,1,1.0,train
2024-01-29,SOUTH,Vehicles & Parts,194.0,2024,5,0,0.0,0,0,0,1,1.0,train
2024-02-05,SOUTH,Vehicles & Parts,182.0,2024,6,0,0.0,0,0,0,1,1.0,train
2024-02-12,SOUTH,Vehicles & Parts,188.0,2024,7,0,0.0,0,0,0,1,1.0,train
2024-02-19,SOUTH,Vehicles & Parts,168.0,2024,8,0,0.0,0,0,0,1,1.0,train
2024-02-26,SOUTH,Vehicles & Parts,212.0,2024,9,0,0.0,0,0,0,1,1.0,train
2024-03-04,SOUTH,Vehicles & Parts,219.0,2024,10,0,0.0,0,0,0,0,1.0,train
2024-03-11,SOUTH,Vehicles & Parts,358.0,2024,11,1,0.0,0,0,0,0,1.0,train
2024-03-18,SOUTH,Vehicles & Parts,320.0,2024,12,1,0.25,0,0,0,0,1.0,train
2024-03-25,SOUTH,Vehicles & Parts,350.0,2024,13,1,0.5,0,0,0,0,1.0,train
2024-04-01,SOUTH,Vehicles & Parts,360.0,2024,14,1,0.75,0,0,0,0,1.0,train
2024-04-08,SOUTH,Vehicles & Parts,333.0,2024,15,1,1.0,1,0,0,0,1.0,train
2024-04-15,SOUTH,Vehicles & Parts,199.0,2024,16,0,0.0,0,0,0,0,1.0,train
2024-04-22,SOUTH,Vehicles & Parts,227.0,2024,17,0,0.0,0,0,0,0,1.0,train
2024-04-29,SOUTH,Vehicles & Parts,213.0,2024,18,0,0.0,0,0,0,0,1.0,train
2024-05-06,SOUTH,Vehicles & Parts,202.0,2024,19,0,0.0,0,0,0,0,1.0,train
2024-05-13,SOUTH,Vehicles & Parts,176.0,2024,20,0,0.0,0,0,0,0,1.0,train
2024-05-20,SOUTH,Vehicles & Parts,194.0,2024,21,0,0.0,0,0,0,0,1.0,train
2024-05-27,SOUTH,Vehicles & Parts,224.0,2024,22,0,0.0,0,1,0,0,1.0,train
2024-06-03,SOUTH,Vehicles & Parts,253.0,2024,23,0,0.0,0,1,0,0,1.0,train
2024-06-10,SOUTH,Vehicles & Parts,243.0,2024,24,0,0.0,0,1,0,0,1.0,train
2024-06-17,SOUTH,Vehicles & Parts,237.0,2024,25,0,0.0,0,1,0,0,1.0,train
2024-06-24,SOUTH,Vehicles & Parts,224.0,2024,26,0,0.0,0,1,0,0,1.0,train
2024-07-01,SOUTH,Vehicles & Parts,225.0,2024,27,0,0.0,0,1,0,0,1.0,train
2024-07-08,SOUTH,Vehicles & Parts,238.0,2024,28,0,0.0,0,1,0,0,1.0,train
2024-07-15,SOUTH,Vehicles & Parts,229.0,2024,29,0,0.0,0,1,0,0,1.0,train
2024-07-22,SOUTH,Vehicles & Parts,228.0,2024,30,0,0.0,0,1,0,0,1.0,train
2024-07-29,SOUTH,Vehicles & Parts,258.0,2024,31,0,0.0,0,1,0,0,1.0,train
2024-08-05,SOUTH,Vehicles & Parts,236.0,2024,32,0,0.0,0,1,0,0,1.0,train
2024-08-12,SOUTH,Vehicles & Parts,227.0,2024,33,0,0.0,0,1,0,0,1.0,train
2024-08-19,SOUTH,Vehicles & Parts,240.0,2024,34,0,0.0,0,1,0,0,1.0,train
2024-08-26,SOUTH,Vehicles & Parts,221.0,2024,35,0,0.0,0,1,1,0,1.0,train
2024-09-02,SOUTH,Vehicles & Parts,253.0,2024,36,0,0.0,0,0,1,0,1.0,train
2024-09-09,SOUTH,Vehicles & Parts,242.0,2024,37,0,0.0,0,0,1,0,1.0,train
2024-09-16,SOUTH,Vehicles & Parts,281.0,2024,38,0,0.0,0,0,1,0,1.0,train
2024-09-23,SOUTH,Vehicles & Parts,296.0,2024,39,0,0.0,0,0,1,0,1.0,train
2024-09-30,SOUTH,Vehicles & Parts,188.0,2024,40,0,0.0,0,0,1,0,1.0,train
2024-10-07,SOUTH,Vehicles & Parts,213.0,2024,41,0,0.0,0,0,0,0,1.0,train
2024-10-14,SOUTH,Vehicles & Parts,216.0,2024,42,0,0.0,0,0,0,0,1.0,train
2024-10-21,SOUTH,Vehicles & Parts,215.0,2024,43,0,0.0,0,0,0,0,1.0,train
2024-10-28,SOUTH,Vehicles & Parts,193.0,2024,44,0,0.0,0,0,0,0,1.0,train
2024-11-04,SOUTH,Vehicles & Parts,208.0,2024,45,0,0.0,0,0,0,0,1.0,validation
2024-11-11,SOUTH,Vehicles & Parts,176.0,2024,46,0,0.0,0,0,0,0,1.0,validation
2024-11-18,SOUTH,Vehicles & Parts,200.0,2024,47,0,0.0,0,0,0,0,1.0,validation
2024-11-25,SOUTH,Vehicles & Parts,200.0,2024,48,0,0.0,0,0,0,0,1.0,validation
2024-12-02,SOUTH,Vehicles & Parts,204.0,2024,49,0,0.0,0,0,0,0,1.0,validation
2024-12-09,SOUTH,Vehicles & Parts,220.0,2024,50,0,0.0,0,0,0,0,1.0,validation
2024-12-16,SOUTH,Vehicles & Parts,217.0,2024,51,0,0.0,0,0,0,0,1.0,validation
2024-12-23,SOUTH,Vehicles & Parts,211.0,2024,52,0,0.0,0,0,0,0,1.0,validation
2024-12-30,SOUTH,Vehicles & Parts,197.0,2025,1,0,0.0,0,0,0,1,1.0,test
2025-01-06,SOUTH,Vehicles & Parts,184.0,2025,2,0,0.0,0,0,0,1,1.0,test
2025-01-13,SOUTH,Vehicles & Parts,182.0,2025,3,0,0.0,0,0,0,1,1.0,test
2025-01-20,SOUTH,Vehicles & Parts,163.0,2025,4,0,0.0,0,0,0,1,1.0,test
2025-01-27,SOUTH,Vehicles & Parts,204.0,2025,5,0,0.0,0,0,0,1,1.0,test
2025-02-03,SOUTH,Vehicles & Parts,175.0,2025,6,0,0.0,0,0,0,1,1.0,test
2025-02-10,SOUTH,Vehicles & Parts,180.0,2025,7,0,0.0,0,0,0,1,1.0,test
2025-02-17,SOUTH,Vehicles & Parts,161.0,2025,8,0,0.0,0,0,0,1,1.0,test
2025-02-24,SOUTH,Vehicles & Parts,193.0,2025,9,1,0.0,0,0,0,1,1.0,test
2025-03-03,SOUTH,Vehicles & Parts,304.0,2025,10,1,0.25,0,0,0,0,1.0,test
2025-03-10,SOUTH,Vehicles & Parts,304.0,2025,11,1,0.5,0,0,0,0,1.0,test
2025-03-17,SOUTH,Vehicles & Parts,360.0,2025,12,1,0.75,0,0,0,0,1.0,test
2025-03-24,SOUTH,Vehicles & Parts,383.0,2025,13,1,1.0,1,0,0,0,1.0,test
2025-03-31,SOUTH,Vehicles & Parts,196.0,2025,14,0,0.0,0,0,0,0,1.0,test
2025-04-07,SOUTH,Vehicles & Parts,180.0,2025,15,0,0.0,0,0,0,0,1.0,test
2025-04-14,SOUTH,Vehicles & Parts,190.0,2025,16,0,0.0,0,0,0,0,1.0,test
2025-04-21,SOUTH,Vehicles & Parts,195.0,2025,17,0,0.0,0,0,0,0,1.0,test
2025-04-28,SOUTH,Vehicles & Parts,200.0,2025,18,0,0.0,0,0,0,0,1.0,test
2025-05-05,SOUTH,Vehicles & Parts,191.0,2025,19,0,0.0,0,0,0,0,1.0,test
2025-05-12,SOUTH,Vehicles & Parts,223.0,2025,20,0,0.0,0,0,0,0,1.0,test
2025-05-19,SOUTH,Vehicles & Parts,198.0,2025,21,0,0.0,0,0,0,0,1.0,test
2025-05-26,SOUTH,Vehicles & Parts,209.0,2025,22,0,0.0,0,1,0,0,1.0,test
2025-06-02,SOUTH,Vehicles & Parts,223.0,2025,23,0,0.0,0,1,0,0,1.0,test
2025-06-09,SOUTH,Vehicles & Parts,228.0,2025,24,0,0.0,0,1,0,0,1.0,test
2025-06-16,SOUTH,Vehicles & Parts,230.0,2025,25,0,0.0,0,1,0,0,1.0,test
2025-06-23,SOUTH,Vehicles & Parts,258.0,2025,26,0,0.0,0,1,0,0,1.0,test
2025-06-30,SOUTH,Vehicles & Parts,228.0,2025,27,0,0.0,0,1,0,0,1.0,test
2025-07-07,SOUTH,Vehicles & Parts,240.0,2025,28,0,0.0,0,1,0,0,1.0,test
2025-07-14,SOUTH,Vehicles & Parts,275.0,2025,29,0,0.0,0,1,0,0,1.0,test
2025-07-21,SOUTH,Vehicles & Parts,253.0,2025,30,0,0.0,0,1,0,0,1.0,test
2025-07-28,SOUTH,Vehicles & Parts,258.0,2025,31,0,0.0,0,1,0,0,1.0,test
2025-08-04,SOUTH,Vehicles & Parts,232.0,2025,32,0,0.0,0,1,0,0,1.0,test
2025-08-11,SOUTH,Vehicles & Parts,286.0,2025,33,0,0.0,0,1,0,0,1.0,test
2025-08-18,SOUTH,Vehicles & Parts,235.0,2025,34,0,0.0,0,1,0,0,1.0,test
2025-08-25,SOUTH,Vehicles & Parts,238.0,2025,35,0,0.0,0,1,0,0,1.0,test
2025-09-01,SOUTH,Vehicles & Parts,268.0,2025,36,0,0.0,0,0,1,0,1.0,test
2025-09-08,SOUTH,Vehicles & Parts,263.0,2025,37,0,0.0,0,0,1,0,1.0,test
2025-09-15,SOUTH,Vehicles & Parts,257.0,2025,38,0,0.0,0,0,1,0,1.0,test
2025-09-22,SOUTH,Vehicles & Parts,272.0,2025,39,0,0.0,0,0,1,0,1.0,test
2025-09-29,SOUTH,Vehicles & Parts,234.0,2025,40,0,0.0,0,0,1,0,1.0,test
2025-10-06,SOUTH,Vehicles & Parts,204.0,2025,41,0,0.0,0,0,0,0,1.0,test
2025-10-13,SOUTH,Vehicles & Parts,197.0,2025,42,0,0.0,0,0,0,0,1.0,test
2025-10-20,SOUTH,Vehicles & Parts,194.0,2025,43,0,0.0,0,0,0,0,1.0,test
2025-10-27,SOUTH,Vehicles & Parts,187.0,2025,44,0,0.0,0,0,0,0,1.0,test
2025-11-03,SOUTH,Vehicles & Parts,215.0,2025,45,0,0.0,0,0,0,0,1.0,test
2025-11-10,SOUTH,Vehicles & Parts,194.0,2025,46,0,0.0,0,0,0,0,1.0,test
2025-11-17,SOUTH,Vehicles & Parts,214.0,2025,47,0,0.0,0,0,0,0,1.0,test
2025-11-24,SOUTH,Vehicles & Parts,201.0,2025,48,0,0.0,0,0,0,0,1.0,test
2025-12-01,SOUTH,Vehicles & Parts,231.0,2025,49,0,0.0,0,0,0,0,1.0,test
2025-12-08,SOUTH,Vehicles & Parts,239.0,2025,50,0,0.0,0,0,0,0,1.0,test
2025-12-15,SOUTH,Vehicles & Parts,199.0,2025,51,0,0.0,0,0,0,0,1.0,test
2025-12-22,SOUTH,Vehicles & Parts,210.0,2025,52,0,0.0,0,0,0,0,1.0,test
2024-01-01,WEST,Animals & Pet Supplies,201.0,2024,1,0,0.0,0,0,0,1,1.0,train
2024-01-08,WEST,Animals & Pet Supplies,197.0,2024,2,0,0.0,0,0,0,1,1.0,train
2024-01-15,WEST,Animals & Pet Supplies,181.0,2024,3,0,0.0,0,0,0,1,1.0,train
2024-01-22,WEST,Animals & Pet Supplies,210.0,2024,4,0,0.0,0,0,0,1,1.0,train
2024-01-29,WEST,Animals & Pet Supplies,204.0,2024,5,0,0.0,0,0,0,1,1.0,train
2024-02-05,WEST,Animals & Pet Supplies,192.0,2024,6,0,0.0,0,0,0,1,1.0,train
2024-02-12,WEST,Animals & Pet Supplies,194.0,2024,7,0,0.0,0,0,0,1,1.0,train
2024-02-19,WEST,Animals & Pet Supplies,218.0,2024,8,0,0.0,0,0,0,1,1.0,train
2024-02-26,WEST,Animals & Pet Supplies,224.0,2024,9,0,0.0,0,0,0,1,1.0,train
2024-03-04,WEST,Animals & Pet Supplies,259.0,2024,10,0,0.0,0,0,0,0,1.0,train
2024-03-11,WEST,Animals & Pet Supplies,332.0,2024,11,1,0.0,0,0,0,0,1.0,train
2024-03-18,WEST,Animals & Pet Supplies,331.0,2024,12,1,0.25,0,0,0,0,1.0,train
2024-03-25,WEST,Animals & Pet Supplies,373.0,2024,13,1,0.5,0,0,0,0,1.0,train
2024-04-01,WEST,Animals & Pet Supplies,376.0,2024,14,1,0.75,0,0,0,0,1.0,train
2024-04-08,WEST,Animals & Pet Supplies,398.0,2024,15,1,1.0,1,0,0,0,1.0,train
2024-04-15,WEST,Animals & Pet Supplies,238.0,2024,16,0,0.0,0,0,0,0,1.0,train
2024-04-22,WEST,Animals & Pet Supplies,219.0,2024,17,0,0.0,0,0,0,0,1.0,train
2024-04-29,WEST,Animals & Pet Supplies,220.0,2024,18,0,0.0,0,0,0,0,1.0,train
2024-05-06,WEST,Animals & Pet Supplies,235.0,2024,19,0,0.0,0,0,0,0,1.0,train
2024-05-13,WEST,Animals & Pet Supplies,234.0,2024,20,0,0.0,0,0,0,0,1.0,train
2024-05-20,WEST,Animals & Pet Supplies,222.0,2024,21,0,0.0,0,0,0,0,1.0,train
2024-05-27,WEST,Animals & Pet Supplies,223.0,2024,22,0,0.0,0,1,0,0,1.0,train
2024-06-03,WEST,Animals & Pet Supplies,282.0,2024,23,0,0.0,0,1,0,0,1.0,train
2024-06-10,WEST,Animals & Pet Supplies,267.0,2024,24,0,0.0,0,1,0,0,1.0,train
2024-06-17,WEST,Animals & Pet Supplies,280.0,2024,25,0,0.0,0,1,0,0,1.0,train
2024-06-24,WEST,Animals & Pet Supplies,271.0,2024,26,0,0.0,0,1,0,0,1.0,train
2024-07-01,WEST,Animals & Pet Supplies,268.0,2024,27,0,0.0,0,1,0,0,1.0,train
2024-07-08,WEST,Animals & Pet Supplies,279.0,2024,28,0,0.0,0,1,0,0,1.0,train
2024-07-15,WEST,Animals & Pet Supplies,306.0,2024,29,0,0.0,0,1,0,0,1.0,train
2024-07-22,WEST,Animals & Pet Supplies,293.0,2024,30,0,0.0,0,1,0,0,1.0,train
2024-07-29,WEST,Animals & Pet Supplies,260.0,2024,31,0,0.0,0,1,0,0,1.0,train
2024-08-05,WEST,Animals & Pet Supplies,278.0,2024,32,0,0.0,0,1,0,0,1.0,train
2024-08-12,WEST,Animals & Pet Supplies,252.0,2024,33,0,0.0,0,1,0,0,1.0,train
2024-08-19,WEST,Animals & Pet Supplies,292.0,2024,34,0,0.0,0,1,0,0,1.0,train
2024-08-26,WEST,Animals & Pet Supplies,286.0,2024,35,0,0.0,0,1,1,0,1.0,train
2024-09-02,WEST,Animals & Pet Supplies,308.0,2024,36,0,0.0,0,0,1,0,1.0,train
2024-09-09,WEST,Animals & Pet Supplies,297.0,2024,37,0,0.0,0,0,1,0,1.0,train
2024-09-16,WEST,Animals & Pet Supplies,282.0,2024,38,0,0.0,0,0,1,0,1.0,train
2024-09-23,WEST,Animals & Pet Supplies,297.0,2024,39,0,0.0,0,0,1,0,1.0,train
2024-09-30,WEST,Animals & Pet Supplies,228.0,2024,40,0,0.0,0,0,1,0,1.0,train
2024-10-07,WEST,Animals & Pet Supplies,196.0,2024,41,0,0.0,0,0,0,0,1.0,train
2024-10-14,WEST,Animals & Pet Supplies,231.0,2024,42,0,0.0,0,0,0,0,1.0,train
2024-10-21,WEST,Animals & Pet Supplies,218.0,2024,43,0,0.0,0,0,0,0,1.0,train
2024-10-28,WEST,Animals & Pet Supplies,215.0,2024,44,0,0.0,0,0,0,0,1.0,train
2024-11-04,WEST,Animals & Pet Supplies,231.0,2024,45,0,0.0,0,0,0,0,1.0,validation
2024-11-11,WEST,Animals & Pet Supplies,201.0,2024,46,0,0.0,0,0,0,0,1.0,validation
2024-11-18,WEST,Animals & Pet Supplies,207.0,2024,47,0,0.0,0,0,0,0,1.0,validation
2024-11-25,WEST,Animals & Pet Supplies,233.0,2024,48,0,0.0,0,0,0,0,1.0,validation
2024-12-02,WEST,Animals & Pet Supplies,247.0,2024,49,0,0.0,0,0,0,0,1.0,validation
2024-12-09,WEST,Animals & Pet Supplies,223.0,2024,50,0,0.0,0,0,0,0,1.0,validation
2024-12-16,WEST,Animals & Pet Supplies,246.0,2024,51,0,0.0,0,0,0,0,1.0,validation
2024-12-23,WEST,Animals & Pet Supplies,216.0,2024,52,0,0.0,0,0,0,0,1.0,validation
2024-12-30,WEST,Animals & Pet Supplies,216.0,2025,1,0,0.0,0,0,0,1,1.0,test
2025-01-06,WEST,Animals & Pet Supplies,204.0,2025,2,0,0.0,0,0,0,1,1.0,test
2025-01-13,WEST,Animals & Pet Supplies,223.0,2025,3,0,0.0,0,0,0,1,1.0,test
2025-01-20,WEST,Animals & Pet Supplies,205.0,2025,4,0,0.0,0,0,0,1,1.0,test
2025-01-27,WEST,Animals & Pet Supplies,213.0,2025,5,0,0.0,0,0,0,1,1.0,test
2025-02-03,WEST,Animals & Pet Supplies,217.0,2025,6,0,0.0,0,0,0,1,1.0,test
2025-02-10,WEST,Animals & Pet Supplies,196.0,2025,7,0,0.0,0,0,0,1,1.0,test
2025-02-17,WEST,Animals & Pet Supplies,191.0,2025,8,0,0.0,0,0,0,1,1.0,test
2025-02-24,WEST,Animals & Pet Supplies,260.0,2025,9,1,0.0,0,0,0,1,1.0,test
2025-03-03,WEST,Animals & Pet Supplies,354.0,2025,10,1,0.25,0,0,0,0,1.0,test
2025-03-10,WEST,Animals & Pet Supplies,362.0,2025,11,1,0.5,0,0,0,0,1.0,test
2025-03-17,WEST,Animals & Pet Supplies,411.0,2025,12,1,0.75,0,0,0,0,1.0,test
2025-03-24,WEST,Animals & Pet Supplies,410.0,2025,13,1,1.0,1,0,0,0,1.0,test
2025-03-31,WEST,Animals & Pet Supplies,196.0,2025,14,0,0.0,0,0,0,0,1.0,test
2025-04-07,WEST,Animals & Pet Supplies,216.0,2025,15,0,0.0,0,0,0,0,1.0,test
2025-04-14,WEST,Animals & Pet Supplies,214.0,2025,16,0,0.0,0,0,0,0,1.0,test
2025-04-21,WEST,Animals & Pet Supplies,224.0,2025,17,0,0.0,0,0,0,0,1.0,test
2025-04-28,WEST,Animals & Pet Supplies,252.0,2025,18,0,0.0,0,0,0,0,1.0,test
2025-05-05,WEST,Animals & Pet Supplies,218.0,2025,19,0,0.0,0,0,0,0,1.0,test
2025-05-12,WEST,Animals & Pet Supplies,220.0,2025,20,0,0.0,0,0,0,0,1.0,test
2025-05-19,WEST,Animals & Pet Supplies,222.0,2025,21,0,0.0,0,0,0,0,1.0,test
2025-05-26,WEST,Animals & Pet Supplies,234.0,2025,22,0,0.0,0,1,0,0,1.0,test
2025-06-02,WEST,Animals & Pet Supplies,237.0,2025,23,0,0.0,0,1,0,0,1.0,test
2025-06-09,WEST,Animals & Pet Supplies,268.0,2025,24,0,0.0,0,1,0,0,1.0,test
2025-06-16,WEST,Animals & Pet Supplies,273.0,2025,25,0,0.0,0,1,0,0,1.0,test
2025-06-23,WEST,Animals & Pet Supplies,292.0,2025,26,0,0.0,0,1,0,0,1.0,test
2025-06-30,WEST,Animals & Pet Supplies,299.0,2025,27,0,0.0,0,1,0,0,1.0,test
2025-07-07,WEST,Animals & Pet Supplies,254.0,2025,28,0,0.0,0,1,0,0,1.0,test
2025-07-14,WEST,Animals & Pet Supplies,258.0,2025,29,0,0.0,0,1,0,0,1.0,test
2025-07-21,WEST,Animals & Pet Supplies,268.0,2025,30,0,0.0,0,1,0,0,1.0,test
2025-07-28,WEST,Animals & Pet Supplies,236.0,2025,31,0,0.0,0,1,0,0,1.0,test
2025-08-04,WEST,Animals & Pet Supplies,262.0,2025,32,0,0.0,0,1,0,0,1.0,test
2025-08-11,WEST,Animals & Pet Supplies,256.0,2025,33,0,0.0,0,1,0,0,1.0,test
2025-08-18,WEST,Animals & Pet Supplies,257.0,2025,34,0,0.0,0,1,0,0,1.0,test
2025-08-25,WEST,Animals & Pet Supplies,282.0,2025,35,0,0.0,0,1,0,0,1.0,test
2025-09-01,WEST,Animals & Pet Supplies,321.0,2025,36,0,0.0,0,0,1,0,1.0,test
2025-09-08,WEST,Animals & Pet Supplies,274.0,2025,37,0,0.0,0,0,1,0,1.0,test
2025-09-15,WEST,Animals & Pet Supplies,282.0,2025,38,0,0.0,0,0,1,0,1.0,test
2025-09-22,WEST,Animals & Pet Supplies,292.0,2025,39,0,0.0,0,0,1,0,1.0,test
2025-09-29,WEST,Animals & Pet Supplies,236.0,2025,40,0,0.0,0,0,1,0,1.0,test
2025-10-06,WEST,Animals & Pet Supplies,212.0,2025,41,0,0.0,0,0,0,0,1.0,test
2025-10-13,WEST,Animals & Pet Supplies,215.0,2025,42,0,0.0,0,0,0,0,1.0,test
2025-10-20,WEST,Animals & Pet Supplies,219.0,2025,43,0,0.0,0,0,0,0,1.0,test
2025-10-27,WEST,Animals & Pet Supplies,205.0,2025,44,0,0.0,0,0,0,0,1.0,test
2025-11-03,WEST,Animals & Pet Supplies,220.0,2025,45,0,0.0,0,0,0,0,1.0,test
2025-11-10,WEST,Animals & Pet Supplies,212.0,2025,46,0,0.0,0,0,0,0,1.0,test
2025-11-17,WEST,Animals & Pet Supplies,223.0,2025,47,0,0.0,0,0,0,0,1.0,test
2025-11-24,WEST,Animals & Pet Supplies,208.0,2025,48,0,0.0,0,0,0,0,1.0,test
2025-12-01,WEST,Animals & Pet Supplies,241.0,2025,49,0,0.0,0,0,0,0,1.0,test
2025-12-08,WEST,Animals & Pet Supplies,240.0,2025,50,0,0.0,0,0,0,0,1.0,test
2025-12-15,WEST,Animals & Pet Supplies,246.0,2025,51,0,0.0,0,0,0,0,1.0,test
2025-12-22,WEST,Animals & Pet Supplies,284.0,2025,52,0,0.0,0,0,0,0,1.0,test
2024-01-01,WEST,Apparel & Accessories,394.0,2024,1,0,0.0,0,0,0,1,1.0,train
2024-01-08,WEST,Apparel & Accessories,380.0,2024,2,0,0.0,0,0,0,1,1.0,train
2024-01-15,WEST,Apparel & Accessories,403.0,2024,3,0,0.0,0,0,0,1,1.0,train
2024-01-22,WEST,Apparel & Accessories,424.0,2024,4,0,0.0,0,0,0,1,1.0,train
2024-01-29,WEST,Apparel & Accessories,392.0,2024,5,0,0.0,0,0,0,1,1.0,train
2024-02-05,WEST,Apparel & Accessories,382.0,2024,6,0,0.0,0,0,0,1,1.0,train
2024-02-12,WEST,Apparel & Accessories,410.0,2024,7,0,0.0,0,0,0,1,1.0,train
2024-02-19,WEST,Apparel & Accessories,399.0,2024,8,0,0.0,0,0,0,1,1.0,train
2024-02-26,WEST,Apparel & Accessories,431.0,2024,9,0,0.0,0,0,0,1,1.0,train
2024-03-04,WEST,Apparel & Accessories,479.0,2024,10,0,0.0,0,0,0,0,1.0,train
2024-03-11,WEST,Apparel & Accessories,644.0,2024,11,1,0.0,0,0,0,0,1.0,train
2024-03-18,WEST,Apparel & Accessories,724.0,2024,12,1,0.25,0,0,0,0,1.0,train
2024-03-25,WEST,Apparel & Accessories,712.0,2024,13,1,0.5,0,0,0,0,1.0,train
2024-04-01,WEST,Apparel & Accessories,864.0,2024,14,1,0.75,0,0,0,0,1.0,train
2024-04-08,WEST,Apparel & Accessories,783.0,2024,15,1,1.0,1,0,0,0,1.5,train
2024-04-15,WEST,Apparel & Accessories,435.0,2024,16,0,0.0,0,0,0,0,1.0,train
2024-04-22,WEST,Apparel & Accessories,447.0,2024,17,0,0.0,0,0,0,0,1.0,train
2024-04-29,WEST,Apparel & Accessories,424.0,2024,18,0,0.0,0,0,0,0,1.0,train
2024-05-06,WEST,Apparel & Accessories,452.0,2024,19,0,0.0,0,0,0,0,1.0,train
2024-05-13,WEST,Apparel & Accessories,480.0,2024,20,0,0.0,0,0,0,0,1.0,train
2024-05-20,WEST,Apparel & Accessories,469.0,2024,21,0,0.0,0,0,0,0,1.0,train
2024-05-27,WEST,Apparel & Accessories,469.0,2024,22,0,0.0,0,1,0,0,1.0,train
2024-06-03,WEST,Apparel & Accessories,557.0,2024,23,0,0.0,0,1,0,0,1.0,train
2024-06-10,WEST,Apparel & Accessories,512.0,2024,24,0,0.0,0,1,0,0,1.0,train
2024-06-17,WEST,Apparel & Accessories,543.0,2024,25,0,0.0,0,1,0,0,1.0,train
2024-06-24,WEST,Apparel & Accessories,513.0,2024,26,0,0.0,0,1,0,0,1.0,train
2024-07-01,WEST,Apparel & Accessories,546.0,2024,27,0,0.0,0,1,0,0,1.0,train
2024-07-08,WEST,Apparel & Accessories,519.0,2024,28,0,0.0,0,1,0,0,1.0,train
2024-07-15,WEST,Apparel & Accessories,550.0,2024,29,0,0.0,0,1,0,0,1.0,train
2024-07-22,WEST,Apparel & Accessories,548.0,2024,30,0,0.0,0,1,0,0,1.0,train
2024-07-29,WEST,Apparel & Accessories,528.0,2024,31,0,0.0,0,1,0,0,1.0,train
2024-08-05,WEST,Apparel & Accessories,565.0,2024,32,0,0.0,0,1,0,0,1.0,train
2024-08-12,WEST,Apparel & Accessories,506.0,2024,33,0,0.0,0,1,0,0,1.0,train
2024-08-19,WEST,Apparel & Accessories,539.0,2024,34,0,0.0,0,1,0,0,1.0,train
2024-08-26,WEST,Apparel & Accessories,522.0,2024,35,0,0.0,0,1,1,0,1.0,train
2024-09-02,WEST,Apparel & Accessories,622.0,2024,36,0,0.0,0,0,1,0,1.0,train
2024-09-09,WEST,Apparel & Accessories,595.0,2024,37,0,0.0,0,0,1,0,1.0,train
2024-09-16,WEST,Apparel & Accessories,586.0,2024,38,0,0.0,0,0,1,0,1.0,train
2024-09-23,WEST,Apparel & Accessories,573.0,2024,39,0,0.0,0,0,1,0,1.0,train
2024-09-30,WEST,Apparel & Accessories,505.0,2024,40,0,0.0,0,0,1,0,1.0,train
2024-10-07,WEST,Apparel & Accessories,431.0,2024,41,0,0.0,0,0,0,0,1.0,train
2024-10-14,WEST,Apparel & Accessories,442.0,2024,42,0,0.0,0,0,0,0,1.0,train
2024-10-21,WEST,Apparel & Accessories,461.0,2024,43,0,0.0,0,0,0,0,1.0,train
2024-10-28,WEST,Apparel & Accessories,455.0,2024,44,0,0.0,0,0,0,0,1.0,train
2024-11-04,WEST,Apparel & Accessories,471.0,2024,45,0,0.0,0,0,0,0,1.0,validation
2024-11-11,WEST,Apparel & Accessories,461.0,2024,46,0,0.0,0,0,0,0,1.0,validation
2024-11-18,WEST,Apparel & Accessories,420.0,2024,47,0,0.0,0,0,0,0,1.0,validation
2024-11-25,WEST,Apparel & Accessories,448.0,2024,48,0,0.0,0,0,0,0,1.0,validation
2024-12-02,WEST,Apparel & Accessories,517.0,2024,49,0,0.0,0,0,0,0,1.0,validation
2024-12-09,WEST,Apparel & Accessories,460.0,2024,50,0,0.0,0,0,0,0,1.0,validation
2024-12-16,WEST,Apparel & Accessories,450.0,2024,51,0,0.0,0,0,0,0,1.0,validation
2024-12-23,WEST,Apparel & Accessories,493.0,2024,52,0,0.0,0,0,0,0,1.0,validation
2024-12-30,WEST,Apparel & Accessories,417.0,2025,1,0,0.0,0,0,0,1,1.0,test
2025-01-06,WEST,Apparel & Accessories,397.0,2025,2,0,0.0,0,0,0,1,1.0,test
2025-01-13,WEST,Apparel & Accessories,380.0,2025,3,0,0.0,0,0,0,1,1.0,test
2025-01-20,WEST,Apparel & Accessories,411.0,2025,4,0,0.0,0,0,0,1,1.0,test
2025-01-27,WEST,Apparel & Accessories,393.0,2025,5,0,0.0,0,0,0,1,1.0,test
2025-02-03,WEST,Apparel & Accessories,371.0,2025,6,0,0.0,0,0,0,1,1.0,test
2025-02-10,WEST,Apparel & Accessories,403.0,2025,7,0,0.0,0,0,0,1,1.0,test
2025-02-17,WEST,Apparel & Accessories,409.0,2025,8,0,0.0,0,0,0,1,1.0,test
2025-02-24,WEST,Apparel & Accessories,466.0,2025,9,1,0.0,0,0,0,1,1.0,test
2025-03-03,WEST,Apparel & Accessories,679.0,2025,10,1,0.25,0,0,0,0,1.0,test
2025-03-10,WEST,Apparel & Accessories,733.0,2025,11,1,0.5,0,0,0,0,1.0,test
2025-03-17,WEST,Apparel & Accessories,745.0,2025,12,1,0.75,0,0,0,0,1.0,test
2025-03-24,WEST,Apparel & Accessories,854.0,2025,13,1,1.0,1,0,0,0,1.5,test
2025-03-31,WEST,Apparel & Accessories,466.0,2025,14,0,0.0,0,0,0,0,1.0,test
2025-04-07,WEST,Apparel & Accessories,461.0,2025,15,0,0.0,0,0,0,0,1.0,test
2025-04-14,WEST,Apparel & Accessories,455.0,2025,16,0,0.0,0,0,0,0,1.0,test
2025-04-21,WEST,Apparel & Accessories,465.0,2025,17,0,0.0,0,0,0,0,1.0,test
2025-04-28,WEST,Apparel & Accessories,461.0,2025,18,0,0.0,0,0,0,0,1.0,test
2025-05-05,WEST,Apparel & Accessories,456.0,2025,19,0,0.0,0,0,0,0,1.0,test
2025-05-12,WEST,Apparel & Accessories,430.0,2025,20,0,0.0,0,0,0,0,1.0,test
2025-05-19,WEST,Apparel & Accessories,472.0,2025,21,0,0.0,0,0,0,0,1.0,test
2025-05-26,WEST,Apparel & Accessories,481.0,2025,22,0,0.0,0,1,0,0,1.0,test
2025-06-02,WEST,Apparel & Accessories,554.0,2025,23,0,0.0,0,1,0,0,1.0,test
2025-06-09,WEST,Apparel & Accessories,520.0,2025,24,0,0.0,0,1,0,0,1.0,test
2025-06-16,WEST,Apparel & Accessories,515.0,2025,25,0,0.0,0,1,0,0,1.0,test
2025-06-23,WEST,Apparel & Accessories,514.0,2025,26,0,0.0,0,1,0,0,1.0,test
2025-06-30,WEST,Apparel & Accessories,536.0,2025,27,0,0.0,0,1,0,0,1.0,test
2025-07-07,WEST,Apparel & Accessories,503.0,2025,28,0,0.0,0,1,0,0,1.0,test
2025-07-14,WEST,Apparel & Accessories,561.0,2025,29,0,0.0,0,1,0,0,1.0,test
2025-07-21,WEST,Apparel & Accessories,520.0,2025,30,0,0.0,0,1,0,0,1.0,test
2025-07-28,WEST,Apparel & Accessories,544.0,2025,31,0,0.0,0,1,0,0,1.0,test
2025-08-04,WEST,Apparel & Accessories,522.0,2025,32,0,0.0,0,1,0,0,1.0,test
2025-08-11,WEST,Apparel & Accessories,547.0,2025,33,0,0.0,0,1,0,0,1.0,test
2025-08-18,WEST,Apparel & Accessories,547.0,2025,34,0,0.0,0,1,0,0,1.0,test
2025-08-25,WEST,Apparel & Accessories,516.0,2025,35,0,0.0,0,1,0,0,1.0,test
2025-09-01,WEST,Apparel & Accessories,598.0,2025,36,0,0.0,0,0,1,0,1.0,test
2025-09-08,WEST,Apparel & Accessories,598.0,2025,37,0,0.0,0,0,1,0,1.0,test
2025-09-15,WEST,Apparel & Accessories,623.0,2025,38,0,0.0,0,0,1,0,1.0,test
2025-09-22,WEST,Apparel & Accessories,589.0,2025,39,0,0.0,0,0,1,0,1.0,test
2025-09-29,WEST,Apparel & Accessories,492.0,2025,40,0,0.0,0,0,1,0,1.0,test
2025-10-06,WEST,Apparel & Accessories,443.0,2025,41,0,0.0,0,0,0,0,1.0,test
2025-10-13,WEST,Apparel & Accessories,439.0,2025,42,0,0.0,0,0,0,0,1.0,test
2025-10-20,WEST,Apparel & Accessories,411.0,2025,43,0,0.0,0,0,0,0,1.0,test
2025-10-27,WEST,Apparel & Accessories,406.0,2025,44,0,0.0,0,0,0,0,1.0,test
2025-11-03,WEST,Apparel & Accessories,435.0,2025,45,0,0.0,0,0,0,0,1.0,test
2025-11-10,WEST,Apparel & Accessories,431.0,2025,46,0,0.0,0,0,0,0,1.0,test
2025-11-17,WEST,Apparel & Accessories,410.0,2025,47,0,0.0,0,0,0,0,1.0,test
2025-11-24,WEST,Apparel & Accessories,471.0,2025,48,0,0.0,0,0,0,0,1.0,test
2025-12-01,WEST,Apparel & Accessories,482.0,2025,49,0,0.0,0,0,0,0,1.0,test
2025-12-08,WEST,Apparel & Accessories,482.0,2025,50,0,0.0,0,0,0,0,1.0,test
2025-12-15,WEST,Apparel & Accessories,472.0,2025,51,0,0.0,0,0,0,0,1.0,test
2025-12-22,WEST,Apparel & Accessories,460.0,2025,52,0,0.0,0,0,0,0,1.0,test
2024-01-01,WEST,Arts & Entertainment,329.0,2024,1,0,0.0,0,0,0,1,1.0,train
2024-01-08,WEST,Arts & Entertainment,386.0,2024,2,0,0.0,0,0,0,1,1.0,train
2024-01-15,WEST,Arts & Entertainment,349.0,2024,3,0,0.0,0,0,0,1,1.0,train
2024-01-22,WEST,Arts & Entertainment,342.0,2024,4,0,0.0,0,0,0,1,1.0,train
2024-01-29,WEST,Arts & Entertainment,345.0,2024,5,0,0.0,0,0,0,1,1.0,train
2024-02-05,WEST,Arts & Entertainment,349.0,2024,6,0,0.0,0,0,0,1,1.0,train
2024-02-12,WEST,Arts & Entertainment,364.0,2024,7,0,0.0,0,0,0,1,1.0,train
2024-02-19,WEST,Arts & Entertainment,351.0,2024,8,0,0.0,0,0,0,1,1.0,train
2024-02-26,WEST,Arts & Entertainment,383.0,2024,9,0,0.0,0,0,0,1,1.0,train
2024-03-04,WEST,Arts & Entertainment,424.0,2024,10,0,0.0,0,0,0,0,1.0,train
2024-03-11,WEST,Arts & Entertainment,522.0,2024,11,1,0.0,0,0,0,0,1.0,train
2024-03-18,WEST,Arts & Entertainment,609.0,2024,12,1,0.25,0,0,0,0,1.0,train
2024-03-25,WEST,Arts & Entertainment,679.0,2024,13,1,0.5,0,0,0,0,1.0,train
2024-04-01,WEST,Arts & Entertainment,704.0,2024,14,1,0.75,0,0,0,0,1.0,train
2024-04-08,WEST,Arts & Entertainment,666.0,2024,15,1,1.0,1,0,0,0,1.0,train
2024-04-15,WEST,Arts & Entertainment,391.0,2024,16,0,0.0,0,0,0,0,1.0,train
2024-04-22,WEST,Arts & Entertainment,394.0,2024,17,0,0.0,0,0,0,0,1.0,train
2024-04-29,WEST,Arts & Entertainment,395.0,2024,18,0,0.0,0,0,0,0,1.0,train
2024-05-06,WEST,Arts & Entertainment,377.0,2024,19,0,0.0,0,0,0,0,1.0,train
2024-05-13,WEST,Arts & Entertainment,389.0,2024,20,0,0.0,0,0,0,0,1.0,train
2024-05-20,WEST,Arts & Entertainment,407.0,2024,21,0,0.0,0,0,0,0,1.0,train
2024-05-27,WEST,Arts & Entertainment,421.0,2024,22,0,0.0,0,1,0,0,1.4,train
2024-06-03,WEST,Arts & Entertainment,493.0,2024,23,0,0.0,0,1,0,0,1.4,train
2024-06-10,WEST,Arts & Entertainment,448.0,2024,24,0,0.0,0,1,0,0,1.4,train
2024-06-17,WEST,Arts & Entertainment,472.0,2024,25,0,0.0,0,1,0,0,1.4,train
2024-06-24,WEST,Arts & Entertainment,460.0,2024,26,0,0.0,0,1,0,0,1.4,train
2024-07-01,WEST,Arts & Entertainment,481.0,2024,27,0,0.0,0,1,0,0,1.4,train
2024-07-08,WEST,Arts & Entertainment,429.0,2024,28,0,0.0,0,1,0,0,1.4,train
2024-07-15,WEST,Arts & Entertainment,443.0,2024,29,0,0.0,0,1,0,0,1.4,train
2024-07-22,WEST,Arts & Entertainment,447.0,2024,30,0,0.0,0,1,0,0,1.4,train
2024-07-29,WEST,Arts & Entertainment,454.0,2024,31,0,0.0,0,1,0,0,1.4,train
2024-08-05,WEST,Arts & Entertainment,470.0,2024,32,0,0.0,0,1,0,0,1.4,train
2024-08-12,WEST,Arts & Entertainment,430.0,2024,33,0,0.0,0,1,0,0,1.4,train
2024-08-19,WEST,Arts & Entertainment,475.0,2024,34,0,0.0,0,1,0,0,1.4,train
2024-08-26,WEST,Arts & Entertainment,447.0,2024,35,0,0.0,0,1,1,0,1.4,train
2024-09-02,WEST,Arts & Entertainment,489.0,2024,36,0,0.0,0,0,1,0,1.0,train
2024-09-09,WEST,Arts & Entertainment,530.0,2024,37,0,0.0,0,0,1,0,1.0,train
2024-09-16,WEST,Arts & Entertainment,491.0,2024,38,0,0.0,0,0,1,0,1.0,train
2024-09-23,WEST,Arts & Entertainment,512.0,2024,39,0,0.0,0,0,1,0,1.0,train
2024-09-30,WEST,Arts & Entertainment,421.0,2024,40,0,0.0,0,0,1,0,1.0,train
2024-10-07,WEST,Arts & Entertainment,361.0,2024,41,0,0.0,0,0,0,0,1.0,train
2024-10-14,WEST,Arts & Entertainment,345.0,2024,42,0,0.0,0,0,0,0,1.0,train
2024-10-21,WEST,Arts & Entertainment,389.0,2024,43,0,0.0,0,0,0,0,1.0,train
2024-10-28,WEST,Arts & Entertainment,408.0,2024,44,0,0.0,0,0,0,0,1.0,train
2024-11-04,WEST,Arts & Entertainment,375.0,2024,45,0,0.0,0,0,0,0,1.0,validation
2024-11-11,WEST,Arts & Entertainment,407.0,2024,46,0,0.0,0,0,0,0,1.0,validation
2024-11-18,WEST,Arts & Entertainment,370.0,2024,47,0,0.0,0,0,0,0,1.0,validation
2024-11-25,WEST,Arts & Entertainment,413.0,2024,48,0,0.0,0,0,0,0,1.0,validation
2024-12-02,WEST,Arts & Entertainment,405.0,2024,49,0,0.0,0,0,0,0,1.0,validation
2024-12-09,WEST,Arts & Entertainment,404.0,2024,50,0,0.0,0,0,0,0,1.0,validation
2024-12-16,WEST,Arts & Entertainment,396.0,2024,51,0,0.0,0,0,0,0,1.0,validation
2024-12-23,WEST,Arts & Entertainment,427.0,2024,52,0,0.0,0,0,0,0,1.0,validation
2024-12-30,WEST,Arts & Entertainment,397.0,2025,1,0,0.0,0,0,0,1,1.0,test
2025-01-06,WEST,Arts & Entertainment,343.0,2025,2,0,0.0,0,0,0,1,1.0,test
2025-01-13,WEST,Arts & Entertainment,345.0,2025,3,0,0.0,0,0,0,1,1.0,test
2025-01-20,WEST,Arts & Entertainment,324.0,2025,4,0,0.0,0,0,0,1,1.0,test
2025-01-27,WEST,Arts & Entertainment,351.0,2025,5,0,0.0,0,0,0,1,1.0,test
2025-02-03,WEST,Arts & Entertainment,367.0,2025,6,0,0.0,0,0,0,1,1.0,test
2025-02-10,WEST,Arts & Entertainment,349.0,2025,7,0,0.0,0,0,0,1,1.0,test
2025-02-17,WEST,Arts & Entertainment,355.0,2025,8,0,0.0,0,0,0,1,1.0,test
2025-02-24,WEST,Arts & Entertainment,381.0,2025,9,1,0.0,0,0,0,1,1.0,test
2025-03-03,WEST,Arts & Entertainment,590.0,2025,10,1,0.25,0,0,0,0,1.0,test
2025-03-10,WEST,Arts & Entertainment,632.0,2025,11,1,0.5,0,0,0,0,1.0,test
2025-03-17,WEST,Arts & Entertainment,678.0,2025,12,1,0.75,0,0,0,0,1.0,test
2025-03-24,WEST,Arts & Entertainment,723.0,2025,13,1,1.0,1,0,0,0,1.0,test
2025-03-31,WEST,Arts & Entertainment,396.0,2025,14,0,0.0,0,0,0,0,1.0,test
2025-04-07,WEST,Arts & Entertainment,371.0,2025,15,0,0.0,0,0,0,0,1.0,test
2025-04-14,WEST,Arts & Entertainment,423.0,2025,16,0,0.0,0,0,0,0,1.0,test
2025-04-21,WEST,Arts & Entertainment,394.0,2025,17,0,0.0,0,0,0,0,1.0,test
2025-04-28,WEST,Arts & Entertainment,401.0,2025,18,0,0.0,0,0,0,0,1.0,test
2025-05-05,WEST,Arts & Entertainment,395.0,2025,19,0,0.0,0,0,0,0,1.0,test
2025-05-12,WEST,Arts & Entertainment,384.0,2025,20,0,0.0,0,0,0,0,1.0,test
2025-05-19,WEST,Arts & Entertainment,369.0,2025,21,0,0.0,0,0,0,0,1.0,test
2025-05-26,WEST,Arts & Entertainment,409.0,2025,22,0,0.0,0,1,0,0,1.4,test
2025-06-02,WEST,Arts & Entertainment,463.0,2025,23,0,0.0,0,1,0,0,1.4,test
2025-06-09,WEST,Arts & Entertainment,466.0,2025,24,0,0.0,0,1,0,0,1.4,test
2025-06-16,WEST,Arts & Entertainment,460.0,2025,25,0,0.0,0,1,0,0,1.4,test
2025-06-23,WEST,Arts & Entertainment,457.0,2025,26,0,0.0,0,1,0,0,1.4,test
2025-06-30,WEST,Arts & Entertainment,483.0,2025,27,0,0.0,0,1,0,0,1.4,test
2025-07-07,WEST,Arts & Entertainment,458.0,2025,28,0,0.0,0,1,0,0,1.4,test
2025-07-14,WEST,Arts & Entertainment,441.0,2025,29,0,0.0,0,1,0,0,1.4,test
2025-07-21,WEST,Arts & Entertainment,468.0,2025,30,0,0.0,0,1,0,0,1.4,test
2025-07-28,WEST,Arts & Entertainment,453.0,2025,31,0,0.0,0,1,0,0,1.4,test
2025-08-04,WEST,Arts & Entertainment,461.0,2025,32,0,0.0,0,1,0,0,1.4,test
2025-08-11,WEST,Arts & Entertainment,490.0,2025,33,0,0.0,0,1,0,0,1.4,test
2025-08-18,WEST,Arts & Entertainment,473.0,2025,34,0,0.0,0,1,0,0,1.4,test
2025-08-25,WEST,Arts & Entertainment,434.0,2025,35,0,0.0,0,1,0,0,1.4,test
2025-09-01,WEST,Arts & Entertainment,505.0,2025,36,0,0.0,0,0,1,0,1.0,test
2025-09-08,WEST,Arts & Entertainment,498.0,2025,37,0,0.0,0,0,1,0,1.0,test
2025-09-15,WEST,Arts & Entertainment,529.0,2025,38,0,0.0,0,0,1,0,1.0,test
2025-09-22,WEST,Arts & Entertainment,495.0,2025,39,0,0.0,0,0,1,0,1.0,test
2025-09-29,WEST,Arts & Entertainment,398.0,2025,40,0,0.0,0,0,1,0,1.0,test
2025-10-06,WEST,Arts & Entertainment,418.0,2025,41,0,0.0,0,0,0,0,1.0,test
2025-10-13,WEST,Arts & Entertainment,387.0,2025,42,0,0.0,0,0,0,0,1.0,test
2025-10-20,WEST,Arts & Entertainment,418.0,2025,43,0,0.0,0,0,0,0,1.0,test
2025-10-27,WEST,Arts & Entertainment,389.0,2025,44,0,0.0,0,0,0,0,1.0,test
2025-11-03,WEST,Arts & Entertainment,401.0,2025,45,0,0.0,0,0,0,0,1.0,test
2025-11-10,WEST,Arts & Entertainment,406.0,2025,46,0,0.0,0,0,0,0,1.0,test
2025-11-17,WEST,Arts & Entertainment,427.0,2025,47,0,0.0,0,0,0,0,1.0,test
2025-11-24,WEST,Arts & Entertainment,376.0,2025,48,0,0.0,0,0,0,0,1.0,test
2025-12-01,WEST,Arts & Entertainment,410.0,2025,49,0,0.0,0,0,0,0,1.0,test
2025-12-08,WEST,Arts & Entertainment,426.0,2025,50,0,0.0,0,0,0,0,1.0,test
2025-12-15,WEST,Arts & Entertainment,417.0,2025,51,0,0.0,0,0,0,0,1.0,test
2025-12-22,WEST,Arts & Entertainment,415.0,2025,52,0,0.0,0,0,0,0,1.0,test
2024-01-01,WEST,Baby & Toddler,193.0,2024,1,0,0.0,0,0,0,1,1.0,train
2024-01-08,WEST,Baby & Toddler,204.0,2024,2,0,0.0,0,0,0,1,1.0,train
2024-01-15,WEST,Baby & Toddler,184.0,2024,3,0,0.0,0,0,0,1,1.0,train
2024-01-22,WEST,Baby & Toddler,189.0,2024,4,0,0.0,0,0,0,1,1.0,train
2024-01-29,WEST,Baby & Toddler,198.0,2024,5,0,0.0,0,0,0,1,1.0,train
2024-02-05,WEST,Baby & Toddler,214.0,2024,6,0,0.0,0,0,0,1,1.0,train
2024-02-12,WEST,Baby & Toddler,204.0,2024,7,0,0.0,0,0,0,1,1.0,train
2024-02-19,WEST,Baby & Toddler,204.0,2024,8,0,0.0,0,0,0,1,1.0,train
2024-02-26,WEST,Baby & Toddler,226.0,2024,9,0,0.0,0,0,0,1,1.0,train
2024-03-04,WEST,Baby & Toddler,244.0,2024,10,0,0.0,0,0,0,0,1.0,train
2024-03-11,WEST,Baby & Toddler,354.0,2024,11,1,0.0,0,0,0,0,1.0,train
2024-03-18,WEST,Baby & Toddler,340.0,2024,12,1,0.25,0,0,0,0,1.0,train
2024-03-25,WEST,Baby & Toddler,353.0,2024,13,1,0.5,0,0,0,0,1.0,train
2024-04-01,WEST,Baby & Toddler,370.0,2024,14,1,0.75,0,0,0,0,1.0,train
2024-04-08,WEST,Baby & Toddler,385.0,2024,15,1,1.0,1,0,0,0,1.0,train
2024-04-15,WEST,Baby & Toddler,242.0,2024,16,0,0.0,0,0,0,0,1.0,train
2024-04-22,WEST,Baby & Toddler,212.0,2024,17,0,0.0,0,0,0,0,1.0,train
2024-04-29,WEST,Baby & Toddler,201.0,2024,18,0,0.0,0,0,0,0,1.0,train
2024-05-06,WEST,Baby & Toddler,201.0,2024,19,0,0.0,0,0,0,0,1.0,train
2024-05-13,WEST,Baby & Toddler,225.0,2024,20,0,0.0,0,0,0,0,1.0,train
2024-05-20,WEST,Baby & Toddler,196.0,2024,21,0,0.0,0,0,0,0,1.0,train
2024-05-27,WEST,Baby & Toddler,243.0,2024,22,0,0.0,0,1,0,0,1.0,train
2024-06-03,WEST,Baby & Toddler,228.0,2024,23,0,0.0,0,1,0,0,1.0,train
2024-06-10,WEST,Baby & Toddler,262.0,2024,24,0,0.0,0,1,0,0,1.0,train
2024-06-17,WEST,Baby & Toddler,279.0,2024,25,0,0.0,0,1,0,0,1.0,train
2024-06-24,WEST,Baby & Toddler,286.0,2024,26,0,0.0,0,1,0,0,1.0,train
2024-07-01,WEST,Baby & Toddler,256.0,2024,27,0,0.0,0,1,0,0,1.0,train
2024-07-08,WEST,Baby & Toddler,242.0,2024,28,0,0.0,0,1,0,0,1.0,train
2024-07-15,WEST,Baby & Toddler,263.0,2024,29,0,0.0,0,1,0,0,1.0,train
2024-07-22,WEST,Baby & Toddler,274.0,2024,30,0,0.0,0,1,0,0,1.0,train
2024-07-29,WEST,Baby & Toddler,265.0,2024,31,0,0.0,0,1,0,0,1.0,train
2024-08-05,WEST,Baby & Toddler,269.0,2024,32,0,0.0,0,1,0,0,1.0,train
2024-08-12,WEST,Baby & Toddler,270.0,2024,33,0,0.0,0,1,0,0,1.0,train
2024-08-19,WEST,Baby & Toddler,229.0,2024,34,0,0.0,0,1,0,0,1.0,train
2024-08-26,WEST,Baby & Toddler,276.0,2024,35,0,0.0,0,1,1,0,1.5,train
2024-09-02,WEST,Baby & Toddler,290.0,2024,36,0,0.0,0,0,1,0,1.5,train
2024-09-09,WEST,Baby & Toddler,298.0,2024,37,0,0.0,0,0,1,0,1.5,train
2024-09-16,WEST,Baby & Toddler,288.0,2024,38,0,0.0,0,0,1,0,1.5,train
2024-09-23,WEST,Baby & Toddler,272.0,2024,39,0,0.0,0,0,1,0,1.5,train
2024-09-30,WEST,Baby & Toddler,238.0,2024,40,0,0.0,0,0,1,0,1.5,train
2024-10-07,WEST,Baby & Toddler,220.0,2024,41,0,0.0,0,0,0,0,1.0,train
2024-10-14,WEST,Baby & Toddler,197.0,2024,42,0,0.0,0,0,0,0,1.0,train
2024-10-21,WEST,Baby & Toddler,240.0,2024,43,0,0.0,0,0,0,0,1.0,train
2024-10-28,WEST,Baby & Toddler,226.0,2024,44,0,0.0,0,0,0,0,1.0,train
2024-11-04,WEST,Baby & Toddler,180.0,2024,45,0,0.0,0,0,0,0,1.0,validation
2024-11-11,WEST,Baby & Toddler,207.0,2024,46,0,0.0,0,0,0,0,1.0,validation
2024-11-18,WEST,Baby & Toddler,240.0,2024,47,0,0.0,0,0,0,0,1.0,validation
2024-11-25,WEST,Baby & Toddler,220.0,2024,48,0,0.0,0,0,0,0,1.0,validation
2024-12-02,WEST,Baby & Toddler,242.0,2024,49,0,0.0,0,0,0,0,1.0,validation
2024-12-09,WEST,Baby & Toddler,235.0,2024,50,0,0.0,0,0,0,0,1.0,validation
2024-12-16,WEST,Baby & Toddler,277.0,2024,51,0,0.0,0,0,0,0,1.0,validation
2024-12-23,WEST,Baby & Toddler,240.0,2024,52,0,0.0,0,0,0,0,1.0,validation
2024-12-30,WEST,Baby & Toddler,193.0,2025,1,0,0.0,0,0,0,1,1.0,test
2025-01-06,WEST,Baby & Toddler,195.0,2025,2,0,0.0,0,0,0,1,1.0,test
2025-01-13,WEST,Baby & Toddler,210.0,2025,3,0,0.0,0,0,0,1,1.0,test
2025-01-20,WEST,Baby & Toddler,173.0,2025,4,0,0.0,0,0,0,1,1.0,test
2025-01-27,WEST,Baby & Toddler,207.0,2025,5,0,0.0,0,0,0,1,1.0,test
2025-02-03,WEST,Baby & Toddler,182.0,2025,6,0,0.0,0,0,0,1,1.0,test
2025-02-10,WEST,Baby & Toddler,208.0,2025,7,0,0.0,0,0,0,1,1.0,test
2025-02-17,WEST,Baby & Toddler,200.0,2025,8,0,0.0,0,0,0,1,1.0,test
2025-02-24,WEST,Baby & Toddler,236.0,2025,9,1,0.0,0,0,0,1,1.0,test
2025-03-03,WEST,Baby & Toddler,329.0,2025,10,1,0.25,0,0,0,0,1.0,test
2025-03-10,WEST,Baby & Toddler,375.0,2025,11,1,0.5,0,0,0,0,1.0,test
2025-03-17,WEST,Baby & Toddler,354.0,2025,12,1,0.75,0,0,0,0,1.0,test
2025-03-24,WEST,Baby & Toddler,448.0,2025,13,1,1.0,1,0,0,0,1.0,test
2025-03-31,WEST,Baby & Toddler,208.0,2025,14,0,0.0,0,0,0,0,1.0,test
2025-04-07,WEST,Baby & Toddler,241.0,2025,15,0,0.0,0,0,0,0,1.0,test
2025-04-14,WEST,Baby & Toddler,219.0,2025,16,0,0.0,0,0,0,0,1.0,test
2025-04-21,WEST,Baby & Toddler,205.0,2025,17,0,0.0,0,0,0,0,1.0,test
2025-04-28,WEST,Baby & Toddler,218.0,2025,18,0,0.0,0,0,0,0,1.0,test
2025-05-05,WEST,Baby & Toddler,216.0,2025,19,0,0.0,0,0,0,0,1.0,test
2025-05-12,WEST,Baby & Toddler,221.0,2025,20,0,0.0,0,0,0,0,1.0,test
2025-05-19,WEST,Baby & Toddler,195.0,2025,21,0,0.0,0,0,0,0,1.0,test
2025-05-26,WEST,Baby & Toddler,236.0,2025,22,0,0.0,0,1,0,0,1.0,test
2025-06-02,WEST,Baby & Toddler,287.0,2025,23,0,0.0,0,1,0,0,1.0,test
2025-06-09,WEST,Baby & Toddler,254.0,2025,24,0,0.0,0,1,0,0,1.0,test
2025-06-16,WEST,Baby & Toddler,275.0,2025,25,0,0.0,0,1,0,0,1.0,test
2025-06-23,WEST,Baby & Toddler,275.0,2025,26,0,0.0,0,1,0,0,1.0,test
2025-06-30,WEST,Baby & Toddler,279.0,2025,27,0,0.0,0,1,0,0,1.0,test
2025-07-07,WEST,Baby & Toddler,282.0,2025,28,0,0.0,0,1,0,0,1.0,test
2025-07-14,WEST,Baby & Toddler,279.0,2025,29,0,0.0,0,1,0,0,1.0,test
2025-07-21,WEST,Baby & Toddler,269.0,2025,30,0,0.0,0,1,0,0,1.0,test
2025-07-28,WEST,Baby & Toddler,278.0,2025,31,0,0.0,0,1,0,0,1.0,test
2025-08-04,WEST,Baby & Toddler,267.0,2025,32,0,0.0,0,1,0,0,1.0,test
2025-08-11,WEST,Baby & Toddler,238.0,2025,33,0,0.0,0,1,0,0,1.0,test
2025-08-18,WEST,Baby & Toddler,232.0,2025,34,0,0.0,0,1,0,0,1.0,test
2025-08-25,WEST,Baby & Toddler,290.0,2025,35,0,0.0,0,1,0,0,1.0,test
2025-09-01,WEST,Baby & Toddler,269.0,2025,36,0,0.0,0,0,1,0,1.5,test
2025-09-08,WEST,Baby & Toddler,292.0,2025,37,0,0.0,0,0,1,0,1.5,test
2025-09-15,WEST,Baby & Toddler,284.0,2025,38,0,0.0,0,0,1,0,1.5,test
2025-09-22,WEST,Baby & Toddler,283.0,2025,39,0,0.0,0,0,1,0,1.5,test
2025-09-29,WEST,Baby & Toddler,241.0,2025,40,0,0.0,0,0,1,0,1.5,test
2025-10-06,WEST,Baby & Toddler,221.0,2025,41,0,0.0,0,0,0,0,1.0,test
2025-10-13,WEST,Baby & Toddler,203.0,2025,42,0,0.0,0,0,0,0,1.0,test
2025-10-20,WEST,Baby & Toddler,205.0,2025,43,0,0.0,0,0,0,0,1.0,test
2025-10-27,WEST,Baby & Toddler,229.0,2025,44,0,0.0,0,0,0,0,1.0,test
2025-11-03,WEST,Baby & Toddler,187.0,2025,45,0,0.0,0,0,0,0,1.0,test
2025-11-10,WEST,Baby & Toddler,205.0,2025,46,0,0.0,0,0,0,0,1.0,test
2025-11-17,WEST,Baby & Toddler,202.0,2025,47,0,0.0,0,0,0,0,1.0,test
2025-11-24,WEST,Baby & Toddler,220.0,2025,48,0,0.0,0,0,0,0,1.0,test
2025-12-01,WEST,Baby & Toddler,259.0,2025,49,0,0.0,0,0,0,0,1.0,test
2025-12-08,WEST,Baby & Toddler,231.0,2025,50,0,0.0,0,0,0,0,1.0,test
2025-12-15,WEST,Baby & Toddler,247.0,2025,51,0,0.0,0,0,0,0,1.0,test
2025-12-22,WEST,Baby & Toddler,248.0,2025,52,0,0.0,0,0,0,0,1.0,test
2024-01-01,WEST,Business & Industrial,140.0,2024,1,0,0.0,0,0,0,1,1.0,train
2024-01-08,WEST,Business & Industrial,128.0,2024,2,0,0.0,0,0,0,1,1.0,train
2024-01-15,WEST,Business & Industrial,130.0,2024,3,0,0.0,0,0,0,1,1.0,train
2024-01-22,WEST,Business & Industrial,140.0,2024,4,0,0.0,0,0,0,1,1.0,train
2024-01-29,WEST,Business & Industrial,149.0,2024,5,0,0.0,0,0,0,1,1.0,train
2024-02-05,WEST,Business & Industrial,136.0,2024,6,0,0.0,0,0,0,1,1.0,train
2024-02-12,WEST,Business & Industrial,139.0,2024,7,0,0.0,0,0,0,1,1.0,train
2024-02-19,WEST,Business & Industrial,127.0,2024,8,0,0.0,0,0,0,1,1.0,train
2024-02-26,WEST,Business & Industrial,128.0,2024,9,0,0.0,0,0,0,1,1.0,train
2024-03-04,WEST,Business & Industrial,163.0,2024,10,0,0.0,0,0,0,0,1.0,train
2024-03-11,WEST,Business & Industrial,246.0,2024,11,1,0.0,0,0,0,0,1.0,train
2024-03-18,WEST,Business & Industrial,226.0,2024,12,1,0.25,0,0,0,0,1.0,train
2024-03-25,WEST,Business & Industrial,278.0,2024,13,1,0.5,0,0,0,0,1.0,train
2024-04-01,WEST,Business & Industrial,286.0,2024,14,1,0.75,0,0,0,0,1.0,train
2024-04-08,WEST,Business & Industrial,263.0,2024,15,1,1.0,1,0,0,0,1.0,train
2024-04-15,WEST,Business & Industrial,142.0,2024,16,0,0.0,0,0,0,0,1.0,train
2024-04-22,WEST,Business & Industrial,137.0,2024,17,0,0.0,0,0,0,0,1.0,train
2024-04-29,WEST,Business & Industrial,154.0,2024,18,0,0.0,0,0,0,0,1.0,train
2024-05-06,WEST,Business & Industrial,146.0,2024,19,0,0.0,0,0,0,0,1.0,train
2024-05-13,WEST,Business & Industrial,145.0,2024,20,0,0.0,0,0,0,0,1.0,train
2024-05-20,WEST,Business & Industrial,151.0,2024,21,0,0.0,0,0,0,0,1.0,train
2024-05-27,WEST,Business & Industrial,167.0,2024,22,0,0.0,0,1,0,0,1.0,train
2024-06-03,WEST,Business & Industrial,168.0,2024,23,0,0.0,0,1,0,0,1.0,train
2024-06-10,WEST,Business & Industrial,164.0,2024,24,0,0.0,0,1,0,0,1.0,train
2024-06-17,WEST,Business & Industrial,161.0,2024,25,0,0.0,0,1,0,0,1.0,train
2024-06-24,WEST,Business & Industrial,172.0,2024,26,0,0.0,0,1,0,0,1.0,train
2024-07-01,WEST,Business & Industrial,185.0,2024,27,0,0.0,0,1,0,0,1.0,train
2024-07-08,WEST,Business & Industrial,171.0,2024,28,0,0.0,0,1,0,0,1.0,train
2024-07-15,WEST,Business & Industrial,167.0,2024,29,0,0.0,0,1,0,0,1.0,train
2024-07-22,WEST,Business & Industrial,165.0,2024,30,0,0.0,0,1,0,0,1.0,train
2024-07-29,WEST,Business & Industrial,202.0,2024,31,0,0.0,0,1,0,0,1.0,train
2024-08-05,WEST,Business & Industrial,195.0,2024,32,0,0.0,0,1,0,0,1.0,train
2024-08-12,WEST,Business & Industrial,205.0,2024,33,0,0.0,0,1,0,0,1.0,train
2024-08-19,WEST,Business & Industrial,164.0,2024,34,0,0.0,0,1,0,0,1.0,train
2024-08-26,WEST,Business & Industrial,178.0,2024,35,0,0.0,0,1,1,0,1.0,train
2024-09-02,WEST,Business & Industrial,183.0,2024,36,0,0.0,0,0,1,0,1.0,train
2024-09-09,WEST,Business & Industrial,196.0,2024,37,0,0.0,0,0,1,0,1.0,train
2024-09-16,WEST,Business & Industrial,171.0,2024,38,0,0.0,0,0,1,0,1.0,train
2024-09-23,WEST,Business & Industrial,190.0,2024,39,0,0.0,0,0,1,0,1.0,train
2024-09-30,WEST,Business & Industrial,148.0,2024,40,0,0.0,0,0,1,0,1.0,train
2024-10-07,WEST,Business & Industrial,147.0,2024,41,0,0.0,0,0,0,0,1.0,train
2024-10-14,WEST,Business & Industrial,144.0,2024,42,0,0.0,0,0,0,0,1.0,train
2024-10-21,WEST,Business & Industrial,141.0,2024,43,0,0.0,0,0,0,0,1.0,train
2024-10-28,WEST,Business & Industrial,150.0,2024,44,0,0.0,0,0,0,0,1.0,train
2024-11-04,WEST,Business & Industrial,137.0,2024,45,0,0.0,0,0,0,0,1.0,validation
2024-11-11,WEST,Business & Industrial,148.0,2024,46,0,0.0,0,0,0,0,1.0,validation
2024-11-18,WEST,Business & Industrial,130.0,2024,47,0,0.0,0,0,0,0,1.0,validation
2024-11-25,WEST,Business & Industrial,175.0,2024,48,0,0.0,0,0,0,0,1.0,validation
2024-12-02,WEST,Business & Industrial,175.0,2024,49,0,0.0,0,0,0,0,1.0,validation
2024-12-09,WEST,Business & Industrial,153.0,2024,50,0,0.0,0,0,0,0,1.0,validation
2024-12-16,WEST,Business & Industrial,175.0,2024,51,0,0.0,0,0,0,0,1.0,validation
2024-12-23,WEST,Business & Industrial,165.0,2024,52,0,0.0,0,0,0,0,1.0,validation
2024-12-30,WEST,Business & Industrial,144.0,2025,1,0,0.0,0,0,0,1,1.0,test
2025-01-06,WEST,Business & Industrial,122.0,2025,2,0,0.0,0,0,0,1,1.0,test
2025-01-13,WEST,Business & Industrial,133.0,2025,3,0,0.0,0,0,0,1,1.0,test
2025-01-20,WEST,Business & Industrial,143.0,2025,4,0,0.0,0,0,0,1,1.0,test
2025-01-27,WEST,Business & Industrial,137.0,2025,5,0,0.0,0,0,0,1,1.0,test
2025-02-03,WEST,Business & Industrial,134.0,2025,6,0,0.0,0,0,0,1,1.0,test
2025-02-10,WEST,Business & Industrial,114.0,2025,7,0,0.0,0,0,0,1,1.0,test
2025-02-17,WEST,Business & Industrial,130.0,2025,8,0,0.0,0,0,0,1,1.0,test
2025-02-24,WEST,Business & Industrial,155.0,2025,9,1,0.0,0,0,0,1,1.0,test
2025-03-03,WEST,Business & Industrial,232.0,2025,10,1,0.25,0,0,0,0,1.0,test
2025-03-10,WEST,Business & Industrial,258.0,2025,11,1,0.5,0,0,0,0,1.0,test
2025-03-17,WEST,Business & Industrial,245.0,2025,12,1,0.75,0,0,0,0,1.0,test
2025-03-24,WEST,Business & Industrial,278.0,2025,13,1,1.0,1,0,0,0,1.0,test
2025-03-31,WEST,Business & Industrial,128.0,2025,14,0,0.0,0,0,0,0,1.0,test
2025-04-07,WEST,Business & Industrial,138.0,2025,15,0,0.0,0,0,0,0,1.0,test
2025-04-14,WEST,Business & Industrial,131.0,2025,16,0,0.0,0,0,0,0,1.0,test
2025-04-21,WEST,Business & Industrial,147.0,2025,17,0,0.0,0,0,0,0,1.0,test
2025-04-28,WEST,Business & Industrial,156.0,2025,18,0,0.0,0,0,0,0,1.0,test
2025-05-05,WEST,Business & Industrial,143.0,2025,19,0,0.0,0,0,0,0,1.0,test
2025-05-12,WEST,Business & Industrial,160.0,2025,20,0,0.0,0,0,0,0,1.0,test
2025-05-19,WEST,Business & Industrial,129.0,2025,21,0,0.0,0,0,0,0,1.0,test
2025-05-26,WEST,Business & Industrial,172.0,2025,22,0,0.0,0,1,0,0,1.0,test
2025-06-02,WEST,Business & Industrial,167.0,2025,23,0,0.0,0,1,0,0,1.0,test
2025-06-09,WEST,Business & Industrial,170.0,2025,24,0,0.0,0,1,0,0,1.0,test
2025-06-16,WEST,Business & Industrial,175.0,2025,25,0,0.0,0,1,0,0,1.0,test
2025-06-23,WEST,Business & Industrial,157.0,2025,26,0,0.0,0,1,0,0,1.0,test
2025-06-30,WEST,Business & Industrial,190.0,2025,27,0,0.0,0,1,0,0,1.0,test
2025-07-07,WEST,Business & Industrial,175.0,2025,28,0,0.0,0,1,0,0,1.0,test
2025-07-14,WEST,Business & Industrial,167.0,2025,29,0,0.0,0,1,0,0,1.0,test
2025-07-21,WEST,Business & Industrial,193.0,2025,30,0,0.0,0,1,0,0,1.0,test
2025-07-28,WEST,Business & Industrial,172.0,2025,31,0,0.0,0,1,0,0,1.0,test
2025-08-04,WEST,Business & Industrial,172.0,2025,32,0,0.0,0,1,0,0,1.0,test
2025-08-11,WEST,Business & Industrial,172.0,2025,33,0,0.0,0,1,0,0,1.0,test
2025-08-18,WEST,Business & Industrial,178.0,2025,34,0,0.0,0,1,0,0,1.0,test
2025-08-25,WEST,Business & Industrial,183.0,2025,35,0,0.0,0,1,0,0,1.0,test
2025-09-01,WEST,Business & Industrial,221.0,2025,36,0,0.0,0,0,1,0,1.0,test
2025-09-08,WEST,Business & Industrial,194.0,2025,37,0,0.0,0,0,1,0,1.0,test
2025-09-15,WEST,Business & Industrial,202.0,2025,38,0,0.0,0,0,1,0,1.0,test
2025-09-22,WEST,Business & Industrial,200.0,2025,39,0,0.0,0,0,1,0,1.0,test
2025-09-29,WEST,Business & Industrial,158.0,2025,40,0,0.0,0,0,1,0,1.0,test
2025-10-06,WEST,Business & Industrial,153.0,2025,41,0,0.0,0,0,0,0,1.0,test
2025-10-13,WEST,Business & Industrial,169.0,2025,42,0,0.0,0,0,0,0,1.0,test
2025-10-20,WEST,Business & Industrial,153.0,2025,43,0,0.0,0,0,0,0,1.0,test
2025-10-27,WEST,Business & Industrial,161.0,2025,44,0,0.0,0,0,0,0,1.0,test
2025-11-03,WEST,Business & Industrial,150.0,2025,45,0,0.0,0,0,0,0,1.0,test
2025-11-10,WEST,Business & Industrial,143.0,2025,46,0,0.0,0,0,0,0,1.0,test
2025-11-17,WEST,Business & Industrial,151.0,2025,47,0,0.0,0,0,0,0,1.0,test
2025-11-24,WEST,Business & Industrial,155.0,2025,48,0,0.0,0,0,0,0,1.0,test
2025-12-01,WEST,Business & Industrial,161.0,2025,49,0,0.0,0,0,0,0,1.0,test
2025-12-08,WEST,Business & Industrial,183.0,2025,50,0,0.0,0,0,0,0,1.0,test
2025-12-15,WEST,Business & Industrial,167.0,2025,51,0,0.0,0,0,0,0,1.0,test
2025-12-22,WEST,Business & Industrial,173.0,2025,52,0,0.0,0,0,0,0,1.0,test
2024-01-01,WEST,Cameras & Optics,54.0,2024,1,0,0.0,0,0,0,1,1.0,train
2024-01-08,WEST,Cameras & Optics,40.0,2024,2,0,0.0,0,0,0,1,1.0,train
2024-01-15,WEST,Cameras & Optics,32.0,2024,3,0,0.0,0,0,0,1,1.0,train
2024-01-22,WEST,Cameras & Optics,30.0,2024,4,0,0.0,0,0,0,1,1.0,train
2024-01-29,WEST,Cameras & Optics,38.0,2024,5,0,0.0,0,0,0,1,1.0,train
2024-02-05,WEST,Cameras & Optics,34.0,2024,6,0,0.0,0,0,0,1,1.0,train
2024-02-12,WEST,Cameras & Optics,50.0,2024,7,0,0.0,0,0,0,1,1.0,train
2024-02-19,WEST,Cameras & Optics,39.0,2024,8,0,0.0,0,0,0,1,1.0,train
2024-02-26,WEST,Cameras & Optics,44.0,2024,9,0,0.0,0,0,0,1,1.0,train
2024-03-04,WEST,Cameras & Optics,45.0,2024,10,0,0.0,0,0,0,0,1.0,train
2024-03-11,WEST,Cameras & Optics,58.0,2024,11,1,0.0,0,0,0,0,1.15,train
2024-03-18,WEST,Cameras & Optics,61.0,2024,12,1,0.25,0,0,0,0,1.15,train
2024-03-25,WEST,Cameras & Optics,77.0,2024,13,1,0.5,0,0,0,0,1.15,train
2024-04-01,WEST,Cameras & Optics,95.0,2024,14,1,0.75,0,0,0,0,1.15,train
2024-04-08,WEST,Cameras & Optics,57.0,2024,15,1,1.0,1,0,0,0,1.15,train
2024-04-15,WEST,Cameras & Optics,47.0,2024,16,0,0.0,0,0,0,0,1.0,train
2024-04-22,WEST,Cameras & Optics,35.0,2024,17,0,0.0,0,0,0,0,1.0,train
2024-04-29,WEST,Cameras & Optics,45.0,2024,18,0,0.0,0,0,0,0,1.0,train
2024-05-06,WEST,Cameras & Optics,42.0,2024,19,0,0.0,0,0,0,0,1.0,train
2024-05-13,WEST,Cameras & Optics,38.0,2024,20,0,0.0,0,0,0,0,1.0,train
2024-05-20,WEST,Cameras & Optics,40.0,2024,21,0,0.0,0,0,0,0,1.0,train
2024-05-27,WEST,Cameras & Optics,39.0,2024,22,0,0.0,0,1,0,0,1.0,train
2024-06-03,WEST,Cameras & Optics,48.0,2024,23,0,0.0,0,1,0,0,1.0,train
2024-06-10,WEST,Cameras & Optics,43.0,2024,24,0,0.0,0,1,0,0,1.0,train
2024-06-17,WEST,Cameras & Optics,50.0,2024,25,0,0.0,0,1,0,0,1.0,train
2024-06-24,WEST,Cameras & Optics,47.0,2024,26,0,0.0,0,1,0,0,1.0,train
2024-07-01,WEST,Cameras & Optics,55.0,2024,27,0,0.0,0,1,0,0,1.0,train
2024-07-08,WEST,Cameras & Optics,46.0,2024,28,0,0.0,0,1,0,0,1.0,train
2024-07-15,WEST,Cameras & Optics,63.0,2024,29,0,0.0,0,1,0,0,1.0,train
2024-07-22,WEST,Cameras & Optics,51.0,2024,30,0,0.0,0,1,0,0,1.0,train
2024-07-29,WEST,Cameras & Optics,47.0,2024,31,0,0.0,0,1,0,0,1.0,train
2024-08-05,WEST,Cameras & Optics,48.0,2024,32,0,0.0,0,1,0,0,1.0,train
2024-08-12,WEST,Cameras & Optics,42.0,2024,33,0,0.0,0,1,0,0,1.0,train
2024-08-19,WEST,Cameras & Optics,53.0,2024,34,0,0.0,0,1,0,0,1.0,train
2024-08-26,WEST,Cameras & Optics,63.0,2024,35,0,0.0,0,1,1,0,1.0,train
2024-09-02,WEST,Cameras & Optics,55.0,2024,36,0,0.0,0,0,1,0,1.0,train
2024-09-09,WEST,Cameras & Optics,54.0,2024,37,0,0.0,0,0,1,0,1.0,train
2024-09-16,WEST,Cameras & Optics,58.0,2024,38,0,0.0,0,0,1,0,1.0,train
2024-09-23,WEST,Cameras & Optics,44.0,2024,39,0,0.0,0,0,1,0,1.0,train
2024-09-30,WEST,Cameras & Optics,44.0,2024,40,0,0.0,0,0,1,0,1.0,train
2024-10-07,WEST,Cameras & Optics,38.0,2024,41,0,0.0,0,0,0,0,1.0,train
2024-10-14,WEST,Cameras & Optics,40.0,2024,42,0,0.0,0,0,0,0,1.0,train
2024-10-21,WEST,Cameras & Optics,49.0,2024,43,0,0.0,0,0,0,0,1.0,train
2024-10-28,WEST,Cameras & Optics,51.0,2024,44,0,0.0,0,0,0,0,1.0,train
2024-11-04,WEST,Cameras & Optics,47.0,2024,45,0,0.0,0,0,0,0,1.0,validation
2024-11-11,WEST,Cameras & Optics,36.0,2024,46,0,0.0,0,0,0,0,1.0,validation
2024-11-18,WEST,Cameras & Optics,47.0,2024,47,0,0.0,0,0,0,0,1.0,validation
2024-11-25,WEST,Cameras & Optics,45.0,2024,48,0,0.0,0,0,0,0,1.0,validation
2024-12-02,WEST,Cameras & Optics,31.0,2024,49,0,0.0,0,0,0,0,1.0,validation
2024-12-09,WEST,Cameras & Optics,38.0,2024,50,0,0.0,0,0,0,0,1.0,validation
2024-12-16,WEST,Cameras & Optics,45.0,2024,51,0,0.0,0,0,0,0,1.0,validation
2024-12-23,WEST,Cameras & Optics,44.0,2024,52,0,0.0,0,0,0,0,1.0,validation
2024-12-30,WEST,Cameras & Optics,40.0,2025,1,0,0.0,0,0,0,1,1.0,test
2025-01-06,WEST,Cameras & Optics,34.0,2025,2,0,0.0,0,0,0,1,1.0,test
2025-01-13,WEST,Cameras & Optics,33.0,2025,3,0,0.0,0,0,0,1,1.0,test
2025-01-20,WEST,Cameras & Optics,32.0,2025,4,0,0.0,0,0,0,1,1.0,test
2025-01-27,WEST,Cameras & Optics,41.0,2025,5,0,0.0,0,0,0,1,1.0,test
2025-02-03,WEST,Cameras & Optics,32.0,2025,6,0,0.0,0,0,0,1,1.0,test
2025-02-10,WEST,Cameras & Optics,36.0,2025,7,0,0.0,0,0,0,1,1.0,test
2025-02-17,WEST,Cameras & Optics,38.0,2025,8,0,0.0,0,0,0,1,1.0,test
2025-02-24,WEST,Cameras & Optics,52.0,2025,9,1,0.0,0,0,0,1,1.15,test
2025-03-03,WEST,Cameras & Optics,50.0,2025,10,1,0.25,0,0,0,0,1.15,test
2025-03-10,WEST,Cameras & Optics,67.0,2025,11,1,0.5,0,0,0,0,1.15,test
2025-03-17,WEST,Cameras & Optics,54.0,2025,12,1,0.75,0,0,0,0,1.15,test
2025-03-24,WEST,Cameras & Optics,92.0,2025,13,1,1.0,1,0,0,0,1.15,test
2025-03-31,WEST,Cameras & Optics,45.0,2025,14,0,0.0,0,0,0,0,1.0,test
2025-04-07,WEST,Cameras & Optics,47.0,2025,15,0,0.0,0,0,0,0,1.0,test
2025-04-14,WEST,Cameras & Optics,37.0,2025,16,0,0.0,0,0,0,0,1.0,test
2025-04-21,WEST,Cameras & Optics,41.0,2025,17,0,0.0,0,0,0,0,1.0,test
2025-04-28,WEST,Cameras & Optics,51.0,2025,18,0,0.0,0,0,0,0,1.0,test
2025-05-05,WEST,Cameras & Optics,48.0,2025,19,0,0.0,0,0,0,0,1.0,test
2025-05-12,WEST,Cameras & Optics,56.0,2025,20,0,0.0,0,0,0,0,1.0,test
2025-05-19,WEST,Cameras & Optics,41.0,2025,21,0,0.0,0,0,0,0,1.0,test
2025-05-26,WEST,Cameras & Optics,38.0,2025,22,0,0.0,0,1,0,0,1.0,test
2025-06-02,WEST,Cameras & Optics,49.0,2025,23,0,0.0,0,1,0,0,1.0,test
2025-06-09,WEST,Cameras & Optics,49.0,2025,24,0,0.0,0,1,0,0,1.0,test
2025-06-16,WEST,Cameras & Optics,53.0,2025,25,0,0.0,0,1,0,0,1.0,test
2025-06-23,WEST,Cameras & Optics,61.0,2025,26,0,0.0,0,1,0,0,1.0,test
2025-06-30,WEST,Cameras & Optics,38.0,2025,27,0,0.0,0,1,0,0,1.0,test
2025-07-07,WEST,Cameras & Optics,56.0,2025,28,0,0.0,0,1,0,0,1.0,test
2025-07-14,WEST,Cameras & Optics,41.0,2025,29,0,0.0,0,1,0,0,1.0,test
2025-07-21,WEST,Cameras & Optics,39.0,2025,30,0,0.0,0,1,0,0,1.0,test
2025-07-28,WEST,Cameras & Optics,56.0,2025,31,0,0.0,0,1,0,0,1.0,test
2025-08-04,WEST,Cameras & Optics,52.0,2025,32,0,0.0,0,1,0,0,1.0,test
2025-08-11,WEST,Cameras & Optics,52.0,2025,33,0,0.0,0,1,0,0,1.0,test
2025-08-18,WEST,Cameras & Optics,49.0,2025,34,0,0.0,0,1,0,0,1.0,test
2025-08-25,WEST,Cameras & Optics,48.0,2025,35,0,0.0,0,1,0,0,1.0,test
2025-09-01,WEST,Cameras & Optics,61.0,2025,36,0,0.0,0,0,1,0,1.0,test
2025-09-08,WEST,Cameras & Optics,64.0,2025,37,0,0.0,0,0,1,0,1.0,test
2025-09-15,WEST,Cameras & Optics,53.0,2025,38,0,0.0,0,0,1,0,1.0,test
2025-09-22,WEST,Cameras & Optics,48.0,2025,39,0,0.0,0,0,1,0,1.0,test
2025-09-29,WEST,Cameras & Optics,44.0,2025,40,0,0.0,0,0,1,0,1.0,test
2025-10-06,WEST,Cameras & Optics,35.0,2025,41,0,0.0,0,0,0,0,1.0,test
2025-10-13,WEST,Cameras & Optics,37.0,2025,42,0,0.0,0,0,0,0,1.0,test
2025-10-20,WEST,Cameras & Optics,44.0,2025,43,0,0.0,0,0,0,0,1.0,test
2025-10-27,WEST,Cameras & Optics,45.0,2025,44,0,0.0,0,0,0,0,1.0,test
2025-11-03,WEST,Cameras & Optics,55.0,2025,45,0,0.0,0,0,0,0,1.0,test
2025-11-10,WEST,Cameras & Optics,47.0,2025,46,0,0.0,0,0,0,0,1.0,test
2025-11-17,WEST,Cameras & Optics,38.0,2025,47,0,0.0,0,0,0,0,1.0,test
2025-11-24,WEST,Cameras & Optics,47.0,2025,48,0,0.0,0,0,0,0,1.0,test
2025-12-01,WEST,Cameras & Optics,59.0,2025,49,0,0.0,0,0,0,0,1.0,test
2025-12-08,WEST,Cameras & Optics,48.0,2025,50,0,0.0,0,0,0,0,1.0,test
2025-12-15,WEST,Cameras & Optics,38.0,2025,51,0,0.0,0,0,0,0,1.0,test
2025-12-22,WEST,Cameras & Optics,53.0,2025,52,0,0.0,0,0,0,0,1.0,test
2024-01-01,WEST,Electronics,293.0,2024,1,0,0.0,0,0,0,1,1.0,train
2024-01-08,WEST,Electronics,244.0,2024,2,0,0.0,0,0,0,1,1.0,train
2024-01-15,WEST,Electronics,272.0,2024,3,0,0.0,0,0,0,1,1.0,train
2024-01-22,WEST,Electronics,244.0,2024,4,0,0.0,0,0,0,1,1.0,train
2024-01-29,WEST,Electronics,252.0,2024,5,0,0.0,0,0,0,1,1.0,train
2024-02-05,WEST,Electronics,226.0,2024,6,0,0.0,0,0,0,1,1.0,train
2024-02-12,WEST,Electronics,248.0,2024,7,0,0.0,0,0,0,1,1.0,train
2024-02-19,WEST,Electronics,240.0,2024,8,0,0.0,0,0,0,1,1.0,train
2024-02-26,WEST,Electronics,292.0,2024,9,0,0.0,0,0,0,1,1.0,train
2024-03-04,WEST,Electronics,281.0,2024,10,0,0.0,0,0,0,0,1.0,train
2024-03-11,WEST,Electronics,385.0,2024,11,1,0.0,0,0,0,0,1.15,train
2024-03-18,WEST,Electronics,438.0,2024,12,1,0.25,0,0,0,0,1.15,train
2024-03-25,WEST,Electronics,490.0,2024,13,1,0.5,0,0,0,0,1.15,train
2024-04-01,WEST,Electronics,493.0,2024,14,1,0.75,0,0,0,0,1.15,train
2024-04-08,WEST,Electronics,467.0,2024,15,1,1.0,1,0,0,0,1.15,train
2024-04-15,WEST,Electronics,280.0,2024,16,0,0.0,0,0,0,0,1.0,train
2024-04-22,WEST,Electronics,296.0,2024,17,0,0.0,0,0,0,0,1.0,train
2024-04-29,WEST,Electronics,293.0,2024,18,0,0.0,0,0,0,0,1.0,train
2024-05-06,WEST,Electronics,258.0,2024,19,0,0.0,0,0,0,0,1.0,train
2024-05-13,WEST,Electronics,274.0,2024,20,0,0.0,0,0,0,0,1.0,train
2024-05-20,WEST,Electronics,248.0,2024,21,0,0.0,0,0,0,0,1.0,train
2024-05-27,WEST,Electronics,264.0,2024,22,0,0.0,0,1,0,0,1.0,train
2024-06-03,WEST,Electronics,360.0,2024,23,0,0.0,0,1,0,0,1.0,train
2024-06-10,WEST,Electronics,309.0,2024,24,0,0.0,0,1,0,0,1.0,train
2024-06-17,WEST,Electronics,333.0,2024,25,0,0.0,0,1,0,0,1.0,train
2024-06-24,WEST,Electronics,353.0,2024,26,0,0.0,0,1,0,0,1.0,train
2024-07-01,WEST,Electronics,327.0,2024,27,0,0.0,0,1,0,0,1.0,train
2024-07-08,WEST,Electronics,334.0,2024,28,0,0.0,0,1,0,0,1.0,train
2024-07-15,WEST,Electronics,310.0,2024,29,0,0.0,0,1,0,0,1.0,train
2024-07-22,WEST,Electronics,347.0,2024,30,0,0.0,0,1,0,0,1.0,train
2024-07-29,WEST,Electronics,348.0,2024,31,0,0.0,0,1,0,0,1.0,train
2024-08-05,WEST,Electronics,327.0,2024,32,0,0.0,0,1,0,0,1.0,train
2024-08-12,WEST,Electronics,334.0,2024,33,0,0.0,0,1,0,0,1.0,train
2024-08-19,WEST,Electronics,320.0,2024,34,0,0.0,0,1,0,0,1.0,train
2024-08-26,WEST,Electronics,331.0,2024,35,0,0.0,0,1,1,0,1.0,train
2024-09-02,WEST,Electronics,344.0,2024,36,0,0.0,0,0,1,0,1.0,train
2024-09-09,WEST,Electronics,361.0,2024,37,0,0.0,0,0,1,0,1.0,train
2024-09-16,WEST,Electronics,374.0,2024,38,0,0.0,0,0,1,0,1.0,train
2024-09-23,WEST,Electronics,358.0,2024,39,0,0.0,0,0,1,0,1.0,train
2024-09-30,WEST,Electronics,318.0,2024,40,0,0.0,0,0,1,0,1.0,train
2024-10-07,WEST,Electronics,260.0,2024,41,0,0.0,0,0,0,0,1.0,train
2024-10-14,WEST,Electronics,293.0,2024,42,0,0.0,0,0,0,0,1.0,train
2024-10-21,WEST,Electronics,286.0,2024,43,0,0.0,0,0,0,0,1.0,train
2024-10-28,WEST,Electronics,298.0,2024,44,0,0.0,0,0,0,0,1.0,train
2024-11-04,WEST,Electronics,257.0,2024,45,0,0.0,0,0,0,0,1.0,validation
2024-11-11,WEST,Electronics,263.0,2024,46,0,0.0,0,0,0,0,1.0,validation
2024-11-18,WEST,Electronics,285.0,2024,47,0,0.0,0,0,0,0,1.0,validation
2024-11-25,WEST,Electronics,261.0,2024,48,0,0.0,0,0,0,0,1.0,validation
2024-12-02,WEST,Electronics,286.0,2024,49,0,0.0,0,0,0,0,1.0,validation
2024-12-09,WEST,Electronics,282.0,2024,50,0,0.0,0,0,0,0,1.0,validation
2024-12-16,WEST,Electronics,296.0,2024,51,0,0.0,0,0,0,0,1.0,validation
2024-12-23,WEST,Electronics,313.0,2024,52,0,0.0,0,0,0,0,1.0,validation
2024-12-30,WEST,Electronics,268.0,2025,1,0,0.0,0,0,0,1,1.0,test
2025-01-06,WEST,Electronics,261.0,2025,2,0,0.0,0,0,0,1,1.0,test
2025-01-13,WEST,Electronics,243.0,2025,3,0,0.0,0,0,0,1,1.0,test
2025-01-20,WEST,Electronics,225.0,2025,4,0,0.0,0,0,0,1,1.0,test
2025-01-27,WEST,Electronics,233.0,2025,5,0,0.0,0,0,0,1,1.0,test
2025-02-03,WEST,Electronics,255.0,2025,6,0,0.0,0,0,0,1,1.0,test
2025-02-10,WEST,Electronics,260.0,2025,7,0,0.0,0,0,0,1,1.0,test
2025-02-17,WEST,Electronics,272.0,2025,8,0,0.0,0,0,0,1,1.0,test
2025-02-24,WEST,Electronics,311.0,2025,9,1,0.0,0,0,0,1,1.15,test
2025-03-03,WEST,Electronics,391.0,2025,10,1,0.25,0,0,0,0,1.15,test
2025-03-10,WEST,Electronics,447.0,2025,11,1,0.5,0,0,0,0,1.15,test
2025-03-17,WEST,Electronics,486.0,2025,12,1,0.75,0,0,0,0,1.15,test
2025-03-24,WEST,Electronics,531.0,2025,13,1,1.0,1,0,0,0,1.15,test
2025-03-31,WEST,Electronics,256.0,2025,14,0,0.0,0,0,0,0,1.0,test
2025-04-07,WEST,Electronics,293.0,2025,15,0,0.0,0,0,0,0,1.0,test
2025-04-14,WEST,Electronics,256.0,2025,16,0,0.0,0,0,0,0,1.0,test
2025-04-21,WEST,Electronics,282.0,2025,17,0,0.0,0,0,0,0,1.0,test
2025-04-28,WEST,Electronics,291.0,2025,18,0,0.0,0,0,0,0,1.0,test
2025-05-05,WEST,Electronics,252.0,2025,19,0,0.0,0,0,0,0,1.0,test
2025-05-12,WEST,Electronics,280.0,2025,20,0,0.0,0,0,0,0,1.0,test
2025-05-19,WEST,Electronics,230.0,2025,21,0,0.0,0,0,0,0,1.0,test
2025-05-26,WEST,Electronics,258.0,2025,22,0,0.0,0,1,0,0,1.0,test
2025-06-02,WEST,Electronics,327.0,2025,23,0,0.0,0,1,0,0,1.0,test
2025-06-09,WEST,Electronics,327.0,2025,24,0,0.0,0,1,0,0,1.0,test
2025-06-16,WEST,Electronics,317.0,2025,25,0,0.0,0,1,0,0,1.0,test
2025-06-23,WEST,Electronics,331.0,2025,26,0,0.0,0,1,0,0,1.0,test
2025-06-30,WEST,Electronics,351.0,2025,27,0,0.0,0,1,0,0,1.0,test
2025-07-07,WEST,Electronics,340.0,2025,28,0,0.0,0,1,0,0,1.0,test
2025-07-14,WEST,Electronics,312.0,2025,29,0,0.0,0,1,0,0,1.0,test
2025-07-21,WEST,Electronics,327.0,2025,30,0,0.0,0,1,0,0,1.0,test
2025-07-28,WEST,Electronics,341.0,2025,31,0,0.0,0,1,0,0,1.0,test
2025-08-04,WEST,Electronics,359.0,2025,32,0,0.0,0,1,0,0,1.0,test
2025-08-11,WEST,Electronics,359.0,2025,33,0,0.0,0,1,0,0,1.0,test
2025-08-18,WEST,Electronics,311.0,2025,34,0,0.0,0,1,0,0,1.0,test
2025-08-25,WEST,Electronics,343.0,2025,35,0,0.0,0,1,0,0,1.0,test
2025-09-01,WEST,Electronics,370.0,2025,36,0,0.0,0,0,1,0,1.0,test
2025-09-08,WEST,Electronics,351.0,2025,37,0,0.0,0,0,1,0,1.0,test
2025-09-15,WEST,Electronics,362.0,2025,38,0,0.0,0,0,1,0,1.0,test
2025-09-22,WEST,Electronics,339.0,2025,39,0,0.0,0,0,1,0,1.0,test
2025-09-29,WEST,Electronics,309.0,2025,40,0,0.0,0,0,1,0,1.0,test
2025-10-06,WEST,Electronics,264.0,2025,41,0,0.0,0,0,0,0,1.0,test
2025-10-13,WEST,Electronics,264.0,2025,42,0,0.0,0,0,0,0,1.0,test
2025-10-20,WEST,Electronics,277.0,2025,43,0,0.0,0,0,0,0,1.0,test
2025-10-27,WEST,Electronics,243.0,2025,44,0,0.0,0,0,0,0,1.0,test
2025-11-03,WEST,Electronics,267.0,2025,45,0,0.0,0,0,0,0,1.0,test
2025-11-10,WEST,Electronics,269.0,2025,46,0,0.0,0,0,0,0,1.0,test
2025-11-17,WEST,Electronics,310.0,2025,47,0,0.0,0,0,0,0,1.0,test
2025-11-24,WEST,Electronics,283.0,2025,48,0,0.0,0,0,0,0,1.0,test
2025-12-01,WEST,Electronics,306.0,2025,49,0,0.0,0,0,0,0,1.0,test
2025-12-08,WEST,Electronics,311.0,2025,50,0,0.0,0,0,0,0,1.0,test
2025-12-15,WEST,Electronics,298.0,2025,51,0,0.0,0,0,0,0,1.0,test
2025-12-22,WEST,Electronics,293.0,2025,52,0,0.0,0,0,0,0,1.0,test
2024-01-01,WEST,Furniture,245.0,2024,1,0,0.0,0,0,0,1,1.0,train
2024-01-08,WEST,Furniture,235.0,2024,2,0,0.0,0,0,0,1,1.0,train
2024-01-15,WEST,Furniture,214.0,2024,3,0,0.0,0,0,0,1,1.0,train
2024-01-22,WEST,Furniture,271.0,2024,4,0,0.0,0,0,0,1,1.0,train
2024-01-29,WEST,Furniture,234.0,2024,5,0,0.0,0,0,0,1,1.0,train
2024-02-05,WEST,Furniture,236.0,2024,6,0,0.0,0,0,0,1,1.0,train
2024-02-12,WEST,Furniture,249.0,2024,7,0,0.0,0,0,0,1,1.0,train
2024-02-19,WEST,Furniture,263.0,2024,8,0,0.0,0,0,0,1,1.0,train
2024-02-26,WEST,Furniture,249.0,2024,9,0,0.0,0,0,0,1,1.0,train
2024-03-04,WEST,Furniture,312.0,2024,10,0,0.0,0,0,0,0,1.0,train
2024-03-11,WEST,Furniture,410.0,2024,11,1,0.0,0,0,0,0,1.25,train
2024-03-18,WEST,Furniture,470.0,2024,12,1,0.25,0,0,0,0,1.25,train
2024-03-25,WEST,Furniture,446.0,2024,13,1,0.5,0,0,0,0,1.25,train
2024-04-01,WEST,Furniture,517.0,2024,14,1,0.75,0,0,0,0,1.25,train
2024-04-08,WEST,Furniture,445.0,2024,15,1,1.0,1,0,0,0,1.25,train
2024-04-15,WEST,Furniture,290.0,2024,16,0,0.0,0,0,0,0,1.0,train
2024-04-22,WEST,Furniture,247.0,2024,17,0,0.0,0,0,0,0,1.0,train
2024-04-29,WEST,Furniture,280.0,2024,18,0,0.0,0,0,0,0,1.0,train
2024-05-06,WEST,Furniture,252.0,2024,19,0,0.0,0,0,0,0,1.0,train
2024-05-13,WEST,Furniture,269.0,2024,20,0,0.0,0,0,0,0,1.0,train
2024-05-20,WEST,Furniture,283.0,2024,21,0,0.0,0,0,0,0,1.0,train
2024-05-27,WEST,Furniture,277.0,2024,22,0,0.0,0,1,0,0,1.0,train
2024-06-03,WEST,Furniture,309.0,2024,23,0,0.0,0,1,0,0,1.0,train
2024-06-10,WEST,Furniture,307.0,2024,24,0,0.0,0,1,0,0,1.0,train
2024-06-17,WEST,Furniture,338.0,2024,25,0,0.0,0,1,0,0,1.0,train
2024-06-24,WEST,Furniture,296.0,2024,26,0,0.0,0,1,0,0,1.0,train
2024-07-01,WEST,Furniture,347.0,2024,27,0,0.0,0,1,0,0,1.0,train
2024-07-08,WEST,Furniture,313.0,2024,28,0,0.0,0,1,0,0,1.0,train
2024-07-15,WEST,Furniture,315.0,2024,29,0,0.0,0,1,0,0,1.0,train
2024-07-22,WEST,Furniture,355.0,2024,30,0,0.0,0,1,0,0,1.0,train
2024-07-29,WEST,Furniture,297.0,2024,31,0,0.0,0,1,0,0,1.0,train
2024-08-05,WEST,Furniture,328.0,2024,32,0,0.0,0,1,0,0,1.0,train
2024-08-12,WEST,Furniture,329.0,2024,33,0,0.0,0,1,0,0,1.0,train
2024-08-19,WEST,Furniture,313.0,2024,34,0,0.0,0,1,0,0,1.0,train
2024-08-26,WEST,Furniture,329.0,2024,35,0,0.0,0,1,1,0,1.0,train
2024-09-02,WEST,Furniture,361.0,2024,36,0,0.0,0,0,1,0,1.0,train
2024-09-09,WEST,Furniture,365.0,2024,37,0,0.0,0,0,1,0,1.0,train
2024-09-16,WEST,Furniture,356.0,2024,38,0,0.0,0,0,1,0,1.0,train
2024-09-23,WEST,Furniture,341.0,2024,39,0,0.0,0,0,1,0,1.0,train
2024-09-30,WEST,Furniture,289.0,2024,40,0,0.0,0,0,1,0,1.0,train
2024-10-07,WEST,Furniture,283.0,2024,41,0,0.0,0,0,0,0,1.0,train
2024-10-14,WEST,Furniture,260.0,2024,42,0,0.0,0,0,0,0,1.0,train
2024-10-21,WEST,Furniture,270.0,2024,43,0,0.0,0,0,0,0,1.0,train
2024-10-28,WEST,Furniture,262.0,2024,44,0,0.0,0,0,0,0,1.0,train
2024-11-04,WEST,Furniture,264.0,2024,45,0,0.0,0,0,0,0,1.0,validation
2024-11-11,WEST,Furniture,311.0,2024,46,0,0.0,0,0,0,0,1.0,validation
2024-11-18,WEST,Furniture,289.0,2024,47,0,0.0,0,0,0,0,1.0,validation
2024-11-25,WEST,Furniture,318.0,2024,48,0,0.0,0,0,0,0,1.0,validation
2024-12-02,WEST,Furniture,289.0,2024,49,0,0.0,0,0,0,0,1.0,validation
2024-12-09,WEST,Furniture,309.0,2024,50,0,0.0,0,0,0,0,1.0,validation
2024-12-16,WEST,Furniture,275.0,2024,51,0,0.0,0,0,0,0,1.0,validation
2024-12-23,WEST,Furniture,285.0,2024,52,0,0.0,0,0,0,0,1.0,validation
2024-12-30,WEST,Furniture,236.0,2025,1,0,0.0,0,0,0,1,1.0,test
2025-01-06,WEST,Furniture,271.0,2025,2,0,0.0,0,0,0,1,1.0,test
2025-01-13,WEST,Furniture,251.0,2025,3,0,0.0,0,0,0,1,1.0,test
2025-01-20,WEST,Furniture,231.0,2025,4,0,0.0,0,0,0,1,1.0,test
2025-01-27,WEST,Furniture,237.0,2025,5,0,0.0,0,0,0,1,1.0,test
2025-02-03,WEST,Furniture,241.0,2025,6,0,0.0,0,0,0,1,1.0,test
2025-02-10,WEST,Furniture,254.0,2025,7,0,0.0,0,0,0,1,1.0,test
2025-02-17,WEST,Furniture,264.0,2025,8,0,0.0,0,0,0,1,1.0,test
2025-02-24,WEST,Furniture,280.0,2025,9,1,0.0,0,0,0,1,1.25,test
2025-03-03,WEST,Furniture,385.0,2025,10,1,0.25,0,0,0,0,1.25,test
2025-03-10,WEST,Furniture,445.0,2025,11,1,0.5,0,0,0,0,1.25,test
2025-03-17,WEST,Furniture,472.0,2025,12,1,0.75,0,0,0,0,1.25,test
2025-03-24,WEST,Furniture,540.0,2025,13,1,1.0,1,0,0,0,1.25,test
2025-03-31,WEST,Furniture,247.0,2025,14,0,0.0,0,0,0,0,1.0,test
2025-04-07,WEST,Furniture,285.0,2025,15,0,0.0,0,0,0,0,1.0,test
2025-04-14,WEST,Furniture,268.0,2025,16,0,0.0,0,0,0,0,1.0,test
2025-04-21,WEST,Furniture,264.0,2025,17,0,0.0,0,0,0,0,1.0,test
2025-04-28,WEST,Furniture,263.0,2025,18,0,0.0,0,0,0,0,1.0,test
2025-05-05,WEST,Furniture,265.0,2025,19,0,0.0,0,0,0,0,1.0,test
2025-05-12,WEST,Furniture,279.0,2025,20,0,0.0,0,0,0,0,1.0,test
2025-05-19,WEST,Furniture,258.0,2025,21,0,0.0,0,0,0,0,1.0,test
2025-05-26,WEST,Furniture,249.0,2025,22,0,0.0,0,1,0,0,1.0,test
2025-06-02,WEST,Furniture,305.0,2025,23,0,0.0,0,1,0,0,1.0,test
2025-06-09,WEST,Furniture,308.0,2025,24,0,0.0,0,1,0,0,1.0,test
2025-06-16,WEST,Furniture,342.0,2025,25,0,0.0,0,1,0,0,1.0,test
2025-06-23,WEST,Furniture,329.0,2025,26,0,0.0,0,1,0,0,1.0,test
2025-06-30,WEST,Furniture,370.0,2025,27,0,0.0,0,1,0,0,1.0,test
2025-07-07,WEST,Furniture,330.0,2025,28,0,0.0,0,1,0,0,1.0,test
2025-07-14,WEST,Furniture,332.0,2025,29,0,0.0,0,1,0,0,1.0,test
2025-07-21,WEST,Furniture,320.0,2025,30,0,0.0,0,1,0,0,1.0,test
2025-07-28,WEST,Furniture,329.0,2025,31,0,0.0,0,1,0,0,1.0,test
2025-08-04,WEST,Furniture,357.0,2025,32,0,0.0,0,1,0,0,1.0,test
2025-08-11,WEST,Furniture,330.0,2025,33,0,0.0,0,1,0,0,1.0,test
2025-08-18,WEST,Furniture,334.0,2025,34,0,0.0,0,1,0,0,1.0,test
2025-08-25,WEST,Furniture,320.0,2025,35,0,0.0,0,1,0,0,1.0,test
2025-09-01,WEST,Furniture,366.0,2025,36,0,0.0,0,0,1,0,1.0,test
2025-09-08,WEST,Furniture,337.0,2025,37,0,0.0,0,0,1,0,1.0,test
2025-09-15,WEST,Furniture,351.0,2025,38,0,0.0,0,0,1,0,1.0,test
2025-09-22,WEST,Furniture,336.0,2025,39,0,0.0,0,0,1,0,1.0,test
2025-09-29,WEST,Furniture,300.0,2025,40,0,0.0,0,0,1,0,1.0,test
2025-10-06,WEST,Furniture,248.0,2025,41,0,0.0,0,0,0,0,1.0,test
2025-10-13,WEST,Furniture,294.0,2025,42,0,0.0,0,0,0,0,1.0,test
2025-10-20,WEST,Furniture,306.0,2025,43,0,0.0,0,0,0,0,1.0,test
2025-10-27,WEST,Furniture,240.0,2025,44,0,0.0,0,0,0,0,1.0,test
2025-11-03,WEST,Furniture,286.0,2025,45,0,0.0,0,0,0,0,1.0,test
2025-11-10,WEST,Furniture,262.0,2025,46,0,0.0,0,0,0,0,1.0,test
2025-11-17,WEST,Furniture,255.0,2025,47,0,0.0,0,0,0,0,1.0,test
2025-11-24,WEST,Furniture,249.0,2025,48,0,0.0,0,0,0,0,1.0,test
2025-12-01,WEST,Furniture,295.0,2025,49,0,0.0,0,0,0,0,1.0,test
2025-12-08,WEST,Furniture,317.0,2025,50,0,0.0,0,0,0,0,1.0,test
2025-12-15,WEST,Furniture,319.0,2025,51,0,0.0,0,0,0,0,1.0,test
2025-12-22,WEST,Furniture,285.0,2025,52,0,0.0,0,0,0,0,1.0,test
2024-01-01,WEST,Hardware,183.0,2024,1,0,0.0,0,0,0,1,1.0,train
2024-01-08,WEST,Hardware,185.0,2024,2,0,0.0,0,0,0,1,1.0,train
2024-01-15,WEST,Hardware,187.0,2024,3,0,0.0,0,0,0,1,1.0,train
2024-01-22,WEST,Hardware,186.0,2024,4,0,0.0,0,0,0,1,1.0,train
2024-01-29,WEST,Hardware,171.0,2024,5,0,0.0,0,0,0,1,1.0,train
2024-02-05,WEST,Hardware,205.0,2024,6,0,0.0,0,0,0,1,1.0,train
2024-02-12,WEST,Hardware,198.0,2024,7,0,0.0,0,0,0,1,1.0,train
2024-02-19,WEST,Hardware,206.0,2024,8,0,0.0,0,0,0,1,1.0,train
2024-02-26,WEST,Hardware,217.0,2024,9,0,0.0,0,0,0,1,1.0,train
2024-03-04,WEST,Hardware,228.0,2024,10,0,0.0,0,0,0,0,1.0,train
2024-03-11,WEST,Hardware,285.0,2024,11,1,0.0,0,0,0,0,1.0,train
2024-03-18,WEST,Hardware,333.0,2024,12,1,0.25,0,0,0,0,1.0,train
2024-03-25,WEST,Hardware,349.0,2024,13,1,0.5,0,0,0,0,1.0,train
2024-04-01,WEST,Hardware,380.0,2024,14,1,0.75,0,0,0,0,1.0,train
2024-04-08,WEST,Hardware,403.0,2024,15,1,1.0,1,0,0,0,1.0,train
2024-04-15,WEST,Hardware,235.0,2024,16,0,0.0,0,0,0,0,1.0,train
2024-04-22,WEST,Hardware,237.0,2024,17,0,0.0,0,0,0,0,1.0,train
2024-04-29,WEST,Hardware,199.0,2024,18,0,0.0,0,0,0,0,1.0,train
2024-05-06,WEST,Hardware,196.0,2024,19,0,0.0,0,0,0,0,1.0,train
2024-05-13,WEST,Hardware,213.0,2024,20,0,0.0,0,0,0,0,1.0,train
2024-05-20,WEST,Hardware,225.0,2024,21,0,0.0,0,0,0,0,1.0,train
2024-05-27,WEST,Hardware,241.0,2024,22,0,0.0,0,1,0,0,1.0,train
2024-06-03,WEST,Hardware,284.0,2024,23,0,0.0,0,1,0,0,1.0,train
2024-06-10,WEST,Hardware,287.0,2024,24,0,0.0,0,1,0,0,1.0,train
2024-06-17,WEST,Hardware,262.0,2024,25,0,0.0,0,1,0,0,1.0,train
2024-06-24,WEST,Hardware,259.0,2024,26,0,0.0,0,1,0,0,1.0,train
2024-07-01,WEST,Hardware,255.0,2024,27,0,0.0,0,1,0,0,1.0,train
2024-07-08,WEST,Hardware,258.0,2024,28,0,0.0,0,1,0,0,1.0,train
2024-07-15,WEST,Hardware,268.0,2024,29,0,0.0,0,1,0,0,1.0,train
2024-07-22,WEST,Hardware,258.0,2024,30,0,0.0,0,1,0,0,1.0,train
2024-07-29,WEST,Hardware,304.0,2024,31,0,0.0,0,1,0,0,1.0,train
2024-08-05,WEST,Hardware,277.0,2024,32,0,0.0,0,1,0,0,1.0,train
2024-08-12,WEST,Hardware,297.0,2024,33,0,0.0,0,1,0,0,1.0,train
2024-08-19,WEST,Hardware,269.0,2024,34,0,0.0,0,1,0,0,1.0,train
2024-08-26,WEST,Hardware,282.0,2024,35,0,0.0,0,1,1,0,1.0,train
2024-09-02,WEST,Hardware,277.0,2024,36,0,0.0,0,0,1,0,1.0,train
2024-09-09,WEST,Hardware,282.0,2024,37,0,0.0,0,0,1,0,1.0,train
2024-09-16,WEST,Hardware,275.0,2024,38,0,0.0,0,0,1,0,1.0,train
2024-09-23,WEST,Hardware,298.0,2024,39,0,0.0,0,0,1,0,1.0,train
2024-09-30,WEST,Hardware,247.0,2024,40,0,0.0,0,0,1,0,1.0,train
2024-10-07,WEST,Hardware,222.0,2024,41,0,0.0,0,0,0,0,1.0,train
2024-10-14,WEST,Hardware,218.0,2024,42,0,0.0,0,0,0,0,1.0,train
2024-10-21,WEST,Hardware,255.0,2024,43,0,0.0,0,0,0,0,1.0,train
2024-10-28,WEST,Hardware,203.0,2024,44,0,0.0,0,0,0,0,1.0,train
2024-11-04,WEST,Hardware,222.0,2024,45,0,0.0,0,0,0,0,1.0,validation
2024-11-11,WEST,Hardware,225.0,2024,46,0,0.0,0,0,0,0,1.0,validation
2024-11-18,WEST,Hardware,227.0,2024,47,0,0.0,0,0,0,0,1.0,validation
2024-11-25,WEST,Hardware,246.0,2024,48,0,0.0,0,0,0,0,1.0,validation
2024-12-02,WEST,Hardware,265.0,2024,49,0,0.0,0,0,0,0,1.0,validation
2024-12-09,WEST,Hardware,255.0,2024,50,0,0.0,0,0,0,0,1.0,validation
2024-12-16,WEST,Hardware,202.0,2024,51,0,0.0,0,0,0,0,1.0,validation
2024-12-23,WEST,Hardware,234.0,2024,52,0,0.0,0,0,0,0,1.0,validation
2024-12-30,WEST,Hardware,204.0,2025,1,0,0.0,0,0,0,1,1.0,test
2025-01-06,WEST,Hardware,211.0,2025,2,0,0.0,0,0,0,1,1.0,test
2025-01-13,WEST,Hardware,229.0,2025,3,0,0.0,0,0,0,1,1.0,test
2025-01-20,WEST,Hardware,191.0,2025,4,0,0.0,0,0,0,1,1.0,test
2025-01-27,WEST,Hardware,202.0,2025,5,0,0.0,0,0,0,1,1.0,test
2025-02-03,WEST,Hardware,220.0,2025,6,0,0.0,0,0,0,1,1.0,test
2025-02-10,WEST,Hardware,186.0,2025,7,0,0.0,0,0,0,1,1.0,test
2025-02-17,WEST,Hardware,220.0,2025,8,0,0.0,0,0,0,1,1.0,test
2025-02-24,WEST,Hardware,251.0,2025,9,1,0.0,0,0,0,1,1.0,test
2025-03-03,WEST,Hardware,337.0,2025,10,1,0.25,0,0,0,0,1.0,test
2025-03-10,WEST,Hardware,380.0,2025,11,1,0.5,0,0,0,0,1.0,test
2025-03-17,WEST,Hardware,357.0,2025,12,1,0.75,0,0,0,0,1.0,test
2025-03-24,WEST,Hardware,418.0,2025,13,1,1.0,1,0,0,0,1.0,test
2025-03-31,WEST,Hardware,207.0,2025,14,0,0.0,0,0,0,0,1.0,test
2025-04-07,WEST,Hardware,224.0,2025,15,0,0.0,0,0,0,0,1.0,test
2025-04-14,WEST,Hardware,208.0,2025,16,0,0.0,0,0,0,0,1.0,test
2025-04-21,WEST,Hardware,230.0,2025,17,0,0.0,0,0,0,0,1.0,test
2025-04-28,WEST,Hardware,230.0,2025,18,0,0.0,0,0,0,0,1.0,test
2025-05-05,WEST,Hardware,221.0,2025,19,0,0.0,0,0,0,0,1.0,test
2025-05-12,WEST,Hardware,237.0,2025,20,0,0.0,0,0,0,0,1.0,test
2025-05-19,WEST,Hardware,227.0,2025,21,0,0.0,0,0,0,0,1.0,test
2025-05-26,WEST,Hardware,224.0,2025,22,0,0.0,0,1,0,0,1.0,test
2025-06-02,WEST,Hardware,286.0,2025,23,0,0.0,0,1,0,0,1.0,test
2025-06-09,WEST,Hardware,277.0,2025,24,0,0.0,0,1,0,0,1.0,test
2025-06-16,WEST,Hardware,262.0,2025,25,0,0.0,0,1,0,0,1.0,test
2025-06-23,WEST,Hardware,265.0,2025,26,0,0.0,0,1,0,0,1.0,test
2025-06-30,WEST,Hardware,272.0,2025,27,0,0.0,0,1,0,0,1.0,test
2025-07-07,WEST,Hardware,267.0,2025,28,0,0.0,0,1,0,0,1.0,test
2025-07-14,WEST,Hardware,290.0,2025,29,0,0.0,0,1,0,0,1.0,test
2025-07-21,WEST,Hardware,262.0,2025,30,0,0.0,0,1,0,0,1.0,test
2025-07-28,WEST,Hardware,249.0,2025,31,0,0.0,0,1,0,0,1.0,test
2025-08-04,WEST,Hardware,285.0,2025,32,0,0.0,0,1,0,0,1.0,test
2025-08-11,WEST,Hardware,264.0,2025,33,0,0.0,0,1,0,0,1.0,test
2025-08-18,WEST,Hardware,284.0,2025,34,0,0.0,0,1,0,0,1.0,test
2025-08-25,WEST,Hardware,262.0,2025,35,0,0.0,0,1,0,0,1.0,test
2025-09-01,WEST,Hardware,288.0,2025,36,0,0.0,0,0,1,0,1.0,test
2025-09-08,WEST,Hardware,263.0,2025,37,0,0.0,0,0,1,0,1.0,test
2025-09-15,WEST,Hardware,302.0,2025,38,0,0.0,0,0,1,0,1.0,test
2025-09-22,WEST,Hardware,296.0,2025,39,0,0.0,0,0,1,0,1.0,test
2025-09-29,WEST,Hardware,263.0,2025,40,0,0.0,0,0,1,0,1.0,test
2025-10-06,WEST,Hardware,226.0,2025,41,0,0.0,0,0,0,0,1.0,test
2025-10-13,WEST,Hardware,230.0,2025,42,0,0.0,0,0,0,0,1.0,test
2025-10-20,WEST,Hardware,242.0,2025,43,0,0.0,0,0,0,0,1.0,test
2025-10-27,WEST,Hardware,245.0,2025,44,0,0.0,0,0,0,0,1.0,test
2025-11-03,WEST,Hardware,243.0,2025,45,0,0.0,0,0,0,0,1.0,test
2025-11-10,WEST,Hardware,228.0,2025,46,0,0.0,0,0,0,0,1.0,test
2025-11-17,WEST,Hardware,236.0,2025,47,0,0.0,0,0,0,0,1.0,test
2025-11-24,WEST,Hardware,197.0,2025,48,0,0.0,0,0,0,0,1.0,test
2025-12-01,WEST,Hardware,247.0,2025,49,0,0.0,0,0,0,0,1.0,test
2025-12-08,WEST,Hardware,260.0,2025,50,0,0.0,0,0,0,0,1.0,test
2025-12-15,WEST,Hardware,275.0,2025,51,0,0.0,0,0,0,0,1.0,test
2025-12-22,WEST,Hardware,241.0,2025,52,0,0.0,0,0,0,0,1.0,test
2024-01-01,WEST,Health & Beauty,234.0,2024,1,0,0.0,0,0,0,1,1.0,train
2024-01-08,WEST,Health & Beauty,234.0,2024,2,0,0.0,0,0,0,1,1.0,train
2024-01-15,WEST,Health & Beauty,226.0,2024,3,0,0.0,0,0,0,1,1.0,train
2024-01-22,WEST,Health & Beauty,242.0,2024,4,0,0.0,0,0,0,1,1.0,train
2024-01-29,WEST,Health & Beauty,258.0,2024,5,0,0.0,0,0,0,1,1.0,train
2024-02-05,WEST,Health & Beauty,252.0,2024,6,0,0.0,0,0,0,1,1.0,train
2024-02-12,WEST,Health & Beauty,222.0,2024,7,0,0.0,0,0,0,1,1.0,train
2024-02-19,WEST,Health & Beauty,237.0,2024,8,0,0.0,0,0,0,1,1.0,train
2024-02-26,WEST,Health & Beauty,247.0,2024,9,0,0.0,0,0,0,1,1.0,train
2024-03-04,WEST,Health & Beauty,282.0,2024,10,0,0.0,0,0,0,0,1.0,train
2024-03-11,WEST,Health & Beauty,386.0,2024,11,1,0.0,0,0,0,0,1.2,train
2024-03-18,WEST,Health & Beauty,431.0,2024,12,1,0.25,0,0,0,0,1.2,train
2024-03-25,WEST,Health & Beauty,487.0,2024,13,1,0.5,0,0,0,0,1.2,train
2024-04-01,WEST,Health & Beauty,487.0,2024,14,1,0.75,0,0,0,0,1.2,train
2024-04-08,WEST,Health & Beauty,454.0,2024,15,1,1.0,1,0,0,0,1.2,train
2024-04-15,WEST,Health & Beauty,255.0,2024,16,0,0.0,0,0,0,0,1.0,train
2024-04-22,WEST,Health & Beauty,285.0,2024,17,0,0.0,0,0,0,0,1.0,train
2024-04-29,WEST,Health & Beauty,251.0,2024,18,0,0.0,0,0,0,0,1.0,train
2024-05-06,WEST,Health & Beauty,276.0,2024,19,0,0.0,0,0,0,0,1.0,train
2024-05-13,WEST,Health & Beauty,248.0,2024,20,0,0.0,0,0,0,0,1.0,train
2024-05-20,WEST,Health & Beauty,269.0,2024,21,0,0.0,0,0,0,0,1.0,train
2024-05-27,WEST,Health & Beauty,308.0,2024,22,0,0.0,0,1,0,0,1.0,train
2024-06-03,WEST,Health & Beauty,320.0,2024,23,0,0.0,0,1,0,0,1.0,train
2024-06-10,WEST,Health & Beauty,350.0,2024,24,0,0.0,0,1,0,0,1.0,train
2024-06-17,WEST,Health & Beauty,311.0,2024,25,0,0.0,0,1,0,0,1.0,train
2024-06-24,WEST,Health & Beauty,333.0,2024,26,0,0.0,0,1,0,0,1.0,train
2024-07-01,WEST,Health & Beauty,331.0,2024,27,0,0.0,0,1,0,0,1.0,train
2024-07-08,WEST,Health & Beauty,311.0,2024,28,0,0.0,0,1,0,0,1.0,train
2024-07-15,WEST,Health & Beauty,321.0,2024,29,0,0.0,0,1,0,0,1.0,train
2024-07-22,WEST,Health & Beauty,278.0,2024,30,0,0.0,0,1,0,0,1.0,train
2024-07-29,WEST,Health & Beauty,342.0,2024,31,0,0.0,0,1,0,0,1.0,train
2024-08-05,WEST,Health & Beauty,327.0,2024,32,0,0.0,0,1,0,0,1.0,train
2024-08-12,WEST,Health & Beauty,318.0,2024,33,0,0.0,0,1,0,0,1.0,train
2024-08-19,WEST,Health & Beauty,347.0,2024,34,0,0.0,0,1,0,0,1.0,train
2024-08-26,WEST,Health & Beauty,294.0,2024,35,0,0.0,0,1,1,0,1.0,train
2024-09-02,WEST,Health & Beauty,354.0,2024,36,0,0.0,0,0,1,0,1.0,train
2024-09-09,WEST,Health & Beauty,319.0,2024,37,0,0.0,0,0,1,0,1.0,train
2024-09-16,WEST,Health & Beauty,358.0,2024,38,0,0.0,0,0,1,0,1.0,train
2024-09-23,WEST,Health & Beauty,357.0,2024,39,0,0.0,0,0,1,0,1.0,train
2024-09-30,WEST,Health & Beauty,266.0,2024,40,0,0.0,0,0,1,0,1.0,train
2024-10-07,WEST,Health & Beauty,289.0,2024,41,0,0.0,0,0,0,0,1.0,train
2024-10-14,WEST,Health & Beauty,281.0,2024,42,0,0.0,0,0,0,0,1.0,train
2024-10-21,WEST,Health & Beauty,288.0,2024,43,0,0.0,0,0,0,0,1.0,train
2024-10-28,WEST,Health & Beauty,249.0,2024,44,0,0.0,0,0,0,0,1.0,train
2024-11-04,WEST,Health & Beauty,260.0,2024,45,0,0.0,0,0,0,0,1.0,validation
2024-11-11,WEST,Health & Beauty,261.0,2024,46,0,0.0,0,0,0,0,1.0,validation
2024-11-18,WEST,Health & Beauty,277.0,2024,47,0,0.0,0,0,0,0,1.0,validation
2024-11-25,WEST,Health & Beauty,288.0,2024,48,0,0.0,0,0,0,0,1.0,validation
2024-12-02,WEST,Health & Beauty,285.0,2024,49,0,0.0,0,0,0,0,1.0,validation
2024-12-09,WEST,Health & Beauty,315.0,2024,50,0,0.0,0,0,0,0,1.0,validation
2024-12-16,WEST,Health & Beauty,291.0,2024,51,0,0.0,0,0,0,0,1.0,validation
2024-12-23,WEST,Health & Beauty,284.0,2024,52,0,0.0,0,0,0,0,1.0,validation
2024-12-30,WEST,Health & Beauty,290.0,2025,1,0,0.0,0,0,0,1,1.0,test
2025-01-06,WEST,Health & Beauty,228.0,2025,2,0,0.0,0,0,0,1,1.0,test
2025-01-13,WEST,Health & Beauty,271.0,2025,3,0,0.0,0,0,0,1,1.0,test
2025-01-20,WEST,Health & Beauty,257.0,2025,4,0,0.0,0,0,0,1,1.0,test
2025-01-27,WEST,Health & Beauty,246.0,2025,5,0,0.0,0,0,0,1,1.0,test
2025-02-03,WEST,Health & Beauty,257.0,2025,6,0,0.0,0,0,0,1,1.0,test
2025-02-10,WEST,Health & Beauty,206.0,2025,7,0,0.0,0,0,0,1,1.0,test
2025-02-17,WEST,Health & Beauty,247.0,2025,8,0,0.0,0,0,0,1,1.0,test
2025-02-24,WEST,Health & Beauty,289.0,2025,9,1,0.0,0,0,0,1,1.2,test
2025-03-03,WEST,Health & Beauty,416.0,2025,10,1,0.25,0,0,0,0,1.2,test
2025-03-10,WEST,Health & Beauty,427.0,2025,11,1,0.5,0,0,0,0,1.2,test
2025-03-17,WEST,Health & Beauty,494.0,2025,12,1,0.75,0,0,0,0,1.2,test
2025-03-24,WEST,Health & Beauty,586.0,2025,13,1,1.0,1,0,0,0,1.2,test
2025-03-31,WEST,Health & Beauty,302.0,2025,14,0,0.0,0,0,0,0,1.0,test
2025-04-07,WEST,Health & Beauty,280.0,2025,15,0,0.0,0,0,0,0,1.0,test
2025-04-14,WEST,Health & Beauty,280.0,2025,16,0,0.0,0,0,0,0,1.0,test
2025-04-21,WEST,Health & Beauty,299.0,2025,17,0,0.0,0,0,0,0,1.0,test
2025-04-28,WEST,Health & Beauty,264.0,2025,18,0,0.0,0,0,0,0,1.0,test
2025-05-05,WEST,Health & Beauty,273.0,2025,19,0,0.0,0,0,0,0,1.0,test
2025-05-12,WEST,Health & Beauty,274.0,2025,20,0,0.0,0,0,0,0,1.0,test
2025-05-19,WEST,Health & Beauty,252.0,2025,21,0,0.0,0,0,0,0,1.0,test
2025-05-26,WEST,Health & Beauty,287.0,2025,22,0,0.0,0,1,0,0,1.0,test
2025-06-02,WEST,Health & Beauty,333.0,2025,23,0,0.0,0,1,0,0,1.0,test
2025-06-09,WEST,Health & Beauty,315.0,2025,24,0,0.0,0,1,0,0,1.0,test
2025-06-16,WEST,Health & Beauty,321.0,2025,25,0,0.0,0,1,0,0,1.0,test
2025-06-23,WEST,Health & Beauty,347.0,2025,26,0,0.0,0,1,0,0,1.0,test
2025-06-30,WEST,Health & Beauty,322.0,2025,27,0,0.0,0,1,0,0,1.0,test
2025-07-07,WEST,Health & Beauty,319.0,2025,28,0,0.0,0,1,0,0,1.0,test
2025-07-14,WEST,Health & Beauty,321.0,2025,29,0,0.0,0,1,0,0,1.0,test
2025-07-21,WEST,Health & Beauty,330.0,2025,30,0,0.0,0,1,0,0,1.0,test
2025-07-28,WEST,Health & Beauty,345.0,2025,31,0,0.0,0,1,0,0,1.0,test
2025-08-04,WEST,Health & Beauty,333.0,2025,32,0,0.0,0,1,0,0,1.0,test
2025-08-11,WEST,Health & Beauty,304.0,2025,33,0,0.0,0,1,0,0,1.0,test
2025-08-18,WEST,Health & Beauty,269.0,2025,34,0,0.0,0,1,0,0,1.0,test
2025-08-25,WEST,Health & Beauty,323.0,2025,35,0,0.0,0,1,0,0,1.0,test
2025-09-01,WEST,Health & Beauty,360.0,2025,36,0,0.0,0,0,1,0,1.0,test
2025-09-08,WEST,Health & Beauty,365.0,2025,37,0,0.0,0,0,1,0,1.0,test
2025-09-15,WEST,Health & Beauty,345.0,2025,38,0,0.0,0,0,1,0,1.0,test
2025-09-22,WEST,Health & Beauty,325.0,2025,39,0,0.0,0,0,1,0,1.0,test
2025-09-29,WEST,Health & Beauty,307.0,2025,40,0,0.0,0,0,1,0,1.0,test
2025-10-06,WEST,Health & Beauty,278.0,2025,41,0,0.0,0,0,0,0,1.0,test
2025-10-13,WEST,Health & Beauty,292.0,2025,42,0,0.0,0,0,0,0,1.0,test
2025-10-20,WEST,Health & Beauty,292.0,2025,43,0,0.0,0,0,0,0,1.0,test
2025-10-27,WEST,Health & Beauty,300.0,2025,44,0,0.0,0,0,0,0,1.0,test
2025-11-03,WEST,Health & Beauty,245.0,2025,45,0,0.0,0,0,0,0,1.0,test
2025-11-10,WEST,Health & Beauty,286.0,2025,46,0,0.0,0,0,0,0,1.0,test
2025-11-17,WEST,Health & Beauty,249.0,2025,47,0,0.0,0,0,0,0,1.0,test
2025-11-24,WEST,Health & Beauty,271.0,2025,48,0,0.0,0,0,0,0,1.0,test
2025-12-01,WEST,Health & Beauty,287.0,2025,49,0,0.0,0,0,0,0,1.0,test
2025-12-08,WEST,Health & Beauty,303.0,2025,50,0,0.0,0,0,0,0,1.0,test
2025-12-15,WEST,Health & Beauty,267.0,2025,51,0,0.0,0,0,0,0,1.0,test
2025-12-22,WEST,Health & Beauty,297.0,2025,52,0,0.0,0,0,0,0,1.0,test
2024-01-01,WEST,Home & Garden,647.0,2024,1,0,0.0,0,0,0,1,1.0,train
2024-01-08,WEST,Home & Garden,605.0,2024,2,0,0.0,0,0,0,1,1.0,train
2024-01-15,WEST,Home & Garden,597.0,2024,3,0,0.0,0,0,0,1,1.0,train
2024-01-22,WEST,Home & Garden,635.0,2024,4,0,0.0,0,0,0,1,1.0,train
2024-01-29,WEST,Home & Garden,637.0,2024,5,0,0.0,0,0,0,1,1.0,train
2024-02-05,WEST,Home & Garden,598.0,2024,6,0,0.0,0,0,0,1,1.0,train
2024-02-12,WEST,Home & Garden,604.0,2024,7,0,0.0,0,0,0,1,1.0,train
2024-02-19,WEST,Home & Garden,626.0,2024,8,0,0.0,0,0,0,1,1.0,train
2024-02-26,WEST,Home & Garden,737.0,2024,9,0,0.0,0,0,0,1,1.0,train
2024-03-04,WEST,Home & Garden,762.0,2024,10,0,0.0,0,0,0,0,1.0,train
2024-03-11,WEST,Home & Garden,959.0,2024,11,1,0.0,0,0,0,0,1.25,train
2024-03-18,WEST,Home & Garden,1147.0,2024,12,1,0.25,0,0,0,0,1.25,train
2024-03-25,WEST,Home & Garden,1122.0,2024,13,1,0.5,0,0,0,0,1.25,train
2024-04-01,WEST,Home & Garden,1274.0,2024,14,1,0.75,0,0,0,0,1.25,train
2024-04-08,WEST,Home & Garden,1150.0,2024,15,1,1.0,1,0,0,0,1.25,train
2024-04-15,WEST,Home & Garden,709.0,2024,16,0,0.0,0,0,0,0,1.0,train
2024-04-22,WEST,Home & Garden,643.0,2024,17,0,0.0,0,0,0,0,1.0,train
2024-04-29,WEST,Home & Garden,693.0,2024,18,0,0.0,0,0,0,0,1.0,train
2024-05-06,WEST,Home & Garden,732.0,2024,19,0,0.0,0,0,0,0,1.0,train
2024-05-13,WEST,Home & Garden,686.0,2024,20,0,0.0,0,0,0,0,1.0,train
2024-05-20,WEST,Home & Garden,685.0,2024,21,0,0.0,0,0,0,0,1.0,train
2024-05-27,WEST,Home & Garden,682.0,2024,22,0,0.0,0,1,0,0,1.0,train
2024-06-03,WEST,Home & Garden,793.0,2024,23,0,0.0,0,1,0,0,1.0,train
2024-06-10,WEST,Home & Garden,892.0,2024,24,0,0.0,0,1,0,0,1.0,train
2024-06-17,WEST,Home & Garden,774.0,2024,25,0,0.0,0,1,0,0,1.0,train
2024-06-24,WEST,Home & Garden,775.0,2024,26,0,0.0,0,1,0,0,1.0,train
2024-07-01,WEST,Home & Garden,867.0,2024,27,0,0.0,0,1,0,0,1.0,train
2024-07-08,WEST,Home & Garden,807.0,2024,28,0,0.0,0,1,0,0,1.0,train
2024-07-15,WEST,Home & Garden,847.0,2024,29,0,0.0,0,1,0,0,1.0,train
2024-07-22,WEST,Home & Garden,865.0,2024,30,0,0.0,0,1,0,0,1.0,train
2024-07-29,WEST,Home & Garden,833.0,2024,31,0,0.0,0,1,0,0,1.0,train
2024-08-05,WEST,Home & Garden,832.0,2024,32,0,0.0,0,1,0,0,1.0,train
2024-08-12,WEST,Home & Garden,805.0,2024,33,0,0.0,0,1,0,0,1.0,train
2024-08-19,WEST,Home & Garden,822.0,2024,34,0,0.0,0,1,0,0,1.0,train
2024-08-26,WEST,Home & Garden,831.0,2024,35,0,0.0,0,1,1,0,1.0,train
2024-09-02,WEST,Home & Garden,899.0,2024,36,0,0.0,0,0,1,0,1.0,train
2024-09-09,WEST,Home & Garden,898.0,2024,37,0,0.0,0,0,1,0,1.0,train
2024-09-16,WEST,Home & Garden,890.0,2024,38,0,0.0,0,0,1,0,1.0,train
2024-09-23,WEST,Home & Garden,893.0,2024,39,0,0.0,0,0,1,0,1.0,train
2024-09-30,WEST,Home & Garden,736.0,2024,40,0,0.0,0,0,1,0,1.0,train
2024-10-07,WEST,Home & Garden,659.0,2024,41,0,0.0,0,0,0,0,1.0,train
2024-10-14,WEST,Home & Garden,705.0,2024,42,0,0.0,0,0,0,0,1.0,train
2024-10-21,WEST,Home & Garden,711.0,2024,43,0,0.0,0,0,0,0,1.0,train
2024-10-28,WEST,Home & Garden,720.0,2024,44,0,0.0,0,0,0,0,1.0,train
2024-11-04,WEST,Home & Garden,709.0,2024,45,0,0.0,0,0,0,0,1.0,validation
2024-11-11,WEST,Home & Garden,663.0,2024,46,0,0.0,0,0,0,0,1.0,validation
2024-11-18,WEST,Home & Garden,714.0,2024,47,0,0.0,0,0,0,0,1.0,validation
2024-11-25,WEST,Home & Garden,712.0,2024,48,0,0.0,0,0,0,0,1.0,validation
2024-12-02,WEST,Home & Garden,698.0,2024,49,0,0.0,0,0,0,0,1.0,validation
2024-12-09,WEST,Home & Garden,711.0,2024,50,0,0.0,0,0,0,0,1.0,validation
2024-12-16,WEST,Home & Garden,783.0,2024,51,0,0.0,0,0,0,0,1.0,validation
2024-12-23,WEST,Home & Garden,786.0,2024,52,0,0.0,0,0,0,0,1.0,validation
2024-12-30,WEST,Home & Garden,669.0,2025,1,0,0.0,0,0,0,1,1.0,test
2025-01-06,WEST,Home & Garden,627.0,2025,2,0,0.0,0,0,0,1,1.0,test
2025-01-13,WEST,Home & Garden,639.0,2025,3,0,0.0,0,0,0,1,1.0,test
2025-01-20,WEST,Home & Garden,594.0,2025,4,0,0.0,0,0,0,1,1.0,test
2025-01-27,WEST,Home & Garden,633.0,2025,5,0,0.0,0,0,0,1,1.0,test
2025-02-03,WEST,Home & Garden,642.0,2025,6,0,0.0,0,0,0,1,1.0,test
2025-02-10,WEST,Home & Garden,615.0,2025,7,0,0.0,0,0,0,1,1.0,test
2025-02-17,WEST,Home & Garden,595.0,2025,8,0,0.0,0,0,0,1,1.0,test
2025-02-24,WEST,Home & Garden,746.0,2025,9,1,0.0,0,0,0,1,1.25,test
2025-03-03,WEST,Home & Garden,1050.0,2025,10,1,0.25,0,0,0,0,1.25,test
2025-03-10,WEST,Home & Garden,1112.0,2025,11,1,0.5,0,0,0,0,1.25,test
2025-03-17,WEST,Home & Garden,1214.0,2025,12,1,0.75,0,0,0,0,1.25,test
2025-03-24,WEST,Home & Garden,1355.0,2025,13,1,1.0,1,0,0,0,1.25,test
2025-03-31,WEST,Home & Garden,720.0,2025,14,0,0.0,0,0,0,0,1.0,test
2025-04-07,WEST,Home & Garden,715.0,2025,15,0,0.0,0,0,0,0,1.0,test
2025-04-14,WEST,Home & Garden,705.0,2025,16,0,0.0,0,0,0,0,1.0,test
2025-04-21,WEST,Home & Garden,677.0,2025,17,0,0.0,0,0,0,0,1.0,test
2025-04-28,WEST,Home & Garden,707.0,2025,18,0,0.0,0,0,0,0,1.0,test
2025-05-05,WEST,Home & Garden,741.0,2025,19,0,0.0,0,0,0,0,1.0,test
2025-05-12,WEST,Home & Garden,683.0,2025,20,0,0.0,0,0,0,0,1.0,test
2025-05-19,WEST,Home & Garden,687.0,2025,21,0,0.0,0,0,0,0,1.0,test
2025-05-26,WEST,Home & Garden,669.0,2025,22,0,0.0,0,1,0,0,1.0,test
2025-06-02,WEST,Home & Garden,870.0,2025,23,0,0.0,0,1,0,0,1.0,test
2025-06-09,WEST,Home & Garden,839.0,2025,24,0,0.0,0,1,0,0,1.0,test
2025-06-16,WEST,Home & Garden,819.0,2025,25,0,0.0,0,1,0,0,1.0,test
2025-06-23,WEST,Home & Garden,833.0,2025,26,0,0.0,0,1,0,0,1.0,test
2025-06-30,WEST,Home & Garden,839.0,2025,27,0,0.0,0,1,0,0,1.0,test
2025-07-07,WEST,Home & Garden,848.0,2025,28,0,0.0,0,1,0,0,1.0,test
2025-07-14,WEST,Home & Garden,833.0,2025,29,0,0.0,0,1,0,0,1.0,test
2025-07-21,WEST,Home & Garden,879.0,2025,30,0,0.0,0,1,0,0,1.0,test
2025-07-28,WEST,Home & Garden,821.0,2025,31,0,0.0,0,1,0,0,1.0,test
2025-08-04,WEST,Home & Garden,859.0,2025,32,0,0.0,0,1,0,0,1.0,test
2025-08-11,WEST,Home & Garden,859.0,2025,33,0,0.0,0,1,0,0,1.0,test
2025-08-18,WEST,Home & Garden,808.0,2025,34,0,0.0,0,1,0,0,1.0,test
2025-08-25,WEST,Home & Garden,849.0,2025,35,0,0.0,0,1,0,0,1.0,test
2025-09-01,WEST,Home & Garden,902.0,2025,36,0,0.0,0,0,1,0,1.0,test
2025-09-08,WEST,Home & Garden,978.0,2025,37,0,0.0,0,0,1,0,1.0,test
2025-09-15,WEST,Home & Garden,920.0,2025,38,0,0.0,0,0,1,0,1.0,test
2025-09-22,WEST,Home & Garden,855.0,2025,39,0,0.0,0,0,1,0,1.0,test
2025-09-29,WEST,Home & Garden,746.0,2025,40,0,0.0,0,0,1,0,1.0,test
2025-10-06,WEST,Home & Garden,666.0,2025,41,0,0.0,0,0,0,0,1.0,test
2025-10-13,WEST,Home & Garden,685.0,2025,42,0,0.0,0,0,0,0,1.0,test
2025-10-20,WEST,Home & Garden,677.0,2025,43,0,0.0,0,0,0,0,1.0,test
2025-10-27,WEST,Home & Garden,710.0,2025,44,0,0.0,0,0,0,0,1.0,test
2025-11-03,WEST,Home & Garden,663.0,2025,45,0,0.0,0,0,0,0,1.0,test
2025-11-10,WEST,Home & Garden,686.0,2025,46,0,0.0,0,0,0,0,1.0,test
2025-11-17,WEST,Home & Garden,676.0,2025,47,0,0.0,0,0,0,0,1.0,test
2025-11-24,WEST,Home & Garden,668.0,2025,48,0,0.0,0,0,0,0,1.0,test
2025-12-01,WEST,Home & Garden,753.0,2025,49,0,0.0,0,0,0,0,1.0,test
2025-12-08,WEST,Home & Garden,704.0,2025,50,0,0.0,0,0,0,0,1.0,test
2025-12-15,WEST,Home & Garden,750.0,2025,51,0,0.0,0,0,0,0,1.0,test
2025-12-22,WEST,Home & Garden,759.0,2025,52,0,0.0,0,0,0,0,1.0,test
2024-01-01,WEST,Luggage & Bags,183.0,2024,1,0,0.0,0,0,0,1,1.0,train
2024-01-08,WEST,Luggage & Bags,190.0,2024,2,0,0.0,0,0,0,1,1.0,train
2024-01-15,WEST,Luggage & Bags,190.0,2024,3,0,0.0,0,0,0,1,1.0,train
2024-01-22,WEST,Luggage & Bags,196.0,2024,4,0,0.0,0,0,0,1,1.0,train
2024-01-29,WEST,Luggage & Bags,218.0,2024,5,0,0.0,0,0,0,1,1.0,train
2024-02-05,WEST,Luggage & Bags,168.0,2024,6,0,0.0,0,0,0,1,1.0,train
2024-02-12,WEST,Luggage & Bags,209.0,2024,7,0,0.0,0,0,0,1,1.0,train
2024-02-19,WEST,Luggage & Bags,188.0,2024,8,0,0.0,0,0,0,1,1.0,train
2024-02-26,WEST,Luggage & Bags,233.0,2024,9,0,0.0,0,0,0,1,1.0,train
2024-03-04,WEST,Luggage & Bags,261.0,2024,10,0,0.0,0,0,0,0,1.0,train
2024-03-11,WEST,Luggage & Bags,306.0,2024,11,1,0.0,0,0,0,0,1.0,train
2024-03-18,WEST,Luggage & Bags,342.0,2024,12,1,0.25,0,0,0,0,1.0,train
2024-03-25,WEST,Luggage & Bags,401.0,2024,13,1,0.5,0,0,0,0,1.0,train
2024-04-01,WEST,Luggage & Bags,365.0,2024,14,1,0.75,0,0,0,0,1.0,train
2024-04-08,WEST,Luggage & Bags,384.0,2024,15,1,1.0,1,0,0,0,1.5,train
2024-04-15,WEST,Luggage & Bags,220.0,2024,16,0,0.0,0,0,0,0,1.0,train
2024-04-22,WEST,Luggage & Bags,213.0,2024,17,0,0.0,0,0,0,0,1.0,train
2024-04-29,WEST,Luggage & Bags,204.0,2024,18,0,0.0,0,0,0,0,1.0,train
2024-05-06,WEST,Luggage & Bags,200.0,2024,19,0,0.0,0,0,0,0,1.0,train
2024-05-13,WEST,Luggage & Bags,221.0,2024,20,0,0.0,0,0,0,0,1.0,train
2024-05-20,WEST,Luggage & Bags,217.0,2024,21,0,0.0,0,0,0,0,1.0,train
2024-05-27,WEST,Luggage & Bags,224.0,2024,22,0,0.0,0,1,0,0,1.0,train
2024-06-03,WEST,Luggage & Bags,269.0,2024,23,0,0.0,0,1,0,0,1.0,train
2024-06-10,WEST,Luggage & Bags,280.0,2024,24,0,0.0,0,1,0,0,1.0,train
2024-06-17,WEST,Luggage & Bags,268.0,2024,25,0,0.0,0,1,0,0,1.0,train
2024-06-24,WEST,Luggage & Bags,252.0,2024,26,0,0.0,0,1,0,0,1.0,train
2024-07-01,WEST,Luggage & Bags,268.0,2024,27,0,0.0,0,1,0,0,1.0,train
2024-07-08,WEST,Luggage & Bags,284.0,2024,28,0,0.0,0,1,0,0,1.0,train
2024-07-15,WEST,Luggage & Bags,271.0,2024,29,0,0.0,0,1,0,0,1.0,train
2024-07-22,WEST,Luggage & Bags,250.0,2024,30,0,0.0,0,1,0,0,1.0,train
2024-07-29,WEST,Luggage & Bags,276.0,2024,31,0,0.0,0,1,0,0,1.0,train
2024-08-05,WEST,Luggage & Bags,236.0,2024,32,0,0.0,0,1,0,0,1.0,train
2024-08-12,WEST,Luggage & Bags,290.0,2024,33,0,0.0,0,1,0,0,1.0,train
2024-08-19,WEST,Luggage & Bags,239.0,2024,34,0,0.0,0,1,0,0,1.0,train
2024-08-26,WEST,Luggage & Bags,280.0,2024,35,0,0.0,0,1,1,0,1.0,train
2024-09-02,WEST,Luggage & Bags,269.0,2024,36,0,0.0,0,0,1,0,1.0,train
2024-09-09,WEST,Luggage & Bags,295.0,2024,37,0,0.0,0,0,1,0,1.0,train
2024-09-16,WEST,Luggage & Bags,292.0,2024,38,0,0.0,0,0,1,0,1.0,train
2024-09-23,WEST,Luggage & Bags,287.0,2024,39,0,0.0,0,0,1,0,1.0,train
2024-09-30,WEST,Luggage & Bags,199.0,2024,40,0,0.0,0,0,1,0,1.0,train
2024-10-07,WEST,Luggage & Bags,192.0,2024,41,0,0.0,0,0,0,0,1.0,train
2024-10-14,WEST,Luggage & Bags,252.0,2024,42,0,0.0,0,0,0,0,1.0,train
2024-10-21,WEST,Luggage & Bags,219.0,2024,43,0,0.0,0,0,0,0,1.0,train
2024-10-28,WEST,Luggage & Bags,211.0,2024,44,0,0.0,0,0,0,0,1.0,train
2024-11-04,WEST,Luggage & Bags,203.0,2024,45,0,0.0,0,0,0,0,1.0,validation
2024-11-11,WEST,Luggage & Bags,200.0,2024,46,0,0.0,0,0,0,0,1.0,validation
2024-11-18,WEST,Luggage & Bags,221.0,2024,47,0,0.0,0,0,0,0,1.0,validation
2024-11-25,WEST,Luggage & Bags,224.0,2024,48,0,0.0,0,0,0,0,1.0,validation
2024-12-02,WEST,Luggage & Bags,257.0,2024,49,0,0.0,0,0,0,0,1.0,validation
2024-12-09,WEST,Luggage & Bags,246.0,2024,50,0,0.0,0,0,0,0,1.0,validation
2024-12-16,WEST,Luggage & Bags,234.0,2024,51,0,0.0,0,0,0,0,1.0,validation
2024-12-23,WEST,Luggage & Bags,240.0,2024,52,0,0.0,0,0,0,0,1.0,validation
2024-12-30,WEST,Luggage & Bags,198.0,2025,1,0,0.0,0,0,0,1,1.0,test
2025-01-06,WEST,Luggage & Bags,203.0,2025,2,0,0.0,0,0,0,1,1.0,test
2025-01-13,WEST,Luggage & Bags,196.0,2025,3,0,0.0,0,0,0,1,1.0,test
2025-01-20,WEST,Luggage & Bags,174.0,2025,4,0,0.0,0,0,0,1,1.0,test
2025-01-27,WEST,Luggage & Bags,198.0,2025,5,0,0.0,0,0,0,1,1.0,test
2025-02-03,WEST,Luggage & Bags,177.0,2025,6,0,0.0,0,0,0,1,1.0,test
2025-02-10,WEST,Luggage & Bags,213.0,2025,7,0,0.0,0,0,0,1,1.0,test
2025-02-17,WEST,Luggage & Bags,210.0,2025,8,0,0.0,0,0,0,1,1.0,test
2025-02-24,WEST,Luggage & Bags,227.0,2025,9,1,0.0,0,0,0,1,1.0,test
2025-03-03,WEST,Luggage & Bags,310.0,2025,10,1,0.25,0,0,0,0,1.0,test
2025-03-10,WEST,Luggage & Bags,353.0,2025,11,1,0.5,0,0,0,0,1.0,test
2025-03-17,WEST,Luggage & Bags,385.0,2025,12,1,0.75,0,0,0,0,1.0,test
2025-03-24,WEST,Luggage & Bags,426.0,2025,13,1,1.0,1,0,0,0,1.5,test
2025-03-31,WEST,Luggage & Bags,203.0,2025,14,0,0.0,0,0,0,0,1.0,test
2025-04-07,WEST,Luggage & Bags,216.0,2025,15,0,0.0,0,0,0,0,1.0,test
2025-04-14,WEST,Luggage & Bags,234.0,2025,16,0,0.0,0,0,0,0,1.0,test
2025-04-21,WEST,Luggage & Bags,214.0,2025,17,0,0.0,0,0,0,0,1.0,test
2025-04-28,WEST,Luggage & Bags,211.0,2025,18,0,0.0,0,0,0,0,1.0,test
2025-05-05,WEST,Luggage & Bags,206.0,2025,19,0,0.0,0,0,0,0,1.0,test
2025-05-12,WEST,Luggage & Bags,204.0,2025,20,0,0.0,0,0,0,0,1.0,test
2025-05-19,WEST,Luggage & Bags,213.0,2025,21,0,0.0,0,0,0,0,1.0,test
2025-05-26,WEST,Luggage & Bags,202.0,2025,22,0,0.0,0,1,0,0,1.0,test
2025-06-02,WEST,Luggage & Bags,258.0,2025,23,0,0.0,0,1,0,0,1.0,test
2025-06-09,WEST,Luggage & Bags,255.0,2025,24,0,0.0,0,1,0,0,1.0,test
2025-06-16,WEST,Luggage & Bags,258.0,2025,25,0,0.0,0,1,0,0,1.0,test
2025-06-23,WEST,Luggage & Bags,272.0,2025,26,0,0.0,0,1,0,0,1.0,test
2025-06-30,WEST,Luggage & Bags,255.0,2025,27,0,0.0,0,1,0,0,1.0,test
2025-07-07,WEST,Luggage & Bags,243.0,2025,28,0,0.0,0,1,0,0,1.0,test
2025-07-14,WEST,Luggage & Bags,273.0,2025,29,0,0.0,0,1,0,0,1.0,test
2025-07-21,WEST,Luggage & Bags,262.0,2025,30,0,0.0,0,1,0,0,1.0,test
2025-07-28,WEST,Luggage & Bags,241.0,2025,31,0,0.0,0,1,0,0,1.0,test
2025-08-04,WEST,Luggage & Bags,255.0,2025,32,0,0.0,0,1,0,0,1.0,test
2025-08-11,WEST,Luggage & Bags,245.0,2025,33,0,0.0,0,1,0,0,1.0,test
2025-08-18,WEST,Luggage & Bags,255.0,2025,34,0,0.0,0,1,0,0,1.0,test
2025-08-25,WEST,Luggage & Bags,263.0,2025,35,0,0.0,0,1,0,0,1.0,test
2025-09-01,WEST,Luggage & Bags,316.0,2025,36,0,0.0,0,0,1,0,1.0,test
2025-09-08,WEST,Luggage & Bags,275.0,2025,37,0,0.0,0,0,1,0,1.0,test
2025-09-15,WEST,Luggage & Bags,290.0,2025,38,0,0.0,0,0,1,0,1.0,test
2025-09-22,WEST,Luggage & Bags,281.0,2025,39,0,0.0,0,0,1,0,1.0,test
2025-09-29,WEST,Luggage & Bags,244.0,2025,40,0,0.0,0,0,1,0,1.0,test
2025-10-06,WEST,Luggage & Bags,229.0,2025,41,0,0.0,0,0,0,0,1.0,test
2025-10-13,WEST,Luggage & Bags,222.0,2025,42,0,0.0,0,0,0,0,1.0,test
2025-10-20,WEST,Luggage & Bags,223.0,2025,43,0,0.0,0,0,0,0,1.0,test
2025-10-27,WEST,Luggage & Bags,218.0,2025,44,0,0.0,0,0,0,0,1.0,test
2025-11-03,WEST,Luggage & Bags,210.0,2025,45,0,0.0,0,0,0,0,1.0,test
2025-11-10,WEST,Luggage & Bags,191.0,2025,46,0,0.0,0,0,0,0,1.0,test
2025-11-17,WEST,Luggage & Bags,229.0,2025,47,0,0.0,0,0,0,0,1.0,test
2025-11-24,WEST,Luggage & Bags,224.0,2025,48,0,0.0,0,0,0,0,1.0,test
2025-12-01,WEST,Luggage & Bags,253.0,2025,49,0,0.0,0,0,0,0,1.0,test
2025-12-08,WEST,Luggage & Bags,236.0,2025,50,0,0.0,0,0,0,0,1.0,test
2025-12-15,WEST,Luggage & Bags,255.0,2025,51,0,0.0,0,0,0,0,1.0,test
2025-12-22,WEST,Luggage & Bags,241.0,2025,52,0,0.0,0,0,0,0,1.0,test
2024-01-01,WEST,Media,115.0,2024,1,0,0.0,0,0,0,1,1.0,train
2024-01-08,WEST,Media,100.0,2024,2,0,0.0,0,0,0,1,1.0,train
2024-01-15,WEST,Media,79.0,2024,3,0,0.0,0,0,0,1,1.0,train
2024-01-22,WEST,Media,75.0,2024,4,0,0.0,0,0,0,1,1.0,train
2024-01-29,WEST,Media,99.0,2024,5,0,0.0,0,0,0,1,1.0,train
2024-02-05,WEST,Media,98.0,2024,6,0,0.0,0,0,0,1,1.0,train
2024-02-12,WEST,Media,106.0,2024,7,0,0.0,0,0,0,1,1.0,train
2024-02-19,WEST,Media,87.0,2024,8,0,0.0,0,0,0,1,1.0,train
2024-02-26,WEST,Media,97.0,2024,9,0,0.0,0,0,0,1,1.0,train
2024-03-04,WEST,Media,109.0,2024,10,0,0.0,0,0,0,0,1.0,train
2024-03-11,WEST,Media,170.0,2024,11,1,0.0,0,0,0,0,1.0,train
2024-03-18,WEST,Media,158.0,2024,12,1,0.25,0,0,0,0,1.0,train
2024-03-25,WEST,Media,189.0,2024,13,1,0.5,0,0,0,0,1.0,train
2024-04-01,WEST,Media,162.0,2024,14,1,0.75,0,0,0,0,1.0,train
2024-04-08,WEST,Media,152.0,2024,15,1,1.0,1,0,0,0,1.0,train
2024-04-15,WEST,Media,113.0,2024,16,0,0.0,0,0,0,0,1.0,train
2024-04-22,WEST,Media,99.0,2024,17,0,0.0,0,0,0,0,1.0,train
2024-04-29,WEST,Media,87.0,2024,18,0,0.0,0,0,0,0,1.0,train
2024-05-06,WEST,Media,78.0,2024,19,0,0.0,0,0,0,0,1.0,train
2024-05-13,WEST,Media,111.0,2024,20,0,0.0,0,0,0,0,1.0,train
2024-05-20,WEST,Media,116.0,2024,21,0,0.0,0,0,0,0,1.0,train
2024-05-27,WEST,Media,122.0,2024,22,0,0.0,0,1,0,0,1.0,train
2024-06-03,WEST,Media,102.0,2024,23,0,0.0,0,1,0,0,1.0,train
2024-06-10,WEST,Media,135.0,2024,24,0,0.0,0,1,0,0,1.0,train
2024-06-17,WEST,Media,122.0,2024,25,0,0.0,0,1,0,0,1.0,train
2024-06-24,WEST,Media,118.0,2024,26,0,0.0,0,1,0,0,1.0,train
2024-07-01,WEST,Media,97.0,2024,27,0,0.0,0,1,0,0,1.0,train
2024-07-08,WEST,Media,144.0,2024,28,0,0.0,0,1,0,0,1.0,train
2024-07-15,WEST,Media,133.0,2024,29,0,0.0,0,1,0,0,1.0,train
2024-07-22,WEST,Media,123.0,2024,30,0,0.0,0,1,0,0,1.0,train
2024-07-29,WEST,Media,125.0,2024,31,0,0.0,0,1,0,0,1.0,train
2024-08-05,WEST,Media,121.0,2024,32,0,0.0,0,1,0,0,1.0,train
2024-08-12,WEST,Media,134.0,2024,33,0,0.0,0,1,0,0,1.0,train
2024-08-19,WEST,Media,132.0,2024,34,0,0.0,0,1,0,0,1.0,train
2024-08-26,WEST,Media,119.0,2024,35,0,0.0,0,1,1,0,1.5,train
2024-09-02,WEST,Media,124.0,2024,36,0,0.0,0,0,1,0,1.5,train
2024-09-09,WEST,Media,161.0,2024,37,0,0.0,0,0,1,0,1.5,train
2024-09-16,WEST,Media,142.0,2024,38,0,0.0,0,0,1,0,1.5,train
2024-09-23,WEST,Media,150.0,2024,39,0,0.0,0,0,1,0,1.5,train
2024-09-30,WEST,Media,123.0,2024,40,0,0.0,0,0,1,0,1.5,train
2024-10-07,WEST,Media,109.0,2024,41,0,0.0,0,0,0,0,1.0,train
2024-10-14,WEST,Media,104.0,2024,42,0,0.0,0,0,0,0,1.0,train
2024-10-21,WEST,Media,104.0,2024,43,0,0.0,0,0,0,0,1.0,train
2024-10-28,WEST,Media,89.0,2024,44,0,0.0,0,0,0,0,1.0,train
2024-11-04,WEST,Media,120.0,2024,45,0,0.0,0,0,0,0,1.0,validation
2024-11-11,WEST,Media,91.0,2024,46,0,0.0,0,0,0,0,1.0,validation
2024-11-18,WEST,Media,85.0,2024,47,0,0.0,0,0,0,0,1.0,validation
2024-11-25,WEST,Media,114.0,2024,48,0,0.0,0,0,0,0,1.0,validation
2024-12-02,WEST,Media,123.0,2024,49,0,0.0,0,0,0,0,1.0,validation
2024-12-09,WEST,Media,119.0,2024,50,0,0.0,0,0,0,0,1.0,validation
2024-12-16,WEST,Media,120.0,2024,51,0,0.0,0,0,0,0,1.0,validation
2024-12-23,WEST,Media,119.0,2024,52,0,0.0,0,0,0,0,1.0,validation
2024-12-30,WEST,Media,108.0,2025,1,0,0.0,0,0,0,1,1.0,test
2025-01-06,WEST,Media,93.0,2025,2,0,0.0,0,0,0,1,1.0,test
2025-01-13,WEST,Media,111.0,2025,3,0,0.0,0,0,0,1,1.0,test
2025-01-20,WEST,Media,110.0,2025,4,0,0.0,0,0,0,1,1.0,test
2025-01-27,WEST,Media,95.0,2025,5,0,0.0,0,0,0,1,1.0,test
2025-02-03,WEST,Media,94.0,2025,6,0,0.0,0,0,0,1,1.0,test
2025-02-10,WEST,Media,83.0,2025,7,0,0.0,0,0,0,1,1.0,test
2025-02-17,WEST,Media,89.0,2025,8,0,0.0,0,0,0,1,1.0,test
2025-02-24,WEST,Media,97.0,2025,9,1,0.0,0,0,0,1,1.0,test
2025-03-03,WEST,Media,152.0,2025,10,1,0.25,0,0,0,0,1.0,test
2025-03-10,WEST,Media,173.0,2025,11,1,0.5,0,0,0,0,1.0,test
2025-03-17,WEST,Media,165.0,2025,12,1,0.75,0,0,0,0,1.0,test
2025-03-24,WEST,Media,219.0,2025,13,1,1.0,1,0,0,0,1.0,test
2025-03-31,WEST,Media,107.0,2025,14,0,0.0,0,0,0,0,1.0,test
2025-04-07,WEST,Media,103.0,2025,15,0,0.0,0,0,0,0,1.0,test
2025-04-14,WEST,Media,122.0,2025,16,0,0.0,0,0,0,0,1.0,test
2025-04-21,WEST,Media,89.0,2025,17,0,0.0,0,0,0,0,1.0,test
2025-04-28,WEST,Media,97.0,2025,18,0,0.0,0,0,0,0,1.0,test
2025-05-05,WEST,Media,100.0,2025,19,0,0.0,0,0,0,0,1.0,test
2025-05-12,WEST,Media,107.0,2025,20,0,0.0,0,0,0,0,1.0,test
2025-05-19,WEST,Media,90.0,2025,21,0,0.0,0,0,0,0,1.0,test
2025-05-26,WEST,Media,93.0,2025,22,0,0.0,0,1,0,0,1.0,test
2025-06-02,WEST,Media,125.0,2025,23,0,0.0,0,1,0,0,1.0,test
2025-06-09,WEST,Media,134.0,2025,24,0,0.0,0,1,0,0,1.0,test
2025-06-16,WEST,Media,111.0,2025,25,0,0.0,0,1,0,0,1.0,test
2025-06-23,WEST,Media,141.0,2025,26,0,0.0,0,1,0,0,1.0,test
2025-06-30,WEST,Media,114.0,2025,27,0,0.0,0,1,0,0,1.0,test
2025-07-07,WEST,Media,111.0,2025,28,0,0.0,0,1,0,0,1.0,test
2025-07-14,WEST,Media,152.0,2025,29,0,0.0,0,1,0,0,1.0,test
2025-07-21,WEST,Media,110.0,2025,30,0,0.0,0,1,0,0,1.0,test
2025-07-28,WEST,Media,139.0,2025,31,0,0.0,0,1,0,0,1.0,test
2025-08-04,WEST,Media,137.0,2025,32,0,0.0,0,1,0,0,1.0,test
2025-08-11,WEST,Media,134.0,2025,33,0,0.0,0,1,0,0,1.0,test
2025-08-18,WEST,Media,116.0,2025,34,0,0.0,0,1,0,0,1.0,test
2025-08-25,WEST,Media,138.0,2025,35,0,0.0,0,1,0,0,1.0,test
2025-09-01,WEST,Media,144.0,2025,36,0,0.0,0,0,1,0,1.5,test
2025-09-08,WEST,Media,130.0,2025,37,0,0.0,0,0,1,0,1.5,test
2025-09-15,WEST,Media,164.0,2025,38,0,0.0,0,0,1,0,1.5,test
2025-09-22,WEST,Media,158.0,2025,39,0,0.0,0,0,1,0,1.5,test
2025-09-29,WEST,Media,115.0,2025,40,0,0.0,0,0,1,0,1.5,test
2025-10-06,WEST,Media,102.0,2025,41,0,0.0,0,0,0,0,1.0,test
2025-10-13,WEST,Media,119.0,2025,42,0,0.0,0,0,0,0,1.0,test
2025-10-20,WEST,Media,102.0,2025,43,0,0.0,0,0,0,0,1.0,test
2025-10-27,WEST,Media,121.0,2025,44,0,0.0,0,0,0,0,1.0,test
2025-11-03,WEST,Media,111.0,2025,45,0,0.0,0,0,0,0,1.0,test
2025-11-10,WEST,Media,113.0,2025,46,0,0.0,0,0,0,0,1.0,test
2025-11-17,WEST,Media,107.0,2025,47,0,0.0,0,0,0,0,1.0,test
2025-11-24,WEST,Media,108.0,2025,48,0,0.0,0,0,0,0,1.0,test
2025-12-01,WEST,Media,129.0,2025,49,0,0.0,0,0,0,0,1.0,test
2025-12-08,WEST,Media,112.0,2025,50,0,0.0,0,0,0,0,1.0,test
2025-12-15,WEST,Media,105.0,2025,51,0,0.0,0,0,0,0,1.0,test
2025-12-22,WEST,Media,114.0,2025,52,0,0.0,0,0,0,0,1.0,test
2024-01-01,WEST,Office Supplies,183.0,2024,1,0,0.0,0,0,0,1,1.0,train
2024-01-08,WEST,Office Supplies,219.0,2024,2,0,0.0,0,0,0,1,1.0,train
2024-01-15,WEST,Office Supplies,192.0,2024,3,0,0.0,0,0,0,1,1.0,train
2024-01-22,WEST,Office Supplies,202.0,2024,4,0,0.0,0,0,0,1,1.0,train
2024-01-29,WEST,Office Supplies,214.0,2024,5,0,0.0,0,0,0,1,1.0,train
2024-02-05,WEST,Office Supplies,201.0,2024,6,0,0.0,0,0,0,1,1.0,train
2024-02-12,WEST,Office Supplies,195.0,2024,7,0,0.0,0,0,0,1,1.0,train
2024-02-19,WEST,Office Supplies,215.0,2024,8,0,0.0,0,0,0,1,1.0,train
2024-02-26,WEST,Office Supplies,203.0,2024,9,0,0.0,0,0,0,1,1.0,train
2024-03-04,WEST,Office Supplies,238.0,2024,10,0,0.0,0,0,0,0,1.0,train
2024-03-11,WEST,Office Supplies,333.0,2024,11,1,0.0,0,0,0,0,1.0,train
2024-03-18,WEST,Office Supplies,376.0,2024,12,1,0.25,0,0,0,0,1.0,train
2024-03-25,WEST,Office Supplies,378.0,2024,13,1,0.5,0,0,0,0,1.0,train
2024-04-01,WEST,Office Supplies,405.0,2024,14,1,0.75,0,0,0,0,1.0,train
2024-04-08,WEST,Office Supplies,357.0,2024,15,1,1.0,1,0,0,0,1.0,train
2024-04-15,WEST,Office Supplies,219.0,2024,16,0,0.0,0,0,0,0,1.0,train
2024-04-22,WEST,Office Supplies,215.0,2024,17,0,0.0,0,0,0,0,1.0,train
2024-04-29,WEST,Office Supplies,224.0,2024,18,0,0.0,0,0,0,0,1.0,train
2024-05-06,WEST,Office Supplies,232.0,2024,19,0,0.0,0,0,0,0,1.0,train
2024-05-13,WEST,Office Supplies,242.0,2024,20,0,0.0,0,0,0,0,1.0,train
2024-05-20,WEST,Office Supplies,198.0,2024,21,0,0.0,0,0,0,0,1.0,train
2024-05-27,WEST,Office Supplies,245.0,2024,22,0,0.0,0,1,0,0,1.0,train
2024-06-03,WEST,Office Supplies,253.0,2024,23,0,0.0,0,1,0,0,1.0,train
2024-06-10,WEST,Office Supplies,290.0,2024,24,0,0.0,0,1,0,0,1.0,train
2024-06-17,WEST,Office Supplies,269.0,2024,25,0,0.0,0,1,0,0,1.0,train
2024-06-24,WEST,Office Supplies,239.0,2024,26,0,0.0,0,1,0,0,1.0,train
2024-07-01,WEST,Office Supplies,278.0,2024,27,0,0.0,0,1,0,0,1.0,train
2024-07-08,WEST,Office Supplies,295.0,2024,28,0,0.0,0,1,0,0,1.0,train
2024-07-15,WEST,Office Supplies,250.0,2024,29,0,0.0,0,1,0,0,1.0,train
2024-07-22,WEST,Office Supplies,273.0,2024,30,0,0.0,0,1,0,0,1.0,train
2024-07-29,WEST,Office Supplies,261.0,2024,31,0,0.0,0,1,0,0,1.0,train
2024-08-05,WEST,Office Supplies,276.0,2024,32,0,0.0,0,1,0,0,1.0,train
2024-08-12,WEST,Office Supplies,264.0,2024,33,0,0.0,0,1,0,0,1.0,train
2024-08-19,WEST,Office Supplies,314.0,2024,34,0,0.0,0,1,0,0,1.0,train
2024-08-26,WEST,Office Supplies,250.0,2024,35,0,0.0,0,1,1,0,1.5,train
2024-09-02,WEST,Office Supplies,286.0,2024,36,0,0.0,0,0,1,0,1.5,train
2024-09-09,WEST,Office Supplies,272.0,2024,37,0,0.0,0,0,1,0,1.5,train
2024-09-16,WEST,Office Supplies,301.0,2024,38,0,0.0,0,0,1,0,1.5,train
2024-09-23,WEST,Office Supplies,287.0,2024,39,0,0.0,0,0,1,0,1.5,train
2024-09-30,WEST,Office Supplies,248.0,2024,40,0,0.0,0,0,1,0,1.5,train
2024-10-07,WEST,Office Supplies,211.0,2024,41,0,0.0,0,0,0,0,1.0,train
2024-10-14,WEST,Office Supplies,232.0,2024,42,0,0.0,0,0,0,0,1.0,train
2024-10-21,WEST,Office Supplies,227.0,2024,43,0,0.0,0,0,0,0,1.0,train
2024-10-28,WEST,Office Supplies,222.0,2024,44,0,0.0,0,0,0,0,1.0,train
2024-11-04,WEST,Office Supplies,221.0,2024,45,0,0.0,0,0,0,0,1.0,validation
2024-11-11,WEST,Office Supplies,194.0,2024,46,0,0.0,0,0,0,0,1.0,validation
2024-11-18,WEST,Office Supplies,206.0,2024,47,0,0.0,0,0,0,0,1.0,validation
2024-11-25,WEST,Office Supplies,223.0,2024,48,0,0.0,0,0,0,0,1.0,validation
2024-12-02,WEST,Office Supplies,261.0,2024,49,0,0.0,0,0,0,0,1.0,validation
2024-12-09,WEST,Office Supplies,221.0,2024,50,0,0.0,0,0,0,0,1.0,validation
2024-12-16,WEST,Office Supplies,254.0,2024,51,0,0.0,0,0,0,0,1.0,validation
2024-12-23,WEST,Office Supplies,240.0,2024,52,0,0.0,0,0,0,0,1.0,validation
2024-12-30,WEST,Office Supplies,198.0,2025,1,0,0.0,0,0,0,1,1.0,test
2025-01-06,WEST,Office Supplies,196.0,2025,2,0,0.0,0,0,0,1,1.0,test
2025-01-13,WEST,Office Supplies,208.0,2025,3,0,0.0,0,0,0,1,1.0,test
2025-01-20,WEST,Office Supplies,194.0,2025,4,0,0.0,0,0,0,1,1.0,test
2025-01-27,WEST,Office Supplies,241.0,2025,5,0,0.0,0,0,0,1,1.0,test
2025-02-03,WEST,Office Supplies,166.0,2025,6,0,0.0,0,0,0,1,1.0,test
2025-02-10,WEST,Office Supplies,234.0,2025,7,0,0.0,0,0,0,1,1.0,test
2025-02-17,WEST,Office Supplies,203.0,2025,8,0,0.0,0,0,0,1,1.0,test
2025-02-24,WEST,Office Supplies,229.0,2025,9,1,0.0,0,0,0,1,1.0,test
2025-03-03,WEST,Office Supplies,348.0,2025,10,1,0.25,0,0,0,0,1.0,test
2025-03-10,WEST,Office Supplies,371.0,2025,11,1,0.5,0,0,0,0,1.0,test
2025-03-17,WEST,Office Supplies,410.0,2025,12,1,0.75,0,0,0,0,1.0,test
2025-03-24,WEST,Office Supplies,435.0,2025,13,1,1.0,1,0,0,0,1.0,test
2025-03-31,WEST,Office Supplies,224.0,2025,14,0,0.0,0,0,0,0,1.0,test
2025-04-07,WEST,Office Supplies,208.0,2025,15,0,0.0,0,0,0,0,1.0,test
2025-04-14,WEST,Office Supplies,236.0,2025,16,0,0.0,0,0,0,0,1.0,test
2025-04-21,WEST,Office Supplies,223.0,2025,17,0,0.0,0,0,0,0,1.0,test
2025-04-28,WEST,Office Supplies,245.0,2025,18,0,0.0,0,0,0,0,1.0,test
2025-05-05,WEST,Office Supplies,240.0,2025,19,0,0.0,0,0,0,0,1.0,test
2025-05-12,WEST,Office Supplies,220.0,2025,20,0,0.0,0,0,0,0,1.0,test
2025-05-19,WEST,Office Supplies,233.0,2025,21,0,0.0,0,0,0,0,1.0,test
2025-05-26,WEST,Office Supplies,223.0,2025,22,0,0.0,0,1,0,0,1.0,test
2025-06-02,WEST,Office Supplies,267.0,2025,23,0,0.0,0,1,0,0,1.0,test
2025-06-09,WEST,Office Supplies,312.0,2025,24,0,0.0,0,1,0,0,1.0,test
2025-06-16,WEST,Office Supplies,256.0,2025,25,0,0.0,0,1,0,0,1.0,test
2025-06-23,WEST,Office Supplies,266.0,2025,26,0,0.0,0,1,0,0,1.0,test
2025-06-30,WEST,Office Supplies,273.0,2025,27,0,0.0,0,1,0,0,1.0,test
2025-07-07,WEST,Office Supplies,291.0,2025,28,0,0.0,0,1,0,0,1.0,test
2025-07-14,WEST,Office Supplies,284.0,2025,29,0,0.0,0,1,0,0,1.0,test
2025-07-21,WEST,Office Supplies,256.0,2025,30,0,0.0,0,1,0,0,1.0,test
2025-07-28,WEST,Office Supplies,254.0,2025,31,0,0.0,0,1,0,0,1.0,test
2025-08-04,WEST,Office Supplies,271.0,2025,32,0,0.0,0,1,0,0,1.0,test
2025-08-11,WEST,Office Supplies,267.0,2025,33,0,0.0,0,1,0,0,1.0,test
2025-08-18,WEST,Office Supplies,249.0,2025,34,0,0.0,0,1,0,0,1.0,test
2025-08-25,WEST,Office Supplies,273.0,2025,35,0,0.0,0,1,0,0,1.0,test
2025-09-01,WEST,Office Supplies,294.0,2025,36,0,0.0,0,0,1,0,1.5,test
2025-09-08,WEST,Office Supplies,300.0,2025,37,0,0.0,0,0,1,0,1.5,test
2025-09-15,WEST,Office Supplies,290.0,2025,38,0,0.0,0,0,1,0,1.5,test
2025-09-22,WEST,Office Supplies,293.0,2025,39,0,0.0,0,0,1,0,1.5,test
2025-09-29,WEST,Office Supplies,225.0,2025,40,0,0.0,0,0,1,0,1.5,test
2025-10-06,WEST,Office Supplies,220.0,2025,41,0,0.0,0,0,0,0,1.0,test
2025-10-13,WEST,Office Supplies,246.0,2025,42,0,0.0,0,0,0,0,1.0,test
2025-10-20,WEST,Office Supplies,242.0,2025,43,0,0.0,0,0,0,0,1.0,test
2025-10-27,WEST,Office Supplies,237.0,2025,44,0,0.0,0,0,0,0,1.0,test
2025-11-03,WEST,Office Supplies,204.0,2025,45,0,0.0,0,0,0,0,1.0,test
2025-11-10,WEST,Office Supplies,217.0,2025,46,0,0.0,0,0,0,0,1.0,test
2025-11-17,WEST,Office Supplies,251.0,2025,47,0,0.0,0,0,0,0,1.0,test
2025-11-24,WEST,Office Supplies,219.0,2025,48,0,0.0,0,0,0,0,1.0,test
2025-12-01,WEST,Office Supplies,245.0,2025,49,0,0.0,0,0,0,0,1.0,test
2025-12-08,WEST,Office Supplies,244.0,2025,50,0,0.0,0,0,0,0,1.0,test
2025-12-15,WEST,Office Supplies,224.0,2025,51,0,0.0,0,0,0,0,1.0,test
2025-12-22,WEST,Office Supplies,228.0,2025,52,0,0.0,0,0,0,0,1.0,test
2024-01-01,WEST,Software,15.0,2024,1,0,0.0,0,0,0,1,1.0,train
2024-01-08,WEST,Software,21.0,2024,2,0,0.0,0,0,0,1,1.0,train
2024-01-15,WEST,Software,22.0,2024,3,0,0.0,0,0,0,1,1.0,train
2024-01-22,WEST,Software,15.0,2024,4,0,0.0,0,0,0,1,1.0,train
2024-01-29,WEST,Software,26.0,2024,5,0,0.0,0,0,0,1,1.0,train
2024-02-05,WEST,Software,23.0,2024,6,0,0.0,0,0,0,1,1.0,train
2024-02-12,WEST,Software,21.0,2024,7,0,0.0,0,0,0,1,1.0,train
2024-02-19,WEST,Software,17.0,2024,8,0,0.0,0,0,0,1,1.0,train
2024-02-26,WEST,Software,21.0,2024,9,0,0.0,0,0,0,1,1.0,train
2024-03-04,WEST,Software,27.0,2024,10,0,0.0,0,0,0,0,1.0,train
2024-03-11,WEST,Software,33.0,2024,11,1,0.0,0,0,0,0,1.0,train
2024-03-18,WEST,Software,34.0,2024,12,1,0.25,0,0,0,0,1.0,train
2024-03-25,WEST,Software,32.0,2024,13,1,0.5,0,0,0,0,1.0,train
2024-04-01,WEST,Software,36.0,2024,14,1,0.75,0,0,0,0,1.0,train
2024-04-08,WEST,Software,39.0,2024,15,1,1.0,1,0,0,0,1.0,train
2024-04-15,WEST,Software,21.0,2024,16,0,0.0,0,0,0,0,1.0,train
2024-04-22,WEST,Software,18.0,2024,17,0,0.0,0,0,0,0,1.0,train
2024-04-29,WEST,Software,22.0,2024,18,0,0.0,0,0,0,0,1.0,train
2024-05-06,WEST,Software,22.0,2024,19,0,0.0,0,0,0,0,1.0,train
2024-05-13,WEST,Software,24.0,2024,20,0,0.0,0,0,0,0,1.0,train
2024-05-20,WEST,Software,21.0,2024,21,0,0.0,0,0,0,0,1.0,train
2024-05-27,WEST,Software,32.0,2024,22,0,0.0,0,1,0,0,1.0,train
2024-06-03,WEST,Software,30.0,2024,23,0,0.0,0,1,0,0,1.0,train
2024-06-10,WEST,Software,38.0,2024,24,0,0.0,0,1,0,0,1.0,train
2024-06-17,WEST,Software,25.0,2024,25,0,0.0,0,1,0,0,1.0,train
2024-06-24,WEST,Software,20.0,2024,26,0,0.0,0,1,0,0,1.0,train
2024-07-01,WEST,Software,19.0,2024,27,0,0.0,0,1,0,0,1.0,train
2024-07-08,WEST,Software,25.0,2024,28,0,0.0,0,1,0,0,1.0,train
2024-07-15,WEST,Software,30.0,2024,29,0,0.0,0,1,0,0,1.0,train
2024-07-22,WEST,Software,22.0,2024,30,0,0.0,0,1,0,0,1.0,train
2024-07-29,WEST,Software,22.0,2024,31,0,0.0,0,1,0,0,1.0,train
2024-08-05,WEST,Software,27.0,2024,32,0,0.0,0,1,0,0,1.0,train
2024-08-12,WEST,Software,24.0,2024,33,0,0.0,0,1,0,0,1.0,train
2024-08-19,WEST,Software,24.0,2024,34,0,0.0,0,1,0,0,1.0,train
2024-08-26,WEST,Software,31.0,2024,35,0,0.0,0,1,1,0,1.0,train
2024-09-02,WEST,Software,32.0,2024,36,0,0.0,0,0,1,0,1.0,train
2024-09-09,WEST,Software,27.0,2024,37,0,0.0,0,0,1,0,1.0,train
2024-09-16,WEST,Software,22.0,2024,38,0,0.0,0,0,1,0,1.0,train
2024-09-23,WEST,Software,33.0,2024,39,0,0.0,0,0,1,0,1.0,train
2024-09-30,WEST,Software,22.0,2024,40,0,0.0,0,0,1,0,1.0,train
2024-10-07,WEST,Software,22.0,2024,41,0,0.0,0,0,0,0,1.0,train
2024-10-14,WEST,Software,15.0,2024,42,0,0.0,0,0,0,0,1.0,train
2024-10-21,WEST,Software,26.0,2024,43,0,0.0,0,0,0,0,1.0,train
2024-10-28,WEST,Software,31.0,2024,44,0,0.0,0,0,0,0,1.0,train
2024-11-04,WEST,Software,15.0,2024,45,0,0.0,0,0,0,0,1.0,validation
2024-11-11,WEST,Software,29.0,2024,46,0,0.0,0,0,0,0,1.0,validation
2024-11-18,WEST,Software,15.0,2024,47,0,0.0,0,0,0,0,1.0,validation
2024-11-25,WEST,Software,17.0,2024,48,0,0.0,0,0,0,0,1.0,validation
2024-12-02,WEST,Software,23.0,2024,49,0,0.0,0,0,0,0,1.0,validation
2024-12-09,WEST,Software,23.0,2024,50,0,0.0,0,0,0,0,1.0,validation
2024-12-16,WEST,Software,18.0,2024,51,0,0.0,0,0,0,0,1.0,validation
2024-12-23,WEST,Software,16.0,2024,52,0,0.0,0,0,0,0,1.0,validation
2024-12-30,WEST,Software,21.0,2025,1,0,0.0,0,0,0,1,1.0,test
2025-01-06,WEST,Software,21.0,2025,2,0,0.0,0,0,0,1,1.0,test
2025-01-13,WEST,Software,19.0,2025,3,0,0.0,0,0,0,1,1.0,test
2025-01-20,WEST,Software,21.0,2025,4,0,0.0,0,0,0,1,1.0,test
2025-01-27,WEST,Software,18.0,2025,5,0,0.0,0,0,0,1,1.0,test
2025-02-03,WEST,Software,20.0,2025,6,0,0.0,0,0,0,1,1.0,test
2025-02-10,WEST,Software,21.0,2025,7,0,0.0,0,0,0,1,1.0,test
2025-02-17,WEST,Software,14.0,2025,8,0,0.0,0,0,0,1,1.0,test
2025-02-24,WEST,Software,24.0,2025,9,1,0.0,0,0,0,1,1.0,test
2025-03-03,WEST,Software,23.0,2025,10,1,0.25,0,0,0,0,1.0,test
2025-03-10,WEST,Software,42.0,2025,11,1,0.5,0,0,0,0,1.0,test
2025-03-17,WEST,Software,56.0,2025,12,1,0.75,0,0,0,0,1.0,test
2025-03-24,WEST,Software,34.0,2025,13,1,1.0,1,0,0,0,1.0,test
2025-03-31,WEST,Software,14.0,2025,14,0,0.0,0,0,0,0,1.0,test
2025-04-07,WEST,Software,22.0,2025,15,0,0.0,0,0,0,0,1.0,test
2025-04-14,WEST,Software,18.0,2025,16,0,0.0,0,0,0,0,1.0,test
2025-04-21,WEST,Software,27.0,2025,17,0,0.0,0,0,0,0,1.0,test
2025-04-28,WEST,Software,23.0,2025,18,0,0.0,0,0,0,0,1.0,test
2025-05-05,WEST,Software,21.0,2025,19,0,0.0,0,0,0,0,1.0,test
2025-05-12,WEST,Software,21.0,2025,20,0,0.0,0,0,0,0,1.0,test
2025-05-19,WEST,Software,28.0,2025,21,0,0.0,0,0,0,0,1.0,test
2025-05-26,WEST,Software,21.0,2025,22,0,0.0,0,1,0,0,1.0,test
2025-06-02,WEST,Software,30.0,2025,23,0,0.0,0,1,0,0,1.0,test
2025-06-09,WEST,Software,33.0,2025,24,0,0.0,0,1,0,0,1.0,test
2025-06-16,WEST,Software,20.0,2025,25,0,0.0,0,1,0,0,1.0,test
2025-06-23,WEST,Software,17.0,2025,26,0,0.0,0,1,0,0,1.0,test
2025-06-30,WEST,Software,34.0,2025,27,0,0.0,0,1,0,0,1.0,test
2025-07-07,WEST,Software,19.0,2025,28,0,0.0,0,1,0,0,1.0,test
2025-07-14,WEST,Software,27.0,2025,29,0,0.0,0,1,0,0,1.0,test
2025-07-21,WEST,Software,21.0,2025,30,0,0.0,0,1,0,0,1.0,test
2025-07-28,WEST,Software,24.0,2025,31,0,0.0,0,1,0,0,1.0,test
2025-08-04,WEST,Software,32.0,2025,32,0,0.0,0,1,0,0,1.0,test
2025-08-11,WEST,Software,27.0,2025,33,0,0.0,0,1,0,0,1.0,test
2025-08-18,WEST,Software,27.0,2025,34,0,0.0,0,1,0,0,1.0,test
2025-08-25,WEST,Software,30.0,2025,35,0,0.0,0,1,0,0,1.0,test
2025-09-01,WEST,Software,27.0,2025,36,0,0.0,0,0,1,0,1.0,test
2025-09-08,WEST,Software,27.0,2025,37,0,0.0,0,0,1,0,1.0,test
2025-09-15,WEST,Software,35.0,2025,38,0,0.0,0,0,1,0,1.0,test
2025-09-22,WEST,Software,27.0,2025,39,0,0.0,0,0,1,0,1.0,test
2025-09-29,WEST,Software,24.0,2025,40,0,0.0,0,0,1,0,1.0,test
2025-10-06,WEST,Software,21.0,2025,41,0,0.0,0,0,0,0,1.0,test
2025-10-13,WEST,Software,18.0,2025,42,0,0.0,0,0,0,0,1.0,test
2025-10-20,WEST,Software,25.0,2025,43,0,0.0,0,0,0,0,1.0,test
2025-10-27,WEST,Software,30.0,2025,44,0,0.0,0,0,0,0,1.0,test
2025-11-03,WEST,Software,23.0,2025,45,0,0.0,0,0,0,0,1.0,test
2025-11-10,WEST,Software,25.0,2025,46,0,0.0,0,0,0,0,1.0,test
2025-11-17,WEST,Software,20.0,2025,47,0,0.0,0,0,0,0,1.0,test
2025-11-24,WEST,Software,24.0,2025,48,0,0.0,0,0,0,0,1.0,test
2025-12-01,WEST,Software,16.0,2025,49,0,0.0,0,0,0,0,1.0,test
2025-12-08,WEST,Software,19.0,2025,50,0,0.0,0,0,0,0,1.0,test
2025-12-15,WEST,Software,25.0,2025,51,0,0.0,0,0,0,0,1.0,test
2025-12-22,WEST,Software,19.0,2025,52,0,0.0,0,0,0,0,1.0,test
2024-01-01,WEST,Sporting Goods,187.0,2024,1,0,0.0,0,0,0,1,1.0,train
2024-01-08,WEST,Sporting Goods,195.0,2024,2,0,0.0,0,0,0,1,1.0,train
2024-01-15,WEST,Sporting Goods,200.0,2024,3,0,0.0,0,0,0,1,1.0,train
2024-01-22,WEST,Sporting Goods,206.0,2024,4,0,0.0,0,0,0,1,1.0,train
2024-01-29,WEST,Sporting Goods,178.0,2024,5,0,0.0,0,0,0,1,1.0,train
2024-02-05,WEST,Sporting Goods,230.0,2024,6,0,0.0,0,0,0,1,1.0,train
2024-02-12,WEST,Sporting Goods,203.0,2024,7,0,0.0,0,0,0,1,1.0,train
2024-02-19,WEST,Sporting Goods,191.0,2024,8,0,0.0,0,0,0,1,1.0,train
2024-02-26,WEST,Sporting Goods,210.0,2024,9,0,0.0,0,0,0,1,1.0,train
2024-03-04,WEST,Sporting Goods,260.0,2024,10,0,0.0,0,0,0,0,1.0,train
2024-03-11,WEST,Sporting Goods,333.0,2024,11,1,0.0,0,0,0,0,1.0,train
2024-03-18,WEST,Sporting Goods,361.0,2024,12,1,0.25,0,0,0,0,1.0,train
2024-03-25,WEST,Sporting Goods,390.0,2024,13,1,0.5,0,0,0,0,1.0,train
2024-04-01,WEST,Sporting Goods,408.0,2024,14,1,0.75,0,0,0,0,1.0,train
2024-04-08,WEST,Sporting Goods,375.0,2024,15,1,1.0,1,0,0,0,1.0,train
2024-04-15,WEST,Sporting Goods,219.0,2024,16,0,0.0,0,0,0,0,1.0,train
2024-04-22,WEST,Sporting Goods,197.0,2024,17,0,0.0,0,0,0,0,1.0,train
2024-04-29,WEST,Sporting Goods,235.0,2024,18,0,0.0,0,0,0,0,1.0,train
2024-05-06,WEST,Sporting Goods,218.0,2024,19,0,0.0,0,0,0,0,1.0,train
2024-05-13,WEST,Sporting Goods,213.0,2024,20,0,0.0,0,0,0,0,1.0,train
2024-05-20,WEST,Sporting Goods,202.0,2024,21,0,0.0,0,0,0,0,1.0,train
2024-05-27,WEST,Sporting Goods,222.0,2024,22,0,0.0,0,1,0,0,1.4,train
2024-06-03,WEST,Sporting Goods,278.0,2024,23,0,0.0,0,1,0,0,1.4,train
2024-06-10,WEST,Sporting Goods,248.0,2024,24,0,0.0,0,1,0,0,1.4,train
2024-06-17,WEST,Sporting Goods,290.0,2024,25,0,0.0,0,1,0,0,1.4,train
2024-06-24,WEST,Sporting Goods,264.0,2024,26,0,0.0,0,1,0,0,1.4,train
2024-07-01,WEST,Sporting Goods,273.0,2024,27,0,0.0,0,1,0,0,1.4,train
2024-07-08,WEST,Sporting Goods,276.0,2024,28,0,0.0,0,1,0,0,1.4,train
2024-07-15,WEST,Sporting Goods,274.0,2024,29,0,0.0,0,1,0,0,1.4,train
2024-07-22,WEST,Sporting Goods,291.0,2024,30,0,0.0,0,1,0,0,1.4,train
2024-07-29,WEST,Sporting Goods,250.0,2024,31,0,0.0,0,1,0,0,1.4,train
2024-08-05,WEST,Sporting Goods,247.0,2024,32,0,0.0,0,1,0,0,1.4,train
2024-08-12,WEST,Sporting Goods,268.0,2024,33,0,0.0,0,1,0,0,1.4,train
2024-08-19,WEST,Sporting Goods,296.0,2024,34,0,0.0,0,1,0,0,1.4,train
2024-08-26,WEST,Sporting Goods,267.0,2024,35,0,0.0,0,1,1,0,1.4,train
2024-09-02,WEST,Sporting Goods,321.0,2024,36,0,0.0,0,0,1,0,1.0,train
2024-09-09,WEST,Sporting Goods,296.0,2024,37,0,0.0,0,0,1,0,1.0,train
2024-09-16,WEST,Sporting Goods,275.0,2024,38,0,0.0,0,0,1,0,1.0,train
2024-09-23,WEST,Sporting Goods,281.0,2024,39,0,0.0,0,0,1,0,1.0,train
2024-09-30,WEST,Sporting Goods,261.0,2024,40,0,0.0,0,0,1,0,1.0,train
2024-10-07,WEST,Sporting Goods,224.0,2024,41,0,0.0,0,0,0,0,1.0,train
2024-10-14,WEST,Sporting Goods,231.0,2024,42,0,0.0,0,0,0,0,1.0,train
2024-10-21,WEST,Sporting Goods,241.0,2024,43,0,0.0,0,0,0,0,1.0,train
2024-10-28,WEST,Sporting Goods,217.0,2024,44,0,0.0,0,0,0,0,1.0,train
2024-11-04,WEST,Sporting Goods,236.0,2024,45,0,0.0,0,0,0,0,1.0,validation
2024-11-11,WEST,Sporting Goods,233.0,2024,46,0,0.0,0,0,0,0,1.0,validation
2024-11-18,WEST,Sporting Goods,217.0,2024,47,0,0.0,0,0,0,0,1.0,validation
2024-11-25,WEST,Sporting Goods,218.0,2024,48,0,0.0,0,0,0,0,1.0,validation
2024-12-02,WEST,Sporting Goods,262.0,2024,49,0,0.0,0,0,0,0,1.0,validation
2024-12-09,WEST,Sporting Goods,219.0,2024,50,0,0.0,0,0,0,0,1.0,validation
2024-12-16,WEST,Sporting Goods,252.0,2024,51,0,0.0,0,0,0,0,1.0,validation
2024-12-23,WEST,Sporting Goods,245.0,2024,52,0,0.0,0,0,0,0,1.0,validation
2024-12-30,WEST,Sporting Goods,205.0,2025,1,0,0.0,0,0,0,1,1.0,test
2025-01-06,WEST,Sporting Goods,203.0,2025,2,0,0.0,0,0,0,1,1.0,test
2025-01-13,WEST,Sporting Goods,198.0,2025,3,0,0.0,0,0,0,1,1.0,test
2025-01-20,WEST,Sporting Goods,186.0,2025,4,0,0.0,0,0,0,1,1.0,test
2025-01-27,WEST,Sporting Goods,223.0,2025,5,0,0.0,0,0,0,1,1.0,test
2025-02-03,WEST,Sporting Goods,205.0,2025,6,0,0.0,0,0,0,1,1.0,test
2025-02-10,WEST,Sporting Goods,198.0,2025,7,0,0.0,0,0,0,1,1.0,test
2025-02-17,WEST,Sporting Goods,218.0,2025,8,0,0.0,0,0,0,1,1.0,test
2025-02-24,WEST,Sporting Goods,250.0,2025,9,1,0.0,0,0,0,1,1.0,test
2025-03-03,WEST,Sporting Goods,310.0,2025,10,1,0.25,0,0,0,0,1.0,test
2025-03-10,WEST,Sporting Goods,358.0,2025,11,1,0.5,0,0,0,0,1.0,test
2025-03-17,WEST,Sporting Goods,370.0,2025,12,1,0.75,0,0,0,0,1.0,test
2025-03-24,WEST,Sporting Goods,433.0,2025,13,1,1.0,1,0,0,0,1.0,test
2025-03-31,WEST,Sporting Goods,231.0,2025,14,0,0.0,0,0,0,0,1.0,test
2025-04-07,WEST,Sporting Goods,205.0,2025,15,0,0.0,0,0,0,0,1.0,test
2025-04-14,WEST,Sporting Goods,233.0,2025,16,0,0.0,0,0,0,0,1.0,test
2025-04-21,WEST,Sporting Goods,207.0,2025,17,0,0.0,0,0,0,0,1.0,test
2025-04-28,WEST,Sporting Goods,236.0,2025,18,0,0.0,0,0,0,0,1.0,test
2025-05-05,WEST,Sporting Goods,226.0,2025,19,0,0.0,0,0,0,0,1.0,test
2025-05-12,WEST,Sporting Goods,212.0,2025,20,0,0.0,0,0,0,0,1.0,test
2025-05-19,WEST,Sporting Goods,200.0,2025,21,0,0.0,0,0,0,0,1.0,test
2025-05-26,WEST,Sporting Goods,223.0,2025,22,0,0.0,0,1,0,0,1.4,test
2025-06-02,WEST,Sporting Goods,275.0,2025,23,0,0.0,0,1,0,0,1.4,test
2025-06-09,WEST,Sporting Goods,253.0,2025,24,0,0.0,0,1,0,0,1.4,test
2025-06-16,WEST,Sporting Goods,272.0,2025,25,0,0.0,0,1,0,0,1.4,test
2025-06-23,WEST,Sporting Goods,267.0,2025,26,0,0.0,0,1,0,0,1.4,test
2025-06-30,WEST,Sporting Goods,255.0,2025,27,0,0.0,0,1,0,0,1.4,test
2025-07-07,WEST,Sporting Goods,270.0,2025,28,0,0.0,0,1,0,0,1.4,test
2025-07-14,WEST,Sporting Goods,280.0,2025,29,0,0.0,0,1,0,0,1.4,test
2025-07-21,WEST,Sporting Goods,263.0,2025,30,0,0.0,0,1,0,0,1.4,test
2025-07-28,WEST,Sporting Goods,251.0,2025,31,0,0.0,0,1,0,0,1.4,test
2025-08-04,WEST,Sporting Goods,244.0,2025,32,0,0.0,0,1,0,0,1.4,test
2025-08-11,WEST,Sporting Goods,236.0,2025,33,0,0.0,0,1,0,0,1.4,test
2025-08-18,WEST,Sporting Goods,279.0,2025,34,0,0.0,0,1,0,0,1.4,test
2025-08-25,WEST,Sporting Goods,253.0,2025,35,0,0.0,0,1,0,0,1.4,test
2025-09-01,WEST,Sporting Goods,311.0,2025,36,0,0.0,0,0,1,0,1.0,test
2025-09-08,WEST,Sporting Goods,289.0,2025,37,0,0.0,0,0,1,0,1.0,test
2025-09-15,WEST,Sporting Goods,301.0,2025,38,0,0.0,0,0,1,0,1.0,test
2025-09-22,WEST,Sporting Goods,295.0,2025,39,0,0.0,0,0,1,0,1.0,test
2025-09-29,WEST,Sporting Goods,229.0,2025,40,0,0.0,0,0,1,0,1.0,test
2025-10-06,WEST,Sporting Goods,229.0,2025,41,0,0.0,0,0,0,0,1.0,test
2025-10-13,WEST,Sporting Goods,213.0,2025,42,0,0.0,0,0,0,0,1.0,test
2025-10-20,WEST,Sporting Goods,234.0,2025,43,0,0.0,0,0,0,0,1.0,test
2025-10-27,WEST,Sporting Goods,226.0,2025,44,0,0.0,0,0,0,0,1.0,test
2025-11-03,WEST,Sporting Goods,235.0,2025,45,0,0.0,0,0,0,0,1.0,test
2025-11-10,WEST,Sporting Goods,237.0,2025,46,0,0.0,0,0,0,0,1.0,test
2025-11-17,WEST,Sporting Goods,221.0,2025,47,0,0.0,0,0,0,0,1.0,test
2025-11-24,WEST,Sporting Goods,218.0,2025,48,0,0.0,0,0,0,0,1.0,test
2025-12-01,WEST,Sporting Goods,251.0,2025,49,0,0.0,0,0,0,0,1.0,test
2025-12-08,WEST,Sporting Goods,251.0,2025,50,0,0.0,0,0,0,0,1.0,test
2025-12-15,WEST,Sporting Goods,239.0,2025,51,0,0.0,0,0,0,0,1.0,test
2025-12-22,WEST,Sporting Goods,243.0,2025,52,0,0.0,0,0,0,0,1.0,test
2024-01-01,WEST,Vehicles & Parts,196.0,2024,1,0,0.0,0,0,0,1,1.0,train
2024-01-08,WEST,Vehicles & Parts,198.0,2024,2,0,0.0,0,0,0,1,1.0,train
2024-01-15,WEST,Vehicles & Parts,173.0,2024,3,0,0.0,0,0,0,1,1.0,train
2024-01-22,WEST,Vehicles & Parts,194.0,2024,4,0,0.0,0,0,0,1,1.0,train
2024-01-29,WEST,Vehicles & Parts,177.0,2024,5,0,0.0,0,0,0,1,1.0,train
2024-02-05,WEST,Vehicles & Parts,206.0,2024,6,0,0.0,0,0,0,1,1.0,train
2024-02-12,WEST,Vehicles & Parts,201.0,2024,7,0,0.0,0,0,0,1,1.0,train
2024-02-19,WEST,Vehicles & Parts,199.0,2024,8,0,0.0,0,0,0,1,1.0,train
2024-02-26,WEST,Vehicles & Parts,259.0,2024,9,0,0.0,0,0,0,1,1.0,train
2024-03-04,WEST,Vehicles & Parts,234.0,2024,10,0,0.0,0,0,0,0,1.0,train
2024-03-11,WEST,Vehicles & Parts,311.0,2024,11,1,0.0,0,0,0,0,1.0,train
2024-03-18,WEST,Vehicles & Parts,343.0,2024,12,1,0.25,0,0,0,0,1.0,train
2024-03-25,WEST,Vehicles & Parts,363.0,2024,13,1,0.5,0,0,0,0,1.0,train
2024-04-01,WEST,Vehicles & Parts,406.0,2024,14,1,0.75,0,0,0,0,1.0,train
2024-04-08,WEST,Vehicles & Parts,392.0,2024,15,1,1.0,1,0,0,0,1.0,train
2024-04-15,WEST,Vehicles & Parts,238.0,2024,16,0,0.0,0,0,0,0,1.0,train
2024-04-22,WEST,Vehicles & Parts,228.0,2024,17,0,0.0,0,0,0,0,1.0,train
2024-04-29,WEST,Vehicles & Parts,232.0,2024,18,0,0.0,0,0,0,0,1.0,train
2024-05-06,WEST,Vehicles & Parts,218.0,2024,19,0,0.0,0,0,0,0,1.0,train
2024-05-13,WEST,Vehicles & Parts,209.0,2024,20,0,0.0,0,0,0,0,1.0,train
2024-05-20,WEST,Vehicles & Parts,208.0,2024,21,0,0.0,0,0,0,0,1.0,train
2024-05-27,WEST,Vehicles & Parts,223.0,2024,22,0,0.0,0,1,0,0,1.0,train
2024-06-03,WEST,Vehicles & Parts,285.0,2024,23,0,0.0,0,1,0,0,1.0,train
2024-06-10,WEST,Vehicles & Parts,246.0,2024,24,0,0.0,0,1,0,0,1.0,train
2024-06-17,WEST,Vehicles & Parts,290.0,2024,25,0,0.0,0,1,0,0,1.0,train
2024-06-24,WEST,Vehicles & Parts,282.0,2024,26,0,0.0,0,1,0,0,1.0,train
2024-07-01,WEST,Vehicles & Parts,264.0,2024,27,0,0.0,0,1,0,0,1.0,train
2024-07-08,WEST,Vehicles & Parts,289.0,2024,28,0,0.0,0,1,0,0,1.0,train
2024-07-15,WEST,Vehicles & Parts,280.0,2024,29,0,0.0,0,1,0,0,1.0,train
2024-07-22,WEST,Vehicles & Parts,295.0,2024,30,0,0.0,0,1,0,0,1.0,train
2024-07-29,WEST,Vehicles & Parts,253.0,2024,31,0,0.0,0,1,0,0,1.0,train
2024-08-05,WEST,Vehicles & Parts,297.0,2024,32,0,0.0,0,1,0,0,1.0,train
2024-08-12,WEST,Vehicles & Parts,262.0,2024,33,0,0.0,0,1,0,0,1.0,train
2024-08-19,WEST,Vehicles & Parts,258.0,2024,34,0,0.0,0,1,0,0,1.0,train
2024-08-26,WEST,Vehicles & Parts,243.0,2024,35,0,0.0,0,1,1,0,1.0,train
2024-09-02,WEST,Vehicles & Parts,299.0,2024,36,0,0.0,0,0,1,0,1.0,train
2024-09-09,WEST,Vehicles & Parts,291.0,2024,37,0,0.0,0,0,1,0,1.0,train
2024-09-16,WEST,Vehicles & Parts,292.0,2024,38,0,0.0,0,0,1,0,1.0,train
2024-09-23,WEST,Vehicles & Parts,283.0,2024,39,0,0.0,0,0,1,0,1.0,train
2024-09-30,WEST,Vehicles & Parts,229.0,2024,40,0,0.0,0,0,1,0,1.0,train
2024-10-07,WEST,Vehicles & Parts,225.0,2024,41,0,0.0,0,0,0,0,1.0,train
2024-10-14,WEST,Vehicles & Parts,238.0,2024,42,0,0.0,0,0,0,0,1.0,train
2024-10-21,WEST,Vehicles & Parts,227.0,2024,43,0,0.0,0,0,0,0,1.0,train
2024-10-28,WEST,Vehicles & Parts,218.0,2024,44,0,0.0,0,0,0,0,1.0,train
2024-11-04,WEST,Vehicles & Parts,237.0,2024,45,0,0.0,0,0,0,0,1.0,validation
2024-11-11,WEST,Vehicles & Parts,236.0,2024,46,0,0.0,0,0,0,0,1.0,validation
2024-11-18,WEST,Vehicles & Parts,245.0,2024,47,0,0.0,0,0,0,0,1.0,validation
2024-11-25,WEST,Vehicles & Parts,208.0,2024,48,0,0.0,0,0,0,0,1.0,validation
2024-12-02,WEST,Vehicles & Parts,237.0,2024,49,0,0.0,0,0,0,0,1.0,validation
2024-12-09,WEST,Vehicles & Parts,258.0,2024,50,0,0.0,0,0,0,0,1.0,validation
2024-12-16,WEST,Vehicles & Parts,254.0,2024,51,0,0.0,0,0,0,0,1.0,validation
2024-12-23,WEST,Vehicles & Parts,236.0,2024,52,0,0.0,0,0,0,0,1.0,validation
2024-12-30,WEST,Vehicles & Parts,224.0,2025,1,0,0.0,0,0,0,1,1.0,test
2025-01-06,WEST,Vehicles & Parts,197.0,2025,2,0,0.0,0,0,0,1,1.0,test
2025-01-13,WEST,Vehicles & Parts,195.0,2025,3,0,0.0,0,0,0,1,1.0,test
2025-01-20,WEST,Vehicles & Parts,210.0,2025,4,0,0.0,0,0,0,1,1.0,test
2025-01-27,WEST,Vehicles & Parts,180.0,2025,5,0,0.0,0,0,0,1,1.0,test
2025-02-03,WEST,Vehicles & Parts,162.0,2025,6,0,0.0,0,0,0,1,1.0,test
2025-02-10,WEST,Vehicles & Parts,192.0,2025,7,0,0.0,0,0,0,1,1.0,test
2025-02-17,WEST,Vehicles & Parts,197.0,2025,8,0,0.0,0,0,0,1,1.0,test
2025-02-24,WEST,Vehicles & Parts,234.0,2025,9,1,0.0,0,0,0,1,1.0,test
2025-03-03,WEST,Vehicles & Parts,332.0,2025,10,1,0.25,0,0,0,0,1.0,test
2025-03-10,WEST,Vehicles & Parts,371.0,2025,11,1,0.5,0,0,0,0,1.0,test
2025-03-17,WEST,Vehicles & Parts,383.0,2025,12,1,0.75,0,0,0,0,1.0,test
2025-03-24,WEST,Vehicles & Parts,442.0,2025,13,1,1.0,1,0,0,0,1.0,test
2025-03-31,WEST,Vehicles & Parts,235.0,2025,14,0,0.0,0,0,0,0,1.0,test
2025-04-07,WEST,Vehicles & Parts,213.0,2025,15,0,0.0,0,0,0,0,1.0,test
2025-04-14,WEST,Vehicles & Parts,212.0,2025,16,0,0.0,0,0,0,0,1.0,test
2025-04-21,WEST,Vehicles & Parts,232.0,2025,17,0,0.0,0,0,0,0,1.0,test
2025-04-28,WEST,Vehicles & Parts,231.0,2025,18,0,0.0,0,0,0,0,1.0,test
2025-05-05,WEST,Vehicles & Parts,219.0,2025,19,0,0.0,0,0,0,0,1.0,test
2025-05-12,WEST,Vehicles & Parts,227.0,2025,20,0,0.0,0,0,0,0,1.0,test
2025-05-19,WEST,Vehicles & Parts,216.0,2025,21,0,0.0,0,0,0,0,1.0,test
2025-05-26,WEST,Vehicles & Parts,239.0,2025,22,0,0.0,0,1,0,0,1.0,test
2025-06-02,WEST,Vehicles & Parts,267.0,2025,23,0,0.0,0,1,0,0,1.0,test
2025-06-09,WEST,Vehicles & Parts,286.0,2025,24,0,0.0,0,1,0,0,1.0,test
2025-06-16,WEST,Vehicles & Parts,282.0,2025,25,0,0.0,0,1,0,0,1.0,test
2025-06-23,WEST,Vehicles & Parts,287.0,2025,26,0,0.0,0,1,0,0,1.0,test
2025-06-30,WEST,Vehicles & Parts,288.0,2025,27,0,0.0,0,1,0,0,1.0,test
2025-07-07,WEST,Vehicles & Parts,254.0,2025,28,0,0.0,0,1,0,0,1.0,test
2025-07-14,WEST,Vehicles & Parts,252.0,2025,29,0,0.0,0,1,0,0,1.0,test
2025-07-21,WEST,Vehicles & Parts,286.0,2025,30,0,0.0,0,1,0,0,1.0,test
2025-07-28,WEST,Vehicles & Parts,264.0,2025,31,0,0.0,0,1,0,0,1.0,test
2025-08-04,WEST,Vehicles & Parts,260.0,2025,32,0,0.0,0,1,0,0,1.0,test
2025-08-11,WEST,Vehicles & Parts,287.0,2025,33,0,0.0,0,1,0,0,1.0,test
2025-08-18,WEST,Vehicles & Parts,292.0,2025,34,0,0.0,0,1,0,0,1.0,test
2025-08-25,WEST,Vehicles & Parts,265.0,2025,35,0,0.0,0,1,0,0,1.0,test
2025-09-01,WEST,Vehicles & Parts,266.0,2025,36,0,0.0,0,0,1,0,1.0,test
2025-09-08,WEST,Vehicles & Parts,284.0,2025,37,0,0.0,0,0,1,0,1.0,test
2025-09-15,WEST,Vehicles & Parts,287.0,2025,38,0,0.0,0,0,1,0,1.0,test
2025-09-22,WEST,Vehicles & Parts,290.0,2025,39,0,0.0,0,0,1,0,1.0,test
2025-09-29,WEST,Vehicles & Parts,237.0,2025,40,0,0.0,0,0,1,0,1.0,test
2025-10-06,WEST,Vehicles & Parts,232.0,2025,41,0,0.0,0,0,0,0,1.0,test
2025-10-13,WEST,Vehicles & Parts,235.0,2025,42,0,0.0,0,0,0,0,1.0,test
2025-10-20,WEST,Vehicles & Parts,233.0,2025,43,0,0.0,0,0,0,0,1.0,test
2025-10-27,WEST,Vehicles & Parts,234.0,2025,44,0,0.0,0,0,0,0,1.0,test
2025-11-03,WEST,Vehicles & Parts,217.0,2025,45,0,0.0,0,0,0,0,1.0,test
2025-11-10,WEST,Vehicles & Parts,236.0,2025,46,0,0.0,0,0,0,0,1.0,test
2025-11-17,WEST,Vehicles & Parts,228.0,2025,47,0,0.0,0,0,0,0,1.0,test
2025-11-24,WEST,Vehicles & Parts,242.0,2025,48,0,0.0,0,0,0,0,1.0,test
2025-12-01,WEST,Vehicles & Parts,240.0,2025,49,0,0.0,0,0,0,0,1.0,test
2025-12-08,WEST,Vehicles & Parts,244.0,2025,50,0,0.0,0,0,0,0,1.0,test
2025-12-15,WEST,Vehicles & Parts,253.0,2025,51,0,0.0,0,0,0,0,1.0,test
2025-12-22,WEST,Vehicles & Parts,274.0,2025,52,0,0.0,0,0,0,0,1.0,test
